Reference	ID	Tags	SupportReference	Quote	Occurrence	Note
front:intro	h5yn				0	# Introduction to 1 Kings\n\n## Part 1: General Introduction\n\n### Outline of 1 Kings\n\n  1. David guides Solomon to become his successor (1:1–2:46)\n  2. Solomon reigns (3:1–11:43)\n    1. Solomon becomes wise and wealthy (3:1–4:43)\n    2. Solomon builds Yahweh’s temple and his palace (5:1–8:66)\n    3. Solomon’s wealth and wisdom (9:1–10:29)\n    4. Solomon builds shrines for foreign gods and will be punished (11:1–43)\n  3. The kingdom divides (12:1–14:31)\n    1. The Israelites revolt against Rehoboam (12:1–19)\n    2. Jeroboam becomes the king of the northern tribes (12:20–33)\n    3. Prophets prophesy against Jeroboam (13:1–14:20)\n    4. Concluding events of Rehoboam’s reign (14:21–31)\n  4. Kings of Israel and Judah (15:1–22:53)\n    1. King Abijah and King Asa of Judah (15:1–24)\n    2. King Nadab of Israel (15:25–32)\n    3. King Baasha of Israel (15:33–16:7)\n    4. King Elah of Israel (16:8–14)\n    5. King Zimri of Israel (16:15–22)\n    6. King Omri of Israel (16:23–28)\n    7. King Ahab of Israel (16:29–22:40)\n    8. King Jehoshaphat of Judah (22:41–50)\n    9. King Ahaziah of Israel (22:51–53)\n\n### What is the book of 1 Kings about?\n\nThe book of 1 Kings describes what happened to the people of Israel after King David died. It tells how his son Solomon succeeded him as king. It then relates how, after Solomon died, his former kingdom split into two kingdoms, Israel and Judah. The book tells what the kings were like who ruled over those kingdoms. It uses David’s conduct as a standard to measure the conduct of these later kings, since “David had done right in the eyes of Yahweh, and he had not turned from all that he had commanded him all of the days of his life, except in the matter of Uriah the Hittite” ([15:5](../15/05.md)). While some of the kings were godly and righteous, others were wicked. The book describes how Yahweh sent prophets to the kings and people of Israel and Judah to call them back to obedience to him. The last section of the book describes the great confrontation between the prophet Elijah and King Ahab of Israel, who was more wicked than any king who had come before him.\n\n### What is the purpose of the book of 1 Kings?\n\nThe book of 1 Kings is part of a long history that also includes the preceding books of 1 Samuel and 2 Samuel and the following book of 2 Kings. The purpose of the entire history is to show that Yahweh was not at fault when the Israelites were conquered and exiled from their land. Instead, this happened because the people had disobeyed Yahweh and broken their covenant with him.\n\n### Who wrote the book of 1 Kings?\n\nThe author of 1 Kings does not identify himself by name in the book. However, many interpreters believe that the prophets in Israel recorded the events that are related in this book (and in the entire history of which it is a part) in order to demonstrate that the people had disobeyed Yahweh. These prophets wanted to encourage the people to obey Yahweh once more. It is possible that a prophet, or several prophets, or someone connected with the prophets, wrote or compiled 1–2 Samuel and 1–2 Kings in the form in which we have them today. While different people may therefore have written different parts of the book, these notes will refer to whoever wrote any given part of 1 Kings as “the author.”\n\n### What title should translators use for this book?\n\nTranslators can use the traditional title of 1 Kings or First Kings. Translators may also consider a different title such as “The First Book about the Kings of Israel and Judah.”\n\n### Is it all right to translate the book of 1 Kings before translating the books of 1 Samuel and 2 Samuel?\n\nIt is best to translate the books of 1 Samuel and 2 Samuel before 1 Kings, since 1 Kings continues from where 2 Samuel ends.\n\n## Part 2: Important Religious and Cultural Concepts\n\n### The role of the king\n\nThe book of 1 Kings focuses on the lives of various kings. Their role was more than just political. The king in ancient Israel was seen as Yahweh’s appointed representative, entrusted with the task of leading the people to obey the covenant Yahweh had made with them. His success or failure was directly tied to his faithfulness to God. The king was responsible for upholding justice, protecting vulnerable people, and ensuring that the Israelites remained faithful to Yahweh as their God. When the king sinned or worshiped other gods, the entire nation suffered the consequences, because the king was no longer leading the people to live in the way that Yahweh wants people to live.\n\n### The centrality of the temple\n\nA major theme in 1 Kings is that Yahweh’s temple in Jerusalem was to be the central place of worship for the Israelites, rather than the “high places” where the Canaanites had previously worshiped their foreign gods. The book describes in detail how King Solomon had his workers construct this temple as a place where Yahweh would be recognized as especially present. The temple served as the primary location for sacrifices, prayers, and festivals. It symbolized the covenant relationship between Yahweh and the Israelites. The dedication of the temple marked a high point in Israel’s history. Its subsequent neglect and the establishment of rival places of worship by unfaithful kings directly led to the nation’s spiritual decline.\n\n### The significance of the prophets\n\nThroughout 1 Kings, Yahweh speaks to the Israelites through prophets who serve as his messengers. Prophets such as Nathan, Ahijah, Jehu, Elijah, and Micaiah spoke truth to powerful leaders held them accountable for their actions. The prophets often challenged the king’s actions when they conflicted with God’s law. They performed signs and wonders to authenticate their message and demonstrate God’s power. They did this to confront the idolatry and worship of foreign gods that plagued the kingdom. The prophets’ words and deeds served as a powerful reminder that Yahweh’s power and authority were greater than those of any human ruler, and so it was vital for the king and people to live in a faithful and obedient covenant relationship with Yahweh.\n\n## Part 3: Translation Issues in This Book\n\n### “And it happened”\n\nThe author often uses the phrase “And it happened” to introduce a new event in the story or a new development within an episode. To translate this phrase in its various occurrences, use a word, phrase, or other method in your language that is natural for introducing a new event or development. (See: [[rc://*/ta/man/translate/writing-newevent]])\n\n### “behold” or “look”\n\nThe author and characters often use the word “behold” to focus their listeners’ attention on what they are about to say. While the word literally means “look,” the speakers do not want their listeners to look at something. Instead, they want them to pay careful attention to something they are about to say. For example, Nathan says “Behold” in [1:14](../01/14.md) in order to call Bathsheba’s attention to his promise to come and support her appeal to David. When the author is calling attention to a sudden or unexpected development, it may be appropriate to translate “behold” as “suddenly.” For example, when the author says in 18:7 that “Obadiah {was} on the road, and behold, Elijah met him,” the meaning is “and suddenly Elijah met him.” (See: [[rc://*/ta/man/translate/figs-metaphor]])\n\n### “to this day”\n\nIn 1 Kings 8:8, 9:13, 9:21, 10:12, and 12:19, the author uses the phrase “to this day.” By that phrase, he is referring to the time at which he was writing. Translators should be aware that “to this day” refers to a time that is now in the past. They should avoid giving the impression that “to this day” means the present day of the translation’s readers. Translators might decide to say something such as “at the time when this is being written” or “at the time of this writing.” (See: [[rc://*/ta/man/translate/figs-explicit]])\n\n### “in the eyes of”\n\nThe author and characters often speak of something being good or bad “in the eyes of” someone. This means that that person considered this to be a good or bad thing to do. For example, when the author says in 3:10 of Solomon’s request for wisdom that “the thing was good in the eyes of the Lord,” he means that Yahweh considered that it was good for Solomon to have requested this. When the author says in 14:22 that “Judah did evil in the eyes of Yahweh,” he means that the people of that kingdom did what Yahweh considered to be evil. (See: [[rc://*/ta/man/translate/figs-idiom]])\n\n### “to the face of”\n\nThe expression “to the face of” can have different shades of meaning, depending on the context.\n  * The author and characters often use the word “face” to represent the presence of a person or group, since people can see the face of someone who is present. For example, when the author says in 1:23 of Bathsheba that “she came to the face of the king,” he means that she came into the presence of the king.\n  * The focus may also be on something being in front of or before a person or thing, either in space or in time. For example, when the author says in 7:49 that the lampstands in the temple were “to the face of” the inner sanctuary, he means that they were positioned in front of it.\n  * The focus may also be on the relationship or interaction between people or groups, as in 8:33, where Solomon prays to Yahweh about the possibility that the Israelites may be “struck to the face of an enemy.” He means that they might be defeated in front of enemy soldiers, that is, as they opposed those soldiers in battle. (See: [[rc://*/ta/man/translate/figs-metonymy]])\n\nIn other contexts, the author or a character may use the word “face,” describing part of a person, in order to represent the whole person. For example, when the author says in 8:14 about Solomon that “the king turned his face around,” he means that Solomon, who had previously been looking toward the temple, turned himself entirely around in order to speak to the people behind him, who had gathered for the temple dedication. (See: [[rc://*/ta/man/translate/figs-synecdoche]])\n\n### “fathers” meaning “ancestors”\n\nThe author and characters often use the term “fathers” to mean “ancestors.” If it would be helpful in your language, you could state the meaning plainly in your translation. (See: [[rc://*/ta/man/translate/figs-metaphor]])\n\n### “into the hand of” or “into your hand”\n\nThe author and characters often use the word “hand” to represent power, capability, or control. For example, in 22:6, false prophets promise Ahab that God will give the city of Ramoth Gilead “into the hand of the king,” meaning God will enable him to recapture it and bring it under his control.\n\nThe word “hand” may also represent agency, as when the author says in 2:25 that in order to execute Adonijah, “King Solomon sent by the hand of Benaiah, the son of Jehoiada.” The “hand” of Benaiah represents his agency in executing Adonijah. This usage may be applied to words as well as to actions. In 17:5, the author speaks of the promise that Yahweh had “spoken by the hand of Elijah” to the widow in Zarephath. He means that Yahweh spoke this promise through the agency of Elijah.\n\nTranslation notes will help distinguish the difference between these shades of meaning when that may not be clear from the context. (See: [[rc://*/ta/man/translate/figs-metonymy]])\n\nIn other contexts, the author or a character may use the word “hand,” describing part of a person, in order to represent the whole person. For example, the word “hand” may represent an entire person in the act of possessing or conveying something, as when the author says in 15:18 that King Asa “took all of the silver and the gold that was remaining in the storerooms of the house of Yahweh and the storerooms of the house of the king, and he gave them into the hand of his servants.” Those servants carried the silver and gold to King Ben Hadad of Aram with the message that Asa wanted to make an alliance with him. So the silver and gold being in their “hand” represents their possession and conveyance of it. (See: [[rc://*/ta/man/translate/figs-synecdoche]])\n\n### “house” meaning “temple”\n\nThe author and characters often use the term “house” to mean the temple that Solomon built for Yahweh, as if the temple were a house in which Yahweh lived. The term indicates that Yahweh was especially present in his temple. If it would be clearer in your language, you could say “temple” in your translation rather than “house.” (See: [[rc://*/ta/man/translate/figs-metaphor]])\n\n### “listen” or “hear”\n\nThe author and characters often use the terms “listen” or “hear” to mean complying with what someone has said. For example, when King Hiram tells King Solomon in 5:8, “I have heard what you sent to me,” he means that he has agreed to do what Solomon has sent messengers to ask him to do. When the phrase applies to God, it means to answer prayer. For example, when Yahweh tells Solomon in 9:3, “I have heard your prayer,” he means, “I will answer your prayer by doing what you have asked.” (See: [[rc://*/ta/man/translate/figs-explicit]])\n\n### “my lord” or “your servant”\n\nMany times throughout the book, even though people are addressing a king or other leader directly, they speak of him in the third person as “my lord” to show respect. If it would be helpful in your language, you could translate this in a respectful form in the second person. You might have people say, for example, “you, my lord the king.” Some cultures may have a specific form that they use to address rulers, and if your culture does, you could use that form in your translation. The UST models one way to do that. It has people say, “Your Majesty.”\n\nSimilarly, many times throughout the book, people speak of themselves in the third person as “your servant” to show humility. If it would be helpful in your language, you could translate this in a humble form in the first person. You might have people say, for example, “I, your servant.” (See: [[rc://*/ta/man/translate/figs-123person]])\n\n### name of a person representing that person and associated or accompanying people\n\nThe author and characters often use the name of a person to represent that person and others who are associated with or accompanying that person. For example, when the author says in 6:14 that “Solomon built the house,” meaning the temple, he is using Solomon to represent the many workers he engaged who were actually involved in constructing the temple. (See: [[rc://*/ta/man/translate/figs-synecdoche]])\n\n### name of nation, tribe, or city representing its people or army\n\nThe author and characters often use the name of a nation, tribe, or city to represent its people or its army. For example, when the author says in 4:25 that “Judah and Israel dwelled in safety,” he means that the people of the tribe of Judah and the people of the rest of the nation of Israel dwelled in safety. When the author says in 11:16 that “all of Israel” remained in Edom for six months, he means that the entire Israelite army did so. (See: [[rc://*/ta/man/translate/figs-metonymy]])\n\n### “saying” or “and said”\n\nThe author and characters frequently use the term “saying” to introduce direct quotations. The author also uses the phrase “and said” to introduce direct quotations after a variety of other verbs of speaking (“answered,” “swore,” “called,” “cried,” etc.). In your translation, use a natural way of introducing direct quotations in your language. It may not be necessary to represent these expressions explicitly. (See: [[rc://*/ta/man/translate/writing-quotations]])\n\n### “shall”\n\nThe ULT represents the Hebrew instructional verb form with the English helping verb “shall.” For example, when David tells Solomon in 2:6 “you shall act according to your wisdom,” he is instructing him to act that way. Other ways to say this are “you are to act according to your wisdom,” “you should act according to your wisdom,” “I want you to act according to your wisdom,” or “act according to your wisdom.” Translate this form with the most natural way in your language for giving instructions.\n\n### “sons of” or “son of”\n\nThe author and characters often speak of “the sons of” a person to mean the nation or tribe that consists of his descendants. For example, in 6:1 the author speaks of the “sons of Israel” to mean the Israelites. In 11:33, the prophet Ahijah speaks of the “sons of Ammon” to mean the Ammonites. In this case, “sons” does not mean first-generation offspring, but later descendants. (See: [[rc://*/ta/man/translate/figs-metaphor]])\n\nIn other contexts, the authors and characters use the expression “son of” to indicate that a person has the characteristic of something. For example, in 1:52 Solomon says that Adonijah must prove to be a “son of valor,” meaning that he must show that he is a trustworthy person. In 4:30, the author uses the expression “sons of the east” to describe people who belonged to the desert tribes that lived to the east of the land of Israel. In such contexts, you may be able to use an equivalent expression from your language, or you could state the meaning plainly. (See: [[rc://*/ta/man/translate/figs-idiom]])\n\n### “strike/struck”\n\nIn many places, the author says that soldiers “struck” an opposing army, city, or king, as if they had only hit them. But in various contexts, he means that they either attacked, defeated, or killed those opponents. For example, when the author says in 15:20 that Ben Hadad, the king of Aram, “struck Ijon and Dan and Abel Beth Maacah and all Chinnereth, with all of the land of Naphtali,” he means that Ben Hadad attacked those cities and regions in order to force King Baasha of Israel to break off his invasion of Judah and send his troops to those locations instead. When Solomon speaks in 8:33 of a situation in which the Israelites “are struck to the face of an enemy,” he means that an enemy army would have defeated the Israelite army. And when the author says in 15:27 that Baasha “struck” Nadab, the son of Jeroboam, at Gibbethon, he means that Baasha killed Nadab. Consider carefully how to translate the term “struck” in each context where it does not actually mean “hit.” (See: [[rc://*/ta/man/translate/figs-explicit]])\n\n### travel descriptions marked for change in elevation (“went up,” “went down”)\n\nIn keeping with what was usual in the biblical language and culture, the author and characters often indicate whether people are going up to a higher elevation or going down to a lower elevation when they travel. For example, Nathan tells David in [1:25](../01/25.md) that Adonijah has “gone down” to En Rogel. The author says in [1:40](../01/40.md) that the people who supported Solomon “went up” with him from Gihon back to Jerusalem. If your language does not mark travel for change in elevation, you can translate instances with simple expressions such as “went,” “gone,” or “came.” (See: [[rc://*/ta/man/translate/figs-explicitinfo]])\n\n### “walking” representing “living”\n\nThe author and characters often speak of how a person lives as if that were a way or path that the person was walking along. For example, in [2:3](../02/03.md), David tells Solomon, regarding Yahweh, to “walk in his ways.” David means that he wants Solomon to live as Yahweh wants people to live. If it would be helpful in your language, you could state the meaning plainly in such cases. (See: [[rc://*/ta/man/translate/figs-metaphor]])
1:intro	v496				0	# 1 Kings 1 Chapter Introduction\n\n## Structure and Formatting\n\n  1. Abishag begins to take care of King David (1:1–4)\n  2. Adonijah tries to become the next king (1:5–10)\n  3. Nathan advises Bathsheba how to respond (1:11–14)\n  4. Bathsheba and Nathan inform King David about Adonijah (1:15–27)\n  5. King David responds by appointing Solomon as the next king (1:28–37)\n  6. Solomon is proclaimed as the next king (1:38–40)\n  7. Jonathan informs Adonijah, Joab, and the people with them about Solomon (1:41–48)\n  8. Solomon spares Adonijah’s life (1:49–53)\n\n## Religious and Cultural Concepts in This Chapter\n\n### The next king\n\nIn this culture, when a king became old or died, it was customary for one of his sons to become the next king. King David had several different wives who had borne him many sons, and he had told one of his wives, Bathsheba, that her son Solomon would become the next king. However, Adonijah, David’s oldest living son, felt that he should be king instead. He invited many important people to a feast, and they all agreed to make him the next king, rather than Solomon. However, some other important people went to King David and told him what Adonijah was doing. When David heard about it, he reasserted that he wanted Solomon to succeed him as king. Then everyone who had supported Adonijah ran away and no longer supported him. Describe all of these events in such a way that your readers will understand that the narrative of this chapter is about who will be the next ruler after King David.\n\n### The role of the prophet Nathan\n\nA key element in the story that this chapter tells is the intervention of the prophet Nathan. In ancient Israel, prophets were God’s messengers, and they often played a crucial role in political affairs. Nathan’s advice to Bathsheba and his direct appeal to David were vital. His authority came from God, and his words were intended to ensure that Yahweh’s will for the kingdom was carried out so that Solomon would be the next king. The prophet’s word was more authoritative than human tradition or political maneuvering. It was Nathan’s intervention that ultimately ensured that Solomon would become king. Consider carefully how to describe Nathan’s role and actions in a way that your readers will understand.\n\n### The significance of anointing\n\nThe anointing of a new king with oil was a symbolic and religious act. It was a physical sign that God had chosen and set apart a person for the task of ruling. When Zadok the priest anointed Solomon at Gihon, this was a public declaration that Yahweh had chosen him and set him apart, so that he was now the legitimate king. The sounding of a shofar (ram’s horn) and the public acclamation “May King Solomon live!” confirmed that Yahweh had sanctioned the transfer of power and that the people had accepted it. This effectively ended Adonijah’s attempted coup.\n\n## Translation Issues in This Chapter\n\n### Symbolic actions\n\nIn this chapter, people perform several different kinds of actions that have symbolic significance in this culture. When someone sits on a throne, it indicates that this person has power and authority. When people bow or prostrate themselves before someone else, it indicates that they are honoring and giving respect to that person. When someone is anointed with oil, it indicates that this person is being commissioned to accomplish a specific task or fill a specific role. If the significance of these actions would not be clear to your readers, you may explain their meaning in the text of your translation or in a footnote. See the notes on the verses that describe these actions for translation options. (See: [[rc://*/ta/man/translate/translate-symaction]])\n\n### “he will sit on my throne”\n\nSitting on a throne, an ornamental and ceremonial chair, is a symbolic action that indicates that a person has power and rules as king. In this chapter, there are several references to who will sit on the throne of Israel after David. These are references to who will be the next king after David dies. If it would be helpful in your language, you could explain what this action means. For example, you might have people ask David who “will sit on your throne to rule,” or you might have David speak of who “will sit on my throne as king.” (See: [[rc://*/ta/man/translate/translate-symaction]])\n\nIn some places in this chapter, however, people speak of the “throne” of Israel not to mean the ceremonial chair of the king but to represent the kingdom itself. This is the case in ([1:37](../01/37.md)), for example, when Benaiah says he hopes that Yahweh will make Solomon’s throne greater than David’s. He is wishing that Yahweh will make Solomon’s kingdom even greater than David’s. See: [[rc://*/ta/man/translate/figs-metonymy]]
1:1	eall		rc://*/ta/man/translate/writing-background	וְ⁠הַ⁠מֶּ֤לֶךְ דָּוִד֙ זָקֵ֔ן בָּ֖א בַּ⁠יָּמִ֑ים	1	Here the author is providing background information to help readers understand what happens next in the story. In your translation, introduce this information in a way that would be natural in your own language and culture.
1:1	ps5s		rc://*/ta/man/translate/figs-doublet	זָקֵ֔ן בָּ֖א בַּ⁠יָּמִ֑ים	1	The phrases **had aged** and **had come into days** mean similar things. The author is using the two terms together for emphasis. If it would be clearer for your readers, you could express the emphasis with a single phrase. Alternate translation: [had grown very old]
1:1	uhli		rc://*/ta/man/translate/figs-idiom	בָּ֖א בַּ⁠יָּמִ֑ים	1	The author is using **he had come into days** as a common expression of his culture to mean “he had become very old.” If this phrase does not have that meaning in your language, you could use a comparable expression from your language that does have that meaning, or you could state the meaning plainly. If you have already translated the book of Joshua, see how you translated this phrase in [Joshua 13:1](../jos/13/01.md) and [Joshua 23:1](../jos/23/01.md). Alternate translation: [he had gotten on in years] or [he had become old]
1:1	wurd		rc://*/ta/man/translate/writing-pronouns	וַ⁠יְכַסֻּ֨⁠הוּ֙ בַּ⁠בְּגָדִ֔ים וְ⁠לֹ֥א יִחַ֖ם לֽ⁠וֹ	1	Here the author is using the pronoun **they** in a general sense, not to refer to specific people, although the next verse shows that he means David’s servants generally. Use an expression for this that would be natural in your language. Alternate translation: [and even when he was covered with garments, it was not warm for him] or [and although his servants covered him with garments, it was not warm for him]
1:2	ioum		rc://*/ta/man/translate/grammar-collectivenouns	לַ⁠אדֹנִ֤⁠י הַ⁠מֶּ֨לֶךְ֙	1	Since one servant is speaking on behalf of a group of **servants**, it may be more natural in your language to say “our” rather than **my**, here and at the end of the verse. Alternate translation: [for our lord the king]
1:2	vls6		rc://*/ta/man/translate/figs-123person	לַ⁠אדֹנִ֤⁠י הַ⁠מֶּ֨לֶךְ֙	1	See the discussion in the introduction to 1 Kings of how characters in the book, in order to show respect, often speak of David and other rulers in the third person as “my lord the king,” even though they are speaking to that ruler directly. If it would be helpful in your language, you could translate this in a respectful form in the second person. Alternate translation: [for you, my lord the king]
1:2	pzvl		rc://*/ta/man/translate/figs-idiom	וְ⁠עָֽמְדָה֙ לִ⁠פְנֵ֣י הַ⁠מֶּ֔לֶךְ	1	The author is using **stand to the face of** as a common expression of his culture to mean “enter the service of.” If this phrase does not have that meaning in your language, you could use a comparable expression from your language that does have that meaning, or you could state the meaning plainly. If you have already translated the book of 1 Samuel, see how you translated the similar expression in [1 Samuel 16:21](../1sa/16/21.md). Alternate translation: [and let her wait on you] or [and let her become one of your royal servants]
1:3	hmb3		rc://*/ta/man/translate/writing-participants	וַ⁠יְבַקְשׁוּ֙ נַעֲרָ֣ה יָפָ֔ה בְּ⁠כֹ֖ל גְּב֣וּל יִשְׂרָאֵ֑ל וַֽ⁠יִּמְצְא֗וּ אֶת־אֲבִישַׁג֙ הַ⁠שּׁ֣וּנַמִּ֔ית	1	Here and in the next verse, the author is introducing **Abishag the Shunammitess** as a new participant in the story. Your language may have its own way of introducing new participants that you can use in your translation.
1:3	lq6e		rc://*/ta/man/translate/figs-metonymy	גְּב֣וּל יִשְׂרָאֵ֑ל	1	Here, **the border of Israel** represents the entire territory of Israel. If it would be helpful in your language, you could use an equivalent expression or plain language. Alternate translation: [the territory of Israel]
1:4	fmgc		rc://*/ta/man/translate/figs-euphemism	וְ⁠הַ⁠מֶּ֖לֶךְ לֹ֥א יְדָעָֽ⁠הּ	1	The author is referring to sexual relations in a polite way by using the phrase **did not know her**. Depending on what is helpful in your language, you could use a polite way of referring to this in your language, or you could state this plainly. Alternate translation: [but the king did not make love with her]
1:5	qo3d		rc://*/ta/man/translate/writing-participants	וַ⁠אֲדֹנִיָּ֧ה בֶן־חַגִּ֛ית מִתְנַשֵּׂ֥א	1	Here and in the next verse, the author is reintroducing **Adonijah** as a participant in the story. He was first introduced in [2 Samuel 3:4](../2sa/03/04.md). The author now provides further details about his appearance and reminds readers of his birth order to help them understand what happens next in the story. Your language may have its own way of reintroducing participants that you can use in your translation.
1:5	u3im		rc://*/ta/man/translate/figs-metaphor	מִתְנַשֵּׂ֥א	1	Here the author is speaking as if Adonijah were actually **lifting himself up** or raising his physical body higher. This expression means that he believed he deserved to become the next king and began acting like an important person. Your language may have a comparable expression that you can use in your translation, or you could state the meaning plainly. Alternate translation: [was thinking highly of himself] or [was putting himself forward]
1:5	oesa		rc://*/ta/man/translate/writing-quotations	לֵ⁠אמֹ֖ר	1	See the discussion of the term “saying” in the introduction to 1 Kings. It introduces a direct quotation. In your translation, use a natural way of introducing direct quotations in your language. It may not be necessary to represent this term explicitly, here or in its other instances in the book.
1:5	uw43		rc://*/ta/man/translate/writing-pronouns	אֲנִ֣י אֶמְלֹ֑ךְ	1	Adonijah is stating the pronoun **I** separately, even though the verb translated as **I will reign** already includes this meaning. He is doing that to emphasize his belief that he will be the next king. In other words, he is boasting. If a speaker of your language would use an explicit pronoun for the same purpose, you may want to use that construction in your translation. If not, your language may have other ways showing the meaning here. Alternate translation: [The next king will be me!]
1:5	qnn3		rc://*/ta/man/translate/translate-symaction	וַ⁠יַּ֣עַשׂ ל֗⁠וֹ רֶ֚כֶב וּ⁠פָ֣רָשִׁ֔ים וַ⁠חֲמִשִּׁ֥ים אִ֖ישׁ רָצִ֥ים לְ⁠פָנָֽי⁠ו	1	Having **50 men** run ahead of his **chariot** to clear the way and announce his coming was a symbolic action by which Adonijah asserted his importance. If it would be helpful to your readers, you could explain the significance of this action. If you have already translated the book of 2 Samuel, see how you translated the similar expression in [2 Samuel 15:1](../2sa/15/01.md). Alternate translation: [And he had 50 men run ahead of his chariot to show how important he was]
1:6	zhfz		rc://*/ta/man/translate/figs-metonymy	מִ⁠יָּמָי⁠ו֙	1	Here the term **days** represents a period of time, Adonijah’s lifetime, since time is made up of days. If it would be helpful in your language, you could use an equivalent expression or plain language. Alternate translation: [during his whole life]
1:6	io5w		rc://*/ta/man/translate/writing-pronouns	וְ⁠אֹת֥⁠וֹ יָלְדָ֖ה	1	The pronoun **she** refers to Haggith, Adonijah’s mother, whom the author mentions in the previous verse. It may be helpful to clarify this for your readers. Alternate translation: [and his mother Haggith had borne him]
1:6	tz0w		rc://*/ta/man/translate/figs-explicit	וְ⁠אֹת֥⁠וֹ יָלְדָ֖ה	1	The implication is that Haggith bore Adonijah to David as his next child after the birth of Absalom and that, since Absalom and David’s two older sons by different mothers were now dead, Adonijah was David’s oldest surviving son. You could include this information if that would be helpful to your readers. Alternate translation: [and he was David’s eldest surviving son]
1:7	tmhx		rc://*/ta/man/translate/figs-metonymy	וַ⁠יִּהְי֣וּ דְבָרָ֔י⁠ו	1	Here, **words** represents what Adonijah said by using words. If it would be clearer in your language, you could state the meaning plainly. Alternate translation: [And he spoke]
1:7	lr7m		rc://*/ta/man/translate/translate-names	צְרוּיָ֔ה	1	The word **Zeruiah** is the name of a woman, one of David’s sisters.
1:7	ax5v		rc://*/ta/man/translate/figs-idiom	וַֽ⁠יַּעְזְר֔וּ אַחֲרֵ֖י אֲדֹנִיָּֽה	1	The author is using the phrase **helped after** as a common expression of his culture to mean “supported” or “joined the side of.” If this phrase does not have that meaning in your language, you could use a comparable expression from your language that does have that meaning, or you could state the meaning plainly. Alternate translation: [And they became Adonijah’s followers and helped him] or [And they supported Adonijah]
1:9	jou4		rc://*/ta/man/translate/grammar-collectivenouns	וּ⁠מְרִ֔יא	1	In this verse, the word **fatling** is singular in form, but it refers to many fattened animals that Adonijah sacrificed. If it would be helpful in your language, you could use the plural form of “fatling.” Alternate translation: [and fatlings]
1:9	ytkk		rc://*/ta/man/translate/figs-hyperbole	אֶת־כָּל־אֶחָי⁠ו֙ & וּ⁠לְ⁠כָל־אַנְשֵׁ֥י יְהוּדָ֖ה	1	The author is using the term **all** as a generalization in these phrases, since he indicates in the next verse that Adonijah did not invite some of the **men of Judah**, and he did not invite his brother Solomon. If it would be helpful to your readers, you could use language in your translation that shows that this is a generalization. Alternate translation: [all of his other brothers … and to all of the other men of Judah]
1:10	lmra		rc://*/ta/man/translate/translate-kinship	וְ⁠אֶת־שְׁלֹמֹ֥ה אָחִ֖י⁠ו	1	Solomon was Adonijah’s **brother** because they had the same father, David, but they had different mothers. It is also clear from the narrative that Solomon was younger than Adonijah. Your language may have its own term or expression for this relationship. Alternate translation: [or his younger half-brother Solomon]
1:11	z1n4		rc://*/ta/man/translate/figs-rquestion	הֲ⁠ל֣וֹא שָׁמַ֔עַתְּ כִּ֥י מָלַ֖ךְ אֲדֹנִיָּ֣הוּ בֶן־חַגִּ֑ית וַ⁠אֲדֹנֵ֥י⁠נוּ דָוִ֖ד לֹ֥א יָדָֽע	1	Nathan is using the question form to inform Bathsheba of something she does not know and to express his alarm. If a speaker of your language would not use the question form for those purposes, you could translate this as a statement or as an exclamation. Alternate translation: [You need to be aware that Adonijah, the son of Haggith, reigns, and our master David does not know!]
1:12	gkyc		rc://*/ta/man/translate/grammar-connect-words-phrases	וְ⁠עַתָּ֕ה	1	**And now** was an expression that speakers in this culture commonly used to introduce their main topic. Your language may have a comparable expression that you can use in your translation. You could also use plain language. The UST models one way to do that.
1:12	k742		rc://*/ta/man/translate/figs-explicit	לְכִ֛י	1	Nathan is not asking Bathsheba to **come** somewhere. He is saying **come** to encourage her to do what he suggests. Your language may have a comparable expression that you can use in your translation. Alternate translation: [go ahead]
1:12	xwcw		rc://*/ta/man/translate/writing-poetry	אִיעָצֵ֥⁠ךְ & עֵצָ֑ה	1	Nathan is using a construction in which a verb and its object come from the same root. You may be able to use the same construction in your language to express the meaning here. Alternatively, your language may have another way of saying this. Alternate translation: [let me give you some counsel]
1:12	n1au		rc://*/ta/man/translate/figs-imperative	וּ⁠מַלְּטִי֙	1	This is an imperative, but Nathan is using it to describe what the results would be if Bathsheba followed his counsel. Use a form in your language that indicates a result. Alternate translation: [and that way you will be able to escape]
1:13	rv42		rc://*/ta/man/translate/figs-explicit	לְכִ֞י וּ⁠בֹ֣אִי ׀ אֶל־הַ⁠מֶּ֣לֶךְ דָּוִ֗ד	1	Nathan is saying **Go** to mean that Bathsheba should take action. Your language may have a comparable expression that you can use in your translation. You could also use plain language. Alternate translation: [Take action and come to King David]
1:13	k005		rc://*/ta/man/translate/figs-go	לְכִ֞י וּ⁠בֹ֣אִי ׀ אֶל־הַ⁠מֶּ֣לֶךְ דָּוִ֗ד	1	In a context such as this, your language might say “go” instead of **come**. Alternate translation: [Take action and go to King David]
1:13	a1kl		rc://*/ta/man/translate/figs-quotemarks	וְ⁠אָמַ֤רְתְּ אֵלָי⁠ו֙ הֲ⁠לֹֽא־אַתָּ֞ה אֲדֹנִ֣⁠י הַ⁠מֶּ֗לֶךְ נִשְׁבַּ֤עְתָּ לַ⁠אֲמָֽתְ⁠ךָ֙ לֵ⁠אמֹ֔ר כִּֽי־שְׁלֹמֹ֤ה בְנֵ⁠ךְ֙ יִמְלֹ֣ךְ אַחֲרַ֔⁠י וְ⁠ה֖וּא יֵשֵׁ֣ב עַל־כִּסְאִ֑⁠י וּ⁠מַדּ֖וּעַ מָלַ֥ךְ אֲדֹנִיָֽהוּ	1	There are three levels of quotation here. The author is quoting what Nathan said (level 1). Nathan is quoting what he wants Bathsheba to say to King David (level 2). This includes something that Nathan wants Bathsheba to remind David that he said to her (level 3). Use the appropriate punctuation in your language to mark these levels of quotation. Alternatively, you could translate this so that there are not second-level or third-level quotations.
1:13	e7bl		rc://*/ta/man/translate/figs-quotesinquotes	וְ⁠אָמַ֤רְתְּ אֵלָי⁠ו֙ הֲ⁠לֹֽא־אַתָּ֞ה אֲדֹנִ֣⁠י הַ⁠מֶּ֗לֶךְ נִשְׁבַּ֤עְתָּ לַ⁠אֲמָֽתְ⁠ךָ֙ לֵ⁠אמֹ֔ר כִּֽי־שְׁלֹמֹ֤ה בְנֵ⁠ךְ֙ יִמְלֹ֣ךְ אַחֲרַ֔⁠י וְ⁠ה֖וּא יֵשֵׁ֣ב עַל־כִּסְאִ֑⁠י וּ⁠מַדּ֖וּעַ מָלַ֥ךְ אֲדֹנִיָֽהוּ	1	If it would be clearer in your language, you could translate this so that there are not quotations within quotations. Alternate translation: [and remind him that he, your lord the king, swore to you, his female servant, that your son Solomon would surely reign after him, yes, that Solomon would sit on his throne. Then ask him why Adonijah is reigning instead.]
1:13	k006		rc://*/ta/man/translate/translate-tense	וְ⁠אָמַ֤רְתְּ	1	See the discussion in the introduction to 1 Kings of how the ULT represents the Hebrew instructional verb form with the English helping verb “shall.” Decide as a team how you will represent this form in your translation in various contexts. Alternate translation: [and I want you to say]
1:13	aiwe		rc://*/ta/man/translate/figs-rquestion	הֲ⁠לֹֽא־אַתָּ֞ה אֲדֹנִ֣⁠י הַ⁠מֶּ֗לֶךְ נִשְׁבַּ֤עְתָּ לַ⁠אֲמָֽתְ⁠ךָ֙ לֵ⁠אמֹ֔ר כִּֽי־שְׁלֹמֹ֤ה בְנֵ⁠ךְ֙ יִמְלֹ֣ךְ אַחֲרַ֔⁠י וְ⁠ה֖וּא יֵשֵׁ֣ב עַל־כִּסְאִ֑⁠י	1	Nathan is encouraging Bathsheba to use the question form to remind David of his promise and to express her alarm that Adonijah is trying to become king instead of Solomon. If a speaker of your language would not use the question form for those purposes, you could translate this as a statement or as an exclamation. Alternate translation: [I recall well, my lord the king, that you swore to your female servant, saying, “Surely Solomon your son will reign after me, and he will sit on my throne.”]
1:13	k007		rc://*/ta/man/translate/writing-pronouns	הֲ⁠לֹֽא־אַתָּ֞ה & נִשְׁבַּ֤עְתָּ	1	Nathan wants Bathsheba to state the pronoun **you** separately, even though the verb translated as **have you not sworn** already includes this meaning. He wants her to do that to emphasize the personal role of David in saying that Solomon would be the next king. If a speaker of your language would use an explicit pronoun for the same purpose, you may want to use that construction in your translation. If not, your language may have other ways of showing the meaning here. Alternate translation: [have you not sworn personally]
1:13	vlv6		rc://*/ta/man/translate/figs-123person	לַ⁠אֲמָֽתְ⁠ךָ֙	1	See the discussion in the introduction to 1 Kings of how characters in the book, in order to show humility, often speak of themselves in the third person as **your servant**. Nathan is encouraging Bathsheba to do this by calling herself **your female servant**. Alternate translation: [to me, your female servant]
1:13	uyhy		rc://*/ta/man/translate/figs-parallelism	כִּֽי־שְׁלֹמֹ֤ה בְנֵ⁠ךְ֙ יִמְלֹ֣ךְ אַחֲרַ֔⁠י וְ⁠ה֖וּא יֵשֵׁ֣ב עַל־כִּסְאִ֑⁠י	1	These two phrases mean basically the same thing. The second emphasizes the meaning of the first by repeating the same idea with different words. David used this repetition to make a solemn pronouncement in poetic form about his successor. Hebrew poetry was based on this kind of repetition, and it would be good to show this to your readers by including both phrases in your translation rather than combining them. It may be clearer in your language to connect the phrases with a word other than **and** in order to show that the second phrase is repeating the first one, not saying something additional. Alternate translation: [Surely Solomon your son will reign after me, yes, he will sit on my throne]
1:13	td1c		rc://*/ta/man/translate/translate-symaction	וְ⁠ה֖וּא יֵשֵׁ֣ב עַל־כִּסְאִ֑⁠י	1	See the introduction to this chapter for a discussion of the symbolic action of sitting on a **throne** and for suggestions of how you might translate the references to that action in this chapter.
1:13	vluf		rc://*/ta/man/translate/figs-rquestion	וּ⁠מַדּ֖וּעַ מָלַ֥ךְ אֲדֹנִיָֽהוּ	1	Nathan is encouraging Bathsheba to use the question form **Then why does Adonijah reign?** to express disapproval and protest. If a speaker of your language would not use the question form for that purpose, you could translate this as a statement or as an exclamation. Alternate translation: [So Adonijah should not be reigning!]
1:14	bfmy		rc://*/ta/man/translate/figs-metaphor	הִנֵּ֗ה	1	See the discussion of the expression “behold” in the introduction to 1 Kings to decide how to represent it in your translation here and throughout the book.
1:14	p1nh		rc://*/ta/man/translate/writing-pronouns	וַ⁠אֲנִי֙ אָב֣וֹא אַחֲרַ֔יִ⁠ךְ	1	Nathan is stating the pronoun **I** separately, even though the verb translated as **I will come** already includes this meaning. He is doing that to emphasize that his action will take place at the same time as Bathsheba’s action of **speaking** with King David. If a speaker of your language would use an explicit pronoun for the same purpose, you may want to use that construction in your translation. If not, your language may have other ways of showing the meaning here. Alternate translation: [and right then, I will come after you]
1:14	iu02		rc://*/ta/man/translate/figs-idiom	וּ⁠מִלֵּאתִ֖י אֶת־דְּבָרָֽיִ⁠ךְ	1	Nathan is using **I will fill your words** as a common expression of his culture to mean “I will confirm what you have said.” If this phrase does not have that meaning in your language, you could use a comparable expression from your language that does have that meaning, or you could state the meaning plainly. Alternate translation: [and I will confirm what you have said]
1:15	ns5e		rc://*/ta/man/translate/figs-go	וַ⁠תָּבֹ֨א בַת־שֶׁ֤בֶע	1	In a context such as this, your language might say “went” instead of **came**. Alternate translation: [So Bathsheba went]
1:15	k008		rc://*/ta/man/translate/figs-explicit	הַ⁠חַ֔דְרָ⁠ה	1	The author assumes that readers will understand that by **the room**, he means David’s bedroom. You could indicate this explicitly in your translation if that would be helpful to your readers. Alternate translation: [and she went into his bedroom to speak with him]
1:15	x7cj		rc://*/ta/man/translate/writing-background	וְ⁠הַ⁠מֶּ֖לֶךְ זָקֵ֣ן מְאֹ֑ד וַֽ⁠אֲבִישַׁג֙ הַ⁠שּׁ֣וּנַמִּ֔ית מְשָׁרַ֖ת אֶת־הַ⁠מֶּֽלֶךְ	1	Here the author is providing background information to help readers understand what is happening in the story. In your translation, introduce this information in a way that would be natural in your own language and culture.
1:15	nekg		rc://*/ta/man/translate/writing-pronouns	מְשָׁרַ֖ת אֶת־הַ⁠מֶּֽלֶךְ	1	Since the author uses the phrase **the king** earlier in the verse, it may be more natural in your language to use a pronoun here. Alternate translation: [was serving him]
1:16	am46		rc://*/ta/man/translate/translate-symaction	וַ⁠תִּקֹּ֣ד בַּת־שֶׁ֔בַע וַ⁠תִּשְׁתַּ֖חוּ לַ⁠מֶּ֑לֶךְ	1	Bowing and prostrating oneself to someone was a symbolic action by which a person showed great respect and submission. If it would be helpful to your readers, you could explain the significance of this action in the text of your translation or in a footnote. Alternate translation: [And Bathsheba bowed down and stretched herself out completely on the ground in front of the king to show him honor]
1:16	vffx		rc://*/ta/man/translate/figs-idiom	מַה־לָּֽ⁠ךְ	1	The king is using **What to you** as a common expression of his culture to mean “What do you want?” or “What is your concern?” If this phrase does not have that meaning in your language, you could use a comparable expression from your language that does have that meaning, or you could state the meaning plainly. Alternate translation: [What is your concern]
1:17	zms4		rc://*/ta/man/translate/writing-pronouns	אַתָּ֨ה נִשְׁבַּ֜עְתָּ	1	Bathsheba is stating the pronoun **you** separately, even though the verb translated as **you swore** already includes this meaning. She is doing that to emphasize the personal role of David in swearing this oath. If a speaker of your language would use an explicit pronoun for the same purpose, you may want to use that construction in your translation. If not, your language may have other ways of showing the meaning here. Alternate translation: [you swore personally]
1:17	krvx		rc://*/ta/man/translate/figs-quotesinquotes	בַּֽ⁠יהוָ֤ה אֱלֹהֶ֨י⁠ךָ֙ & כִּֽי־שְׁלֹמֹ֥ה בְנֵ֖⁠ךְ יִמְלֹ֣ךְ אַחֲרָ֑⁠י וְ⁠ה֖וּא יֵשֵׁ֥ב עַל־כִּסְאִֽ⁠י	1	If it would be clearer in your language, you could translate this so that there is not a quotation within a quotation. Alternate translation: [by Yahweh your God that Solomon my son will surely reign after you, that yes, he will sit on your throne]
1:17	rpzl		rc://*/ta/man/translate/figs-parallelism	כִּֽי־שְׁלֹמֹ֥ה בְנֵ֖⁠ךְ יִמְלֹ֣ךְ אַחֲרָ֑⁠י וְ⁠ה֖וּא יֵשֵׁ֥ב עַל־כִּסְאִֽ⁠י	1	See how you translated the similar expression in [1:13](../01/13.md).
1:18	y0uw		rc://*/ta/man/translate/grammar-connect-words-phrases	וְ⁠עַתָּ֕ה	1	The expression that the ULT translates here as **But now** is the same one that it translates as “And now” in many other contexts. The ULT translates the expression this way when a speaker is drawing a contrast while introducing his main point. See how you translated the comparable expression “And now” in [1:12](../01/12.md).
1:18	xmm6		rc://*/ta/man/translate/translate-textvariants	וְ⁠עַתָּ֛ה אֲדֹנִ֥⁠י הַ⁠מֶּ֖לֶךְ	1	Some ancient manuscripts read “and now.” The ULT follows that reading. Other ancient manuscripts read “and you.” If a translation of the Bible exists in your region, you may wish to use the reading that it uses. If a translation of the Bible does not exist in your region, you may wish to use the reading of the ULT.
1:19	hoya		rc://*/ta/man/translate/grammar-collectivenouns	שׁ֥וֹר וּֽ⁠מְרִיא־וְ⁠צֹאן֮	1	In this verse, the words **ox**, **fatling**, and **sheep** are all singular in form, but each term refers to a group of animals that Adonijah has sacrificed. If it would be helpful in your language, you could use plural forms of these words in your translation. Alternate translation: [oxen and fatlings and sheep]
1:19	wwm9		rc://*/ta/man/translate/figs-hyperbole	לְ⁠כָל־בְּנֵ֣י הַ⁠מֶּ֔לֶךְ	1	See how you translated the similar expression in [1:9](../01/09.md). Alternate translation: [to all of the other sons of the king]
1:19	zpq7		rc://*/ta/man/translate/translate-kinship	עַבְדְּ⁠ךָ֖	1	When speaking to David, who is Solomon’s father, Bathsheba calls Solomon **your servant** rather than “your son.” She is probably doing that to emphasize that Solomon is serving David loyally and not going against his wishes the way Adonijah is doing. In your translation, you may be able to use a phrase that makes Solomon’s relationship and loyalty to David clear, here and in [1:26](../01/26.md). Alternate translation: [your loyal son]
1:20	ns0j		rc://*/ta/man/translate/translate-textvariants	וְ⁠אַתָּה֙	1	Some ancient manuscripts read “And you.” The ULT follows that reading. Other ancient manuscripts read “And now.” If a translation of the Bible exists in your region, you may wish to use the reading that it uses. If a translation of the Bible does not exist in your region, you may wish to use the reading of the ULT.
1:20	tnff		rc://*/ta/man/translate/figs-idiom	עֵינֵ֥י כָל־יִשְׂרָאֵ֖ל עָלֶ֑י⁠ךָ	1	Bathsheba is using the common expression of her culture **the eyes of all of Israel are on you** to mean “all the Israelites are depending on you.” If this phrase does not have that meaning in your language, you could use a comparable expression from your language that does have that meaning, or you could state the meaning plainly. Alternate translation: [all the Israelites are looking to you] or [all the Israelites are depending on you]
1:20	ot0q		rc://*/ta/man/translate/figs-metonymy	מִ֗י יֵשֵׁ֛ב עַל־כִּסֵּ֥א אֲדֹנִֽ⁠י־הַ⁠מֶּ֖לֶךְ אַחֲרָֽי⁠ו	1	Here, David’s **throne** represents his royal authority and rule. If it would be helpful in your language, you could use an equivalent expression or plain language. Alternate translation: [who will rule the Israelites as your successor]
1:21	aub2		rc://*/ta/man/translate/figs-euphemism	כִּ⁠שְׁכַ֥ב אֲדֹנִֽ⁠י־הַ⁠מֶּ֖לֶךְ עִם־אֲבֹתָ֑י⁠ו	1	Bathsheba is referring to death in a polite way by using the phrase **lies down with his fathers**. Depending on what is helpful in your language, you could use a polite way of referring to this in your language, or you could state this plainly. Alternate translation: [when you, my lord the king, have passed away]
1:21	led7		rc://*/ta/man/translate/figs-metaphor	אֲבֹתָ֑י⁠ו	1	Bathsheba is using the term **fathers** to mean “ancestors.” If it would be helpful in your language, you could state the meaning plainly. See the discussion of this image in the introduction to 1 Kings. Alternate translation: [his ancestors]
1:21	k009		rc://*/ta/man/translate/figs-explicitinfo	וְ⁠הָיִ֗יתִי אֲנִ֛י וּ⁠בְנִ֥⁠י שְׁלֹמֹ֖ה חַטָּאִֽים	1	To make her appeal to David more effective, Bathsheba is first naming herself and then naming herself along with another person who is important to David, to show that the consequence she is describing would affect him as well. It might seem that her expression contains extra information that would not be natural to express in your language. If so, you can shorten it. Alternate translation: [that I and my son Solomon will be offenders]
1:23	c4k5		rc://*/ta/man/translate/writing-pronouns	וַ⁠יַּגִּ֤ידוּ לַ⁠מֶּ֨לֶךְ֙	1	Here the author is using the pronoun **they** in a general sense, not to refer to specific people. Use an expression for this that would be natural in your language. Alternate translation: [And the king was told]
1:23	n0ot		rc://*/ta/man/translate/figs-ellipsis	נָתָ֣ן הַ⁠נָּבִ֑יא	1	The person speaking to David is leaving out some of the words that in many languages a sentence would need in order to be complete. You can supply these words from the context if that would be clearer in your language. Alternate translation: [Nathan the prophet is here]
1:23	o4e2		rc://*/ta/man/translate/figs-metonymy	לִ⁠פְנֵ֣י הַ⁠מֶּ֔לֶךְ	1	Here, **to the face of** represents being in the presence of the king. If it would be helpful in your language, you could use an equivalent expression or plain language. Alternate translation: [into the presence of the king]
1:23	urfl		rc://*/ta/man/translate/translate-symaction	וַ⁠יִּשְׁתַּ֧חוּ לַ⁠מֶּ֛לֶךְ עַל־אַפָּ֖י⁠ו אָֽרְצָ⁠ה	1	The phrase **prostrated himself to the king with his nose to the ground** was a symbolic action by which Nathan showed complete submission and respect to King David. If it would be helpful to your readers, you could explain the significance of this action in the text of your translation or in a footnote. The UST models one way to do that.
1:24	yrhf		rc://*/ta/man/translate/figs-quotesinquotes	אַתָּ֣ה אָמַ֔רְתָּ אֲדֹנִיָּ֖הוּ יִמְלֹ֣ךְ אַחֲרָ֑⁠י וְ⁠ה֖וּא יֵשֵׁ֥ב עַל־כִּסְאִֽ⁠י	1	If it would be clearer in your language, you could translate this so that there is not a quotation within a quotation. Alternate translation: [have you yourself said that Adonijah will reign after you, and he will sit on your throne]
1:24	ig2y		rc://*/ta/man/translate/figs-rquestion	אַתָּ֣ה אָמַ֔רְתָּ אֲדֹנִיָּ֖הוּ יִמְלֹ֣ךְ אַחֲרָ֑⁠י וְ⁠ה֖וּא יֵשֵׁ֥ב עַל־כִּסְאִֽ⁠י	1	Nathan is using the question form to clarify that David has not authorized Adonijah to become king. If a speaker of your language would not use the question form for that purpose, you could translate this as a statement or as an exclamation. Alternate translation: [as I understand it, you never said, ‘Adonijah will reign after me, and he will sit on my throne.’]
1:24	gp56		rc://*/ta/man/translate/writing-pronouns	אַתָּ֣ה אָמַ֔רְתָּ	1	See how you translated the similar expression “you, you swore” in [1:17](../01/17.md). Alternate translation: [have you personally said]
1:24	qbxa		rc://*/ta/man/translate/figs-parallelism	אֲדֹנִיָּ֖הוּ יִמְלֹ֣ךְ אַחֲרָ֑⁠י וְ⁠ה֖וּא יֵשֵׁ֥ב עַל־כִּסְאִֽ⁠י	1	See how you translated the similar expression in [1:13](../01/13.md).
1:25	og2d		rc://*/ta/man/translate/grammar-connect-words-phrases	כִּ֣י	1	Here the word **For** introduces not a reason but an explanation of what made Nathan ask his question in the previous verse. If the connection between this statement and the previous one is not clear, you may want to use a different connecting word or phrase to show how this statement relates to what comes before it. Alternate translation: [You see,]
1:25	nim1		rc://*/ta/man/translate/figs-explicitinfo	יָרַ֣ד	1	To translate this expression and the several similar ones in this chapter that say “down” or “up,” see the introduction to 1 Kings for a discussion of how speakers in this culture marked travel for change in elevation. In this particular context, Nathan may be saying **he has gone down** to mean that Adonijah has gone down from Jerusalem to some place away from the city where he can act more freely. Alternate translation: [he has gone away]
1:25	jpol		rc://*/ta/man/translate/grammar-collectivenouns	שׁ֥וֹר וּֽ⁠מְרִיא־וְ⁠צֹאן֮	1	See how you translated the similar expression in [1:19](../01/19.md).
1:25	w83o		rc://*/ta/man/translate/figs-idiom	וְ⁠הִנָּ֛⁠ם אֹכְלִ֥ים וְ⁠שֹׁתִ֖ים	1	Nathan is using **behold them** as a common expression of his culture to indicate that something is happening at the very moment he is speaking. If this phrase does not have that meaning in your language, you could use a comparable expression from your language that does have that meaning, or you could state the meaning plainly. Alternate translation: [And at this very moment they are eating and drinking]
1:25	t6dl		rc://*/ta/man/translate/figs-metonymy	לְ⁠פָנָ֑י⁠ו	1	Here, **to his face** represents being in Adonijah’s presence. If it would be helpful in your language, you could use an equivalent expression or plain language. Alternate translation: [in his presence] or [as his guests]
1:25	w39r		rc://*/ta/man/translate/figs-quotesinquotes	וַ⁠יֹּ֣אמְר֔וּ יְחִ֖י הַ⁠מֶּ֥לֶךְ אֲדֹנִיָּֽהוּ	1	If it would be clearer in your language, you could translate this so that there is not a quotation within a quotation. Alternate translation: [And they are wishing Adonijah a long reign as king]
1:25	uo83		rc://*/ta/man/translate/writing-politeness	יְחִ֖י הַ⁠מֶּ֥לֶךְ אֲדֹנִיָּֽהוּ	1	Nathan is reporting how Adonijah’s guests are saluting him with the courteous expression that people in this culture would use to wish a ruler a long and prosperous reign. Your language may have a comparable expression that you can use in your translation. Alternate translation: [Long live King Adonijah]
1:26	hmy7		rc://*/ta/man/translate/figs-explicitinfo	וְ⁠לִ֣⁠י אֲנִֽי־עַ֠בְדֶּ⁠ךָ וּ⁠לְ⁠צָדֹ֨ק הַ⁠כֹּהֵ֜ן	1	To make his appeal to David more effective, Nathan is first naming himself, and then naming himself along with other people to show that they are affected as well. It might seem that his expression contains extra information that would not be natural to express in your language. If so, you can shorten it. Alternate translation: [But to me, your servant, and to Zadok the priest]
1:27	mnck		rc://*/ta/man/translate/figs-rquestion	אִ֗ם מֵ⁠אֵת֙ אֲדֹנִ֣⁠י הַ⁠מֶּ֔לֶךְ נִהְיָ֖ה הַ⁠דָּבָ֣ר הַ⁠זֶּ֑ה וְ⁠לֹ֤א הוֹדַ֨עְתָּ֙ אֶֽת־עבדי⁠ך מִ֗י יֵשֵׁ֛ב עַל־כִּסֵּ֥א אֲדֹנִֽ⁠י־הַ⁠מֶּ֖לֶךְ אַחֲרָֽי⁠ו	1	Nathan is using the question form to express doubt that the king would have made a decision about succession without telling his closest advisors. If a speaker of your language would not use the question form for that purpose, you could translate this as a statement or as an exclamation. Alternate translation: [I do not believe that my lord the king would have done this thing without making his servants know who would sit on the throne of my lord the king after him.]
1:27	wa9f		rc://*/ta/man/translate/figs-activepassive	אִ֗ם מֵ⁠אֵת֙ אֲדֹנִ֣⁠י הַ⁠מֶּ֔לֶךְ נִהְיָ֖ה הַ⁠דָּבָ֣ר הַ⁠זֶּ֑ה	1	The expression **Has this thing been done** uses a passive verbal form. If your language would not use that form, you could express the idea in active form or in another way that is natural in your language. Alternate translation: [Has my lord the king done this thing]
1:27	nl5d		rc://*/ta/man/translate/translate-textvariants	אֶֽת־עבדי⁠ך	1	Some ancient manuscripts read “your servants.” The ULT follows that reading. Other ancient manuscripts read “your servant.” If a translation of the Bible exists in your region, you may wish to use the reading that it uses. If a translation of the Bible does not exist in your region, you may wish to use the reading of the ULT.
1:28	sh90		rc://*/ta/man/translate/writing-quotations	וַ⁠יֹּ֔אמֶר	1	See the discussion of the phrase “and said” in the introduction to 1 Kings. It introduces a direct quotation. In your translation, use a natural way of introducing direct quotations in your language. It may not be necessary to represent this term explicitly, here or in its other instances in the book.
1:28	uyul		rc://*/ta/man/translate/figs-metonymy	וַ⁠תָּבֹא֙ לִ⁠פְנֵ֣י הַ⁠מֶּ֔לֶךְ	1	In this instance, **to the face of** represents being in the presence of the king. If it would be helpful in your language, you could use an equivalent expression or plain language. Alternate translation: [And she came into the presence of the king]
1:28	ymxk		rc://*/ta/man/translate/figs-metonymy	וַֽ⁠תַּעֲמֹ֖ד לִ⁠פְנֵ֥י הַ⁠מֶּֽלֶךְ	1	In this instance, **to the face of** represents being in front of the king. If it would be helpful in your language, you could use an equivalent expression or plain language. Alternate translation: [and she stood in front of the king]
1:29	v46e		rc://*/ta/man/translate/writing-oathformula	חַי־יְהוָ֕ה	1	Following the custom of his culture, David is swearing an oath and guaranteeing it by something that he holds sacred. Use a natural way in your language to express an oath. The content of the oath is in the next verse. The guarantee is in this verse. If you have already translated the book of 2 Samuel, see how you translated the similar expression in [2 Samuel 4:9](../2sa/04/09.md). Alternate translation: [I swear by Yahweh, who has rescued my life from every distress]
1:30	kxy3		rc://*/ta/man/translate/figs-infostructure	כִּ֡י כַּ⁠אֲשֶׁר֩ נִשְׁבַּ֨עְתִּי לָ֜⁠ךְ & כִּ֛י כֵּ֥ן אֶעֱשֶׂ֖ה הַ⁠יּ֥וֹם הַ⁠זֶּֽה	1	If it would be more natural in your language, you may want to put the information about **just as I swore to you** with the information about what David would do. Alternate translation: [that surely thus I will do this day just as I swore to you]
1:30	zfs4		rc://*/ta/man/translate/figs-quotesinquotes	לֵ⁠אמֹ֔ר כִּֽי־שְׁלֹמֹ֤ה בְנֵ⁠ךְ֙ יִמְלֹ֣ךְ אַחֲרַ֔⁠י וְ⁠ה֛וּא יֵשֵׁ֥ב עַל־כִּסְאִ֖⁠י תַּחְתָּ֑⁠י כִּ֛י כֵּ֥ן אֶעֱשֶׂ֖ה הַ⁠יּ֥וֹם הַ⁠זֶּֽה	1	If it would be clearer in your language, you could translate this so that there is not a quotation within a quotation. Alternate translation: [that surely Solomon your son would reign after me, and he would sit on my throne in my place, surely thus I will do this day]
1:30	gvtg		rc://*/ta/man/translate/figs-parallelism	כִּֽי־שְׁלֹמֹ֤ה בְנֵ⁠ךְ֙ יִמְלֹ֣ךְ אַחֲרַ֔⁠י וְ⁠ה֛וּא יֵשֵׁ֥ב עַל־כִּסְאִ֖⁠י תַּחְתָּ֑⁠י	1	See how you translated the similar expression in [1:13](../01/13.md). Alternate translation: [Surely Solomon your son will reign after me, yes, he will sit on my throne in my place]
1:31	fr0h		rc://*/ta/man/translate/translate-symaction	וַ⁠תִּקֹּ֨ד בַּת־שֶׁ֤בַע אַפַּ֨יִם֙ אֶ֔רֶץ וַ⁠תִּשְׁתַּ֖חוּ לַ⁠מֶּ֑לֶךְ	1	See how you translated the similar expressions in [1:16](../01/16.md) and [1:23](../01/23.md).
1:31	ws95		rc://*/ta/man/translate/writing-politeness	יְחִ֗י אֲדֹנִ֛⁠י הַ⁠מֶּ֥לֶךְ דָּוִ֖ד לְ⁠עֹלָֽם	1	See how you translated the similar expression in [1:25](../01/25.md). Alternate translation: [Long live my lord King David]
1:32	g7ay		rc://*/ta/man/translate/figs-yousingular	קִרְאוּ	1	The implied “you” in the imperative **Call** is plural. David is speaking to several of his servants. So use the plural form in your translation if your language marks that distinction.
1:32	uja3		rc://*/ta/man/translate/figs-metonymy	לִ⁠פְנֵ֥י הַ⁠מֶּֽלֶךְ	1	Here, **to the face of** represents being in the presence of the king. If it would be helpful in your language, you could use an equivalent expression or plain language. Alternate translation: [into the presence of the king]
1:33	au5r		rc://*/ta/man/translate/figs-yousingular	קְח֤וּ עִמָּ⁠כֶם֙ & אֲדֹנֵי⁠כֶ֔ם וְ⁠הִרְכַּבְתֶּם֙ אֶת־שְׁלֹמֹ֣ה בְנִ֔⁠י & וְ⁠הוֹרַדְתֶּ֥ם אֹת֖⁠וֹ	1	The words **you** and **your** and the implied “you” in the imperative **Take** are plural in this verse and the next two verses because David is addressing Zadok, Nathan, and Benaiah. So use plural forms in your translation if your language marks that distinction.
1:33	f4yu		rc://*/ta/man/translate/figs-explicit	אֶת־עַבְדֵ֣י אֲדֹנֵי⁠כֶ֔ם	1	By **the servants of your master**, David is referring to the Cherethites and Pelethites, his royal bodyguards, as [1:38](../01/38.md) and the similar use of this phrase in [2 Samuel 20:6](../2sa/20/06.md) indicate. You could indicate this in your translation if that would be helpful to your readers. Alternate translation: [to the Cherethites and Pelethites] or [my royal bodyguards]
1:33	s8uv		rc://*/ta/man/translate/translate-symaction	קְח֤וּ עִמָּ⁠כֶם֙ אֶת־עַבְדֵ֣י אֲדֹנֵי⁠כֶ֔ם	1	By sending his royal bodyguards with Solomon, David was ensuring Solomon’s safety. At the same time, this was a symbolic action that demonstrated that Solomon had royal authority. If it would be helpful to your readers, you could explain the significance of this action in the text of your translation or in a footnote. Alternate translation: [Take my royal bodyguards with you to protect Solomon and to show that he is the new king]
1:33	ppb7		rc://*/ta/man/translate/translate-symaction	וְ⁠הִרְכַּבְתֶּם֙ אֶת־שְׁלֹמֹ֣ה בְנִ֔⁠י עַל־הַ⁠פִּרְדָּ֖ה אֲשֶׁר־לִ֑⁠י	1	Having Solomon ride on his own **mule** was a symbolic action by which David showed that Solomon was his chosen successor as king, since this mule was a symbol of royal authority. If it would be helpful to your readers, you could explain the significance of this action in the text of your translation or in a footnote. Alternate translation: [have Solomon my son ride on my royal mule]
1:33	rif2		rc://*/ta/man/translate/translate-symaction	אֶל־גִּחֽוֹן	1	**Gihon** was a spring on the west side of Jerusalem. David may have chosen this location for the proclamation of Solomon as king because it was a public place where many people gathered. However, since Adonijah had proclaimed himself king at En Rogel on the east side of Jerusalem, David may also have chosen Gihon to symbolize his opposition to Adonijah and his full support for Solomon. If it would be helpful to your readers, you could explain the potential significance of this action. Alternate translation: [to Gihon, on the opposite side of Jerusalem from En Rogel]
1:34	vxuz		rc://*/ta/man/translate/translate-symaction	וּ⁠מָשַׁ֣ח אֹת֣⁠וֹ שָׁ֠ם צָד֨וֹק הַ⁠כֹּהֵ֜ן וְ⁠נָתָ֧ן הַ⁠נָּבִ֛יא לְ⁠מֶ֖לֶךְ	1	The act of **anointing** was a symbolic action by which Zadok and Nathan would show that Solomon was being appointed as the legitimate king of Israel. If it would be helpful to your readers, you could explain the significance of this action in the text of your translation or in a footnote. Alternate translation: [And Zadok the priest and Nathan the prophet shall pour oil on his head to show that he is the legitimate king]
1:34	npmn		rc://*/ta/man/translate/figs-123person	וּ⁠מָשַׁ֣ח אֹת֣⁠וֹ & צָד֨וֹק הַ⁠כֹּהֵ֜ן וְ⁠נָתָ֧ן הַ⁠נָּבִ֛יא	1	David is addressing **Zadok** and **Nathan** in the third person in order to give them specific instructions. If this would not be natural in your language, you could use second-person forms. Alternate translation: [And you, Zadok the priest, and you, Nathan the prophet, shall anoint him]
1:34	g0np		rc://*/ta/man/translate/translate-symaction	וּ⁠תְקַעְתֶּם֙ בַּ⁠שּׁוֹפָ֔ר	1	The act of blowing on a **shofar** was a symbolic action by which David’s supporters showed that Solomon was being proclaimed as the new king. If it would be helpful to your readers, you could explain the significance of this action in the text of your translation or in a footnote. Alternate translation: [And you shall blow on a shofar to proclaim him as king]
1:34	xig3		rc://*/ta/man/translate/figs-quotesinquotes	וַ⁠אֲמַרְתֶּ֕ם יְחִ֖י הַ⁠מֶּ֥לֶךְ שְׁלֹמֹֽה	1	If it would be clearer in your language, you could translate this so that there is not a quotation within a quotation. Alternate translation: [and you shall proclaim that Solomon is the king]
1:34	h9a8		rc://*/ta/man/translate/writing-politeness	יְחִ֖י הַ⁠מֶּ֥לֶךְ שְׁלֹמֹֽה	1	See how you translated the similar expression in [1:25](../01/25.md). Alternate translation: [Long live King Solomon]
1:35	fjr6		rc://*/ta/man/translate/translate-symaction	וַ⁠עֲלִיתֶ֣ם אַחֲרָ֗י⁠ו	1	Going up **after** Solomon, that is, having him lead the way back to Jerusalem while they followed, was a symbolic action by which the people showed their support for Solomon as the new king. If it would be helpful to your readers, you could explain the significance of this action in the text of your translation or in a footnote. Alternate translation: [And you shall walk behind him to show your support as he leads the way back here to Jerusalem]
1:35	jvfl		rc://*/ta/man/translate/translate-symaction	וּ⁠בָא֙ וְ⁠יָשַׁ֣ב עַל־כִּסְאִ֔⁠י	1	Sitting on David’s **throne** was a symbolic action by which Solomon showed that he was becoming king with authority over Israel and Judah. If it would be helpful to your readers, you could explain the significance of this action in the text of your translation or in a footnote. Alternate translation: [and he shall come and take authority as king] or [and he shall come and assume his role as king]
1:35	s0z4		rc://*/ta/man/translate/writing-pronouns	וְ⁠ה֥וּא יִמְלֹ֖ךְ תַּחְתָּ֑⁠י	1	David is stating the pronoun **he** separately, even though the verb translated as **he will reign** already includes this meaning. He is doing that to emphasize the personal role of Solomon as the one who will reign in his place. See how you translated the similar expression “you, you swore” in [1:17](../01/17.md). Alternate translation: [and he is the one who will reign in my place]
1:36	z9xt		rc://*/ta/man/translate/figs-exclamations	אָמֵ֑ן	1	Benaiah is using a phrase that expresses a strong feeling of agreement with the king’s command and loyalty to him. There may be an equivalent word or phrase in your language that you can use in your translation to convey this feeling. If not, you could say what Benaiah was feeling, or you could say what made him agree so strongly. Alternate translation: [Yes, indeed!] or [I strongly agree!]
1:36	vftw		rc://*/ta/man/translate/figs-explicit	כֵּ֚ן יֹאמַ֣ר יְהוָ֔ה אֱלֹהֵ֖י אֲדֹנִ֥⁠י הַ⁠מֶּֽלֶךְ	1	By **say thus**, Benaiah is not just wishing that Yahweh would say the same thing that David has just said. He is wishing that Yahweh would make this happen. You could indicate this explicitly in your translation if that would be helpful to your readers. Alternate translation: [May Yahweh, the God of my lord the king, make this happen]
1:37	kgra		rc://*/ta/man/translate/figs-idiom	הָיָ֤ה & עִם־אֲדֹנִ֣⁠י הַ⁠מֶּ֔לֶךְ כֵּ֖ן יהי עִם־שְׁלֹמֹ֑ה	1	The phrase **has been with** is a common expression of his culture to mean “has helped.” If this phrase does not have that meaning in your language, you could use a comparable expression from your language that does have that meaning, or you could state the meaning plainly. Alternate translation: [has helped my lord the king, so may he help Solomon]
1:37	vk2f		rc://*/ta/man/translate/figs-metonymy	וִֽ⁠יגַדֵּל֙ אֶת־כִּסְא֔⁠וֹ מִ֨⁠כִּסֵּ֔א אֲדֹנִ֖⁠י הַ⁠מֶּ֥לֶךְ דָּוִֽד	1	Here, **throne** represents royal authority or rule. If it would be helpful in your language, you could use an equivalent expression or plain language. Alternate translation: [And may he make his reign greater than the reign of my lord King David]
1:38	atcd		rc://*/ta/man/translate/figs-events	וַ⁠יֵּ֣רֶד צָד֣וֹק הַ֠⁠כֹּהֵן וְ⁠נָתָ֨ן הַ⁠נָּבִ֜יא וּ⁠בְנָיָ֣הוּ בֶן־יְהוֹיָדָ֗ע וְ⁠הַ⁠כְּרֵתִי֙ וְ⁠הַ⁠פְּלֵתִ֔י וַ⁠יַּרְכִּ֨בוּ֙ אֶת־שְׁלֹמֹ֔ה עַל־פִּרְדַּ֖ת הַ⁠מֶּ֣לֶךְ דָּוִ֑ד וַ⁠יֹּלִ֥כוּ אֹת֖⁠וֹ עַל־גִּחֽוֹן	1	The author is describing one event before describing another event that preceded it. If it would be helpful in your language, you may wish to relate these events in the order in which they happened. Alternate translation: [Then Zadok the priest and Nathan the prophet and Benaiah, the son of Jehoiada, and the Cherethite and the Pelethite made Solomon ride on the female mule of King David, and they went down and brought him to Gihon]
1:38	r1h1		rc://*/ta/man/translate/grammar-collectivenouns	וְ⁠הַ⁠כְּרֵתִי֙ וְ⁠הַ⁠פְּלֵתִ֔י	1	In this verse, the words **Cherethite** and **Pelethite** are singular in form, but they refer to all of the members of these groups. If it would be helpful in your language, you could use the plural form of these words. Alternate translation: [and the Cherethites and the Pelethites]
1:39	i4ie		rc://*/ta/man/translate/figs-metonymy	וַֽ⁠יִּתְקְעוּ֙ בַּ⁠שּׁוֹפָ֔ר	1	Here the pronoun **they** represents the person whom Zadok, Nathan, and Benaiah instructed to blow **on the shofar** to proclaim that Solomon was the new king. (It is likely that a single **shofar** would have been used for this official purpose.) Alternate translation: [And they had someone blow on a shofar]
1:39	x5ru		rc://*/ta/man/translate/figs-hyperbole	כָּל־הָ⁠עָ֔ם	1	The author says **all of the people** as a generalization to mean all those who were present at this ceremony. If it would be clearer in your language, you could express the emphasis in a different way. Alternate translation: [all of the people who were there]
1:39	h788		rc://*/ta/man/translate/writing-politeness	יְחִ֖י הַ⁠מֶּ֥לֶךְ שְׁלֹמֹֽה	1	See how you translated the similar expression in [1:25](../01/25.md). Alternate translation: [Long live King Solomon]
1:40	yoid		rc://*/ta/man/translate/writing-poetry	וְ⁠הָ⁠עָם֙ מְחַלְּלִ֣ים בַּ⁠חֲלִלִ֔ים וּ⁠שְׂמֵחִ֖ים שִׂמְחָ֣ה גְדוֹלָ֑ה	1	The author is using two constructions in which a verb and its object come from the same root. You may be able to use the same constructions in your language to express the meaning here. Alternatively, your language may have another way of saying these things. Alternate translation: [And the people were making music on pipes and rejoicing very greatly]
1:40	zgdb		rc://*/ta/man/translate/figs-hyperbole	וַ⁠תִּבָּקַ֥ע הָ⁠אָ֖רֶץ בְּ⁠קוֹלָֽ⁠ם	1	The author is making an overstatement for emphasis. If it would be helpful in your language, you could use a different way to express the emphasis. Alternate translation: [And they made a very loud sound, such as there is during an earthquake]
1:40	xq2m		rc://*/ta/man/translate/figs-activepassive	וַ⁠תִּבָּקַ֥ע הָ⁠אָ֖רֶץ בְּ⁠קוֹלָֽ⁠ם	1	The expression **was split** is a passive verbal form. If you decide to represent the author’s actual overstatement in your translation, if your language would not use that form, you could express the idea in active form or in another way that is natural in your language. Alternate translation: [And the sound they made split the earth]
1:41	sx7p		rc://*/ta/man/translate/grammar-connect-time-simultaneous	וַ⁠יִּשְׁמַ֣ע אֲדֹנִיָּ֗הוּ וְ⁠כָל־הַ⁠קְּרֻאִים֙ אֲשֶׁ֣ר אִתּ֔⁠וֹ וְ⁠הֵ֖ם כִּלּ֣וּ לֶ⁠אֱכֹ֑ל	1	The connector **and** in **and they had finished eating** indicates that Adonijah and his guests **heard** the noise at the same time as when they **finished eating**. If it would be helpful to your readers, you could describe the time relationship more explicitly. Alternate translation: [And Adonijah and all of the called ones who were with him heard the sound just as they finished eating]
1:41	sm9i		rc://*/ta/man/translate/figs-activepassive	וְ⁠כָל־הַ⁠קְּרֻאִים֙	1	The expression **called ones** is a passive verbal form. If your language would not use that form, you could express the idea in active form or in another way that is natural in your language. Alternate translation: [and all of the ones he had called]
1:41	wiwu		rc://*/ta/man/translate/figs-explicitinfo	מַדּ֥וּעַ קֽוֹל־הַ⁠קִּרְיָ֖ה הוֹמָֽה	1	It might seem that this expression contains extra information that would not be natural to express in your language. If so, you could shorten it. Alternate translation: [Why is the city being noisy]
1:42	rhlz		rc://*/ta/man/translate/grammar-connect-logic-result	בֹּ֔א כִּ֣י אִ֥ישׁ חַ֛יִל אַ֖תָּה וְ⁠ט֥וֹב תְּבַשֵּֽׂר	1	If it would be more natural in your language, you could reverse the order of these phrases, since the second phrase gives the reason for the result that the first phrase describes. Alternate translation: [Since you are a man of valor, and you will bring good news, come]
1:42	teru		rc://*/ta/man/translate/figs-idiom	אִ֥ישׁ חַ֛יִל אַ֖תָּה וְ⁠ט֥וֹב תְּבַשֵּֽׂר	1	Adonijah is using **a man of valor** as a common expression of his culture to mean “an important person” or “a worthy person.” If this phrase does not have that meaning in your language, you could use a comparable expression from your language that does have that meaning, or you could state the meaning plainly. Alternate translation: [you are an important person, and you will bring good news]
1:42	hwv7		rc://*/ta/man/translate/figs-explicit	אִ֥ישׁ חַ֛יִל אַ֖תָּה וְ⁠ט֥וֹב תְּבַשֵּֽׂר	1	Adonijah assumes that his listeners will understand that, based on the customs of this culture, he believes that someone has sent Jonathan to bring **good news** to him, since Jonathan, as a high priest’s son, is person of rank. (See the comparable episode in [2 Samuel 18:19–23](../2sa/18/19.md), where Joab does not want to send Ahimaaz, similarly a person of rank as a high priest’s son, to bring bad news to David.) You could indicate this explicitly in your translation if that would be helpful to your readers. The UST models one way to do that.
1:44	j7jc		rc://*/ta/man/translate/grammar-collectivenouns	וְ⁠הַ⁠כְּרֵתִ֖י וְ⁠הַ⁠פְּלֵתִ֑י	1	See how you translated the similar expression in [1:38](../01/38.md). Alternate translation: [and the Cherethites and the Pelethites]
1:45	keqe		rc://*/ta/man/translate/figs-metonymy	וַ⁠תֵּהֹ֖ם הַ⁠קִּרְיָ֑ה	1	Here, **the city** represents the people of the city. If it would be helpful in your language, you could use an equivalent expression or plain language. Alternate translation: [and the people of the city are agitated]
1:45	pj78		rc://*/ta/man/translate/figs-activepassive	וַ⁠תֵּהֹ֖ם הַ⁠קִּרְיָ֑ה	1	The expression **is agitated** is a passive verbal form. If your language would not use that form, you could express the idea in active form or in another way that is natural in your language. Alternate translation: [and this has agitated the people of the city] or [and this has excited the people of the city]
1:45	fwau		rc://*/ta/man/translate/figs-yousingular	שְׁמַעְתֶּֽם	1	The word **you** is plural here because Jonathan means that Adonijah and all of his guests **have heard** this **sound**. So use the plural form in your translation if your language marks that distinction.
1:46	d4vy		rc://*/ta/man/translate/figs-possession	כִּסֵּ֥א הַ⁠מְּלוּכָֽה	1	Jonathan is using this possessive form to describe the **throne** that symbolizes the Israelite king’s rule over his **kingdom**. If a speaker of your language would not use the possessive form for this, you could express this idea in another way. Alternate translation: [the royal throne]
1:47	bz2v		rc://*/ta/man/translate/figs-exclusive	אֶת־אֲדֹנֵ֜י⁠נוּ	1	By **our**, Jonathan means to include both himself and his listeners, so use the inclusive form of that word if your language marks that distinction.
1:47	zx04		rc://*/ta/man/translate/figs-quotesinquotes	לֵ⁠אמֹר֒ יֵיטֵ֨ב אלהי⁠ך אֶת־שֵׁ֤ם שְׁלֹמֹה֙ מִ⁠שְּׁמֶ֔⁠ךָ וִֽ⁠יגַדֵּ֥ל אֶת־כִּסְא֖⁠וֹ מִ⁠כִּסְאֶ֑⁠ךָ	1	If it would be clearer in your language, you could translate this so that there is not a quotation within a quotation. Alternate translation: [telling him that they wished that God would make the name of Solomon better than his name and make Solomon’s throne greater than his throne]
1:47	m2c5		rc://*/ta/man/translate/writing-quotations	לֵ⁠אמֹר֒	1	While you may have decided that in other contexts it was not be necessary to represent the term “saying” explicitly in your translation when it introduces a direct quotation, it may be helpful to do that here. Alternate translation: [They said]
1:47	dv8z		rc://*/ta/man/translate/figs-metonymy	יֵיטֵ֨ב אלהי⁠ך אֶת־שֵׁ֤ם שְׁלֹמֹה֙ מִ⁠שְּׁמֶ֔⁠ךָ	1	Here, **name** represents reputation or honor. If it would be helpful in your language, you could use an equivalent expression or plain language. Alternate translation: [May God make the reputation of Solomon better than your reputation]
1:47	jwv7		rc://*/ta/man/translate/figs-metonymy	וִֽ⁠יגַדֵּ֥ל אֶת־כִּסְא֖⁠וֹ מִ⁠כִּסְאֶ֑⁠ךָ	1	See how you translated the similar expression in [1:37](../01/37.md). Alternate translation: [and may he make his reign greater than your reign]
1:47	fyvi		rc://*/ta/man/translate/translate-symaction	וַ⁠יִּשְׁתַּ֥חוּ הַ⁠מֶּ֖לֶךְ עַל־הַ⁠מִּשְׁכָּֽב	1	Bowing himself on his bed was a symbolic action by which David worshiped God in order to join in his servants’ prayer for Solomon. If it would be helpful to your readers, you could explain the significance of this action in the text of your translation or in a footnote. Alternate translation: [And on his bed, the king bowed his head in worship to join in their prayer]
1:48	btwk		rc://*/ta/man/translate/figs-quotesinquotes	כָּ֖כָה אָמַ֣ר הַ⁠מֶּ֑לֶךְ בָּר֨וּךְ יְהוָ֜ה אֱלֹהֵ֣י יִשְׂרָאֵ֗ל אֲשֶׁ֨ר נָתַ֥ן הַ⁠יּ֛וֹם יֹשֵׁ֥ב עַל־כִּסְאִ֖⁠י וְ⁠עֵינַ֥⁠י רֹאֽוֹת	1	If it would be clearer in your language, you could translate this so that there is not a quotation within a quotation. Alternate translation: [the king said that he blessed Yahweh, the God of Israel, who today had given a sitter on his throne, and his eyes were seeing]
1:48	ki8a		rc://*/ta/man/translate/figs-activepassive	בָּר֨וּךְ יְהוָ֜ה	1	The expression **Blessed be Yahweh** uses a passive verbal form. If your language would not use that form, you could express the idea in active form or in another way that is natural in your language. Alternate translation: [May people bless Yahweh] or [May people praise Yahweh]
1:48	bxr0		rc://*/ta/man/translate/grammar-connect-time-simultaneous	אֲשֶׁ֨ר נָתַ֥ן הַ⁠יּ֛וֹם יֹשֵׁ֥ב עַל־כִּסְאִ֖⁠י וְ⁠עֵינַ֥⁠י רֹאֽוֹת	1	The word that the ULT translates as **and** indicates that Yahweh **has given** someone to sit on David’s throne (that is, to be the next king) at the same time when David’s **eyes** were still **seeing**. If it would be helpful to your readers, you could describe the time relationship more explicitly. Alternate translation: [who today has given a sitter on my throne while I am still alive to see it]
1:48	gqpy		rc://*/ta/man/translate/figs-metonymy	יֹשֵׁ֥ב עַל־כִּסְאִ֖⁠י	1	Here, **a sitter on my throne** represents someone who would rule as king. If it would be helpful in your language, you could use an equivalent expression or plain language. Alternate translation: [someone to succeed me as king] or [a son to continue my dynasty]
1:48	oq11		rc://*/ta/man/translate/figs-synecdoche	וְ⁠עֵינַ֥⁠י רֹאֽוֹת	1	King David is using **my eyes** to mean all of him in the act of seeing Solomon sit on his throne. If it would be helpful in your language, you could state the meaning plainly. Alternate translation: [and I myself am seeing]
1:48	w2v4		rc://*/ta/man/translate/figs-metaphor	וְ⁠עֵינַ֥⁠י רֹאֽוֹת	1	David is speaking here as if he were actually **seeing** Solomon sitting on his throne. He means that this has happened during his own lifetime. Your language may have a comparable expression that you can use in your translation, or you could state the meaning plainly. Alternate translation: [while I am still alive to experience it]
1:49	jzte		rc://*/ta/man/translate/figs-activepassive	כָּל־הַ֨⁠קְּרֻאִ֔ים אֲשֶׁ֖ר לַ⁠אֲדֹנִיָּ֑הוּ	1	The expression **the called ones** is a passive verbal form. If your language would not use that form, you could express the idea in active form or in another way that is natural in your language. Alternate translation: [all of the ones whom Adonijah had called, who were still with him]
1:49	xfgl		rc://*/ta/man/translate/figs-explicit	וַ⁠יֶּֽחֶרְדוּ֙ & כָּל־הַ֨⁠קְּרֻאִ֔ים אֲשֶׁ֖ר לַ⁠אֲדֹנִיָּ֑הוּ	1	By **trembled**, the author means that the guests at Adonijah’s feast were shaking with fear because they realized that they had supported the wrong person to be king and might be punished. You could indicate this explicitly in your translation if that would be helpful to your readers. Alternate translation: [Then all of the called ones who were with Adonijah trembled with fear]
1:49	axms		rc://*/ta/man/translate/figs-idiom	וַ⁠יֵּלְכ֖וּ אִ֥ישׁ לְ⁠דַרְכּֽ⁠וֹ	1	The author is using the phrase **a man to his way** as a common expression of his culture to mean “each one in the direction of his own home.” If this phrase does not have that meaning in your language, you could use a comparable expression from your language that does have that meaning, or you could state the meaning plainly. Alternate translation: [And they all went separately back to their own homes]
1:50	mmyq		rc://*/ta/man/translate/figs-idiom	מִ⁠פְּנֵ֣י שְׁלֹמֹ֑ה	1	Here, **from the face of** is a common expression of the culture that means “because of” or “on account of.” If this phrase does not have that meaning in your language, you could use a comparable expression from your language that does have that meaning, or you could state the meaning plainly. Alternate translation: [on account of Solomon]
1:50	ytgm		rc://*/ta/man/translate/figs-explicit	וַ⁠יָּ֣קָם	1	The implication is that Adonijah **arose** from the table and left the feast that he was hosting at En Rogel. You could include this information if that would be helpful to your readers. Alternate translation: [And he left En Rogel]
1:50	d6td		rc://*/ta/man/translate/figs-explicit	וַ⁠יֵּ֔לֶךְ	1	By **went**, the author means that Adonijah went to the sacred tent. You could indicate this explicitly in your translation if that would be helpful to your readers. Alternate translation: [and went to the sacred tent]
1:50	pa70		rc://*/ta/man/translate/translate-symaction	וַֽ⁠יַּחֲזֵ֖ק בְּ⁠קַרְנ֥וֹת הַ⁠מִּזְבֵּֽחַ	1	Grasping the **horns of the altar** was a symbolic action by which Adonijah showed that he was seeking sanctuary and asking for mercy. If it would be helpful to your readers, you could explain the significance of this action in the text of your translation or in a footnote. Alternate translation: [and grasped the horns of the altar to seek sanctuary and ask for mercy]
1:51	me1j		rc://*/ta/man/translate/figs-activepassive	וַ⁠יֻּגַּ֤ד לִ⁠שְׁלֹמֹה֙	1	The expression **it was declared** is a passive verbal form. If your language would not use that form, you could express the idea in active form or in another way that is natural in your language. Alternate translation: [And someone declared to Solomon]
1:51	nc63		rc://*/ta/man/translate/figs-quotesinquotes	לֵ⁠אמֹ֔ר יִשָּֽׁבַֽע־לִ֤⁠י כַ⁠יּוֹם֙ הַ⁠מֶּ֣לֶךְ שְׁלֹמֹ֔ה אִם־יָמִ֥ית אֶת־עַבְדּ֖⁠וֹ בֶּ⁠חָֽרֶב	1	If it would be clearer in your language, you could translate this so that there is not a quotation within a quotation. Alternate translation: [and has said that he wants you to swear as today that you will not kill him with the sword]
1:51	x3tc		rc://*/ta/man/translate/figs-idiom	כַ⁠יּוֹם֙	1	Adonijah is using the expression **as today** as a common expression of his culture to mean “first.” If this phrase does not have that meaning in your language, you could use a comparable expression from your language that does have that meaning, or you could state the meaning plainly. Alternate translation: [first]
1:51	no14		rc://*/ta/man/translate/figs-explicit	יִשָּֽׁבַֽע־לִ֤⁠י כַ⁠יּוֹם֙ הַ⁠מֶּ֣לֶךְ שְׁלֹמֹ֔ה	1	By **Let King Solomon swear to me as today**, Adonijah means he wants Solomon to promise not to kill him before he, Adonijah, lets go of the altar. You could indicate this explicitly in your translation if that would be helpful to your readers. Alternate translation: [I will not let go of the horns of the altar until King Solomon swears to me first] or [I will not leave the sanctuary unless King Solomon swears to me first]
1:51	vtan		rc://*/ta/man/translate/writing-oathformula	אִם־יָמִ֥ית אֶת־עַבְדּ֖⁠וֹ בֶּ⁠חָֽרֶב	1	Adonijah anticipates that, following the custom of his culture, Solomon would swear an oath by stating the first part of a condition (“if”) but not the second part (“then”). Use a natural way in your language to express an oath. In a context such as this, it may be natural to express just the first part of the condition as a negative statement. Alternate translation: [that he will not kill his servant with the sword]
1:51	v7fo		rc://*/ta/man/translate/figs-genericnoun	אִם־יָמִ֥ית אֶת־עַבְדּ֖⁠וֹ בֶּ⁠חָֽרֶב	1	Adonijah is not referring to a specific **sword**. He means any sword that David might command his soldiers to use to kill him. Adonijah is likely referring to beheading. [2 Samuel 16:9](../2sa/16/09.md) suggests that this would have been the punishment for rebellion against the king. If it would be helpful to your readers, you could use an expression that would be more natural in your language. Alternate translation: [that he will not command his soldiers to cut my head off with a sword]
1:52	v9wv		rc://*/ta/man/translate/figs-idiom	לְ⁠בֶן־חַ֔יִל	1	In certain contexts, biblical authors and characters use the common expression of their culture **son of** to indicate that a person has the characteristic of something. In this case, Solomon means that Adonijah would have to prove that he was a person of trustworthy character by taking no further actions to try to become king. If it would be helpful to your readers, you could use an equivalent expression from your language or state the meaning plainly. Alternate translation: [a man of trustworthy character]
1:52	divl		rc://*/ta/man/translate/figs-ellipsis	לֹֽא־יִפֹּ֥ל מִ⁠שַּׂעֲרָת֖⁠וֹ אָ֑רְצָ⁠ה	1	The author is leaving out some of the words that in many languages a sentence would need in order to be complete. You can supply these words from the context if that would be clearer in your language. Alternate translation: [nothing from his hair shall fall to the ground] or [not a single one of his hairs shall fall to the ground]
1:52	u2zc		rc://*/ta/man/translate/figs-synecdoche	לֹֽא־יִפֹּ֥ל מִ⁠שַּׂעֲרָת֖⁠וֹ אָ֑רְצָ⁠ה	1	Solomon is using one small part of Adonijah, a single strand from his **hair**, to emphasize that he will not harm him at all. If it would be helpful in your language, you could state the meaning plainly. Alternate translation: [I will not harm him in the slightest way]
1:52	v3l9		rc://*/ta/man/translate/figs-activepassive	וְ⁠אִם־רָעָ֥ה תִמָּצֵא־ב֖⁠וֹ	1	The expression **is found** is a passive verbal form. If your language would not use that form, you could express the idea in active form or in another way that is natural in your language. Alternate translation: [But if I find evil in him]
1:52	lxan		rc://*/ta/man/translate/figs-metaphor	וְ⁠אִם־רָעָ֥ה תִמָּצֵא־ב֖⁠וֹ	1	Here Solomon is speaking as if **evil** were an object that could be **found** inside of Adonijah. He is describing the possibility of discovering that Adonijah has been acting with evil intentions. Your language may have a comparable expression that you can use in your translation, or you could state the meaning plainly. Alternate translation: [But if I find evidence that his intentions are evil]
1:53	c9o3		rc://*/ta/man/translate/figs-ellipsis	וַ⁠יִּשְׁלַ֞ח הַ⁠מֶּ֣לֶךְ שְׁלֹמֹ֗ה	1	The author is leaving out some of the words that in many languages a sentence would need in order to be complete. You can supply these words from the context if that would be clearer in your language. Alternate translation: [And King Solomon sent some soldiers]
1:53	ovry		rc://*/ta/man/translate/translate-symaction	וַ⁠יָּבֹ֕א וַ⁠יִּשְׁתַּ֖חוּ לַ⁠מֶּ֣לֶךְ שְׁלֹמֹ֑ה	1	Prostrating himself was a symbolic action by which Adonijah showed submission to Solomon as the legitimate king of Israel. If it would be helpful to your readers, you could explain the significance of this action in the text of your translation or in a footnote. Alternate translation: [he came and bowed to the ground in front of King Solomon to show his submission]
2:intro	nsa1				0	# 1 Kings 2 Chapter Introduction\n\n## Structure and Formatting\n\n  1. David’s last advice to Solomon (2:1–12)\n  2. Solomon’s punishment of Adonijah (2:13–25)\n  3. Solomon’s punishment of Abiathar (2:26–27)\n  4. Solomon’s punishment of Joab (2:28–35)\n  5. Solomon’s punishment of Shimei (2:36–46)\n\nThe author says in 2:12, “And Solomon sat on the throne of David his father, and his kingdom was established greatly.” He says similarly in 2:46, “And the kingdom was established in the hand of Solomon.” These two statements introduce and conclude the four accounts in which Solomon deals with the men who could have been a threat to him (Adonijah, Abiathar, Joab, and Shimei). Try to translate the statements in such a way that your readers will recognize their similarity and understand that the author uses them to mark off this group of accounts.\n\n## Religious and Cultural Concepts in This Chapter\n\n### David’s final instructions to Solomon\n\nThis chapter begins with David giving Solomon his final instructions. This was the equivalent of a final will and testament. David’s words to Solomon are a summary of his life’s wisdom, and they are also a transfer of the spiritual and political responsibilities of the kingship. David charges Solomon to follow Yahweh’s laws, reminding him that the covenant promises that Yahweh made to his family were conditional on their obedience. David also gives specific instructions regarding several individuals. He tells Solomon to punish people who had harmed him and his kingdom but to reward people who had helped him. This demonstrates that in this culture, a king had the right to issue decrees that would be carried out even after his death. Consider how your language indicates that a person is speaking from a position of power and authority, but also consider how a father would speak to a son even if he were in royal authority over him.\n\n## Translation Issues in This Chapter\n\n### Phrases the author uses to conclude accounts of kings’ reigns\n\nIn 2:10–11, the author describes the death and burial of David and says for how many years he ruled as king. This is the first instance in the book of these particular phrases that the author will use regularly to conclude accounts of kings’ reigns. So that your readers will appreciate their role, be careful to translate these phrases consistently in each of their occurrences.
2:1	jj8p		rc://*/ta/man/translate/writing-background	וַ⁠יִּקְרְב֥וּ יְמֵֽי־דָוִ֖ד לָ⁠מ֑וּת וַ⁠יְצַ֛ו אֶת־שְׁלֹמֹ֥ה בְנ֖⁠וֹ	1	Here the author is providing background information to help readers understand what happens next in the story. In your translation, introduce this information in a way that would be natural in your own language and culture.
2:1	q5lu		rc://*/ta/man/translate/figs-personification	וַ⁠יִּקְרְב֥וּ יְמֵֽי־דָוִ֖ד לָ⁠מ֑וּת וַ⁠יְצַ֛ו	1	The author is speaking of these **days** as if they had been a living thing that could have approached. Your language may speak of time in a similar way. If not, you could state the meaning plainly. Alternate translation: [And the time came for David to die, so he commanded] or [Now when David was about to die, he commanded]
2:1	thpe		rc://*/ta/man/translate/figs-metonymy	וַ⁠יִּקְרְב֥וּ יְמֵֽי־דָוִ֖ד לָ⁠מ֑וּת	1	Here, the word **days** represents “time,” since time consists of days. If it would be helpful in your language, you could use an equivalent expression or plain language. Alternate translation: [Now the time for David to die approached]
2:1	ak96		rc://*/ta/man/translate/writing-quotations	לֵ⁠אמֹֽר	1	See how you translated the similar expression in [1:5](../01/05.md).
2:2	gi6g		rc://*/ta/man/translate/figs-euphemism	אָנֹכִ֣י הֹלֵ֔ךְ בְּ⁠דֶ֖רֶךְ כָּל־הָ⁠אָ֑רֶץ	1	David is referring to death in a polite way by using the phrase **going in the way of all of the earth**. Depending on what is helpful in your language, you could use a polite way of referring to death in your language, or you could state this plainly. Alternate translation: [I am about to pass away] or [My time to die has come]
2:2	fmfk		rc://*/ta/man/translate/translate-tense	אָנֹכִ֣י הֹלֵ֔ךְ	1	David is using the present tense **I am going** to describe something that is going to happen in the future. He is doing that in order to show that the event will happen soon. If it would be clearer in your language, you could use the future tense. Alternate translation: [I am about to go]
2:2	jypt		rc://*/ta/man/translate/figs-metonymy	הָ⁠אָ֑רֶץ	1	Here, **the earth** represents “people on earth.” If it would be helpful in your language, you could use an equivalent expression or plain language. Alternate translation: [the people on earth]
2:2	kw1t		rc://*/ta/man/translate/figs-metonymy	וְ⁠חָזַקְתָּ֖ וְ⁠הָיִ֥יתָֽ לְ⁠אִֽישׁ	1	David is using the term **man** to represent a person who is courageous. He means that an experienced, full-grown man would be courageous in situations where younger, inexperienced boys and youths would not. If it would be helpful in your language, you could use an equivalent expression or plain language. Alternate translation: [So you shall be strong, and you shall be courageous]
2:2	tqyn		rc://*/ta/man/translate/figs-parallelism	וְ⁠חָזַקְתָּ֖ וְ⁠הָיִ֥יתָֽ לְ⁠אִֽישׁ	1	The phrases **you shall be strong** and **you shall be a man** mean basically the same thing. The second emphasizes the meaning of the first by repeating the same idea with different words. If it would be helpful to your readers, you could combine them and express the emphasis in another way. Alternate translation: [So you must be very determined]
2:3	gqob		rc://*/ta/man/translate/writing-poetry	וְ⁠שָׁמַרְתָּ֞ אֶת־מִשְׁמֶ֣רֶת ׀ יְהוָ֣ה אֱלֹהֶ֗י⁠ךָ	1	David is using a construction in which a verb and its object come from the same root. You may be able to use the same construction in your language to express the meaning here. Alternatively, your language may have another way of saying this. Alternate translation: [And you shall keep the charge of Yahweh your God]
2:3	xpe5		rc://*/ta/man/translate/figs-possession	אֶת־מִשְׁמֶ֣רֶת ׀ יְהוָ֣ה אֱלֹהֶ֗י⁠ךָ	1	The author is using the possessive form to describe a **keeping** that **Yahweh** has required. If a speaker of your language would not use the possessive form for this, you could express this idea in another way. Alternate translation: [the things that Yahweh your God requires you to keep]
2:3	m866		rc://*/ta/man/translate/figs-metaphor	לָ⁠לֶ֤כֶת בִּ⁠דְרָכָי⁠ו֙	1	See the discussion in the introduction to 1 Kings of how the author and characters use the idea of walking to mean living. Alternate translation: [to live as he wants people to live]
2:3	oku3		rc://*/ta/man/translate/figs-doublet	חֻקֹּתָ֤י⁠ו מִצְוֺתָי⁠ו֙ וּ⁠מִשְׁפָּטָ֣י⁠ו וְ⁠עֵדְוֺתָ֔י⁠ו	1	The terms **statutes**, **commandments**, **judgments**, and **testimonies** mean similar things. David is using these terms together for emphasis. If it would be clearer for your readers, you could express the emphasis with a single phrase. Alternate translation: [everything that he has commanded]
2:3	jk15		rc://*/ta/man/translate/figs-activepassive	כַּ⁠כָּת֖וּב בְּ⁠תוֹרַ֣ת מֹשֶׁ֑ה	1	The expression **as written** is a passive verbal form. If your language would not use that form, you could express the idea in active form or in another way that is natural in your language. Alternate translation: [as Moses wrote in the law]
2:3	o3yn		rc://*/ta/man/translate/figs-doublet	אֵ֚ת כָּל־אֲשֶׁ֣ר תַּֽעֲשֶׂ֔ה וְ⁠אֵ֛ת כָּל־אֲשֶׁ֥ר תִּפְנֶ֖ה שָֽׁם	1	The phrases **all that you do** and **everywhere that you turn there** mean similar things. David is using the two phrases together for emphasis. If it would be clearer for your readers, you could express the emphasis with a single phrase. Alternate translation: [in everything that you seek to accomplish]
2:3	apfx		rc://*/ta/man/translate/figs-explicitinfo	וְ⁠אֵ֛ת כָּל־אֲשֶׁ֥ר תִּפְנֶ֖ה שָֽׁם	1	It might seem that the expression **everywhere that you turn there** contains extra information that would not be natural to express in your language. If so, you could shorten it. Alternate translation: [and everywhere that you go]
2:4	xp6z		rc://*/ta/man/translate/figs-metonymy	לְמַעַן֩ יָקִ֨ים יְהוָ֜ה אֶת־דְּבָר֗⁠וֹ	1	Here, **word** represents what Yahweh said by using words. If it would be clearer in your language, you could state the meaning plainly. Alternate translation: [so that Yahweh may raise up what he said]
2:4	zmch		rc://*/ta/man/translate/figs-metaphor	לְמַעַן֩ יָקִ֨ים יְהוָ֜ה אֶת־דְּבָר֗⁠וֹ	1	David is speaking as if Yahweh’s **word**, or what Yahweh said, were an object that Yahweh could **raise up**. He means that Yahweh will cause what he said to happen. If it would be helpful in your language, you could state the meaning plainly. Alternate translation: [so that Yahweh may make what he said happen]
2:4	euae		rc://*/ta/man/translate/writing-quotations	לֵ⁠אמֹר֒ אִם־יִשְׁמְר֨וּ בָנֶ֜י⁠ךָ אֶת־דַּרְכָּ֗⁠ם לָ⁠לֶ֤כֶת לְ⁠פָנַ⁠י֙ בֶּ⁠אֱמֶ֔ת בְּ⁠כָל־לְבָבָ֖⁠ם וּ⁠בְ⁠כָל־נַפְשָׁ֑⁠ם לֵ⁠אמֹ֕ר לֹֽא־יִכָּרֵ֤ת לְ⁠ךָ֙ אִ֔ישׁ מֵ⁠עַ֖ל כִּסֵּ֥א יִשְׂרָאֵֽל	1	If you have been representing the term “saying” in your translation when it introduces a direct quotation, you could probably omit the second instance of **saying** here, since it occurs within the same quotation as the first instance. Alternate translation: [when he said, ‘If your sons keep their way, to walk to my face in truth with all of their heart and with all of their soul, then a man to you will not be cut off from upon the throne of Israel]
2:4	oegv		rc://*/ta/man/translate/figs-quotesinquotes	לֵ⁠אמֹר֒ אִם־יִשְׁמְר֨וּ בָנֶ֜י⁠ךָ אֶת־דַּרְכָּ֗⁠ם לָ⁠לֶ֤כֶת לְ⁠פָנַ⁠י֙ בֶּ⁠אֱמֶ֔ת בְּ⁠כָל־לְבָבָ֖⁠ם וּ⁠בְ⁠כָל־נַפְשָׁ֑⁠ם לֵ⁠אמֹ֕ר לֹֽא־יִכָּרֵ֤ת לְ⁠ךָ֙ אִ֔ישׁ מֵ⁠עַ֖ל כִּסֵּ֥א יִשְׂרָאֵֽל	1	If it would be clearer in your language, you could translate this so that there is not a quotation within a quotation. Alternate translation: [saying that if my sons kept their way, to walk to his face in truth with all of their heart and with all of their soul, then a man to me would not be cut off from upon the throne of Israel]
2:4	imad		rc://*/ta/man/translate/figs-metaphor	יִשְׁמְר֨וּ בָנֶ֜י⁠ךָ אֶת־דַּרְכָּ֗⁠ם	1	See how you translated the similar expression in [2:3](../02/03.md). Alternate translation: [your sons live as they should]
2:4	ido2		rc://*/ta/man/translate/figs-metaphor	בָנֶ֜י⁠ךָ	1	Here Yahweh was speaking as if future generations were actually **sons**. Your language may have a comparable expression that you can use in your translation, or you could state the meaning plainly. Alternate translation: [your descendants]
2:4	k6ya		rc://*/ta/man/translate/figs-metonymy	לְ⁠פָנַ⁠י֙	1	Here, **to my face** represents being in Yahweh’s presence. If it would be helpful in your language, you could use an equivalent expression or plain language. Alternate translation: [in my presence]
2:4	xrfe		rc://*/ta/man/translate/figs-abstractnouns	בֶּ⁠אֱמֶ֔ת	1	If your language does not use an abstract noun for the idea of **truth**, you could express the same idea in another way. Alternate translation: [truly] or [sincerely]
2:4	wt6x		rc://*/ta/man/translate/figs-metaphor	בְּ⁠כָל־לְבָבָ֖⁠ם וּ⁠בְ⁠כָל־נַפְשָׁ֑⁠ם	1	Yahweh is referring to all of a person by naming two major components of a person, his **heart** and his **soul**. These represent overlapping aspects of the inner life of a person, representing a person’s thoughts, feelings, desires, and intentions. If it would be helpful in your language, you could use an equivalent expression or plain language. Alternate translation: [with their entire being]
2:4	i364		rc://*/ta/man/translate/grammar-collectivenouns	בְּ⁠כָל־לְבָבָ֖⁠ם וּ⁠בְ⁠כָל־נַפְשָׁ֑⁠ם	1	In this verse, the words **heart** and **soul** are singular in form, but they refer to all David’s sons as a group. If it would be helpful in your language, you could use plural forms of these words. Alternate translation: [with all of their hearts and with all of their souls] or [with their entire beings]
2:4	dju5		rc://*/ta/man/translate/figs-possession	לְ⁠ךָ֙ אִ֔ישׁ	1	The phrase **a man to you** is a possessive form. It means “a man who belongs to you,” and it describes someone who is a male descendant of David. If a speaker of your language would not use the possessive form for this, you could express this idea in another way. Alternate translation: [one of your male descendants]
2:4	rrrz		rc://*/ta/man/translate/figs-doublenegatives	לֹֽא־יִכָּרֵ֤ת לְ⁠ךָ֙ אִ֔ישׁ מֵ⁠עַ֖ל	1	This is a double negative, consisting of the negative **not** and the verb **cut off**. If it would be clearer in your language, you could use a positive expression to translate this. Alternate translation: [a man to you will always be on]
2:4	uhnv		rc://*/ta/man/translate/figs-activepassive	לֹֽא־יִכָּרֵ֤ת לְ⁠ךָ֙ אִ֔ישׁ	1	The expression **will not be cut off** is a passive verbal form. If your language would not use that form, you could express the idea in active form or in another way that is natural in your language. Alternate translation: [I will not cut off a man to you]
2:4	c24y		rc://*/ta/man/translate/figs-metaphor	לֹֽא־יִכָּרֵ֤ת לְ⁠ךָ֙ אִ֔ישׁ	1	Here Yahweh is speaking as David’s descendants could be **cut off** from the throne. This image depicts someone being removed from power as if they were being physically separated from the throne, like a branch being cut from a tree. Your language may have a comparable expression that you can use in your translation, or you could state the meaning plainly. Alternate translation: [a man to you will not be removed] or [I will not remove a man to you]
2:4	pd2v		rc://*/ta/man/translate/figs-metonymy	מֵ⁠עַ֖ל כִּסֵּ֥א יִשְׂרָאֵֽל	1	The **throne of Israel** represents rule and authority as king over Israel. If it would be helpful in your language, you could use an equivalent expression or plain language. Alternate translation: [from reigning over Israel] or [from being the king of Israel]
2:5	ryyk		rc://*/ta/man/translate/writing-pronouns	אַתָּ֣ה יָדַ֡עְתָּ	1	David is stating the pronoun **you** separately, even though the verb translated as **you know** already includes this meaning. He is doing that to emphasize that Solomon knows what Joab has done, and so he has a responsibility to punish Joab. If a speaker of your language would use an explicit pronoun for the same purpose, you may want to use that construction in your translation. If not, your language may have other ways of showing the meaning here. Alternate translation: [you know quite well]
2:5	ecuy		rc://*/ta/man/translate/figs-explicit	אֵת֩ אֲשֶׁר־עָ֨שָׂה לִ֜⁠י יוֹאָ֣ב בֶּן־צְרוּיָ֗ה אֲשֶׁ֣ר עָשָׂ֣ה	1	Joab did not do the things that David describes directly **to** David. When David says that these were things that Joab **did to me**, he is speaking of the effects of Joab’s actions on him. You could indicate this explicitly in your translation if that would be helpful to your readers. Alternate translation: [how Joab, the son of Zeruiah, harmed me by what he did]
2:5	sf1h		rc://*/ta/man/translate/figs-metaphor	וַ⁠יָּ֥שֶׂם דְּמֵֽי־מִלְחָמָ֖ה בְּ⁠שָׁלֹ֑ם	1	David is speaking as if **peace** were actually a container into which Joab had put **the blood of war**. He means that Joab took revenge during a time of peace against people who had killed others during a war. (In [2 Samuel 3:30](../2sa/03/30.md), the author says explicitly, in the case of Abner, how wrong this was.) If it would be helpful in your language, you could state the meaning plainly. Alternate translation: [For he took revenge during a time of peace against people who had killed others during a war]
2:5	a80q		rc://*/ta/man/translate/figs-metonymy	דְּמֵ֣י מִלְחָמָ֗ה בַּ⁠חֲגֹֽרָת⁠וֹ֙ אֲשֶׁ֣ר בְּ⁠מָתְנָ֔י⁠ו וּֽ⁠בְ⁠נַעֲל֖⁠וֹ אֲשֶׁ֥ר בְּ⁠רַגְלָֽי⁠ו	1	David is using the fact that Joab got the **blood** of his victims on his **belt** and **sandal** to indicate that Joab murdered them treacherously at close range. (Joab had pretended that he wanted to speak with Abner privately, [2 Samuel 3:26–27](../2sa/03/26.md), and he had pretended that he was coming close to Amasa to greet him [2 Samuel 20:8–10](../2sa/20/08.md).) If it would be helpful in your language, you could use an equivalent expression or plain language. Alternate translation: [and he murdered his victims treacherously at close range]
2:5	wp4k		rc://*/ta/man/translate/grammar-collectivenouns	וּֽ⁠בְ⁠נַעֲל֖⁠וֹ אֲשֶׁ֥ר בְּ⁠רַגְלָֽי⁠ו	1	In this verse, the word **sandal** is singular in form, but it refers to both of Joab’s sandals. If it would be helpful in your language, you could use the plural or dual form of “sandal.” Alternate translation: [and on his sandals that were]
2:6	a8s7		rc://*/ta/man/translate/grammar-connect-logic-goal	וְ⁠עָשִׂ֖יתָ כְּ⁠חָכְמָתֶ֑⁠ךָ וְ⁠לֹֽא־תוֹרֵ֧ד שֵׂיבָת֛⁠וֹ בְּ⁠שָׁלֹ֖ם שְׁאֹֽל	1	If it would be more natural in your language, you could reverse the order of these clauses, since the second clause explains the purpose for the action that the first phrase describes. You could also use a connecting word that more specifically shows the relationship between the clauses. Alternate translation: [And so that you do not let his gray hair go down in peace to Sheol, you shall act according to your wisdom] or [And you shall act according to your wisdom, so that you do not let his gray hair go down in peace to Sheol]
2:6	dda7		rc://*/ta/man/translate/figs-abstractnouns	וְ⁠עָשִׂ֖יתָ כְּ⁠חָכְמָתֶ֑⁠ךָ	1	If your language does not use an abstract noun for the idea of **wisdom**, you could express the same idea in another way. Alternate translation: [And you shall act wisely toward him] or [And you shall act shrewdly toward him]
2:6	hlea		rc://*/ta/man/translate/figs-euphemism	וְ⁠לֹֽא־תוֹרֵ֧ד שֵׂיבָת֛⁠וֹ בְּ⁠שָׁלֹ֖ם שְׁאֹֽל	1	By using the phrase **you shall not let his gray hair go down in peace to Sheol**, David is referring in an indirect way to Solomon executing Joab. Depending on what is helpful in your language, you could use an indirect way of referring to this in your language, as the UST does, or you could state the meaning plainly. Alternate translation: [make sure that you execute him]
2:6	wtn5		rc://*/ta/man/translate/figs-doublenegatives	וְ⁠לֹֽא־תוֹרֵ֧ד שֵׂיבָת֛⁠וֹ בְּ⁠שָׁלֹ֖ם שְׁאֹֽל	1	This is a double negative, consisting of the negative particle **not** and the verbal phrase **go down in peace**, which is negative in this context from David’s perspective. If it would be clearer in your language, you could use a positive expression to translate this. Alternate translation: [and you shall make sure that that old man dies a violent death by execution, as he deserves]
2:6	k8xc		rc://*/ta/man/translate/figs-synecdoche	שֵׂיבָת֛⁠וֹ	1	David is using **gray hair** to represent Joab in his old age. If it would be helpful in your language, you could use an equivalent expression from your culture or state the meaning plainly. Alternate translation: [that old man]
2:6	yuji		rc://*/ta/man/translate/figs-abstractnouns	בְּ⁠שָׁלֹ֖ם	1	If your language does not use an abstract noun for the idea of **peace**, you could express the same idea in another way. Alternate translation: [peacefully]
2:7	qyiv		rc://*/ta/man/translate/grammar-connect-logic-result	וְ⁠לִ⁠בְנֵ֨י בַרְזִלַּ֤י הַ⁠גִּלְעָדִי֙ תַּֽעֲשֶׂה־חֶ֔סֶד וְ⁠הָי֖וּ בְּ⁠אֹכְלֵ֣י שֻׁלְחָנֶ֑⁠ךָ כִּי־כֵן֙ קָרְב֣וּ אֵלַ֔⁠י בְּ⁠בָרְחִ֕⁠י מִ⁠פְּנֵ֖י אַבְשָׁל֥וֹם אָחִֽי⁠ךָ	1	If it would be more natural in your language, you could reverse the order of these phrases, since the second phrase gives the reason for the result that the first phrase describes. Alternate translation: [But since the sons of Barzillai the Gileadite came near to me when I fled from the face of Absalom your brother, do covenant faithfulness to them, and let them be among the eaters at your table]
2:7	m4fg		rc://*/ta/man/translate/figs-abstractnouns	וְ⁠לִ⁠בְנֵ֨י בַרְזִלַּ֤י הַ⁠גִּלְעָדִי֙ תַּֽעֲשֶׂה־חֶ֔סֶד	1	If your language does not use an abstract noun for the idea of **covenant faithfulness**, you could express the same idea in another way. Alternate translation: [But act in a kind way toward the sons of Barzillai the Gileadite]
2:7	h7ee		rc://*/ta/man/translate/figs-gendernotations	וְ⁠לִ⁠בְנֵ֨י	1	Although the term **sons** is masculine, David is using the word in a generic sense that could include both men and women. If it would be helpful in your language, you could use a phrase that makes this clear. Alternate translation: [the family of] or [the sons and daughters of]
2:7	r814		rc://*/ta/man/translate/figs-metonymy	בְּ⁠אֹכְלֵ֣י שֻׁלְחָנֶ֑⁠ךָ	1	The phrase **eaters at your table** represents those who regularly eat with the king in his palace. If it would be helpful in your language, you could use an equivalent expression or plain language. Alternate translation: [among those who dine with you in your palace]
2:7	l9v5		rc://*/ta/man/translate/figs-metaphor	קָרְב֣וּ אֵלַ֔⁠י	1	David says that Barzilla and his family **came near to me** to mean that they helped and supported him. Your language may have a comparable expression that you can use in your translation, or you could state the meaning plainly. Alternate translation: [they assisted me]
2:7	mg8y		rc://*/ta/man/translate/figs-idiom	מִ⁠פְּנֵ֖י	1	Here, **from the face of** is a common expression of the culture that means “because of” or “on account of.” If this phrase does not have that meaning in your language, you could use a comparable expression from your language that does have that meaning, or you could state the meaning plainly. Alternate translation: [on account of]
2:7	i283		rc://*/ta/man/translate/translate-kinship	אָחִֽי⁠ךָ	1	Absalom and Solomon had the same father, David, but they had different mothers. Absalom was also older than Solomon. Your language may have its own term or expression for their relationship, marking these things. Alternate translation: [your half-brother]
2:8	oq5e		rc://*/ta/man/translate/figs-metaphor	וְ⁠הִנֵּ֣ה	1	See how you translated the similar expression in [1:14](../01/14.md). Alternate translation: [Now listen]
2:8	hjyc		rc://*/ta/man/translate/figs-idiom	עִ֠מְּ⁠ךָ שִֽׁמְעִ֨י בֶן־גֵּרָ֥א בֶן־הַ⁠יְמִינִי֮ מִ⁠בַּחֻרִים֒	1	David is using the phrase **with you** as a common expression of his culture to indicate that Shimei is still alive in Solomon’s kingdom and therefore under his jurisdiction and authority. (David does not mean that Shimei is nearby Solomon. Solomon later required Shimei to live near him in Jerusalem, as [2:36](../02/36.md) indicates, but he had not done that yet.) If this phrase does not have that meaning in your language, you could use a comparable expression from your language that does have that meaning, or you could state the meaning plainly. Alternate translation: [Shimei, the son of Gera, the Benjaminite from Bahurim, is still there for you to deal with]
2:8	hrlt		rc://*/ta/man/translate/writing-poetry	וְ⁠ה֤וּא קִֽלְלַ֨⁠נִי֙ קְלָלָ֣ה נִמְרֶ֔צֶת	1	David is using a construction in which a verb and its object come from the same root. You may be able to use the same construction in your language to express the meaning here. Alternatively, your language may have another way of saying this. Alternate translation: [And he, he cursed me severely]
2:8	kkws		rc://*/ta/man/translate/writing-pronouns	וְ⁠ה֤וּא קִֽלְלַ֨⁠נִי֙	1	David is stating the pronoun **he** separately, even though the verb translated as **he cursed** already includes this meaning. He is doing that in order to emphasize the contrast between the bad thing that Shimei did and the good thing that Barzillai did. If a speaker of your language would use an explicit pronoun for the same purpose, you may want to use that construction in your translation. If not, your language may have other ways of showing the meaning here. Alternate translation: [And for his part, he cursed me]
2:8	bryy		rc://*/ta/man/translate/figs-explicit	בְּ⁠י֖וֹם לֶכְתִּ֣⁠י מַחֲנָ֑יִם וְ⁠הֽוּא־יָרַ֤ד לִ⁠קְרָאתִ⁠י֙ הַ⁠יַּרְדֵּ֔ן	1	David is referring to how **Shimei** cursed him as he fled from his son Absalom and went to **Mahanaim** (see [2 Samuel 16:5–10](../2sa/16/05.md)). David is then referring to how he returned to Jerusalem after Absalom’s death. When he was about to cross the **Jordan** to go back to Jerusalem, Shimei met him and asked for forgiveness (see [2 Samuel 19:15–23](../2sa/19/15.md)). If it would be helpful in your language, you could make those ideas more explicit or include some extra information in a footnote. Alternate translation: [on the day of my going to Mahanaim to escape from Absalom. And he himself went down to meet me at the Jordan when I was returning to Jerusalem after Absalom died]
2:8	t7gs		rc://*/ta/man/translate/figs-go	וְ⁠הֽוּא־יָרַ֤ד לִ⁠קְרָאתִ⁠י֙	1	In a context such as this, your language might say **came** instead of **went**. Alternate translation: [But he himself came down to meet me]
2:8	uiyd		rc://*/ta/man/translate/figs-explicitinfo	וְ⁠הֽוּא־יָרַ֤ד לִ⁠קְרָאתִ⁠י֙	1	In keeping with the conventions of his culture, David is marking travel for change in elevation. See how you translated the similar expression in [1:25](../01/25.md). Alternate translation: [But he himself came to meet me]
2:8	t9d1		rc://*/ta/man/translate/writing-pronouns	וְ⁠הֽוּא־יָרַ֤ד לִ⁠קְרָאתִ⁠י֙	1	See how you translated the similar expression “you, you swore” in [1:17](../01/17.md). Alternate translation: [But he came personally to meet me]
2:8	mvqw		rc://*/ta/man/translate/figs-quotesinquotes	לֵ⁠אמֹ֔ר אִם־אֲמִֽיתְ⁠ךָ֖ בֶּ⁠חָֽרֶב	1	If it would be clearer in your language, you could translate this so that there is not a quotation within a quotation. Alternate translation: [telling him that I would not kill him with the sword]
2:8	dhkx		rc://*/ta/man/translate/writing-oathformula	אִם־אֲמִֽיתְ⁠ךָ֖ בֶּ⁠חָֽרֶב	1	Following the custom of his culture, David was swearing an oath by stating the first part of a condition (“if”) but not the second part (“then”). Use a natural way in your language to express an oath. In a context such as this, it may be natural to express just the first part of the condition as a negative statement. Alternate translation: [I will not kill you with the sword]
2:8	v57w		rc://*/ta/man/translate/figs-genericnoun	אִם־אֲמִֽיתְ⁠ךָ֖ בֶּ⁠חָֽרֶב	1	David was not referring to a specific **sword**. See how you translated the similar expression in [1:51](../01/51.md). Alternate translation: [If I should kill you with a sword]
2:8	k010		rc://*/ta/man/translate/figs-metonymy	אִם־אֲמִֽיתְ⁠ךָ֖ בֶּ⁠חָֽרֶב	1	David was using himself to represent the soldiers whom he would command to kill Shimei. If it would be helpful in your language, you could use an equivalent expression or plain language. Alternate translation: [I will not command my soldiers to cut your head off with a sword]
2:9	jfcx		rc://*/ta/man/translate/grammar-connect-words-phrases	וְ⁠עַתָּה֙	1	See how you translated the similar expression in [1:18](../01/18.md).
2:9	mn9a		rc://*/ta/man/translate/figs-litotes	אַל־תְּנַקֵּ֔⁠הוּ	1	David is using a figure of speech here that emphasizes a positive meaning by using a negative word, **not**, together with a mild expression that is the opposite of the intended meaning. If it would be helpful in your language, you could emphasize the positive meaning in a strong way. Alternate translation: [be sure that you punish him]
2:9	kq60		rc://*/ta/man/translate/grammar-connect-words-phrases	כִּ֛י	1	Here the word **For** introduces not a reason but an explanation. Alternate translation: [After all,]
2:9	kxqb		rc://*/ta/man/translate/figs-synecdoche	וְ⁠הוֹרַדְתָּ֧ אֶת־שֵׂיבָת֛⁠וֹ בְּ⁠דָ֖ם שְׁאֽוֹל	1	Here, one part of an elderly person, **gray hair**, represents the entire person. See how you translated the similar expression in [2:6](../02/06.md). Alternate translation: [And you shall make that old man go down with blood to Sheol]
2:9	jvai		rc://*/ta/man/translate/figs-metonymy	וְ⁠הוֹרַדְתָּ֧ אֶת־שֵׂיבָת֛⁠וֹ בְּ⁠דָ֖ם שְׁאֽוֹל	1	Here, **blood** represents a violent death. If it would be helpful in your language, you could use an equivalent expression or plain language. Alternate translation: [And you shall make that old man go down violently to Sheol]
2:9	qgp6		rc://*/ta/man/translate/figs-euphemism	וְ⁠הוֹרַדְתָּ֧ אֶת־שֵׂיבָת֛⁠וֹ בְּ⁠דָ֖ם שְׁאֽוֹל	1	See how you translated the similar expression in [2:6](../02/06.md). Alternate translation: [and you shall make sure that that old man dies a violent death by execution, as he deserves]
2:10	k011		rc://*/ta/man/translate/writing-endofstory	וַ⁠יִּשְׁכַּ֥ב דָּוִ֖ד עִם־אֲבֹתָ֑י⁠ו וַ⁠יִּקָּבֵ֖ר בְּ⁠עִ֥יר דָּוִֽד	1	In this verse and the next verse, the author is using phrases that he will also use throughout the book to conclude his accounts of the reigns of other kings. The occurrence of these recurring phrases signals the end of a story. Use a natural form in your language for expressing the conclusion of a story, and try to translate all the occurrences of these phrases consistently so that their purpose will be evident. Alternate translation: [text]
2:10	n6zg		rc://*/ta/man/translate/figs-euphemism	וַ⁠יִּשְׁכַּ֥ב דָּוִ֖ד עִם־אֲבֹתָ֑י⁠ו	1	See how you translated the similar expression in [1:21](../01/21.md). Alternate translation: [And David passed away]
2:10	y0et		rc://*/ta/man/translate/figs-metaphor	אֲבֹתָ֑י⁠ו	1	See how you translated the similar expression in [1:21](../01/21.md). Alternate translation: [his ancestors]
2:10	yvxn		rc://*/ta/man/translate/figs-activepassive	וַ⁠יִּקָּבֵ֖ר	1	The expression **he was buried** is a passive verbal form. If your language would not use that form, you could express the idea in active form or in another way that is natural in your language. Alternate translation: [and people buried him]
2:11	li8s		rc://*/ta/man/translate/figs-infostructure	וְ⁠הַ⁠יָּמִ֗ים אֲשֶׁ֨ר מָלַ֤ךְ דָּוִד֙ עַל־יִשְׂרָאֵ֔ל אַרְבָּעִ֖ים שָׁנָ֑ה בְּ⁠חֶבְר֤וֹן מָלַךְ֙ שֶׁ֣בַע שָׁנִ֔ים וּ⁠בִ⁠ירוּשָׁלִַ֣ם מָלַ֔ךְ שְׁלֹשִׁ֥ים וְ⁠שָׁלֹ֖שׁ שָׁנִֽים	1	If it would be more natural in your language, you could state the smaller numbers first and then give the total. Alternate translation: [David reigned in Hebron 7 years, and he reigned in Jerusalem 33 years. So all the days that David reigned over Israel {were} 40 years]
2:11	atiu		rc://*/ta/man/translate/figs-metonymy	וְ⁠הַ⁠יָּמִ֗ים & אַרְבָּעִ֖ים שָׁנָ֑ה	1	Here, **days** represent time, since time consists of days. If it would be helpful in your language, you could use an equivalent expression or plain language. Alternate translation: [And the time … was 40 years]
2:12	jpg8		rc://*/ta/man/translate/writing-newevent	וּ⁠שְׁלֹמֹ֕ה יָשַׁ֕ב עַל־כִּסֵּ֖א דָּוִ֣ד אָבִ֑י⁠ו וַ⁠תִּכֹּ֥ן מַלְכֻת֖⁠וֹ מְאֹֽד	1	The author is using this statement to introduce a new event in the story. Use a word, phrase, or other method in your language that is natural for introducing a new event.
2:12	vft7		rc://*/ta/man/translate/figs-metonymy	וּ⁠שְׁלֹמֹ֕ה יָשַׁ֕ב עַל־כִּסֵּ֖א דָּוִ֣ד אָבִ֑י⁠ו	1	See how you translated the similar expression in [1:20](../01/20.md). Alternate translation: [Then Solomon succeeded his father David as king]
2:12	a331		rc://*/ta/man/translate/figs-events	וַ⁠תִּכֹּ֥ן מַלְכֻת֖⁠וֹ	1	The expression **was established** is a passive verbal form. If your language would not use that form, you could express the idea in active form or in another way that is natural in your language. If you need to say who does the action, the context indicates that it is God. Alternate translation: [and Yahweh established his kingdom]
2:13	hi7t		rc://*/ta/man/translate/writing-newevent	וַ⁠יָּבֹ֞א אֲדֹנִיָּ֣הוּ בֶן־חַגֵּ֗ית אֶל־בַּת־שֶׁ֨בַע֙ אֵם־שְׁלֹמֹ֔ה	1	The author is introducing a new event in the story. Use a word, phrase, or other method in your language that is natural for introducing a new event.
2:13	xpcs		rc://*/ta/man/translate/translate-kinship	בַּת־שֶׁ֨בַע֙ אֵם־שְׁלֹמֹ֔ה	1	The author identifies Bathsheba here as **the mother of Solomon**, and he seems to mean that Adonijah came to speak to her in her official role of queen mother. That was an important and honored role in the royal courts of this culture, as Solomon’s respectful actions in [2:19](../02/19.md) show. Your language may have its own term or expression for this role and relationship. Alternate translation: [Bathsheba, the queen mother]
2:13	oga2		rc://*/ta/man/translate/figs-abstractnouns	הֲ⁠שָׁל֣וֹם & שָׁלֽוֹם	1	If your language does not use an abstract noun for the idea of **peace**, you could express the same idea in another way. Alternate translation: [peaceful … Peaceful]
2:13	ogms		rc://*/ta/man/translate/figs-ellipsis	שָׁלֽוֹם	1	Adonijah is leaving out some of the words that in many languages a sentence would need in order to be complete. You can supply these words from the context if that would be clearer in your language. Alternate translation: [Yes, I have come in peace]
2:14	ofn5		rc://*/ta/man/translate/figs-idiom	דָּבָ֥ר לִ֖⁠י אֵלָ֑יִ⁠ךְ	1	Adonijah is using **A word is to me for you** as a common expression of his culture to mean “I have something to discuss with you.” If this phrase does not have that meaning in your language, you could use a comparable expression from your language that does have that meaning, or you could state the meaning plainly. Alternate translation: [I have a matter to discuss with you] or [I would like to speak with you about something]
2:14	levw		rc://*/ta/man/translate/figs-imperative	דַּבֵּֽר	1	This is an imperative, but it communicates permission rather than a command. Use a form in your language that communicates permission. Alternate translation: [You may speak]
2:15	qmza		rc://*/ta/man/translate/writing-pronouns	אַ֤תְּ יָדַ֨עַתְּ֙	1	See how you translated the same expression in [2:5](../02/05.md). Alternate translation: [You know quite well]
2:15	g7yt		rc://*/ta/man/translate/figs-metonymy	וְ⁠עָלַ֞⁠י שָׂ֧מוּ כָֽל־יִשְׂרָאֵ֛ל פְּנֵי⁠הֶ֖ם לִ⁠מְלֹ֑ךְ	1	Adonijah is using the term **Israel** to mean the Israelite people, who were descendants of a man named Israel, also known as Jacob. If it would be helpful in your language, you could use an equivalent expression or plain language. Alternate translation: [and all of the Israelites had set their faces on me to reign]
2:15	oexu		rc://*/ta/man/translate/figs-idiom	וְ⁠עָלַ֞⁠י שָׂ֧מוּ כָֽל־יִשְׂרָאֵ֛ל פְּנֵי⁠הֶ֖ם לִ⁠מְלֹ֑ךְ	1	Adonijah is using **had set their faces on me** as a common expression of his culture to mean “were expecting me to be their next king.” If this phrase does not have that meaning in your language, you could use a comparable expression from your language that does have that meaning, or you could state the meaning plainly. Alternate translation: [and all of the Israelites were looking to me as their next king] or [and all of the Israelites were expecting me to reign]
2:15	vzq7		rc://*/ta/man/translate/figs-hyperbole	וְ⁠עָלַ֞⁠י & כָֽל־יִשְׂרָאֵ֛ל	1	Adonijah is saying **all** as an overstatement for emphasis. It is not true that every Israelite wanted him to be the king. Instead, as Bathsheba said in [1:20](../01/20.md), the Israelites were waiting for David to tell them who the next king would be. However, it would be good to show in your translation that Adonijah is making an overstatement to try to persuade Bathsheba to do what he wants. So we recommend that you do not translate his statement as a less emphatic one.
2:15	v4bc		rc://*/ta/man/translate/grammar-connect-logic-result	וַ⁠תִּסֹּ֤ב הַ⁠מְּלוּכָה֙ וַ⁠תְּהִ֣י לְ⁠אָחִ֔⁠י כִּ֥י מֵ⁠יְהוָ֖ה הָ֥יְתָה לּֽ⁠וֹ	1	If it would be more natural in your language, you could reverse the order of these phrases, since the second phrase gives the reason for the result that the first phrase describes. Alternate translation: [But since it was to him from Yahweh, the kingdom turned and became to my brother]
2:15	roti		rc://*/ta/man/translate/figs-personification	וַ⁠תִּסֹּ֤ב הַ⁠מְּלוּכָה֙ וַ⁠תְּהִ֣י לְ⁠אָחִ֔⁠י	1	Adonijah is speaking of **the kingdom** of Israel as if it had been a living thing that could have **turned** and moved from him to his **brother**. If it would be helpful in your language, you could state the meaning plainly. Alternate translation: [But my brother became the king instead]
2:15	pfi2		rc://*/ta/man/translate/translate-kinship	לְ⁠אָחִ֔⁠י	1	See how you translated the similar expression in [2:7](../02/07.md). Alternate translation: [my younger brother] or [my half-brother]
2:15	ow89		rc://*/ta/man/translate/figs-idiom	מֵ⁠יְהוָ֖ה הָ֥יְתָה לּֽ⁠וֹ	1	Adonijah is using **it was to him from Yahweh** as a common expression of his culture to mean “Yahweh wanted him to have it.” If this phrase does not have that meaning in your language, you could use a comparable expression from your language that does have that meaning, or you could state the meaning plainly. Alternate translation: [Yahweh wanted him to have it]
2:16	u7nk		rc://*/ta/man/translate/grammar-connect-words-phrases	וְ⁠עַתָּ֗ה	1	See how you translated the similar expression in [1:12](../01/12.md).
2:16	fz6d		rc://*/ta/man/translate/writing-poetry	שְׁאֵלָ֤ה אַחַת֙ אָֽנֹכִי֙ שֹׁאֵ֣ל מֵֽ⁠אִתָּ֔⁠ךְ	1	Adonijah is using a construction in which a verb and its object come from the same root. You may be able to use the same construction in your language to express the meaning here. Alternatively, your language may have another way of saying this. Alternate translation: [I would like to make one request of you]
2:16	rwu5		rc://*/ta/man/translate/figs-imperative	אַל־תָּשִׁ֖בִי אֶת־פָּנָ֑⁠י	1	This is an imperative, but it communicates a polite request rather than a command. Use a form in your language that communicates a polite request. It may be helpful to add an expression such as “please” to make this clear. Alternate translation: [Please do not turn away my face]
2:16	zo8l		rc://*/ta/man/translate/figs-idiom	אַל־תָּשִׁ֖בִי אֶת־פָּנָ֑⁠י	1	Adonijah is using **turn away my face** as a common expression of his culture to mean “refuse my request.” If this phrase does not have that meaning in your language, here and in verses 17 and 20 you could use a comparable expression from your language that does have that meaning, or you could state the meaning plainly. Alternate translation: [Please do not turn me down] or [Please do not refuse my request]
2:16	g7jd		rc://*/ta/man/translate/figs-imperative	דַּבֵּֽר	1	See how you translated the similar expression in [2:14](../02/14.md). Alternate translation: [You may speak]
2:17	vjug		rc://*/ta/man/translate/grammar-connect-logic-result	אִמְרִי־נָא֙ לִ⁠שְׁלֹמֹ֣ה הַ⁠מֶּ֔לֶךְ כִּ֥י לֹֽא־יָשִׁ֖יב אֶת־פָּנָ֑יִ⁠ךְ	1	If it would be more natural in your language, you could reverse the order of these phrases, since the second phrase gives the reason for the result that the first phrase describes. Alternate translation: [Since he will not turn away your face, please speak to King Solomon]
2:18	hwav		rc://*/ta/man/translate/figs-explicit	ט֑וֹב	1	In this context, Bathsheba is not necessarily using the expression **Good** to mean that she thinks that what Adonijah is asking is a good thing. Instead, she is using the expression to indicate that she agrees with his request and will do what he asks. Your language may have a comparable expression that you can use in your translation. You could also use plain language. Alternate translation: [Okay] or [I agree]
2:18	ylw9		rc://*/ta/man/translate/writing-pronouns	אָנֹכִ֕י אֲדַבֵּ֥ר	1	Bathsheba is stating the pronoun **I** separately, even though the verb translated as **I will speak** already includes this meaning. She is doing that to emphasize that she is making a promise to Adonijah. If a speaker of your language would use an explicit pronoun for the same purpose, you may want to use that construction in your translation. If not, your language may have other ways of showing the meaning here. Alternate translation: [I promise that I will speak]
2:19	vc0e		rc://*/ta/man/translate/figs-go	וַ⁠תָּבֹ֤א בַת־שֶׁ֨בַע֙	1	In a context such as this, your language might say “went” instead of **came**. Alternate translation: [And Bathsheba went]
2:19	xhtn		rc://*/ta/man/translate/translate-symaction	וַ⁠יָּקָם֩ הַ⁠מֶּ֨לֶךְ לִ⁠קְרָאתָ֜⁠הּ וַ⁠יִּשְׁתַּ֣חוּ לָ֗⁠הּ	1	When Solomon **arose** and **bowed down** to Bathsheba, those were symbolic actions by which he showed great respect for her as the queen mother. If it would be helpful to your readers, you could explain the significance of these actions in the text of your translation or in a footnote. Alternate translation: [And the king stood up respectfully to greet her and bowed down to honor her]
2:19	wp4v		rc://*/ta/man/translate/translate-symaction	וַ⁠יָּ֤שֶׂם כִּסֵּא֙ לְ⁠אֵ֣ם הַ⁠מֶּ֔לֶךְ וַ⁠תֵּ֖שֶׁב לִֽ⁠ימִינֽ⁠וֹ	1	The setting of a throne for Bathsheba at Solomon’s right side was a symbolic action by which Solomon showed his great respect for his mother and her high status in the kingdom. If it would be helpful to your readers, you could explain the significance of this action in the text of your translation or in a footnote. Alternate translation: [and he honored his mother by placing a throne for her at his right side]
2:19	ppxk		rc://*/ta/man/translate/translate-kinship	לְ⁠אֵ֣ם הַ⁠מֶּ֔לֶךְ	1	The term **mother of the king** refers to the queen mother, the king’s mother, who had special honor and authority in the royal court. Your language may have its own term or expression for this relationship. Alternate translation: [for her as the queen mother]
2:20	lywy		rc://*/ta/man/translate/writing-poetry	שְׁאֵלָ֨ה אַחַ֤ת קְטַנָּה֙ אָֽנֹכִי֙ שֹׁאֶ֣לֶת מֵֽ⁠אִתָּ֔⁠ךְ	1	Bathsheba is using a construction in which a verb and its object come from the same root. You may be able to use the same construction in your language to express the meaning here. Alternatively, your language may have another way of saying this. Alternate translation: [I would like to make one small request of you]
2:20	aeuu		rc://*/ta/man/translate/figs-idiom	אַל־תָּ֖שֶׁב אֶת־פָּנָ֑⁠י	1	See how you translated the similar expression in [2:16](../02/16.md). Alternate translation: [Please do not turn me down] or [Please do not refuse my request]
2:20	sjkj		rc://*/ta/man/translate/grammar-connect-logic-result	שַׁאֲלִ֣י אִמִּ֔⁠י כִּ֥י לֹֽא־אָשִׁ֖יב אֶת־פָּנָֽיִ⁠ךְ	1	If it would be more natural in your language, you could reverse the order of these phrases, since **for I will not turn away your face** gives the reason for the result described in **Request, my mother**. Alternate translation: [I will not turn away your face, so request, my mother]
2:20	a7q8		rc://*/ta/man/translate/figs-imperative	שַׁאֲלִ֣י	1	This is an imperative, but it communicates permission rather than a command. Use a form in your language that communicates permission. Alternate translation: [You may make your request]
2:20	lwxr		rc://*/ta/man/translate/writing-politeness	אִמִּ֔⁠י	1	Solomon is using the courteous expression that a king in this culture would use to address his mother. The queen mother was an important figure in the royal courts of this culture. There may be a comparable expression from your culture that you can use in your translation. Alternate translation: [my lady]
2:21	eioi		rc://*/ta/man/translate/figs-activepassive	יֻתַּ֖ן אֶת־אֲבִישַׁ֣ג הַ⁠שֻּׁנַמִּ֑ית לַ⁠אֲדֹנִיָּ֥הוּ	1	The expression **be given** is a passive verbal form. If your language would not use that form, you could express the idea in active form or in another way that is natural in your language. Alternate translation: [Give Abishag the Shunammitess to Adonijah] or [Allow Adonijah to marry Abishag the Shunammitess]
2:21	ml31		rc://*/ta/man/translate/translate-kinship	אָחִ֖י⁠ךָ	1	See how you translated the similar expression in [2:7](../02/07.md). Alternate translation: [your half-brother] or [your older brother]
2:22	ouvi		rc://*/ta/man/translate/writing-quotations	וַ⁠יַּעַן֩ הַ⁠מֶּ֨לֶךְ שְׁלֹמֹ֜ה וַ⁠יֹּ֣אמֶר לְ⁠אִמּ֗⁠וֹ	1	See how you translated the similar expression in [1:28](../01/28.md). Alternate translation: [And King Solomon answered his mother]
2:22	jz8q		rc://*/ta/man/translate/figs-rquestion	וְ⁠לָ⁠מָה֩ אַ֨תְּ שֹׁאֶ֜לֶת אֶת־אֲבִישַׁ֤ג הַ⁠שֻּׁנַמִּית֙ לַ⁠אֲדֹ֣נִיָּ֔הוּ	1	Solomon is using the question form to express strong disapproval. If a speaker of your language would not use the question form for that purpose, you could translate this as a statement or as an exclamation. Alternate translation: [You should not be requesting Abishag the Shunammitess for Adonijah!]
2:22	dyer		rc://*/ta/man/translate/grammar-connect-logic-result	וְ⁠שַֽׁאֲלִי־ל⁠וֹ֙ אֶת־הַ⁠מְּלוּכָ֔ה כִּ֛י ה֥וּא אָחִ֖⁠י הַ⁠גָּד֣וֹל מִמֶּ֑⁠נִּי	1	If it would be more natural in your language, you could reverse the order of these phrases, since the second phrase gives the reason for the result that the first phrase describes. Alternate translation: [Then, since he is my brother, older than me, request for him the kingdom]
2:22	j0a4		rc://*/ta/man/translate/figs-irony	וְ⁠שַֽׁאֲלִי־ל⁠וֹ֙ אֶת־הַ⁠מְּלוּכָ֔ה	1	In this figure of speech, Solomon actually means to communicate the opposite of the literal meaning of what he says. He does not really want his mother to request the kingdom for Adonijah. Instead, he is expressing his anger at what she has already requested, suggesting that she might as well ask for the kingdom itself. If a speaker of your language would not do that, you could translate the meaning plainly. Alternate translation: [By asking this, you are effectively asking me to let him become the king]
2:22	j0bd		rc://*/ta/man/translate/translate-symaction	וְ⁠שַֽׁאֲלִי־ל⁠וֹ֙ אֶת־הַ⁠מְּלוּכָ֔ה	1	Solomon’s response shows that requesting to marry the previous king’s consort was a symbolic action equivalent to claiming the throne. If it would be helpful to your readers, you could explain the significance of this request in the text of your translation or in a footnote. Alternate translation: [By asking that I allow him to marry a woman who was a consort of the previous king, you are effectively asking me to let him become the king]
2:22	foag		rc://*/ta/man/translate/grammar-connect-words-phrases	וְ⁠ל⁠וֹ֙ וּ⁠לְ⁠אֶבְיָתָ֣ר	1	If the connection between this statement and the previous one is not clear, you may want to use a different connecting word to show how this statement relates to what comes before it. Alternate translation: [and not only for him, but also for Abiathar]
2:23	k123		rc://*/ta/man/translate/grammar-connect-logic-result	כֹּ֣ה יַֽעֲשֶׂה־לִּ֤⁠י אֱלֹהִים֙ וְ⁠כֹ֣ה יוֹסִ֔יף כִּ֣י בְ⁠נַפְשׁ֔⁠וֹ דִּבֶּר֙ אֲדֹ֣נִיָּ֔הוּ אֶת־הַ⁠דָּבָ֖ר הַ⁠זֶּֽה	1	If it would be more natural in your language, you could reverse the order of these phrases, since the second phrase gives the reason for the result that the first phrase describes. Alternate translation: [Since against his life Adonijah has spoken this word, thus may God do to me, and thus may he add]
2:23	a0ah		rc://*/ta/man/translate/writing-oathformula	כֹּ֣ה יַֽעֲשֶׂה־לִּ֤⁠י אֱלֹהִים֙ וְ⁠כֹ֣ה יוֹסִ֔יף	1	Following the custom of his culture, Solomon is swearing an oath by stating one part of a condition but not the other. In this case, Solomon states the second part of a condition (“then”) but not the first part (“if”). If it would be helpful to your readers, you could explicitly state the first part of this condition. Alternate translation: [If I do not execute Adonijah, thus may God do to me, and thus may he add]
2:23	mb17		rc://*/ta/man/translate/figs-idiom	וְ⁠כֹ֣ה יוֹסִ֔יף	1	Solomon is using **thus may he add** as a common expression of his culture to mean “may he do even worse.” If this phrase does not have that meaning in your language, you could use a comparable expression from your language that does have that meaning, or you could state the meaning plainly. If you have already translated the book of 1 Samuel, see how you translated the similar expression in [1 Samuel 3:17](../1sa/03/17.md). Alternate translation: [and more besides] or [and may he do even worse]
2:23	r2mc		rc://*/ta/man/translate/figs-idiom	בְ⁠נַפְשׁ֔⁠וֹ דִּבֶּר֙ אֲדֹ֣נִיָּ֔הוּ אֶת־הַ⁠דָּבָ֖ר הַ⁠זֶּֽה	1	Solomon is using **against his life** as a common expression of his culture to mean “at the cost of his life” or “causing his own death.” If this phrase does not have that meaning in your language, you could use a comparable expression from your language that does have that meaning, or you could state the meaning plainly. Alternate translation: [at the cost of his life Adonijah has spoken this word] or [Adonijah has caused his own death by speaking this word]
2:23	e8t1		rc://*/ta/man/translate/figs-metonymy	דִּבֶּר֙ & אֶת־הַ⁠דָּבָ֖ר הַ⁠זֶּֽה	1	Here, **word** represents what Adonijah requested by using words. If it would be clearer in your language, you could state the meaning plainly. Alternate translation: [has made this request]
2:24	d7ti		rc://*/ta/man/translate/writing-oathformula	חַי־יְהוָה֙	1	Following the custom of his culture, Solomon is swearing an oath and guaranteeing it by something that he holds sacred. Use a natural way in your language to express such an oath. Alternate translation: [I swear by Yahweh]
2:24	axqz		rc://*/ta/man/translate/figs-hendiadys	אֲשֶׁ֣ר הֱכִינַ֗⁠נִי ו⁠יושיבי⁠ני עַל־כִּסֵּא֙ דָּוִ֣ד אָבִ֔⁠י	1	The phrase **established me and made me sit** expresses a single idea. The term **established** tells how God has **made** Solomon **sit on the throne**. If it would be more natural in your language, you could express this meaning in a different way. Alternate translation: [who has made me sit securely on the throne of David my father]
2:24	r10e		rc://*/ta/man/translate/figs-metonymy	אֲשֶׁ֣ר הֱכִינַ֗⁠נִי ו⁠יושיבי⁠ני עַל־כִּסֵּא֙ דָּוִ֣ד אָבִ֔⁠י	1	Here, **throne** represents being king and having authority to rule. If it would be helpful in your language, you could use an equivalent expression or plain language. Alternate translation: [who has established me as the king who will rule as David my father did]
2:24	egz3		rc://*/ta/man/translate/figs-metaphor	וַ⁠אֲשֶׁ֧ר עָֽשָׂה־לִ֛⁠י בַּ֖יִת כַּ⁠אֲשֶׁ֣ר דִּבֵּ֑ר	1	Solomon is speaking as if a royal dynasty, a succession of kings who are all descendants of an original king, were actually a **house**. He is referring to what Yahweh **said** to David in [2 Samuel 7:11](../2sa/07/11.md), “Yahweh will make a house for you. … I will raise up after you your seed … and I will establish his kingdom.” Solomon says here that Yahweh has made a house **for me** because he is part of that promised royal dynasty. If it would be helpful in your language, you could state the meaning plainly. Alternate translation: [and who has made me part of the royal dynasty he promised to David]
2:24	demk		rc://*/ta/man/translate/figs-activepassive	יוּמַ֖ת אֲדֹנִיָּֽהוּ	1	The expression **shall be killed** is a passive verbal form. If your language would not use that form, you could express the idea in active form or in another way that is natural in your language. Alternate translation: [I will have my soldiers kill Adonijah]
2:25	b8or		rc://*/ta/man/translate/figs-metonymy	וַ⁠יִּשְׁלַח֙ & בְּ⁠יַ֖ד בְּנָיָ֣הוּ בֶן־יְהוֹיָדָ֑ע	1	The **hand** of Benaiah represents his agency in acting on behalf of Solomon, with his authority. If it would be helpful in your language, you could use an equivalent expression or state the meaning plainly. Alternate translation: [authorized Benaiah, the son of Jehoiada, to act on his behalf]
2:25	vngw		rc://*/ta/man/translate/writing-pronouns	בּ֖⁠וֹ	1	The pronoun **him** refers to Adonijah. It may be helpful to clarify this for your readers. Alternate translation: [Adonijah]
2:25	tb48		rc://*/ta/man/translate/grammar-connect-words-phrases	וַ⁠יָּמֹֽת	1	Here the word **and** introduces what happened as a result of Benaiah attacking Adonijah. If it would be helpful in your language, you could use a different word or phrase that introduces a result. Alternate translation: [so that he died] or [and as a result, he died]
2:26	seei		rc://*/ta/man/translate/figs-synecdoche	עַל־שָׂדֶ֔י⁠ךָ	1	Solomon is using Abiathar’s **fields** to represent all of the property on which Abiathar lives, including his home. If it would be helpful in your language, you could use an equivalent expression or plain language. Alternate translation: [to your home]
2:26	dver		rc://*/ta/man/translate/grammar-connect-words-phrases	כִּ֛י	1	Here the word **For** introduces not a reason but an assertion. Alternate translation: [Truly]
2:26	q90j		rc://*/ta/man/translate/figs-idiom	אִ֥ישׁ מָ֖וֶת אָ֑תָּה	1	Solomon is using the phrase **a man of death** as a common expression of his culture to mean “someone who deserves to die.” If this phrase does not have that meaning in your language, you could use a comparable expression from your language that does have that meaning, or you could state the meaning plainly. Alternate translation: [you deserve to die]
2:26	i0jm		rc://*/ta/man/translate/grammar-connect-logic-result	וּ⁠בַ⁠יּ֨וֹם הַ⁠זֶּ֜ה לֹ֣א אֲמִיתֶ֗⁠ךָ כִּֽי־נָשָׂ֜אתָ אֶת־אֲר֨וֹן אֲדֹנָ֤⁠י יְהֹוִה֙ לִ⁠פְנֵי֙ דָּוִ֣ד אָבִ֔⁠י וְ⁠כִ֣י הִתְעַנִּ֔יתָ בְּ⁠כֹ֥ל אֲשֶֽׁר־הִתְעַנָּ֖ה אָבִֽ⁠י	1	If it would be more natural in your language, you could reverse the order of these phrases, since the second phrase gives the reason for the result that the first phrase describes. Alternate translation: [but because you carried the Box of my Lord Yahweh to the face of David my father and because you were afflicted with everything with which my father was afflicted, I will not kill you on this day]
2:26	gg2k		rc://*/ta/man/translate/figs-synecdoche	לֹ֣א אֲמִיתֶ֗⁠ךָ	1	See the discussion in the introduction to 1 Kings of how the author and characters often use the name of one person who is involved in something, often the person who is responsible for it or who is directing it, to represent everyone who is involved. In this case, Solomon does not mean that he personally will not kill Abiathar, but that he will not direct someone to kill him. Alternate translation: [I will not have one of my soldiers kill you]
2:26	wep2		rc://*/ta/man/translate/figs-metonymy	לִ⁠פְנֵי֙ דָּוִ֣ד	1	Here, **the face of David** represents David’s presence. If it would be helpful in your language, you could use an equivalent expression or plain language. (Solomon is describing what Abiathar did in [2 Samuel 15:24–29](../2sa/15/24.md).) Alternate translation: [into the presence of David]
2:26	xg34		rc://*/ta/man/translate/figs-activepassive	הִתְעַנִּ֔יתָ בְּ⁠כֹ֥ל אֲשֶֽׁר־הִתְעַנָּ֖ה אָבִֽ⁠י	1	The expression **you were afflicted** is a passive verbal form. If your language would not use that form, you could express the idea in active form or in another way that is natural in your language. Alternate translation: [everything that afflicted my father also afflicted you] or [you shared in all of my father’s afflictions]
2:27	wl7m		rc://*/ta/man/translate/figs-metonymy	אֶת־דְּבַ֣ר יְהוָ֔ה	1	Here, **word** represents what Yahweh said by using words. If it would be clearer in your language, you could state the meaning plainly. Alternate translation: [the pronouncement of Yahweh]
2:27	mxxx		rc://*/ta/man/translate/figs-infostructure	אֲשֶׁ֥ר דִּבֶּ֛ר עַל־בֵּ֥ית עֵלִ֖י בְּ⁠שִׁלֹֽה	1	You may want to arrange the phrases in this sentence in such a way as to make clear that this was not something that Yahweh had said would happen to Eli and his family there **at Shiloh**. Instead, it was something that Yahweh had **spoken** in Shiloh. Alternate translation: [that he had spoken at Shiloh concerning the house of Eli]
2:27	v634		rc://*/ta/man/translate/figs-metonymy	בֵּ֥ית עֵלִ֖י	1	Here, **the house of Eli** represents the descendants of Eli. If it would be helpful in your language, you could use an equivalent expression or plain language. Alternate translation: [the descendants of Eli]
2:28	nbvf		rc://*/ta/man/translate/grammar-connect-logic-result	וְ⁠הַ⁠שְּׁמֻעָה֙ בָּ֣אָה עַד־יוֹאָ֔ב כִּ֣י יוֹאָ֗ב נָטָה֙ אַחֲרֵ֣י אֲדֹנִיָּ֔ה וְ⁠אַחֲרֵ֥י אַבְשָׁל֖וֹם לֹ֣א נָטָ֑ה	1	If it would be more natural in your language, you could put the first phrase at the end, since the next two phrases give the reason for the result that the first phrase describes. Alternate translation: [And since Joab had turned aside after Adonijah, though he had not turned aside after Absalom, the report came to Joab]
2:28	jjwd		rc://*/ta/man/translate/figs-personification	וְ⁠הַ⁠שְּׁמֻעָה֙ בָּ֣אָה עַד־יוֹאָ֔ב	1	The author is speaking of **the report** as if it were a living thing that could travel to Joab. If it would be helpful in your language, you could state the meaning plainly. Alternate translation: [And someone reported these things to Joab]
2:28	jxno		rc://*/ta/man/translate/figs-metaphor	יוֹאָ֗ב נָטָה֙ אַחֲרֵ֣י אֲדֹנִיָּ֔ה וְ⁠אַחֲרֵ֥י אַבְשָׁל֖וֹם לֹ֣א נָטָ֑ה	1	The phrase **turned aside** speaks of loyalty here as if it were a path that a person could walk on. Earlier, Joab had not stopped being loyal to David and become loyal to Absalom instead. However, Joab had now stopped being loyal to King David (who wanted Solomon to be king) and had become loyal to Adonijah instead. That is what the author means. If it would be helpful in your language, you could state the meaning plainly. Alternate translation: [Joab had stopped being loyal to David and to Solomon, his chosen king, and had become loyal instead to Adonijah, even though earlier he had not stopped being loyal to David and become loyal to Absalom]
2:28	xbmn		rc://*/ta/man/translate/translate-symaction	וַֽ⁠יַּחֲזֵ֖ק בְּ⁠קַרְנ֥וֹת הַ⁠מִּזְבֵּֽחַ	1	See how you translated the similar expression in [1:50](../01/50.md). Alternate translation: [and he grasped the horns of the altar to claim the right of safety within the sanctuary]
2:29	b4rt		rc://*/ta/man/translate/figs-activepassive	וַ⁠יֻּגַּ֞ד	1	The expression **it was declared** is a passive verbal form. If your language would not use that form, you could express the idea in active form or in another way that is natural in your language. Alternate translation: [And someone declared]
2:29	obzm		rc://*/ta/man/translate/figs-quotations	לַ⁠מֶּ֣לֶךְ שְׁלֹמֹ֗ה כִּ֣י נָ֤ס יוֹאָב֙ אֶל־אֹ֣הֶל יְהוָ֔ה וְ⁠הִנֵּ֖ה אֵ֣צֶל הַ⁠מִּזְבֵּ֑חַ	1	If it would be more natural in your language, you could express this as a direct quotation. Alternate translation: [to King Solomon, “Joab has fled to the tent of Yahweh, and behold, he is beside the altar”]
2:30	i4ia		rc://*/ta/man/translate/figs-go	וַ⁠יָּבֹ֨א בְנָיָ֜הוּ	1	In a context such as this, your language might say **went** instead of “came.” Alternate translation: [And Benaiah went]
2:30	sizs		rc://*/ta/man/translate/writing-pronouns	וַ⁠יֹּ֨אמֶר אֵלָ֜י⁠ו	1	The pronoun **he** refers to Benaiah, while the pronoun **him** refers to Joab. It may be helpful to clarify this for your readers. Alternate translation: [and Benaiah said to Joab]
2:30	h1s6		rc://*/ta/man/translate/figs-quotesinquotes	כֹּֽה־אָמַ֤ר הַ⁠מֶּ֨לֶךְ֙ צֵ֔א	1	If it would be clearer in your language, you could translate this so that there is not a quotation within a quotation. Alternate translation: [The king orders you to come out!]
2:30	e3gk		rc://*/ta/man/translate/figs-irony	כִּ֣י פֹ֣ה אָמ֑וּת	1	In this figure of speech, Joab actually means to communicate the opposite of the literal meaning of his words. Rather than truly wanting to die, he is defiantly saying that he will not come out of the tent, believing that he will not **die** if he remains there. If a speaker of your language would not do that, you could translate the meaning plainly. Alternate translation: [if you are going to kill me, you are going to have to come in and kill me here]
2:30	xyes		rc://*/ta/man/translate/figs-metonymy	דָּבָ֣ר	1	Here, **word** represents the report that Benaiah gave Solomon by using words. If it would be helpful in your language, you could use an equivalent expression or plain language. Alternate translation: [a report]
2:30	ga6b		rc://*/ta/man/translate/figs-quotations	לֵ⁠אמֹ֔ר כֹּֽה־דִבֶּ֥ר יוֹאָ֖ב וְ⁠כֹ֥ה עָנָֽ⁠נִי	1	The author is using these phrases to indicate that Benaiah reported to Solomon what Joab had said to him. These are not the actual words that Benaiah spoke. So it may be more natural in your language to express this as an indirect quotation. Alternate translation: [telling him what Joab had said in response to him]
2:30	m6lf		rc://*/ta/man/translate/figs-parallelism	כֹּֽה־דִבֶּ֥ר יוֹאָ֖ב וְ⁠כֹ֥ה עָנָֽ⁠נִי	1	These two phrases mean basically the same thing. The second phrase emphasizes the meaning of the first one by repeating the same idea with different words. If it would be helpful to your readers, if you choose to represent this as a direct quotation, you could combine them and express the emphasis in another way. Alternate translation: [Thus Joab replied to me]
2:31	dkhn		rc://*/ta/man/translate/figs-explicit	וּ⁠פְגַע־בּ֖⁠וֹ וּ⁠קְבַרְתּ֑⁠וֹ	1	Solomon assumes that Benaiah will know that he means that Benaiah is to **attack** and kill Joab even though he is still inside the sacred tent, where Israelites ordinarily would have sanctuary. Solomon was able to order this because the Law of Moses said in [Exodus 21:14](../exo/21/14.md) that a murderer was not entitled to sanctuary within the sacred tent. You could indicate this explicitly in your translation if that would be helpful to your readers. Alternate translation: [and attack and kill him there in the sacred tent, since as a murderer he is not entitled to sanctuary. Then bury him]
2:31	wsz1		rc://*/ta/man/translate/figs-explicit	וּ⁠פְגַע־בּ֖⁠וֹ	1	By **attack him**, Solomon means that Benaiah is to kill Joab. You could indicate this explicitly in your translation if that would be helpful to your readers. Alternate translation: [and kill him with your sword]
2:31	ufn3		rc://*/ta/man/translate/figs-metaphor	וַ⁠הֲסִירֹ֣תָ ׀ דְּמֵ֣י חִנָּ֗ם אֲשֶׁר֙ שָׁפַ֣ךְ יוֹאָ֔ב מֵ⁠עָלַ֕⁠י וּ⁠מֵ⁠עַ֖ל בֵּ֥ית אָבִֽ⁠י	1	Solomon is speaking as if Joab had actually **poured out** the **blood** of Abner and Amasa when he murdered them **without cause**. Solomon is also speaking as if their blood were now **upon** him and his extended family. He means that as the king, he is responsible to provide justice for these innocent victims by executing their murderer, and if he does not, God will hold him and his family accountable. If it would be helpful in your language, you could state the meaning plainly. Alternate translation: [And you shall ensure that God does not hold me and the house of my father accountable for failing to punish Joab for murdering two innocent men]
2:31	tu14		rc://*/ta/man/translate/grammar-connect-words-phrases	וַ⁠הֲסִירֹ֣תָ	1	Here, the word **and** introduces what will happen as a result of Benaiah executing and burying Joab. If it would be helpful in your language, you could use a word or phrase that introduces a result. Alternate translation: [And in that way you will remove] or [And as a result, you will remove]
2:31	srg2		rc://*/ta/man/translate/translate-kinship	בֵּ֥ית אָבִֽ⁠י	1	Your language may have its own term or expression for this relationship. If you have already translated the book of 1 Samuel, see how you translated the similar expression in [1 Samuel 9:20](../1sa/09/20.md). Alternate translation: [my extended family]
2:32	ahfi		rc://*/ta/man/translate/figs-idiom	וְ⁠הֵשִׁיב֩ יְהוָ֨ה אֶת־דָּמ֜⁠וֹ עַל־רֹאשׁ֗⁠וֹ	1	Solomon is using **return his blood on his head** as a common expression of his culture to mean that Yahweh will hold Joab morally and legally responsible and punish him for the **blood** (that is, the murders) of Abner and Amasa. If this phrase does not have that meaning in your language, you could use a comparable expression from your language that does have that meaning, or you could state the meaning plainly. Alternate translation: [He has blood on his hands, and Yahweh will hold him accountable for that] or [And Yahweh will punish him for committing murder]
2:32	wtm3		rc://*/ta/man/translate/figs-possession	אֶת־דָּמ֜⁠וֹ	1	Solomon is using the possessive form to describe **blood** that Joab shed when he murdered Abner and Amasa. If a speaker of your language would not use the possessive form for this, you could express this idea in another way. Alternate translation: [the blood that he shed]
2:32	qgv8		rc://*/ta/man/translate/figs-doublet	צַדִּקִ֨ים וְ⁠טֹבִ֤ים מִמֶּ֨⁠נּוּ֙	1	The terms **more righteous** and **better** mean similar things. Solomon is using the two terms together for emphasis. If it would be clearer for your readers, you could express the emphasis with a single phrase. Alternate translation: [much more righteous]
2:32	hqke		rc://*/ta/man/translate/figs-ellipsis	וְ⁠אָבִ֥⁠י דָוִ֖ד לֹ֣א יָדָ֑ע	1	Solomon is leaving out some of the words that in many languages a sentence would need in order to be complete. You can supply these words from the context if that would be clearer in your language. Alternate translation: [and my father David did not know his intentions]
2:33	jzji		rc://*/ta/man/translate/figs-idiom	וְ⁠שָׁ֤בוּ דְמֵי⁠הֶם֙ בְּ⁠רֹ֣אשׁ יוֹאָ֔ב וּ⁠בְ⁠רֹ֥אשׁ זַרְע֖⁠וֹ	1	See how you translated the similar expression in the previous verse. Alternate translation: [And Joab and his seed will experience the just consequences for their murders]
2:33	qme1		rc://*/ta/man/translate/figs-metonymy	דְמֵי⁠הֶם֙	1	Here, **blood** represents the deaths or murders of these men. If it would be helpful in your language, you could use an equivalent expression or plain language. Alternate translation: [their deaths] or [their murders]
2:33	xk54		rc://*/ta/man/translate/figs-metaphor	זַרְע֖⁠וֹ & וּ֠⁠לְ⁠זַרְע⁠וֹ	1	Here, Solomon is speaking of a person’s descendants as if they were **seed**. Your language may have a comparable expression that you can use in your translation, or you could state the meaning plainly. Alternate translation: [his offspring … and for his offspring] or [his descendants … and for his descendants]
2:33	a1b5		rc://*/ta/man/translate/figs-metaphor	וּ⁠לְ⁠בֵית֨⁠וֹ	1	See how you translated the similar expression in [2:24](../02/24.md). Alternate translation: [and for his dynasty]
2:33	gufo		rc://*/ta/man/translate/figs-metonymy	וּ⁠לְ⁠כִסְא֜⁠וֹ	1	See how you translated the similar expression in [2:4](../02/04.md). Alternate translation: [and for his kingdom]
2:33	s7ha		rc://*/ta/man/translate/figs-abstractnouns	יִהְיֶ֥ה שָׁל֛וֹם	1	If your language does not use an abstract noun for the idea of **peace**, you could express the same idea in another way. Alternate translation: [it will be peaceful]
2:34	js86		rc://*/ta/man/translate/writing-pronouns	וַ⁠יִּפְגַּע־בּ֖⁠וֹ	1	The pronoun **him** refers to Joab. It may be helpful to clarify this for your readers. Alternate translation: [and attacked Joab]
2:34	p5d2		rc://*/ta/man/translate/figs-activepassive	וַ⁠יִּקָּבֵ֥ר	1	The expression **he was buried** is a passive verbal form. If your language would not use that form, you could express the idea in active form or in another way that is natural in your language. Alternate translation: [And people buried him]
2:34	awdq		rc://*/ta/man/translate/figs-synecdoche	בְּ⁠בֵית֖⁠וֹ	1	Here, **house** represents the entire location where Joab lived, including the surrounding land. If it would be helpful in your language, you could use an equivalent expression or plain language. Alternate translation: [on his own land]
2:35	yept		rc://*/ta/man/translate/writing-pronouns	תַּחְתָּ֖י⁠ו	1	The pronoun **him** refers to Joab. It may be helpful to clarify this for your readers. Alternate translation: [in place of Joab]
2:36	b9do		rc://*/ta/man/translate/figs-explicit	שָׁ֑ם & מִ⁠שָּׁ֖ם	1	Since Solomon is in Jerusalem as he is speaking with Shimei, it may be more natural in your language to say “here” rather than **there**. Alternate translation: [here … from here]
2:36	xpta		rc://*/ta/man/translate/figs-idiom	אָ֥נֶה וָ⁠אָֽנָה	1	Solomon is using **where or where** as a common expression of his culture to mean “to any other place.” If this phrase does not have that meaning in your language, you could use a comparable expression from your language that does have that meaning, or you could state the meaning plainly. Alternate translation: [to any other place]
2:37	vnoo		rc://*/ta/man/translate/figs-infostructure	וְ⁠הָיָ֣ה ׀ בְּ⁠י֣וֹם צֵאתְ⁠ךָ֗ וְ⁠עָֽבַרְתָּ֙ אֶת־נַ֣חַל קִדְר֔וֹן יָדֹ֥עַ תֵּדַ֖ע כִּ֣י מ֣וֹת תָּמ֑וּת	1	Solomon is using the instructional form **you shall know** to indicate something that Shimei is to know right then, at the time when he is speaking, not at some future time when he might **pass over the wadi of Kidron**. If it would be helpful in your language, you could put the information that Shimei is to know this at the beginning of the sentence. Alternate translation: [And knowing, you shall know that it will happen, on the day of your going out and you pass over the wadi of Kidron, that dying, you shall die]
2:37	nub7		rc://*/ta/man/translate/figs-synecdoche	בְּ⁠י֣וֹם צֵאתְ⁠ךָ֗ וְ⁠עָֽבַרְתָּ֙ אֶת־נַ֣חַל קִדְר֔וֹן	1	Solomon is using one way of leaving Jerusalem (crossing **the wadi of Kidron**, which was on the east side of Jerusalem) to mean leaving Jerusalem in any way at all. Solomon may refer to this way of leaving Jerusalem because it is the one that Shimei is most likely to use to return to his home in Bahurim. However, the example of the wadi of Kidron also provides a limit to how far Shimei may go from the city in any direction. If it would be helpful in your language, you could state the meaning plainly. Alternate translation: [if at any time you go farther from Jerusalem in any direction than the distance to the wadi of Kidron]
2:37	v9ii		rc://*/ta/man/translate/figs-metonymy	בְּ⁠י֣וֹם צֵאתְ⁠ךָ֗	1	Solomon is using the expression **the day of your going out** to refer to any occasion on which Shimei might leave Jerusalem. If it would be helpful in your language, you could state the meaning plainly. Alternate translation: [if on any occasion you leave the city]
2:37	vquh		rc://*/ta/man/translate/figs-reduplication	יָדֹ֥עַ תֵּדַ֖ע כִּ֣י מ֣וֹת תָּמ֑וּת	1	Solomon is repeating forms of the verbs “know” and “die” in order to intensify his expression of the ideas that they convey. If your language can repeat words for intensification, it would be appropriate to do that here in your translation. If not, your language may have another way of expressing the intensification. Alternate translation: [you shall know for certain that you shall surely die]
2:37	trb7		rc://*/ta/man/translate/figs-idiom	דָּמְ⁠ךָ֖ יִהְיֶ֥ה בְ⁠רֹאשֶֽׁ⁠ךָ	1	Solomon is using **Your blood will be on your head** as a common expression of his culture to mean “You will be responsible for your own death.” If this phrase does not have that meaning in your language, you could use a comparable expression from your language that does have that meaning, or you could state the meaning plainly. If you have already translated the book of 2 Samuel, see how you translated the similar expression in [2 Samuel 3:29](../2sa/03/29.md). Alternate translation: [You will be responsible for your own death] or [You will have dug your own grave]
2:38	q120		rc://*/ta/man/translate/figs-metonymy	ט֣וֹב הַ⁠דָּבָ֔ר	1	Shimei is using the term **word** to represent what Solomon has said by using words. If it would be clearer in your language, you could state the meaning plainly. Alternate translation: [What you have said is good]
2:38	k012		rc://*/ta/man/translate/figs-explicit	ט֣וֹב הַ⁠דָּבָ֔ר	1	As in the case of Bathsheba in [2:18](../02/18.md), Shimei is not necessarily using the expression **good** to mean that she thinks that what Solomon is requiring is a good thing. Instead, he is using the expression to indicate that he agrees to do what Solomon is requiring. See how you translated the similar expression in [2:18](../02/18.md). Alternate translation: [I agree to do what you have said]
2:38	nn0q		rc://*/ta/man/translate/figs-123person	כַּ⁠אֲשֶׁ֤ר דִּבֶּר֙ אֲדֹנִ֣⁠י הַ⁠מֶּ֔לֶךְ כֵּ֖ן יַעֲשֶׂ֣ה עַבְדֶּ֑⁠ךָ	1	See how you translated the expression “my lord the king” in [1:2](../01/02.md) and the expression “your … servant” in [1:13](../01/13.md). Alternate translation: [Just as you, my lord the king, have spoken, thus will I, your servant, do]
2:39	qek1		rc://*/ta/man/translate/writing-newevent	וַ⁠יְהִ֗י	1	The author is using the phrase **And it happened** to introduce a new event in the story. Use a word, phrase, or other method in your language that is natural for introducing a new event. See the discussion of this phrase in the introduction to 1 Kings.
2:39	n8ln		rc://*/ta/man/translate/writing-pronouns	וַ⁠יַּגִּ֤ידוּ לְ⁠שִׁמְעִי֙	1	Here the author is using the pronoun **they** in a general sense, not to refer to specific people. Use an expression for this that would be natural in your language. Alternate translation: [And Shimei was told]
2:40	rzed		rc://*/ta/man/translate/figs-explicit	וַ⁠יָּ֣קָם שִׁמְעִ֗י	1	The author does not mean that Shimei was sitting down or lying down and stood up. Instead, he is using the term **arose** to mean that Shimei took action. You could indicate this explicitly in your translation if that would be helpful to your readers. Alternate translation: [So Shimei took action]
2:40	tk5k		rc://*/ta/man/translate/figs-synecdoche	וַֽ⁠יַּחֲבֹשׁ֙ אֶת־חֲמֹר֔⁠וֹ וַ⁠יֵּ֤לֶךְ	1	The author is using saddling the **donkey**, the first thing that Shimei did in order to travel to Gath, to represent his entire journey. If it would be helpful in your language, you could use an equivalent expression from your culture or state the meaning plainly. Alternate translation: [and saddled his donkey and rode on it]
2:40	h9u2		rc://*/ta/man/translate/figs-explicitinfo	וַ⁠יֵּ֣לֶךְ שִׁמְעִ֔י וַ⁠יָּבֵ֥א	1	Since the author says in the previous sentence that Shimei **went** to Gath, it may not be natural in your language to repeat the term **went** in this sentence. If not, you can leave out the second instance of the word. Alternate translation: [Then Shimei returned with]
2:41	t4ki		rc://*/ta/man/translate/figs-activepassive	וַ⁠יֻּגַּ֖ד לִ⁠שְׁלֹמֹ֑ה	1	The expression **it was declared to Solomon** is a passive verbal form. If your language would not use that form, you could express the idea in active form or in another way that is natural in your language. Alternate translation: [And someone declared to Solomon]
2:42	fjb7		rc://*/ta/man/translate/figs-rquestion	הֲ⁠ל֧וֹא הִשְׁבַּעְתִּ֣י⁠ךָ בַֽ⁠יהוָ֗ה וָ⁠אָעִ֤ד בְּ⁠ךָ֙ לֵ⁠אמֹ֔ר בְּ⁠י֣וֹם צֵאתְ⁠ךָ֗ וְ⁠הָֽלַכְתָּ֙ אָ֣נֶה וָ⁠אָ֔נָה יָדֹ֥עַ תֵּדַ֖ע כִּ֣י מ֣וֹת תָּמ֑וּת	1	Solomon is using the question form to rebuke Shimei and remind him that he had commanded something and that Shimei had agreed. If a speaker of your language would not use the question form for that purpose, you could translate this as a statement or as an exclamation. Alternate translation: [I certainly made you swear by Yahweh and testified against you, saying, ‘On the day of your going out, and you go where or where, knowing, you shall know that dying, you shall die’!]
2:42	iv4e		rc://*/ta/man/translate/figs-quotesinquotes	וָ⁠אָעִ֤ד בְּ⁠ךָ֙ לֵ⁠אמֹ֔ר בְּ⁠י֣וֹם צֵאתְ⁠ךָ֗ וְ⁠הָֽלַכְתָּ֙ אָ֣נֶה וָ⁠אָ֔נָה יָדֹ֥עַ תֵּדַ֖ע כִּ֣י מ֣וֹת תָּמ֑וּת	1	If it would be clearer in your language, you could translate this so that there is not a quotation within a quotation. Alternate translation: [and testify against you that on the day of your going out, if you went where or where, knowing, you would know that dying, you would die?]
2:42	v5b3		rc://*/ta/man/translate/figs-metonymy	בְּ⁠י֣וֹם צֵאתְ⁠ךָ֗	1	See how you translated the similar expression in [2:37](../02/37.md). Alternate translation: [if on any occasion you leave the city]
2:42	vjwg		rc://*/ta/man/translate/figs-idiom	וְ⁠הָֽלַכְתָּ֙ אָ֣נֶה וָ⁠אָ֔נָה	1	See how you translated the similar expression in [2:36](../02/36.md). Alternate translation: [and you go to any other place]
2:42	ft8o		rc://*/ta/man/translate/figs-reduplication	יָדֹ֥עַ תֵּדַ֖ע כִּ֣י מ֣וֹת תָּמ֑וּת	1	See how you translated the similar expression in [2:37](../02/37.md). Alternate translation: [you shall know for certain that you shall surely die]
2:42	lt1r		rc://*/ta/man/translate/figs-declarative	יָדֹ֥עַ תֵּדַ֖ע	1	See how you translated the similar expression in [2:37](../02/37.md). Alternate translation: [know for certain]
2:42	gpeu		rc://*/ta/man/translate/figs-quotesinquotes	וַ⁠תֹּ֧אמֶר אֵלַ֛⁠י ט֥וֹב הַ⁠דָּבָ֖ר שָׁמָֽעְתִּי	1	If it would be clearer in your language, you could translate this so that there is not a quotation within a quotation. Alternate translation: [And you told me that the word you had heard was good]
2:42	jc31		rc://*/ta/man/translate/figs-idiom	ט֥וֹב הַ⁠דָּבָ֖ר שָׁמָֽעְתִּי	1	See how you translated the similar expression in [2:38](../02/38.md). Alternate translation: [I accept the conditions you describe]
2:43	tovw		rc://*/ta/man/translate/figs-rquestion	וּ⁠מַדּ֕וּעַ לֹ֣א שָׁמַ֔רְתָּ אֵ֖ת שְׁבֻעַ֣ת יְהוָ֑ה וְ⁠אֶת־הַ⁠מִּצְוָ֖ה אֲשֶׁר־צִוִּ֥יתִי עָלֶֽי⁠ךָ	1	Solomon is using the question form to rebuke Shimei for breaking his oath. If a speaker of your language would not use the question form for that purpose, you could translate this as a statement or as an exclamation. Alternate translation: [So you ought to have kept the oath of Yahweh and the command that I commanded upon you!]
2:43	mwau		rc://*/ta/man/translate/figs-possession	אֵ֖ת שְׁבֻעַ֣ת יְהוָ֑ה	1	Solomon is using the possessive form to describe an **oath** that he made Shimei swear to **Yahweh**. This is not stated explicitly in [2:37–38](../02/37.md), but the solemn form of Solomon’s pronouncement and Shimei’s agreement, “The word is good,” apparently constituted Solomon making Shimei swear. If a speaker of your language would not use the possessive form for this, you could express this idea in another way. Alternate translation: [the oath that you swore to Yahweh]
2:43	uxc6		rc://*/ta/man/translate/writing-poetry	וְ⁠אֶת־הַ⁠מִּצְוָ֖ה אֲשֶׁר־צִוִּ֥יתִי עָלֶֽי⁠ךָ	1	Solomon is using a construction in which a verb and its object come from the same root. You may be able to use the same construction in your language to express the meaning here. Alternatively, your language may have another way of saying this. Alternate translation: [and the command that I imposed on you] or [and the command that I gave you]
2:44	vhv9		rc://*/ta/man/translate/figs-metaphor	אַתָּ֤ה יָדַ֨עְתָּ֙ אֵ֣ת כָּל־הָ⁠רָעָ֗ה אֲשֶׁ֤ר יָדַע֙ לְבָ֣בְ⁠ךָ֔ אֲשֶׁ֥ר עָשִׂ֖יתָ לְ⁠דָוִ֣ד אָבִ֑⁠י	1	In this context, the **heart** represents a person’s conscience. If it would be helpful in your language, you could state the meaning plainly. Alternate translation: [Your own conscience is making you fully aware of all the evil that you did to David my father]
2:44	d5jx		rc://*/ta/man/translate/writing-pronouns	אַתָּ֤ה יָדַ֨עְתָּ֙	1	See how you translated the similar expression in [2:5](../02/05.md). Alternate translation: [You know quite well]
2:44	b5q5		rc://*/ta/man/translate/figs-abstractnouns	אֵ֣ת כָּל־הָ⁠רָעָ֗ה אֲשֶׁ֤ר יָדַע֙ לְבָ֣בְ⁠ךָ֔ אֲשֶׁ֥ר עָשִׂ֖יתָ לְ⁠דָוִ֣ד אָבִ֑⁠י	1	If your language does not use an abstract noun for the idea of **evil**, you could express the same idea in another way. Alternate translation: [all of the evil things that you did to David my father, which your heart knows]
2:44	rdkh		rc://*/ta/man/translate/figs-idiom	וְ⁠הֵשִׁ֧יב יְהוָ֛ה אֶת־רָעָתְ⁠ךָ֖ בְּ⁠רֹאשֶֽׁ⁠ךָ	1	See how you translated the similar expression in [2:32](../02/32.md). Alternate translation: [And Yahweh will hold you accountable for the evil things you have done] or [And Yahweh will punish you for the evil things you have done]
2:45	j5b5		rc://*/ta/man/translate/figs-123person	וְ⁠הַ⁠מֶּ֥לֶךְ שְׁלֹמֹ֖ה בָּר֑וּךְ	1	In making a solemn royal pronouncement to Shimei, Solomon is speaking of himself regally in the third person. Your language may have a regal form that it could use here. (For example, in some languages, kings and queens speak of themselves in the plural.) You could also use the first person. Alternate translation: [But I, King Solomon, will be blessed]
2:45	t33p		rc://*/ta/man/translate/figs-activepassive	וְ⁠הַ⁠מֶּ֥לֶךְ שְׁלֹמֹ֖ה בָּר֑וּךְ	1	The expression **will be blessed** is a passive verbal form. If your language would not use that form, you could express the idea in active form or in another way that is natural in your language. Alternate translation: [But Yahweh will bless King Solomon] or [But Yahweh will bless me, King Solomon]
2:45	v2fk		rc://*/ta/man/translate/figs-activepassive	וְ⁠כִסֵּ֣א דָוִ֗ד יִהְיֶ֥ה נָכ֛וֹן לִ⁠פְנֵ֥י יְהוָ֖ה	1	The expression **will be established** is a passive verbal form. If your language would not use that form, you could express the idea in active form or in another way that is natural in your language. Alternate translation: [and Yahweh will establish the throne of David to his face]
2:45	baok		rc://*/ta/man/translate/figs-metonymy	וְ⁠כִסֵּ֣א דָוִ֗ד	1	See how you translated the similar expression in [1:48](../01/48.md). Alternate translation: [and the dynasty of David]
2:45	f5qq		rc://*/ta/man/translate/figs-metonymy	לִ⁠פְנֵ֥י יְהוָ֖ה	1	Here, the **face** of Yahweh represents his presence. If it would be helpful in your language, you could use an equivalent expression or plain language. Alternate translation: [in the presence of Yahweh]
2:46	qw3y		rc://*/ta/man/translate/figs-explicit	וַ⁠יֵּצֵ֕א	1	The implication is that Benaiah brought Shimei out of the palace in order to kill him. You could include this information if that would be helpful to your readers. Alternate translation: [and he brought him out]
2:46	o176		rc://*/ta/man/translate/figs-activepassive	וְ⁠הַ⁠מַּמְלָכָ֥ה נָכ֖וֹנָה	1	The expression **was established** is a passive verbal form. If your language would not use that form, you could express the idea in active form or in another way that is natural in your language. If you need to say who does the action, the context indicates that it is God. Alternate translation: [So Yahweh established the kingdom]
2:46	b496		rc://*/ta/man/translate/figs-metonymy	בְּ⁠יַד־שְׁלֹמֹֽה	1	Here, **hand** represents the power or control of a person. If it would be helpful in your language, you could use an equivalent expression or state the meaning plainly. Alternate translation: [in the power of Solomon] or [under the control of Solomon]
3:intro	r15u				0	# 1 Kings 3 Chapter Introduction\n\n## Structure and Formatting\n\n  1. Yahweh appears to Solomon, and Solomon asks for wisdom (3:1–15)\n  2. Solomon demonstrates that Yahweh has given him great wisdom (316–28)\n\n## Religious and Cultural Concepts in This Chapter\n\n### Royal alliances through marriage\n\nThis chapter opens with Solomon marrying the daughter of Pharaoh. In the ancient world, rulers married the daughters of other rulers in order to form alliances with their kingdoms. Marrying into the Egyptian royal family was a significant diplomatic initiative by Solomon. It secured a powerful alliance with the dominant empire of the time, and this provided stability on Israel’s southern border. This marriage, however, also introduced a religious tension, since the foreign princess, Pharaoh’s daughter, brought her own gods and customs with her. As chapter 11 later describes, when Solomon built shrines in Jerusalem for other gods so that his foreign wives could worship them there, this greatly angered Yahweh and led to great trouble for the people of Israel.\n\n### The significance of “high places”\n\nThe author notes at the beginning of this chapter that Solomon and the people were offering sacrifices at “high places.” Before Solomon built the temple in Jerusalem, it was common for the Israelites to worship and offer sacrifices at various local shrines built on the tops of hills. While the law of Moses commanded that all sacrifices eventually be made at a single, central sanctuary, this practice was tolerated until the temple was completed. So the author is not condemning Solomon’s actions at the “great high place” of Gibeon, since he was worshiping Yahweh there. However, the worship of foreign gods at high places became a serious problem later in the history of Israel, as the books of 1 Kings and 2 Kings describe. So the author is being careful to specify that Solomon worshiped at Gibeon, and Yahweh appeared to him there, only because the temple had not yet been constructed.\n\n### Dreams as revelations from God\n\nA pivotal moment in this chapter is Yahweh’s appearance to Solomon in a dream. In ancient Israelite culture, dreams were one of the primary ways in which God communicated with his people, especially with prophets and kings. In this dream, when Yahweh asked Solomon what he wanted, Solomon asked for “a hearing heart to judge your people, to discern between good and evil.” His request for the spiritual and judicial discernment needed to rule justly pleased Yahweh, since he was prioritizing the welfare of the people and his role as God’s representative over personal wealth or power.
3:1	d290		rc://*/ta/man/translate/translate-kinship	וַ⁠יִּתְחַתֵּ֣ן שְׁלֹמֹ֔ה אֶת־פַּרְעֹ֖ה	1	Your language may have its own term or expression for this relationship. If you have already translated the book of 1 Samuel, see how you described the same relationship in [1 Samuel 18:18](../1sa/18/18.md). Alternate translation: [And Solomon made himself a daughter’s husband to Pharaoh]
3:1	f2tm		rc://*/ta/man/translate/figs-explicit	וַ⁠יִּקַּ֣ח אֶת־בַּת־פַּרְעֹ֗ה	1	When the author says that Solomon **took** Pharaoh’s daughter, the implication is that he married her. You could include this information if that would be helpful to your readers. Alternate translation: [And he married the daughter of Pharaoh]
3:1	nxhe		rc://*/ta/man/translate/figs-metaphor	וְ⁠אֶת־בֵּ֣ית יְהוָ֔ה	1	See the discussion in the introduction to 1 Kings of the use of the term **house** to mean “temple.” Alternate translation: [and the temple of Yahweh] or [and Yahweh’s temple]
3:2	ly56		rc://*/ta/man/translate/writing-background	רַ֣ק הָ⁠עָ֔ם מְזַבְּחִ֖ים בַּ⁠בָּמ֑וֹת	1	The author is providing background information to help readers understand what happens next in the story. Readers might have been scandalized that Solomon was sacrificing at a high place, and the author wants them to appreciate that Solomon did this only because the temple had not yet been built. In your translation, introduce this information in a way that would be natural in your own language and culture.
3:2	r2rv		rc://*/ta/man/translate/grammar-connect-words-phrases	רַ֣ק	1	If the connection between this statement and the previous one is not clear, you may want to use a different connecting word to show how this statement relates to what comes before it. Alternate translation: [In the meantime] or [Meanwhile]
3:2	awzb		rc://*/ta/man/translate/grammar-connect-logic-result	הָ⁠עָ֔ם מְזַבְּחִ֖ים בַּ⁠בָּמ֑וֹת כִּ֠י לֹא־נִבְנָ֥ה בַ֨יִת֙ לְ⁠שֵׁ֣ם יְהוָ֔ה עַ֖ד הַ⁠יָּמִ֥ים הָ⁠הֵֽם	1	If it would be more natural in your language, you could reverse the order of these phrases, since the second phrase gives the reason for the result that the first phrase describes. Alternate translation: [because a house had not been built for the name of Yahweh up to those days, the people were sacrificing at the high places]
3:2	elxl		rc://*/ta/man/translate/figs-activepassive	לֹא־נִבְנָ֥ה בַ֨יִת֙	1	The expression **had not been built** is a passive verbal form. If your language would not use that form, you could express the idea in active form or in another way that is natural in your language. Alternate translation: [no one had built a temple]
3:2	ip8v		rc://*/ta/man/translate/figs-metonymy	לְ⁠שֵׁ֣ם יְהוָ֔ה	1	In this context, the term **name** could refer to: (1) people calling on Yahweh by name as their God and thus worshiping him. What Solomon says in [8:41–43](../08/41.md) in his prayer of dedication for the temple suggests that this could be the meaning. Alternate translation: [for the worship of Yahweh] or (2) the reputation of Yahweh. This would be similar to the meaning of [name] in [1:47](../01/47.md). Alternate translation: [for the reputation of Yahweh] or [to make Yahweh’s greatness known]
3:2	hflv		rc://*/ta/man/translate/figs-metonymy	הַ⁠יָּמִ֥ים הָ⁠הֵֽם	1	The author is using the term **those days** to refer to a specific time, since time consists of days. If it would be helpful in your language, you could state the meaning plainly. Alternate translation: [that time]
3:3	ub20		rc://*/ta/man/translate/grammar-connect-logic-result	וַ⁠יֶּאֱהַ֤ב שְׁלֹמֹה֙ אֶת־יְהוָ֔ה לָ⁠לֶ֕כֶת בְּ⁠חֻקּ֖וֹת דָּוִ֣ד אָבִ֑י⁠ו	1	The second phrase describes the result of what the first phrase describes. It may be helpful to use a connector in your language that makes this clear. Alternate translation: [And Solomon loved Yahweh, and as a result, he walked in the statutes of David his father] or [And because Solomon loved Yahweh, he walked in the statutes of David his father]
3:3	fypj		rc://*/ta/man/translate/figs-metaphor	לָ⁠לֶ֕כֶת בְּ⁠חֻקּ֖וֹת דָּוִ֣ד אָבִ֑י⁠ו	1	See how you translated the similar expression in [2:3](../02/03.md). Alternate translation: [to live as David his father had lived]
3:3	h614		rc://*/ta/man/translate/figs-explicit	בְּ⁠חֻקּ֖וֹת דָּוִ֣ד אָבִ֑י⁠ו	1	In this context, the word **statutes** could mean: (1) the customs that David followed, specifically in obedience to Yahweh. Alternate translation: [in the customs of David his father] or [in the obedient manner of David his father] or (2) instructions that David gave to Solomon to obey Yahweh. Alternate translation: [according to the instructions that David his father had given him]
3:4	d0rk		rc://*/ta/man/translate/writing-newevent	וַ⁠יֵּ֨לֶךְ הַ⁠מֶּ֤לֶךְ גִּבְעֹ֨נָ⁠ה֙ לִ⁠זְבֹּ֣חַ שָׁ֔ם כִּ֥י הִ֖יא הַ⁠בָּמָ֣ה הַ⁠גְּדוֹלָ֑ה	1	See how you translated the phrase “And it happened” in [2:39](../02/39.md), where it similarly introduces a new event.
3:4	q7j7		rc://*/ta/man/translate/grammar-connect-logic-result	וַ⁠יֵּ֨לֶךְ הַ⁠מֶּ֤לֶךְ גִּבְעֹ֨נָ⁠ה֙ לִ⁠זְבֹּ֣חַ שָׁ֔ם כִּ֥י הִ֖יא הַ⁠בָּמָ֣ה הַ⁠גְּדוֹלָ֑ה	1	If it would be more natural in your language, you could reverse the order of these phrases, since the second phrase gives the reason for the result that the first phrase describes. Alternate translation: [And since Gibeon was the great high place, the king went to sacrifice there]
3:5	nx4x		rc://*/ta/man/translate/figs-imperative	שְׁאַ֖ל	1	This is an imperative, but it communicates permission rather than a command. Use a form in your language that communicates permission. See how you translated the similar expression in [2:14](../02/14.md). Alternate translation: [You may ask]
3:6	mzmg		rc://*/ta/man/translate/grammar-connect-logic-result	אַתָּ֨ה עָשִׂ֜יתָ עִם־עַבְדְּ⁠ךָ֙ דָוִ֣ד אָבִ⁠י֮ חֶ֣סֶד גָּדוֹל֒ כַּ⁠אֲשֶׁר֩ הָלַ֨ךְ לְ⁠פָנֶ֜י⁠ךָ בֶּ⁠אֱמֶ֧ת וּ⁠בִ⁠צְדָקָ֛ה וּ⁠בְ⁠יִשְׁרַ֥ת לֵבָ֖ב עִמָּ֑⁠ךְ	1	If it would be more natural in your language, you could reverse the order of these phrases, since the second phrase gives the reason for the result that the first phrase describes. Alternate translation: [Because your servant David, my father, walked to your face in faithfulness and in righteousness and in uprightness of heart with you, you, you did great covenant faithfulness with him]
3:6	bn75		rc://*/ta/man/translate/writing-pronouns	אַתָּ֨ה עָשִׂ֜יתָ	1	See how you translated the similar expression in [1:17](../01/17.md). Alternate translation: [You personally did]
3:6	pftd		rc://*/ta/man/translate/figs-metonymy	לְ⁠פָנֶ֜י⁠ךָ	1	Here, **to your face** represents being in Yahweh’s presence. If it would be helpful in your language, you could use an equivalent expression or plain language. Alternate translation: [in your presence]
3:6	ue0b		rc://*/ta/man/translate/figs-metaphor	וּ⁠בְ⁠יִשְׁרַ֥ת לֵבָ֖ב	1	Here, the **heart** represents a person’s inner motives and intentions. If it would be helpful in your language, you could state the meaning plainly. Alternate translation: [and with upright motives and intentions]
3:6	q11c		rc://*/ta/man/translate/grammar-connect-words-phrases	וַ⁠תִּשְׁמָר־ל֗⁠וֹ אֶת־הַ⁠חֶ֤סֶד הַ⁠גָּדוֹל֙ הַ⁠זֶּ֔ה וַ⁠תִּתֶּן־ל֥⁠וֹ בֵ֛ן יֹשֵׁ֥ב עַל־כִּסְא֖⁠וֹ	1	Here, the word **and** introduces an explanation of how God kept his covenant faithfulness to David. If it would be clearer in your language, you could use a connecting word that more specifically shows this relationship. Alternate translation: [And you have kept for him this great covenant faithfulness by giving to him a son sitting on his throne]
3:6	a09d		rc://*/ta/man/translate/figs-metonymy	יֹשֵׁ֥ב עַל־כִּסְא֖⁠וֹ	1	Here, **sitting on his throne** represents ruling as king. If it would be helpful in your language, you could use an equivalent expression or plain language. See how you translated the similar expression in [2:24](../02/24.md). Alternate translation: [who is ruling the Israelites as he did]
3:6	phr7		rc://*/ta/man/translate/figs-metonymy	כַּ⁠יּ֥וֹם הַ⁠זֶּֽה	1	Solomon is using the term **this day** to refer to a specific time, his own present time. If it would be helpful in your language, you could state the meaning plainly. Alternate translation: [as it is at this time]
3:7	ahnw		rc://*/ta/man/translate/grammar-connect-words-phrases	וְ⁠עַתָּה֙	1	See how you translated the similar expression in [1:12](../01/12.md).
3:7	r6t3		rc://*/ta/man/translate/writing-pronouns	אַתָּה֙ הִמְלַ֣כְתָּ	1	See how you translated the similar expression in [3:6](../03/06.md). Alternate translation: [you have personally made]
3:7	p4hv		rc://*/ta/man/translate/figs-123person	אֶֽת־עַבְדְּ⁠ךָ֔	1	See how you translated the similar expression in [1:13](../01/13.md). Alternate translation: [me, your servant]
3:7	sxu6		rc://*/ta/man/translate/figs-metaphor	וְ⁠אָֽנֹכִי֙ נַ֣עַר קָטֹ֔ן	1	Solomon is speaking as if he actually were a **little child**. He means that he feels very inexperienced and inadequate as a ruler. Your language may have a comparable expression that you can use in your translation, or you could state the meaning plainly. Alternate translation: [but I am very inexperienced]
3:7	a8cv		rc://*/ta/man/translate/figs-idiom	לֹ֥א אֵדַ֖ע צֵ֥את וָ⁠בֹֽא	1	Solomon is using **I do not know going out or coming in** as a common expression of his culture to mean that he does not know how to be a leader. If this phrase does not have that meaning in your language, you could use a comparable expression from your language that does have that meaning, or you could state the meaning plainly. If you have already translated the book of 1 Samuel, see how you translated the similar expression in [1 Samuel 18:13](../1sa/18/13.md). Alternate translation: [I do not know my way around] or [I do not know how to be a leader]
3:8	d1wp		rc://*/ta/man/translate/figs-explicitinfo	עַם־רָ֕ב אֲשֶׁ֧ר לֹֽא־יִמָּנֶ֛ה וְ⁠לֹ֥א יִסָּפֵ֖ר מֵ⁠רֹֽב	1	It might seem that saying both **abundant** and **from abundance** would be extra information that would not be natural to express in your language. If so, you could use just one expression or the other in your translation. Alternate translation: [a people who are so abundant that they cannot be numbered and cannot be counted]
3:8	u8wc		rc://*/ta/man/translate/grammar-connect-logic-result	אֲשֶׁ֧ר לֹֽא־יִמָּנֶ֛ה וְ⁠לֹ֥א יִסָּפֵ֖ר מֵ⁠רֹֽב	1	If it would be more natural in your language, you could reverse the order of these phrases, since the second phrase gives the reason for the result that the first phrase describes. (If you reflect the phrase **from abundance**, you may not wish also to reflect the word **abundant**. See the discussion in the “Making Assumed Knowledge and Implicit Information Explicit” note to this verse.) Alternate translation: [who from abundance cannot be numbered and cannot be counted] or [who, because they are so abundant, cannot be numbered and cannot be counted]
3:8	do7u		rc://*/ta/man/translate/figs-activepassive	אֲשֶׁ֧ר לֹֽא־יִמָּנֶ֛ה וְ⁠לֹ֥א יִסָּפֵ֖ר	1	The expressions **cannot be numbered** and **cannot be counted** are passive verbal forms. If your language would not use that form, you could express the idea in active form or in another way that is natural in your language. Alternate translation: [whom no one can number and whom no one can count]
3:8	ab8f		rc://*/ta/man/translate/figs-doublet	אֲשֶׁ֧ר לֹֽא־יִמָּנֶ֛ה וְ⁠לֹ֥א יִסָּפֵ֖ר	1	The phrases **cannot be numbered** and **cannot be counted** mean similar things. Solomon is using the two terms together for emphasis. If it would be clearer for your readers, you could express the emphasis with a single phrase. Alternate translation: [who cannot be counted at all] or [whom no one can count at all]
3:9	mohb		rc://*/ta/man/translate/figs-metaphor	לֵ֤ב שֹׁמֵ֨עַ֙	1	In this context, the term **heart** represents either the thoughts or the will. The phrase **a hearing heart** could mean: (1) a mind that is able to listen well to both sides of an argument or legal dispute and recognize which one is correct. Alternate translation: [a discriminating mind] or (2) a will that is attentive and yielded to God’s guidance and promptings. Alternate translation: [a yielded will]
3:9	jky5		rc://*/ta/man/translate/figs-abstractnouns	לְ⁠הָבִ֖ין בֵּֽין־ט֣וֹב לְ⁠רָ֑ע	1	If your language does not use abstract nouns for the ideas of **good** and **evil**, you could express the same ideas in other ways. Alternate translation: [to recognize when people are doing something good and when they are doing something evil]
3:9	z2vu		rc://*/ta/man/translate/figs-rquestion	כִּ֣י מִ֤י יוּכַל֙ לִ⁠שְׁפֹּ֔ט אֶת־עַמְּ⁠ךָ֥ הַ⁠כָּבֵ֖ד הַ⁠זֶּֽה	1	Solomon is using the question form to emphasize that he is not capable of judging so many people. If a speaker of your language would not use the question form for that purpose, you could translate this as a statement or as an exclamation. Alternate translation: [For I do not feel able to judge this your heavy people!]
3:9	hwu5		rc://*/ta/man/translate/figs-metaphor	כִּ֣י מִ֤י יוּכַל֙ לִ⁠שְׁפֹּ֔ט אֶת־עַמְּ⁠ךָ֥ הַ⁠כָּבֵ֖ד הַ⁠זֶּֽה	1	In this context, the term **heavy** could mean: (1) that judging God’s people was an important responsibility that felt to Solomon as if it were a burden that he would be carrying. Alternate translation: [For who is able to bear the important responsibility of judging this your people] or (2) that the Israelites are a great people in the sense of being numerous, as the previous verse describes. Alternate translation: [For who is able to judge such a numerous people as yours]
3:10	co47		rc://*/ta/man/translate/figs-explicitinfo	וַ⁠יִּיטַ֥ב הַ⁠דָּבָ֖ר בְּ⁠עֵינֵ֣י אֲדֹנָ֑⁠י כִּ֚י שָׁאַ֣ל שְׁלֹמֹ֔ה אֶת־הַ⁠דָּבָ֖ר הַ⁠זֶּֽה	1	It might seem that saying **thing** twice would be extra information that would not be natural to express in your language. If so, you could use the expression just once in your translation. Alternate translation: [And it was good in the eyes of the Lord that Solomon had requested this thing]
3:10	gk50		rc://*/ta/man/translate/figs-idiom	בְּ⁠עֵינֵ֣י אֲדֹנָ֑⁠י	1	The author is using the common expression of his culture **in the eyes of** to mean “in the judgment of” or “in the opinion of.” If this phrase does not have that meaning in your language, you could use a comparable expression from your language that does have that meaning, or you could state the meaning plainly. See the discussion of this phrase in the introduction to 1 Kings. Alternate translation: [in the judgment of the Lord]
3:11	t23t		rc://*/ta/man/translate/figs-metonymy	יָמִ֣ים רַבִּ֗ים	1	Here, **many days** represents a long time or a long life. If it would be helpful in your language, you could use an equivalent expression or plain language. Alternate translation: [a long life]
3:11	xlb0		rc://*/ta/man/translate/grammar-collectivenouns	נֶ֣פֶשׁ אֹיְבֶ֑י⁠ךָ	1	In this verse, the word **life** is singular in form, but it refers to all enemies as a group. If it would be helpful in your language, you could use the plural form of “life.” Alternate translation: [the lives of your enemies]
3:11	e1qi		rc://*/ta/man/translate/figs-metonymy	נֶ֣פֶשׁ אֹיְבֶ֑י⁠ךָ	1	God is using the term **life** to represent the end of life, that is, the death of these **enemies**. If it would be helpful in your language, you could use an equivalent expression or plain language. Alternate translation: [the death of your enemies]
3:11	fx0m		rc://*/ta/man/translate/figs-explicit	לִ⁠שְׁמֹ֥עַ מִשְׁפָּֽט	1	By **to hear justice**, God means “to understand legal cases and make right decisions when judging them.” You could indicate this explicitly in your translation if that would be helpful to your readers. Alternate translation: [to understand justice] or [to know how to administer justice]
3:12	w81d		rc://*/ta/man/translate/figs-metaphor	הִנֵּ֥ה	1	See how you translated the similar expression in [1:14](../01/14.md).
3:12	t7nq		rc://*/ta/man/translate/figs-metonymy	כִּ⁠דְבָרֶ֑י⁠ךָ	1	Here, **word** represents what God said by using words. If it would be clearer in your language, you could state the meaning plainly. Alternate translation: [according to what you have said]
3:12	eivn		rc://*/ta/man/translate/translate-tense	נָתַ֣תִּי לְ⁠ךָ֗	1	God is using the past tense **I have given** to describe something that is going to happen in the future. He is doing that in order to show that the event will certainly happen. If it would be clearer in your language, you could use the future tense. Alternate translation: [I will give you]
3:12	iott		rc://*/ta/man/translate/figs-metaphor	לֵ֚ב חָכָ֣ם וְ⁠נָב֔וֹן	1	Here, the **heart** represents a person’s thoughts. You may have a comparable expression in your language, or you could state the meaning plainly. Alternate translation: [a wise and discerning mind]
3:12	wkay		rc://*/ta/man/translate/figs-doublet	חָכָ֣ם וְ⁠נָב֔וֹן	1	The terms **wise** and **discerning** mean similar things. God is using the two terms together for emphasis. If it would be clearer for your readers, you could express the emphasis with a single phrase. Alternate translation: [very discerning]
3:12	or6f		rc://*/ta/man/translate/figs-metonymy	לְ⁠פָנֶ֔י⁠ךָ	1	Here, **to your face** represents being before a person in time. If it would be helpful in your language, you could use an equivalent expression or plain language. Alternate translation: [before you]
3:12	ka6l		rc://*/ta/man/translate/figs-metaphor	לֹא־יָק֥וּם כָּמֽוֹ⁠ךָ	1	Here God is using the term **arise** to mean “come to be,” as if a person who came into existence stood up from the ground. Your language may have a comparable expression that you can use in your translation, or you could state the meaning plainly. Alternate translation: [and one like you will not live]
3:13	wn38		rc://*/ta/man/translate/translate-tense	נָתַ֣תִּי לָ֔⁠ךְ	1	See how you translated the similar expression in the previous verse. Alternate translation: [I will give to you]
3:13	dnd3		rc://*/ta/man/translate/figs-metonymy	כָּל־יָמֶֽי⁠ךָ	1	God is using the term **days** to mean a specific time, specifically Solomon’s lifetime, since time consists of days. If it would be helpful in your language, you could use an equivalent expression or plain language. Alternate translation: [throughout your lifetime]
3:14	xlkj		rc://*/ta/man/translate/grammar-connect-words-phrases	וְ⁠אִ֣ם ׀ תֵּלֵ֣ךְ בִּ⁠דְרָכַ֗⁠י לִ⁠שְׁמֹ֤ר חֻקַּ⁠י֙ וּ⁠מִצְוֺתַ֔⁠י	1	If the connection between the first and second phrases is not clear, you may want to use a connecting word other than **to** in order to show how the second phrase relates to the first one. Alternate translation: [And if you walk in my ways by keeping my statutes and my commandments]
3:14	y2gt		rc://*/ta/man/translate/figs-doublet	חֻקַּ⁠י֙ וּ⁠מִצְוֺתַ֔⁠י	1	The terms **statutes** and **commandments** mean similar things. God is using the two terms together for emphasis. If it would be clearer for your readers, you could express the emphasis with a single phrase. Alternate translation: [all of my laws]
3:14	vcpb		rc://*/ta/man/translate/figs-metonymy	אֶת־יָמֶֽי⁠ךָ	1	Here, **days** represents a period of time, specifically Solomon’s lifetime. If it would be helpful in your language, you could use an equivalent expression or plain language. Alternate translation: [your life]
3:15	oj5b		rc://*/ta/man/translate/writing-endofstory	וַ⁠יִּקַ֥ץ שְׁלֹמֹ֖ה וְ⁠הִנֵּ֣ה חֲל֑וֹם	1	The author is beginning to describe what happened at the end of this story as a result of the events within the story itself. Use a natural form in your language for introducing the conclusion of a story.
3:15	dwu7		rc://*/ta/man/translate/figs-metonymy	לִ⁠פְנֵ֣י	1	Here, **to the face of** represents being “in front of” the sacred tent where the **Box** of Yahweh was. If it would be helpful in your language, you could use an equivalent expression or plain language. Alternate translation: [in front of]
3:16	kd03		rc://*/ta/man/translate/writing-participants	תָּבֹ֗אנָה שְׁתַּ֛יִם נָשִׁ֥ים זֹנ֖וֹת אֶל־הַ⁠מֶּ֑לֶךְ	1	The author is introducing these women as new participants in the story. Your language may have its own way of introducing new participants that you can use in your translation. Alternate translation: [a certain two women, who were prostitutes, came to the king]
3:16	u1s0		rc://*/ta/man/translate/figs-explicit	תָּבֹ֗אנָה & אֶל־הַ⁠מֶּ֑לֶךְ	1	The implication is that these women came to the king seeking justice and asking him to make a decision about their dispute. You could include this information if that would be helpful to your readers. Alternate translation: [came to the king for justice] or [came to the king to ask him to settle a dispute]
3:16	dha0		rc://*/ta/man/translate/figs-metonymy	לְ⁠פָנָֽי⁠ו	1	Here, **to his face** represents being in front of the king. That was where people would stand who wanted the king to settle a dispute for them. If it would be helpful in your language, you could use an equivalent expression or plain language. Alternate translation: [in front of him]
3:17	xc78		rc://*/ta/man/translate/writing-background	אֲנִי֙ וְ⁠הָ⁠אִשָּׁ֣ה הַ⁠זֹּ֔את יֹשְׁבֹ֖ת בְּ⁠בַ֣יִת אֶחָ֑ד וָ⁠אֵלֵ֥ד עִמָּ֖⁠הּ בַּ⁠בָּֽיִת	1	The first woman is providing background information to help King Solomon understand all of the details that she describes next in the story. The crucial point is that there are no other witnesses to what happened. In your translation, introduce this information in a way that would be natural in your own language and culture.
3:17	dkvg		rc://*/ta/man/translate/figs-infostructure	אֲנִי֙ וְ⁠הָ⁠אִשָּׁ֣ה הַ⁠זֹּ֔את	1	In some languages, people name others before they name themselves. It may be more natural in your language to have the woman who is speaking do that here. Alternate translation: [this woman and I]
3:18	sei1		rc://*/ta/man/translate/figs-explicit	בַּ⁠יּ֤וֹם הַ⁠שְּׁלִישִׁי֙ לְ⁠לִדְתִּ֔⁠י	1	In this culture, the current day was considered the first day, the next day was considered the second day, and the day after that was considered **the third day**. In your translation, describe these days as your language and culture naturally would. Alternate translation, as in the UST: [two days after I gave birth]
3:18	bdot		rc://*/ta/man/translate/figs-parallelism	אֵֽין־זָ֤ר אִתָּ֨⁠נוּ֙ בַּ⁠בַּ֔יִת זוּלָתִ֥י שְׁתַּֽיִם־אֲנַ֖חְנוּ בַּ⁠בָּֽיִת	1	These two phrases mean basically the same thing. The second emphasizes the meaning of the first by repeating the same idea with different words. If it would be helpful to your readers, you could combine them and express the emphasis in another way. Alternate translation: [no one but the two of us was in the house]
3:18	vj3b		rc://*/ta/man/translate/figs-explicit	אֵֽין־זָ֤ר	1	The woman does not mean that no one who was a **stranger**, a person unknown to the two of them, was present. She is using the term “stranger” to mean “anyone else.” You could indicate this in your translation if that would be helpful to your readers. Alternate translation: [no other person]
3:19	e00f		rc://*/ta/man/translate/grammar-connect-logic-result	וַ⁠יָּ֛מָת בֶּן־הָ⁠אִשָּׁ֥ה הַ⁠זֹּ֖את לָ֑יְלָה אֲשֶׁ֥ר שָׁכְבָ֖ה עָלָֽי⁠ו	1	If it would be more natural in your language, you could reverse the order of these phrases, since the second phrase gives the reason for the result that the first phrase describes. Alternate translation: [And because she lay on him, the son of this woman died at night]
3:20	reh7		rc://*/ta/man/translate/grammar-connect-words-phrases	וַ⁠אֲמָֽתְ⁠ךָ֙ יְשֵׁנָ֔ה	1	If the connection between this statement and the previous one is not clear, you may want to use a different connecting word to show how this statement relates to what comes before it. Alternate translation: [while your female servant was sleeping]
3:21	bmw9		rc://*/ta/man/translate/figs-explicit	וָ⁠אֶתְבּוֹנֵ֤ן אֵלָי⁠ו֙ בַּ⁠בֹּ֔קֶר	1	In this second instance, the woman is using the phrase **in the morning** to mean “after it had gotten lighter.” The implication is that she could then see more clearly. You could indicate this explicitly in your translation if that would be helpful to your readers. Alternate translation: [But I looked carefully upon him after it had gotten light and I could see more clearly]
3:21	maue		rc://*/ta/man/translate/figs-explicitinfo	בְנִ֖⁠י אֲשֶׁ֥ר יָלָֽדְתִּי	1	It might seem that the expression **my son whom I had borne** contains extra information that would not be natural to express in your language. If so, you could shorten it. Alternate translation: [my own son] or [the son I had borne]
3:22	wmjt		rc://*/ta/man/translate/figs-metonymy	לִ⁠פְנֵ֥י הַ⁠מֶּֽלֶךְ	1	Here, **to the face of** represents being in front of the king. If it would be helpful in your language, you could use an equivalent expression or plain language. Alternate translation: [in front of the king]
3:23	oote		rc://*/ta/man/translate/figs-quotesinquotes	זֹ֣את אֹמֶ֔רֶת זֶה־בְּנִ֥⁠י הַ⁠חַ֖י וּ⁠בְנֵ֣⁠ךְ הַ⁠מֵּ֑ת וְ⁠זֹ֤את אֹמֶ֨רֶת֙ לֹ֣א כִ֔י בְּנֵ֥⁠ךְ הַ⁠מֵּ֖ת וּ⁠בְנִ֥⁠י הֶ⁠חָֽי	1	If it would be clearer in your language, you could translate this so that there is not a quotation within a quotation. Alternate translation: [This one says that her son is the living one and the other woman’s son is the one who died, but that one says that, on the contrary, the other woman’s son is the one who died and her own son is the living one]
3:24	hvpz		rc://*/ta/man/translate/figs-yousingular	קְח֣וּ	1	The implied “you” in the imperative **Get** is plural because Solomon is addressing his servants as a group. So use the plural form in your translation if your language marks that distinction.
3:24	kp75		rc://*/ta/man/translate/figs-metonymy	לִ⁠פְנֵ֥י הַ⁠מֶּֽלֶךְ	1	Here, **the face of the king** represents the presence of the king. If it would be helpful in your language, you could use an equivalent expression or plain language. Alternate translation: [into the presence of the king] or [to the king]
3:25	fht1		rc://*/ta/man/translate/figs-yousingular	גִּזְר֛וּ & וּ⁠תְנ֤וּ	1	The implied “you” in the imperatives **Divide** and **give** is plural because Solomon is addressing his servants as a group. So use plural forms in your translation if your language marks that distinction.
3:25	oa54		rc://*/ta/man/translate/figs-nominaladj	לִ⁠שְׁנָ֑יִם	1	The king is using the adjective **two** as a noun to mean pieces into which the baby would be divided. Your language may use adjectives in the same way. If not, you can translate this adjective with an equivalent phrase. Alternate translation: [into two pieces]
3:25	e5vi		rc://*/ta/man/translate/translate-fraction	אֶֽת־הַ⁠חֲצִי֙	1	A **half** means one part out of two equal parts. Alternate translation: [one of the two pieces]
3:25	la4e		rc://*/ta/man/translate/figs-nominaladj	לְ⁠אַחַ֔ת & לְ⁠אֶחָֽת	1	King Solomon is using the adjectives **one** and **other** as nouns to mean certain people. Your language may use adjectives in the same way. If not, you can translate this adjective with an equivalent phrase. Alternate translation: [to one of these women … to the other woman]
3:26	vg7y		rc://*/ta/man/translate/grammar-connect-logic-result	וַ⁠תֹּ֣אמֶר הָ⁠אִשָּׁה֩ אֲשֶׁר־בְּנָ֨⁠הּ הַ⁠חַ֜י אֶל־הַ⁠מֶּ֗לֶךְ כִּֽי־נִכְמְר֣וּ רַחֲמֶי⁠הָ֮ עַל־בְּנָ⁠הּ֒	1	If it would be more natural in your language, you could reverse the order of these phrases, since the second phrase gives the reason for the result that the first phrase describes. Alternate translation: [And because her compassions for her son were kindled, the woman whose son was the living one spoke to the king]
3:26	wzlg		rc://*/ta/man/translate/figs-activepassive	נִכְמְר֣וּ רַחֲמֶי⁠הָ֮ עַל־בְּנָ⁠הּ֒	1	The expression **her compassions for her son were kindled** is a passive verbal form. If your language would not use that form, you could express the idea in active form or in another way that is natural in your language. Alternate translation: [his decision kindled her compassions for her son]
3:26	u48i		rc://*/ta/man/translate/translate-plural	נִכְמְר֣וּ רַחֲמֶי⁠הָ֮ עַל־בְּנָ⁠הּ֒	1	The word **compassions** appears in the plural form here. The plural form suggests strong and intense feelings of love and concern that the woman had for her baby. If it would be clearer in your language, you could use singular forms and express the emphasis in another way. Alternate translation: [her compassion for her son was greatly kindled] or [his decision greatly kindled her compassion for her son]
3:26	j5bo		rc://*/ta/man/translate/figs-metaphor	נִכְמְר֣וּ רַחֲמֶי⁠הָ֮ עַל־בְּנָ⁠הּ֒	1	The author is speaking of **compassions** being **kindled** as if they were a fire that could be lit. Your language may have a comparable expression that you can use in your translation, or you could state the meaning plainly. Alternate translation: [she felt great compassion for her son]
3:26	k013		rc://*/ta/man/translate/figs-exclamations	בִּ֣י אֲדֹנִ֗⁠י	1	The woman is making an exclamation that expresses a strong feeling, fear for the life and safety of her child. There may be an equivalent word or phrase in your language that you can use in your translation to convey this feeling. If not, you could say what the woman was feeling, or you could say what made her afraid. Alternate translation: [Oh, no, my lord!] or [Stop, my lord!]
3:26	ui5l		rc://*/ta/man/translate/figs-infostructure	תְּנוּ־לָ⁠הּ֙ אֶת־הַ⁠יָּל֣וּד הַ⁠חַ֔י וְ⁠הָמֵ֖ת אַל־תְּמִיתֻ֑⁠הוּ	1	If it would be more natural in your language, you may want to put the information about not killing the child, which follows directly from Solomon’s instructions, before the instruction to give him to the other woman, which is new information. Alternate translation: [killing, you must not kill him, but give the living child to her]
3:26	cwdg		rc://*/ta/man/translate/figs-reduplication	וְ⁠הָמֵ֖ת אַל־תְּמִיתֻ֑⁠הוּ	1	The woman is repeating forms of the verb “kill” in order to intensify her expression of the idea that it conveys. If your language can repeat words for intensification, it would be appropriate to do that here in your translation. If not, your language may have another way of expressing the intensification. Alternate translation: [you must certainly not kill him]
3:26	k014		rc://*/ta/man/translate/grammar-connect-time-simultaneous	וְ⁠זֹ֣את אֹמֶ֗רֶת	1	The word that the ULT translates as **But** indicates that the second woman **was saying** that the servants should divide the child at the same time as when the first woman was saying not to kill the child. If it would be helpful to your readers, you could describe the time relationship more explicitly. Alternate translation: [At the same time, this one was saying]
3:26	dn7t		rc://*/ta/man/translate/figs-yousingular	גְּזֹֽרוּ	1	The implied “you” in the imperative **Divide** is plural because the woman is addressing a group of Solomon’s servants. So use the plural form in your translation if your language marks that distinction.
3:26	o6r3		rc://*/ta/man/translate/figs-imperative	גְּזֹֽרוּ	1	The word **Divide** here is an imperative, but it communicates permission rather than a command. Use a form in your language that communicates permission. Alternate translation: [Go ahead and divide]
3:26	gmly		rc://*/ta/man/translate/figs-ellipsis	גְּזֹֽרוּ	1	The second woman is leaving out some of the words that in many languages a sentence would need in order to be complete. You can supply these words from the context if that would be clearer in your language. Alternate translation: [Divide him between us] or [Go ahead and divide him between us]
3:27	vc6v		rc://*/ta/man/translate/writing-quotations	וַ⁠יֹּ֗אמֶר	1	See how you translated the similar expression in [1:28](../01/28.md).
3:27	jy64		rc://*/ta/man/translate/figs-infostructure	תְּנוּ־לָ⁠הּ֙ אֶת־הַ⁠יָּל֣וּד הַ⁠חַ֔י וְ⁠הָמֵ֖ת לֹ֣א תְמִיתֻ֑⁠הוּ	1	If it would be more natural in your language, you may want to put the information about not killing the baby before the information about giving the baby to the woman. See what you decided to do with the order of this information in the previous verse. Alternate translation: [Killing, you shall not kill the living child, but give him to her]
3:27	krrm		rc://*/ta/man/translate/figs-yousingular	תְּנוּ	1	The implied “you” in the imperative **Give** is plural because Solomon is addressing his servants as a group. So use the plural form in your translation if your language marks that distinction.
3:27	b8xj		rc://*/ta/man/translate/figs-explicit	לָ⁠הּ֙	1	The implication is that King Solomon ordered the baby to be given to the woman who wanted the baby to live rather than be killed. You could include this information if that would be helpful to your readers. Alternate translation: [to the woman who pleaded for his life]
3:28	wf3h		rc://*/ta/man/translate/figs-hyperbole	וַ⁠יִּשְׁמְע֣וּ כָל־יִשְׂרָאֵ֗ל	1	The author is saying **all of Israel** as a generalization for emphasis. If it would be clearer in your language, you could express the emphasis in a different way. Alternate translation: [And people throughout Israel heard]
3:28	l8fg		rc://*/ta/man/translate/writing-poetry	אֶת־הַ⁠מִּשְׁפָּט֙ אֲשֶׁ֣ר שָׁפַ֣ט הַ⁠מֶּ֔לֶךְ	1	The author is using a construction in which a verb and its object come from the same root. You may be able to use the same construction in your language to express the meaning here. Alternatively, your language may have another way of saying this. Alternate translation: [how the king had judged this case]
3:28	bfne		rc://*/ta/man/translate/grammar-connect-logic-result	וַ⁠יִּֽרְא֖וּ מִ⁠פְּנֵ֣י הַ⁠מֶּ֑לֶךְ כִּ֣י רָא֔וּ כִּֽי־חָכְמַ֧ת אֱלֹהִ֛ים בְּ⁠קִרְבּ֖⁠וֹ לַ⁠עֲשׂ֥וֹת מִשְׁפָּֽט	1	If it would be more natural in your language, you could reverse the order of these phrases, since the second phrase gives the reason for the result that the first phrase describes. Alternate translation: [and because they saw that the wisdom of God was within him to do justice, they were afraid from the face of the king]
3:28	apjm		rc://*/ta/man/translate/figs-idiom	מִ⁠פְּנֵ֣י הַ⁠מֶּ֑לֶךְ	1	Here, **from the face of** is a common expression of the culture that means “because of” or “on account of.” If this phrase does not have that meaning in your language, you could use a comparable expression from your language that does have that meaning, or you could state the meaning plainly. Alternate translation: [on account of the king]
3:28	n135		rc://*/ta/man/translate/figs-metaphor	רָא֔וּ	1	Here, **saw** is speaking of the people recognizing or understanding Solomon’s wisdom as if they had physically seen it with their eyes. Your language may have a comparable expression that you can use in your translation, or you could state the meaning plainly. Alternate translation: [they recognized]
3:28	zedk		rc://*/ta/man/translate/figs-metaphor	חָכְמַ֧ת אֱלֹהִ֛ים בְּ⁠קִרְבּ֖⁠וֹ	1	The author is speaking of **wisdom** as if it were an object that could be inside a person. Your language may have a comparable expression that you can use in your translation, or you could state the meaning plainly. Alternate translation: [God had given him great wisdom]
3:28	cpl7		rc://*/ta/man/translate/figs-abstractnouns	חָכְמַ֧ת אֱלֹהִ֛ים בְּ⁠קִרְבּ֖⁠וֹ	1	If your language does not use an abstract noun for the idea of **wisdom**, you could express the same idea in another way. Alternate translation: [God had made him very wise]
4:intro	q6h7				0	# 1 Kings 4 Chapter Introduction\n\n## Structure and Formatting\n\n  1. The important officials in Solomon’s government (4:1–19)\n  2. The extent and prosperity of Solomon’s kingdom (4:20–28)\n  3. Solomon’s great wisdom (4:29–34)\n\nThere are lists of Solomon’s officials and deputies in [4:2–6](../04/02.md) and [4:7–19](../04/07.md). You may wish to present these lists in the way that lists would appear in your culture. If you have already translated the book of 2 Samuel, see how you translated the similar lists in [2 Samuel 3:2–5](../2sa/03/02.md), [2 Samuel 5:13–16](../2sa/05/13.md), [2 Samuel 8:15–18](../2sa/08/15.md), and [2 Samuel 20:23–26](../2sa/20/23.md). For example, for the first list, you might put the first part of verse 2 on a separate line as a summary of Solomon’s government. You might then put the name of each official on a separate line, like this:\n\nNow King Solomon was king over all of Israel. And these {were} the officials who {were} to him.\nAzariah, the son of Zadok, was the priest.\nElihoreph and Ahijah, the sons of Shisha, were scribes.\nJehoshaphat, the son of Ahilud, was the recorder.\nAnd Benaiah, the son of Jehoiada, was over the army.\nAnd Zadok and Abiathar were priests.\nAnd Azariah, the son of Nathan, {was} over the deputies.\nAnd Zabud, the son of Nathan, {was} a priest, a friend of the king.\nAnd Ahishar was over the house.\nAnd Adoniram, the son of Abda, was over the forced labor.\n\nFor the second list, you might put verse 7 and the first part of verse 8 on a separate line as an introduction to this list of district governors. You might then put the name of each official and the description of his district on a separate line, like this:\n\nNow to Solomon {were} 12 deputies over all of Israel, and they sustained the king and his house. A month in the year, it was upon one to sustain. And these {were} their names.\nBen Hur, in the hill country of Ephraim.\nBen Deker, in Makaz and in Shaalbim and Beth Shemesh and Elon Beth Hanan.\nBen Hesed, in Arubboth (to him {was} Sokoh and all of the land of Hepher).\nBen Abinadab, all of Naphoth Dor. (Taphath, the daughter of Solomon, was to him for a wife.)\nBaana, the son of Ahilud, in Taanach and Megiddo and all of Beth Shan that {is} beside Zarethan from below Jezreel, from Beth Shan to Abel Meholah, as far as from the other side of Jokmeam.\nBen Geber, in Ramoth Gilead (to him {were} the villages of Jair, the son of Manasseh, that {were} in Gilead; to him {was} the region of Argob, which {was} in Bashan, 60 great cities with a wall and a bar of bronze).\nAhinadab, the son of Iddo, in Mahanaim.\nAhimaaz, in Naphtali. (He also took Basemath, the daughter of Solomon, for a wife.)\nBaana, the son of Hushai, in Asher and Bealoth.\nJehoshaphat, the son of Paruah, in Issachar.\nShimei, the son of Ela, in Benjamin.\nGeber, the son of Uri, in the land of Gilead, the land of Sihon, the king of the Amorite, and Og, the king of Bashan, and {there was} one deputy who {was} in the land.\n\n## Religious and Cultural Concepts in This Chapter\n\n### The structure of Solomon’s administration\n\nThis chapter provides a detailed list of Solomon’s top officials and administrators. This shows how Solomon organized his kingdom to manage its vast resources. The list includes a diverse group of officials, such as priests, scribes, army commanders, and twelve “deputies” or district governors. This administrative structure was essential for governing the expanding kingdom, collecting taxes, and ensuring that all parts of Israel contributed to the central government. Significantly, Solomon created twelve administrative districts of roughly equal population. These did not coincide with the traditional tribal boundaries. This would have encouraged Israelites to see themselves as citizens of the larger kingdom rather than as members of separate tribes.\n\n### Supplying Solomon’s royal court\n\nIn this chapter, the author describes the extensive provisions that were required each day for Solomon’s royal court. The list of foods, including large quantities of flour, grain, and various animals, underscores the prosperity of the kingdom under Solomon’s reign. But it also illustrates the burden that supporting his royal court placed on the people. This became a source of contention when Solomon’s son Rehoboam became king, and it was ultimately the cause for most of the Israelite tribes rebelling against him, as chapter 12 describes.
4:1	yyj9		rc://*/ta/man/translate/writing-background	וַֽ⁠יְהִי֙ הַ⁠מֶּ֣לֶךְ שְׁלֹמֹ֔ה מֶ֖לֶךְ עַל־כָּל־יִשְׂרָאֵֽל	1	The author is providing background information to help readers understand what happens next in the story. In your translation, introduce this information in a way that would be natural in your own language and culture.
4:4	k015		rc://*/ta/man/translate/figs-metaphor	וּ⁠בְנָיָ֥הוּ בֶן־יְהוֹיָדָ֖ע עַל־הַ⁠צָּבָ֑א	1	The author is speaking as if Benaiah had actually been **over** or physically above the army. He means that Benaiah was in charge of the army as its commander. If it would be helpful in your language, you could state the meaning of this expression plainly, here and in the next two verses. Alternate translation: [And Benaiah, the son of Jehoiada, was in charge of the army] or [And Benaiah, the son of Jehoiada, commanded the army]
4:4	qy6w		rc://*/ta/man/translate/figs-explicit	וְ⁠צָד֥וֹק וְ⁠אֶבְיָתָ֖ר כֹּהֲנִֽים	1	Since the author describes in [2:26–27](../02/26.md) how Solomon banished Abiathar, and since he states in [4:2](../04/02.md) that Zadok’s son Azariah had become **the priest** (that is, the high priest) by this time, he does not mean that Zadok and Abiathar served together as high priests during Solomon’s reign as they did during David’s reign, as [2 Samuel 8:16](../2sa/08/16.md) and [2 Samuel 20:25](../2sa/20/25.md) describe. Instead, the author is probably indicating that Zadok and Abiathar, as former high priests, retained the honorary title of **priests**. You could indicate this in your translation if that would be helpful to your readers. The UST models one way to do that.
4:5	pse8		rc://*/ta/man/translate/figs-explicit	כֹּהֵ֖ן	1	In this context, the term **priest** does not refer to someone who offers sacrifices but to a high-ranking royal official. If you have already translated the book of 2 Samuel, see how you translated the similar expression in [2 Samuel 8:18](../2sa/08/18.md) and [2 Samuel 20:26](../2sa/20/26.md). Alternate translation: [a chief official]
4:5	emj8		rc://*/ta/man/translate/figs-explicit	רֵעֶ֥ה הַ⁠מֶּֽלֶךְ	1	The similar description of Hushai in [2 Samuel 15:37](../2sa/15/37.md) as “the friend of David” suggests that the word **friend** in this context means “counselor.” You could indicate this explicitly in your translation if that would be helpful to your readers. Alternate translation: [a counselor to the king]
4:6	a29z		rc://*/ta/man/translate/figs-metonymy	הַ⁠בָּ֑יִת	1	Here, **house** represents the palace staff and administration. If it would be helpful in your language, you could use an equivalent expression or plain language. Alternate translation: [the palace staff]
4:6	qh1r		rc://*/ta/man/translate/translate-unknown	הַ⁠מַּֽס	1	The term **forced labor** describes the group of men whom Solomon required to work for him. The author provides a fuller description of this system in [5:13–18](../05/13.md). If your readers would not be familiar with the term **forced labor**, you could use the name of a similar system that your readers would recognize, or you could use a more general term. Alternate translation: [the levy] or [the compulsory labor force]
4:7	uki3		rc://*/ta/man/translate/figs-metonymy	וְ⁠אֶת־בֵּית֑⁠וֹ	1	See how you translated the similar expression in [4:6](../04/06.md). Alternate translation: [and his palace officials and staff]
4:7	lh7d		rc://*/ta/man/translate/figs-idiom	יִהְיֶ֥ה עַל־אחד	1	The author is using the phrase **was upon one** as a common expression of his culture to mean “it was the responsibility of each one.” If this phrase does not have that meaning in your language, you could use a comparable expression from your language that does have that meaning, or you could state the meaning plainly. Alternate translation: [it was the responsibility of each one]
4:8	nrol		rc://*/ta/man/translate/figs-ellipsis	בֶּן־ח֖וּר בְּ⁠הַ֥ר אֶפְרָֽיִם	1	The author is leaving out some of the words that in many languages a sentence would need in order to be complete. You can supply these words from the context if that would be clearer in your language, here and throughout this list. Alternate translation: [Ben Hur was the governor in the hill country of Ephraim]
4:13	q80x		rc://*/ta/man/translate/grammar-collectivenouns	חוֹמָ֖ה וּ⁠בְרִ֥יחַ נְחֹֽשֶׁת	1	In this verse, the words **wall** and **bar** are singular in form, but they refer to all the walls and bars of these cities as a group. If it would be helpful in your language, you could use plural forms. Alternate translation: [with walls and bars of bronze]
4:13	tok0		rc://*/ta/man/translate/figs-explicit	וּ⁠בְרִ֥יחַ נְחֹֽשֶׁת	1	When the author notes that the gates of these cities each had a **bar of bronze**, he is indicating that these bronze bars made the gates very difficult to break through. You could include this information if that would be helpful to your readers. Alternate translation: [and gates that the people could make very secure, since they had bronze bars]
4:15	ewt6		rc://*/ta/man/translate/figs-explicit	גַּם־ה֗וּא לָקַ֛ח אֶת־בָּשְׂמַ֥ת בַּת־שְׁלֹמֹ֖ה לְ⁠אִשָּֽׁה	1	The author is not using the term **also** to mean that Ahimaaz married Basemath in addition to being a deputy. He means that just as Ben Abinadab married a daughter of Solomon, so Ahimaaz married a daughter of Solomon. Express this meaning in a way that would be clear in your language. It may not be necessary to represent the term “also” in your translation. Alternate translation: [Like Ben Abinadab, Ahimaaz married a daughter of Solomon, Basemath]
4:19	z20v		rc://*/ta/man/translate/figs-genericnoun	הָ⁠אֱמֹרִ֗י	1	The author is not referring to a specific **Amorite**. He means Amorites in general. If it would be helpful to your readers, you could use an expression that would be more natural in your language. Alternate translation: [the Amorites]
4:20	x8pi		rc://*/ta/man/translate/figs-metonymy	יְהוּדָ֤ה וְ⁠יִשְׂרָאֵל֙	1	See the discussion of this phrase in the introduction to 1 Kings of how the author and characters often use the name of a nation, tribe, or city to represent its people. That is what the author is doing here. Alternate translation: [the people of Judah and Israel]
4:20	g1va		rc://*/ta/man/translate/figs-hyperbole	כַּ⁠ח֥וֹל אֲשֶׁר־עַל־הַ⁠יָּ֖ם לָ⁠רֹ֑ב	1	The author says **like the sand that is at the sea for abundance** as an extreme statement for emphasis. If it would be helpful in your language, you could use a different way to express the emphasis. Alternate translation: [more numerous than anyone could count]
4:20	upwo		rc://*/ta/man/translate/figs-ellipsis	אֹכְלִ֥ים וְ⁠שֹׁתִ֖ים וּ⁠שְׂמֵחִֽים	1	The author is leaving out some of the words that in many languages a sentence would need in order to be complete. You can supply these words from the context if that would be clearer in your language. Alternate translation: [They were eating and drinking and rejoicing]
4:21	smzf		rc://*/ta/man/translate/figs-explicit	הַ⁠נָּהָר֙	1	The author assumes that readers will know that **the River** refers to the Euphrates River. You could say that explicitly if that would be helpful to your readers. Alternate translation: [the Euphrates River]
4:21	eoh7		rc://*/ta/man/translate/figs-ellipsis	מַגִּשִׁ֥ים מִנְחָ֛ה	1	The author is leaving out some of the words that in many languages a sentence would need in order to be complete. You can supply these words from the context if that would be clearer in your language. Alternate translation: [They were bringing tribute]
4:22	pk44		rc://*/ta/man/translate/figs-synecdoche	וַ⁠יְהִ֥י לֶֽחֶם־שְׁלֹמֹ֖ה	1	The author is using one kind of food, **bread**, to mean food in general. If it would be helpful in your language, you could state the meaning plainly. Alternate translation: [And the food of Solomon]
4:22	o6hq		rc://*/ta/man/translate/figs-metonymy	וַ⁠יְהִ֥י לֶֽחֶם־שְׁלֹמֹ֖ה	1	Here the author is using **Solomon** to represent the king himself and all of the people whom he fed in his palace. If it would be helpful in your language, you could use an equivalent expression or plain language. Alternate translation: [And the food that was required for Solomon and his royal household]
4:22	neb0		rc://*/ta/man/translate/translate-bvolume	שְׁלֹשִׁ֥ים כֹּר֙ סֹ֔לֶת וְ⁠שִׁשִּׁ֥ים כֹּ֖ר קָֽמַח	1	Each of these **cors** was equivalent to 220 liters or nearly 60 gallons. If it would be helpful to your readers, you could express this in terms of modern measurements, either in the text or in a footnote. The UST models one way to do that.
4:23	d6y6		rc://*/ta/man/translate/figs-activepassive	וּ⁠בַרְבֻּרִ֖ים אֲבוּסִֽים	1	The expression **fattened fowl** is a passive verbal form. If your language would not use that form, you could express the idea in active form or in another way that is natural in your language. Alternate translation: [and fowl that people had fattened]
4:24	syf0		rc://*/ta/man/translate/grammar-connect-logic-result	כִּי	1	The word translated as **For** indicates that what follows is a reason for what came before. Use a connector in your language that makes this clear. Alternate translation: [This was because] or [The reason was that]
4:24	tjqa		rc://*/ta/man/translate/figs-explicit	עֵ֣בֶר הַ⁠נָּהָ֗ר	1	The author assumes that readers will know that, in this context, **beyond the River** refers to the territory on the Israelite side of the Euphrates River, that is, west of that river. You could indicate that explicitly if that would be helpful to your readers. Alternate translation: [on this side of the Euphrates River] or [west of the Euphrates River]
4:24	np92		rc://*/ta/man/translate/figs-ellipsis	בְּ⁠כָל	2	The author is leaving out some of the words that in many languages a sentence would need in order to be complete. You can supply these words from the context if that would be clearer in your language. Alternate translation: [He ruled over all of]
4:24	ks2x		rc://*/ta/man/translate/figs-possession	מַלְכֵ֖י	1	The author is using the possessive form to describe **kings** who ruled over the territory that was **beyond the river**. If a speaker of your language would not use the possessive form for this, you could express this idea in another way. Alternate translation: [the kings whose territory was]
4:24	s2jh		rc://*/ta/man/translate/figs-abstractnouns	וְ⁠שָׁל֗וֹם הָ֥יָה ל֛⁠וֹ	1	If your language does not use an abstract noun for the idea of **peace**, you could express the same idea in another way. Alternate translation: [And conditions were peaceful for him]
4:24	pj3z		rc://*/ta/man/translate/figs-doublet	וְ⁠שָׁל֗וֹם הָ֥יָה ל֛⁠וֹ מִ⁠כָּל־עֲבָרָ֖י⁠ו מִ⁠סָּבִֽיב	1	The phrases **from all his sides** and **from all around** mean similar things. The author is using the two phrases together for emphasis. If it would be clearer for your readers, you could express the emphasis with a single phrase. Alternate translation: [And peace completely surrounded him] or [And his kingdom was completely surrounded by peaceful conditions]
4:25	o3pe		rc://*/ta/man/translate/figs-metonymy	וַ⁠יֵּשֶׁב֩ יְהוּדָ֨ה וְ⁠יִשְׂרָאֵ֜ל	1	See how you translated the same expression in [4:20](../04/20.md). Alternate translation: [And the people of Judah and Israel dwelled]
4:25	z8nm		rc://*/ta/man/translate/figs-abstractnouns	לָ⁠בֶ֗טַח	1	If your language does not use an abstract noun for the idea of **safety**, you could express the same idea in another way. Alternate translation: [safely]
4:25	wcoy		rc://*/ta/man/translate/figs-genericnoun	אִ֣ישׁ	1	The author is not referring to a specific **man**. He means people in general. If it would be helpful to your readers, you could use an expression that would be more natural in your language. Alternate translation: [each person]
4:25	oawm		rc://*/ta/man/translate/figs-synecdoche	תַּ֤חַת גַּפְנ⁠וֹ֙ וְ⁠תַ֣חַת תְּאֵֽנָת֔⁠וֹ	1	The author is using two plants that produce fruit, the grape **vine** and the **fig tree**, to represent agricultural prosperity in general. If it would be helpful in your language, you could use an equivalent expression from your culture or state the meaning plainly. Alternate translation: [enjoying agricultural abundance]
4:25	fqu7		rc://*/ta/man/translate/figs-merism	מִ⁠דָּ֖ן וְ⁠עַד־בְּאֵ֣ר שָׁ֑בַע	1	The author is referring to all of Israel by naming two extremes, **Dan** (in the far north) and **Beersheba** (in the far south). If it would be helpful in your language, you could use an equivalent expression or plain language. Alternate translation: [throughout the territory of Israel]
4:25	z534		rc://*/ta/man/translate/figs-metonymy	כֹּ֖ל יְמֵ֥י שְׁלֹמֹֽה	1	Here, **days** represents a period of time, specifically Solomon’s lifetime, since time consists of days. If it would be helpful in your language, you could use an equivalent expression or plain language. Alternate translation: [throughout the lifetime of Solomon]
4:26	vy23		rc://*/ta/man/translate/figs-infostructure	וַ⁠יְהִ֣י לִ⁠שְׁלֹמֹ֗ה אַרְבָּעִ֥ים אֶ֛לֶף אֻרְוֺ֥ת סוּסִ֖ים לְ⁠מֶרְכָּב֑⁠וֹ וּ⁠שְׁנֵים־עָשָׂ֥ר אֶ֖לֶף פָּרָשִֽׁים	1	If it would be more natural in your language, you may want to put the information about **12,000 horsemen** with the information about **40,000 stalls of horses**. Alternate translation: [And 40,000 stalls of horses and 12,000 horsemen were to Solomon for his chariotry]
4:26	md4a		rc://*/ta/man/translate/translate-textvariants	אַרְבָּעִ֥ים אֶ֛לֶף	1	The traditional Hebrew text reads **40,000**. The ULT follows that reading. The parallel passage in [2 Chronicles 9:25](../2ch/09/25.md) and some Greek manuscripts of the Old Testament read “4,000.” If a translation of the Bible exists in your region, you may wish to use the reading that it uses. If a translation of the Bible does not exist in your region, you may wish to use the reading of the ULT.
4:27	akeb		rc://*/ta/man/translate/figs-metonymy	וְ⁠אֵ֧ת כָּל־הַ⁠קָּרֵ֛ב אֶל־שֻׁלְחַ֥ן הַ⁠מֶּֽלֶךְ־שְׁלֹמֹ֖ה	1	Here, being **near** Solomon’s **table** represents eating meals with him in his palace. If it would be helpful in your language, you could use an equivalent expression or plain language. Alternate translation: [and all of the people whom King Solomon entertained for meals]
4:27	vk1v		rc://*/ta/man/translate/figs-nominaladj	הַ⁠קָּרֵ֛ב	1	The author is using the adjective **near** as a noun to mean a certain kind of person. The ULT indicates that by adding the word **ones**. Your language may use adjectives in the same way. If not, you can translate this adjective with an equivalent phrase. Alternate translation: [the ones who came near to] or [the ones who sat at]
4:27	iq6s		rc://*/ta/man/translate/figs-ellipsis	אִ֣ישׁ חָדְשׁ֑⁠וֹ	1	The author is leaving out some of the words that in many languages a sentence would need in order to be complete. You can supply these words from the context if that would be clearer in your language. Alternate translation: [each man providing food during his assigned month]
4:27	bs2x		rc://*/ta/man/translate/figs-litotes	לֹ֥א יְעַדְּר֖וּ דָּבָֽר	1	The author is emphasizing a positive meaning by using a negative word, **not**, together with a mild expression that is the opposite of the intended meaning. If it would be helpful in your language, you could emphasize the positive meaning in a strong way. Alternate translation: [They provided everything that was needed] or [They made sure everything was fully supplied]
4:28	a0uh		rc://*/ta/man/translate/figs-genericnoun	וְ⁠לָ⁠רָ֑כֶשׁ	1	The author is not referring to a specific **steed**. He means steeds in general, that is, fast horses that messengers could ride to communicate news and decrees quickly throughout the kingdom. If it would be helpful to your readers, you could use an expression that would be more natural in your language. Alternate translation: [and for the steeds]
4:28	qnlz		rc://*/ta/man/translate/figs-explicitinfo	אֲשֶׁ֣ר יִֽהְיֶה־שָּׁ֔ם	1	It might seem that this expression contains extra information that would not be natural to express in your language. If so, you could shorten it. Alternate translation: [where it should be]
4:28	syid		rc://*/ta/man/translate/figs-possession	כְּ⁠מִשְׁפָּטֽ⁠וֹ	1	The author is using the possessive form in **his ordinance** to mean the regulation that applied to each official. It may be helpful to clarify this for your readers. Alternate translation: [according to what the king had ordered him to do]
4:29	ague		rc://*/ta/man/translate/figs-abstractnouns	וַ⁠יִּתֵּן֩ אֱלֹהִ֨ים חָכְמָ֧ה לִ⁠שְׁלֹמֹ֛ה וּ⁠תְבוּנָ֖ה הַרְבֵּ֣ה מְאֹ֑ד	1	If your language does not use abstract nouns for the ideas of **wisdom** and **understanding**, you could express the same ideas in other ways. Alternate translation: [And God made Solomon wise and able to understand very much]
4:29	o3uv		rc://*/ta/man/translate/figs-simile	וְ⁠רֹ֣חַב לֵ֔ב כַּ⁠ח֕וֹל אֲשֶׁ֖ר עַל־שְׂפַ֥ת הַ⁠יָּֽם	1	The point of this comparison is that just as there are very many grains of **sand that is on the shore of the sea**, so God gave Solomon **breadth of heart** (that is, capacity of mind) to learn and remember very many things. If it would be helpful in your language, you could make this point explicitly. Alternate translation: [and capacity to know very many things, just as there are very main grains of sand on the shore of the sea]
4:29	ujih		rc://*/ta/man/translate/figs-metaphor	וְ⁠רֹ֣חַב לֵ֔ב	1	The author is speaking as if Solomon’s **heart** were very wide or had great **breadth**. In this context, the heart represents the mind, as able to obtain knowledge. Your language may have a comparable expression that you can use in your translation, or you could state the meaning plainly. Alternate translation: [and capacity of mind for great knowledge]
4:30	j9k2		rc://*/ta/man/translate/figs-idiom	כָּל־בְּנֵי־קֶ֑דֶם	1	See the discussion in the introduction to 1 Kings of how, in certain contexts, biblical authors and characters use the expression **sons of** to indicate that people had the characteristic of something. In this case, the people in view had the characteristic of belonging to desert tribes that lived to the **east** of the land of Israel. While the people of those tribes were generally respected for their wisdom, the author probably is referring to specific individuals among them who were especially renowned as wise. If it would be helpful to your readers, you could use an equivalent expression from your language or state the meaning plainly. Alternate translation: [the people of the tribes that lived to the east of Israel] or [any of the greatest Arabian sages]
4:30	mpy8		rc://*/ta/man/translate/figs-metonymy	מִצְרָֽיִם	1	Here, **Egypt** represents the people of Egypt and, in this context, probably the especially wise individuals among them. If it would be helpful in your language, you could use an equivalent expression or plain language. Alternate translation: [the Egyptian people] or [the greatest Egyptian sages]
4:31	ley8		rc://*/ta/man/translate/figs-gendernotations	הָֽ⁠אָדָם֒	1	Here the masculine term **man** has a generic sense that includes both men and women. If it would be helpful to your readers, you could use language in your translation that is clearly inclusive of both men and women. Alternate translation: [person]
4:31	o5tn		rc://*/ta/man/translate/figs-ellipsis	מֵ⁠אֵיתָ֣ן	1	The author is leaving out some of the words that in many languages a sentence would need in order to be complete. You can supply these words from the context if that would be clearer in your language. Alternate translation: [he was even wiser than Ethan]
4:31	f1uy		rc://*/ta/man/translate/figs-metonymy	וַ⁠יְהִֽי־שְׁמ֥⁠וֹ בְ⁠כָֽל	1	Here, **name** represents Solomon’s reputation or fame. If it would be helpful in your language, you could use an equivalent expression or plain language. Alternate translation: [And his reputation extended to]
4:33	laf2		rc://*/ta/man/translate/figs-merism	הָֽ⁠עֵצִים֒ מִן־הָ⁠אֶ֨רֶז֙ אֲשֶׁ֣ר בַּ⁠לְּבָנ֔וֹן וְ⁠עַד֙ הָ⁠אֵז֔וֹב אֲשֶׁ֥ר יֹצֵ֖א בַּ⁠קִּ֑יר	1	The author is referring to all kinds of trees by naming two extremes, the very large **cedar that is in Lebanon** and the very small **hyssop that comes out in the wall**. If it would be helpful in your language, you could use an equivalent expression or plain language. Alternate translation: [trees of all sizes] or [trees of all kinds]
4:33	vwi2		rc://*/ta/man/translate/figs-genericnoun	עַל־הַ⁠בְּהֵמָ֣ה וְ⁠עַל־הָ⁠ע֔וֹף וְ⁠עַל־הָ⁠רֶ֖מֶשׂ וְ⁠עַל־הַ⁠דָּגִֽים	1	The author is not referring to a specific **beast**, **bird**, **creeping thing**, or **fish**. He means such creatures in general. If it would be helpful to your readers, you could use expressions that would be more natural in your language. Alternate translation: [about beasts and about birds and about creeping things and about fish]
4:33	lqex		rc://*/ta/man/translate/figs-explicitinfo	עַל־הַ⁠בְּהֵמָ֣ה וְ⁠עַל־הָ⁠ע֔וֹף וְ⁠עַל־הָ⁠רֶ֖מֶשׂ וְ⁠עַל־הַ⁠דָּגִֽים	1	In some languages, it may not be natural or necessary to repeat the word “about” before each term in this list. If that is the case for your language, you can leave out this word after its first occurrence. Alternate translation: [about beasts and birds and creeping things and fish]
4:34	s7uy		rc://*/ta/man/translate/writing-pronouns	וַ⁠יָּבֹ֨אוּ֙	1	The author is using the pronoun **they** in a general sense, not to refer to specific people. Use an expression for this that would be natural in your language. Alternate translation: [And people came]
4:34	nabx		rc://*/ta/man/translate/figs-hyperbole	מִ⁠כָּל־הָ֣⁠עַמִּ֔ים & כָּל־מַלְכֵ֣י	1	The author says **from all of the peoples** and **from with all the kings of the earth** as an overstatement for emphasis. If it would be helpful in your language, you could use a different way to express the emphasis. Alternate translation: [from many nations and from many kings]
5:intro	c6a5				0	# 1 Kings 5 Chapter Introduction\n\n## Structure and Formatting\n\nThis chapter is the beginning of the author’s description of how Solomon built a temple for Yahweh. It relates how Solomon made an agreement with King Hiram of Tyre to supply him with cedar and cypress logs and how Solomon made thousands of men work to cut and transport blocks of stone for the temple.\n\n## Religious and Cultural Concepts in This Chapter\n\n### Ancient political and trade alliances\n\nThis chapter describes a significant alliance that King Solomon made with King Hiram of Tyre. This was a crucial political and economic agreement. Tyre was a powerful Phoenician city-state known for its maritime trade and skilled craftsmen. Israel, by contrast, had vast resources such as timber, but it lacked the expertise to harvest and transport them efficiently. The alliance was mutually beneficial. Solomon provided food to Hiram’s people, who could not grow much food for themselves, and Hiram provided the master craftsmen and the beautiful cedar wood needed for the temple. This alliance highlights how ancient kingdoms relied on such strategic partnerships to secure resources and manpower for large-scale projects.\n\n### The use of forced labor\n\nThe chapter mentions Solomon’s use of forced labor to build the temple and other structures. This workforce was made up of two main groups, (1) laborers from a large number of non-Israelite people living in the land and (2) a smaller, rotating group of Israelite supervisors. (The author describes this system in more detail in 9:15–23.) While, for the Israelites, this labor was a form of national service and not permanent slavery, it still put a heavy demand on the populace. This practice, common in ancient empires for large construction projects, shows the immense power of the king but also the social cost of such grand undertakings. This led to discontent that would later help cause the division of the kingdom.
5:1	k000		rc://*/ta/man/translate/writing-participants	וַ֠⁠יִּשְׁלַח חִירָ֨ם מֶֽלֶךְ־צ֤וֹר אֶת־עֲבָדָי⁠ו֙ אֶל־שְׁלֹמֹ֔ה כִּ֣י שָׁמַ֔ע כִּ֥י אֹת֛⁠וֹ מָשְׁח֥וּ לְ⁠מֶ֖לֶךְ תַּ֣חַת אָבִ֑י⁠הוּ כִּ֣י אֹהֵ֗ב הָיָ֥ה חִירָ֛ם לְ⁠דָוִ֖ד כָּל־הַ⁠יָּמִֽים	1	The author is reintroducing **Hiram** as a participant in the story. He first appeared in [2 Samuel 5:11](../2sa/05/11.md). If your language has its own way of reintroducing participants, you could use it here in your translation. Alternate translation: [And Hiram, king of Tyre, who had been a friend to David all of the days, sent his servants to Solomon when he heard that they had anointed him as king in place of his father]
5:1	f271		rc://*/ta/man/translate/figs-events	וַ֠⁠יִּשְׁלַח חִירָ֨ם מֶֽלֶךְ־צ֤וֹר אֶת־עֲבָדָי⁠ו֙ אֶל־שְׁלֹמֹ֔ה כִּ֣י שָׁמַ֔ע כִּ֥י אֹת֛⁠וֹ מָשְׁח֥וּ לְ⁠מֶ֖לֶךְ תַּ֣חַת אָבִ֑י⁠הוּ	1	The author is describing one event, Hiram sending his servants to Solomon, before describing another event that preceded it, the Israelites anointing Solomon as king. If it would be helpful in your language, you may wish to relate these events in the order in which they happened, as in the UST. Alternate translation: [And when Hiram, king of Tyre, heard that they had anointed Solomon as king in place of his father, he sent his servants to him]
5:1	e7oh		rc://*/ta/man/translate/writing-pronouns	אֹת֛⁠וֹ מָשְׁח֥וּ	1	Here the author is using the pronoun **they** in a general sense, not to refer to specific people. Use an expression for this that would be natural in your language. Alternate translation: [he had been anointed]
5:1	iksr		rc://*/ta/man/translate/figs-metonymy	כָּל־הַ⁠יָּמִֽים	1	The author is using the term **days** to mean time, since time is made up of days. If it would be helpful in your language, you could use an equivalent expression or plain language. Alternate translation: [all the time] or [continually]
5:2	vpap		rc://*/ta/man/translate/figs-ellipsis	וַ⁠יִּשְׁלַ֣ח שְׁלֹמֹ֔ה	1	The author is leaving out some of the words that in many languages a sentence would need in order to be complete. You can supply these words from the context if that would be clearer in your language, here and in [5:8](../05/08.md). Alternate translation: [And Solomon sent messengers]
5:2	erjk		rc://*/ta/man/translate/writing-quotations	לֵ⁠אמֹֽר	1	Make sure that it is clear in your translation that this is not what Solomon said to his own messengers. It is what he told them to say to Hiram on his behalf. Alternate translation: [to say to him on his behalf]
5:3	olve		rc://*/ta/man/translate/writing-pronouns	אַתָּ֨ה יָדַ֜עְתָּ	1	See how you translated the similar expression in [2:5](../02/05.md). Alternate translation: [You know quite well]
5:3	fn9i		rc://*/ta/man/translate/figs-explicitinfo	אֶת־דָּוִ֣ד אָבִ֗⁠י כִּ֣י לֹ֤א יָכֹל֙	1	It might seem that this expression contains extra information that would not be natural to express in your language. If so, you could shorten it. Alternate translation: [that David my father was not able]
5:3	m5fo		rc://*/ta/man/translate/figs-metaphor	בַּ֗יִת	1	See how you translated the similar expression in [3:1](../03/01.md). Alternate translation: [a temple]
5:3	ojij		rc://*/ta/man/translate/figs-metonymy	לְ⁠שֵׁם֙ יְהוָ֣ה	1	See how you translated the similar expression in [3:2](../03/02.md). Alternate translation: [for the worship of Yahweh] or [for the reputation of Yahweh]
5:3	d5aw		rc://*/ta/man/translate/figs-idiom	מִ⁠פְּנֵ֥י	1	Here, **from the face of** is a common expression of the culture that means “because of” or “on account of.” If this phrase does not have that meaning in your language, you could use a comparable expression from your language that does have that meaning, or you could state the meaning plainly. Alternate translation: [on account of]
5:3	mbth		rc://*/ta/man/translate/figs-abstractnouns	הַ⁠מִּלְחָמָ֖ה אֲשֶׁ֣ר סְבָבֻ֑⁠הוּ	1	If your language does not use an abstract noun for the idea of **warfare**, you could express the same idea in another way. Alternate translation: [the wars they fought against him on all sides]
5:3	x4us		rc://*/ta/man/translate/writing-pronouns	סְבָבֻ֑⁠הוּ	1	The pronoun **they** refers to David’s enemies. It may be helpful to clarify this for your readers. Alternate translation: [his enemies surrounded him]
5:3	rn3s		rc://*/ta/man/translate/figs-metaphor	עַ֤ד תֵּת־יְהוָה֙ אֹתָ֔⁠ם תַּ֖חַת כַּפּ֥וֹת רגל⁠ו	1	Solomon is speaking as if David had performed a symbolic action against his enemies. In this culture, victorious soldiers would make defeated enemies lie face down on the ground, and they would then step on their necks to demonstrate their complete triumph (as in [Joshua 10:24](../../jos/10/24.md), for example). If it would be helpful to your readers, you could express the meaning plainly in your translation. Alternate translation: [until Yahweh enabled him to defeat them all completely]
5:3	yngt		rc://*/ta/man/translate/grammar-collectivenouns	רגל⁠ו	1	In this verse, the word **foot** is singular in form, but it refers to both of David’s feet. If it would be helpful in your language, you could use the plural form of “foot.” Alternate translation: [his feet]
5:4	k001		rc://*/ta/man/translate/grammar-connect-words-phrases	וְ⁠עַתָּ֕ה	1	See how you translated the similar expression in [1:12](../01/12.md).
5:5	iey2		rc://*/ta/man/translate/figs-idiom	וְ⁠הִנְ⁠נִ֣י אֹמֵ֔ר	1	Solomon is using a common expression of his culture, **behold me**, to indicate that he is about to do something. If this phrase does not have that meaning in your language, you could use a comparable expression from your language that does have that meaning, or you could state the meaning plainly. If you have already translated the book of 2 Samuel, see how you translated the similar expression in [2 Samuel 12:11](../2sa/12/11.md). Alternate translation: [And I am currently intending]
5:5	c419		rc://*/ta/man/translate/figs-explicit	וְ⁠הִנְ⁠נִ֣י אֹמֵ֔ר	1	In this context, the term **saying** means “intending.” The idea is that Solomon has been **saying** to himself that he will do this. Alternate translation: [And behold me, intending]
5:5	c0mc		rc://*/ta/man/translate/figs-metonymy	לְ⁠שֵׁ֖ם יְהוָ֣ה	1	See how you translated the similar expression in [5:3](../05/03.md). Alternate translation: [for the worship of Yahweh] or [for the reputation of Yahweh]
5:5	b2rs		rc://*/ta/man/translate/figs-quotesinquotes	לֵ⁠אמֹ֔ר בִּנְ⁠ךָ֗ אֲשֶׁ֨ר אֶתֵּ֤ן תַּחְתֶּ֨י⁠ךָ֙ עַל־כִּסְאֶ֔⁠ךָ הֽוּא־יִבְנֶ֥ה הַ⁠בַּ֖יִת לִ⁠שְׁמִֽ⁠י	1	If it would be clearer in your language, you could translate this so that there is not a quotation within a quotation. Alternate translation: [telling him that his son, whom he would put in David’s place on his throne, would build the house for his name]
5:5	q98u		rc://*/ta/man/translate/figs-metonymy	אֲשֶׁ֨ר אֶתֵּ֤ן תַּחְתֶּ֨י⁠ךָ֙ עַל־כִּסְאֶ֔⁠ךָ	1	See how you translated the similar expression in [2:24](../02/24.md). Alternate translation: [whom I will make succeed you as king] or [whom I will make rule the Israelites after you]
5:5	x6jp		rc://*/ta/man/translate/writing-pronouns	הֽוּא־יִבְנֶ֥ה	1	See how you translated the similar expression “you, you swore” in [1:17](../01/17.md). Alternate translation: [he is the one who will build]
5:6	sk9y		rc://*/ta/man/translate/grammar-connect-words-phrases	וְ⁠עַתָּ֡ה	1	See how you translated the similar expression in [1:12](../01/12.md).
5:6	uagr		rc://*/ta/man/translate/figs-imperative	צַוֵּה֩	1	The word translated as **command** is an imperative, but it communicates a polite request rather than a command. Use a form in your language that communicates a polite request. It may be helpful to add an expression such as “please” to make this clear. Alternate translation: [please command]
5:6	u3ba		rc://*/ta/man/translate/writing-pronouns	וְ⁠יִכְרְתוּ	1	Here Solomon is using the pronoun **they** to refer to Hiram’s workers. It may be helpful to clarify this for your readers. Alternate translation: [and may your workers cut]
5:6	pgdc		rc://*/ta/man/translate/grammar-connect-words-phrases	כִּ֣י	1	Here the word **For** introduces not a reason but an explanation. Alternate translation: [After all,]
5:6	p5rr		rc://*/ta/man/translate/writing-pronouns	אַתָּ֣ה יָדַ֗עְתָּ	1	See how you translated the similar expression in [2:5](../02/05.md). Alternate translation: [You know quite well]
5:7	t6r1		rc://*/ta/man/translate/figs-metonymy	אֶת־דִּבְרֵ֥י שְׁלֹמֹ֖ה	1	Here, **words** represents what Solomon said by using words. If it would be clearer in your language, you could state the meaning plainly. Alternate translation: [what Solomon had sent the messengers to tell him]
5:7	ospv		rc://*/ta/man/translate/figs-activepassive	בָּר֤וּךְ יְהוָה֙	1	See how you translated the similar expression in [1:48](../01/48.md). Alternate translation: [May people bless Yahweh] or [May people praise Yahweh]
5:7	qft0		rc://*/ta/man/translate/figs-metaphor	עַל	1	Here, Hiram is speaking of Solomon as if he were positioned **over** the people. He is indicating Solomon’s role as their ruler. Your language may have a comparable expression that you can use in your translation, or you could state the meaning plainly. Alternate translation: [to rule]
5:8	y7zu		rc://*/ta/man/translate/figs-explicit	שָׁמַ֕עְתִּי אֵ֥ת אֲשֶׁר־שָׁלַ֖חְתָּ אֵלָ֑⁠י	1	See the discussion in the introduction to 1 Kings of this use of the term “heard.” Alternate translation: [I agree to do what you sent messengers to ask me to do]
5:8	t13n		rc://*/ta/man/translate/writing-pronouns	אֲנִ֤י אֶֽעֱשֶׂה֙	1	Hiram is stating the pronoun **I** separately, even though the verb translated as **I will do** already includes this meaning. He is doing that because he is making an agreement with Solomon. See how you translated the similar expression “I, I will speak” in [2:18](../02/18.md). Alternate translation: [I agree to do]
5:8	k016		rc://*/ta/man/translate/figs-synecdoche	אֲנִ֤י אֶֽעֱשֶׂה֙	1	See how you translated the similar expression in [2:26](../02/26.md). Alternate translation: [I agree to command my servants to do]
5:8	o3w3		rc://*/ta/man/translate/figs-abstractnouns	אֶת־כָּל־חֶפְצְ⁠ךָ֔	1	If your language does not use an abstract noun for the idea of **desire**, you could express the same idea in another way. Alternate translation: [everything you want] or [everything that you have asked]
5:9	cu3t		rc://*/ta/man/translate/figs-ellipsis	עֲ֠בָדַ⁠י יֹרִ֨דוּ	1	Hiram is leaving out some of the words that in many languages a sentence would need in order to be complete. You can supply these words from the context if that would be clearer in your language. Alternate translation: [And my servants will bring down the trees that they cut]
5:9	ktyp		rc://*/ta/man/translate/writing-pronouns	וַ֠⁠אֲנִי אֲשִׂימֵ֨⁠ם דֹּבְר֤וֹת	1	See how you translated the similar expression “I, I will do” in [5:8](../05/08.md). Alternate translation: [and for my part, I will set rafts]
5:9	zvhj		rc://*/ta/man/translate/figs-ellipsis	עַֽד־הַ⁠מָּק֞וֹם	1	Hiram is leaving out some of the words that in many languages a sentence would need in order to be complete. You can supply these words from the context if that would be clearer in your language. Alternate translation: [and float them to the place]
5:9	k8rw		rc://*/ta/man/translate/figs-ellipsis	אֲשֶׁר־תִּשְׁלַ֥ח אֵלַ֛⁠י	1	Hiram is leaving out some of the words that in many languages a sentence would need in order to be complete. You can supply these words from the context if that would be clearer in your language. Alternate translation: [that you send messengers to indicate to me] or [that you designate to me]
5:9	aqyx		rc://*/ta/man/translate/writing-pronouns	וְ⁠אַתָּ֣ה תִשָּׂ֑א	1	See how you translated the similar expression **I, I will set** earlier in this verse. Alternate translation: [And for your part, you will lift]
5:9	aqyz		rc://*/ta/man/translate/figs-ellipsis	וְ⁠אַתָּ֣ה תִשָּׂ֑א	1	Hiram is leaving out some of the words that in many languages a sentence would need in order to be complete. You can supply these words from the context if that would be clearer in your language. Alternate translation: [And for your part, you will have your servants lift the logs out of the sea and bring them to Jerusalem]
5:9	aqyw		rc://*/ta/man/translate/writing-pronouns	וְ⁠אַתָּה֙ תַּעֲשֶׂ֣ה אֶת־חֶפְצִ֔⁠י	1	See how you translated the similar expression “I, I will do all of your desire” in [5:8](../05/08.md). Alternate translation: [And I would like you to agree to do what I desire]
5:9	zg5m		rc://*/ta/man/translate/figs-synecdoche	לָ⁠תֵ֖ת לֶ֥חֶם בֵּיתִֽ⁠י	1	See how you translated the similar expression in [4:22](../04/22.md). Alternate translation: [by providing food for my royal household]
5:10	hov2		rc://*/ta/man/translate/figs-abstractnouns	עֲצֵ֧י אֲרָזִ֛ים וַ⁠עֲצֵ֥י בְרוֹשִׁ֖ים כָּל־חֶפְצֽ⁠וֹ	1	If your language does not use an abstract noun for the idea of **desire**, you could express the same idea in another way. Alternate translation: [as many trees of cedar and trees of cypress as he desired]
5:11	bsel		rc://*/ta/man/translate/figs-infostructure	וּ⁠שְׁלֹמֹה֩ נָתַ֨ן לְ⁠חִירָ֜ם עֶשְׂרִים֩ אֶ֨לֶף כֹּ֤ר חִטִּים֙ מַכֹּ֣לֶת לְ⁠בֵית֔⁠וֹ וְ⁠עֶשְׂרִ֥ים כֹּ֖ר שֶׁ֣מֶן כָּתִ֑ית	1	If it would be more natural in your language, you may want to put the information about the **oil** together with the information about the **wheat**. Alternate translation: [And Solomon gave to Hiram 20,000 cors of wheat and 20 cors of beaten oil as food for his house]
5:11	hvgs		rc://*/ta/man/translate/translate-bvolume	עֶשְׂרִים֩ אֶ֨לֶף כֹּ֤ר חִטִּים֙ & וְ⁠עֶשְׂרִ֥ים כֹּ֖ר שֶׁ֣מֶן כָּתִ֑ית	1	Each of these **cors** was equivalent to 220 liters or nearly 60 gallons. If it would be helpful to your readers, you could express this in terms of modern measurements, either in the text or in a footnote. The UST models one way to do that.
5:11	gem9		rc://*/ta/man/translate/figs-metaphor	לְ⁠בֵית֔⁠וֹ	1	Here the author is using the term **house** to represent the people who lived and worked in Hiram’s royal palace. Your language may have a comparable expression that you can use in your translation, or you could state the meaning plainly. Alternate translation: [for his royal household]
5:11	psor		rc://*/ta/man/translate/figs-idiom	שָׁנָ֥ה בְ⁠שָׁנָֽה	1	The author is using **year by year** as a common expression of his culture to mean “every year” or “each year.” If this phrase does not have that meaning in your language, you could use a comparable expression from your language that does have that meaning, or you could state the meaning plainly. Alternate translation: [from year to year] or [every year]
5:12	f1pz		rc://*/ta/man/translate/figs-infostructure	וַ⁠יהוָ֗ה נָתַ֤ן חָכְמָה֙ לִ⁠שְׁלֹמֹ֔ה כַּ⁠אֲשֶׁ֖ר דִּבֶּר־ל֑⁠וֹ וַ⁠יְהִ֣י שָׁלֹ֗ם בֵּ֤ין חִירָם֙ וּ⁠בֵ֣ין שְׁלֹמֹ֔ה וַ⁠יִּכְרְת֥וּ בְרִ֖ית שְׁנֵי⁠הֶֽם	1	If it would be more natural in your language, you may want to put the information about Yahweh giving wisdom to Solomon last in this verse, since it seems to apply to the description in the following verses of how Solomon administered this project. Alternate translation: [And peace was between Hiram and between Solomon, and the two of them cut a covenant. And Yahweh gave wisdom to Solomon, just as he had spoken to him.]
5:12	yfrt		rc://*/ta/man/translate/figs-events	וַ⁠יְהִ֣י שָׁלֹ֗ם בֵּ֤ין חִירָם֙ וּ⁠בֵ֣ין שְׁלֹמֹ֔ה וַ⁠יִּכְרְת֥וּ בְרִ֖ית שְׁנֵי⁠הֶֽם	1	The author is describing one event, peace being between Hiram and Solomon, before describing another event that preceded it, the two of them making a covenant. If it would be helpful your language, you may wish to relate these events in the order in which they happened, as in the UST. Alternate translation: [And Hiram and Solomon cut a covenant, and peace was between the two of them]
5:12	ipff		rc://*/ta/man/translate/figs-idiom	וַ⁠יִּכְרְת֥וּ בְרִ֖ית שְׁנֵי⁠הֶֽם	1	The author is using **cut a covenant** as a common expression of his culture to mean “made a covenant.” If this phrase does not have that meaning in your language, you could use a comparable expression from your language that does have that meaning, or you could state the meaning plainly. If you have already translated the book of 1 Samuel, see how you translated the similar expression in [1 Samuel 11:1](../1sa/11/01.md). Alternate translation: [and the two of them made a covenant] or [and Hiram and Solomon made a covenant]
5:13	ga2k		rc://*/ta/man/translate/figs-idiom	וַ⁠יַּ֨עַל הַ⁠מֶּ֧לֶךְ שְׁלֹמֹ֛ה מַ֖ס	1	In this context, the author is not saying **brought up** to mean that Solomon made these men travel to a higher elevation, Lebanon, although they did that. Instead, he is using **brought up forced labor** as a common expression of his culture to mean that Solomon forced these men to do this work. If this phrase does not have that meaning in your language, you could use a comparable expression from your language that does have that meaning, or you could state the meaning plainly. Alternate translation: [And King Solomon raised a levy] or [And King Solomon called up a work force]
5:13	lncw		rc://*/ta/man/translate/translate-unknown	מַ֖ס	1	See how you translated the similar expression in [4:6](../04/06.md).
5:13	eu85		rc://*/ta/man/translate/figs-metonymy	יִשְׂרָאֵ֑ל	1	Here, **Israel** represents the people of Israel. If it would be helpful in your language, you could use an equivalent expression or plain language. Alternate translation: [the people of Israel]
5:14	wr4r		rc://*/ta/man/translate/grammar-collectivenouns	שְׁנַ֥יִם חֳדָשִׁ֖ים בְּ⁠בֵית֑⁠וֹ	1	In this verse, the word **house** is singular in form, but it refers to all the workers’ homes as a group. If it would be helpful in your language, you could use the plural form of “house.” Alternate translation: [two months in their houses]
5:14	ta5x		rc://*/ta/man/translate/figs-ellipsis	שְׁנַ֥יִם חֳדָשִׁ֖ים בְּ⁠בֵית֑⁠וֹ	1	The author is leaving out some of the words that in many languages a sentence would need in order to be complete. You can supply these words from the context if that would be clearer in your language. Alternate translation: [and then they were two months in their houses]
5:14	dfrb		rc://*/ta/man/translate/figs-metaphor	וַ⁠אֲדֹנִירָ֖ם עַל־הַ⁠מַּֽס	1	See how you translated the similar expression in [4:4](../04/04.md). Alternate translation: [And Adoniram was in charge of the forced labor]
5:15	xaz2		rc://*/ta/man/translate/grammar-collectivenouns	וַ⁠יְהִ֧י לִ⁠שְׁלֹמֹ֛ה שִׁבְעִ֥ים אֶ֖לֶף נֹשֵׂ֣א סַבָּ֑ל וּ⁠שְׁמֹנִ֥ים אֶ֖לֶף חֹצֵ֥ב	1	In this verse, the words **carrier of a burden** and **quarrier** are singular in form, but they refer to all the workers as groups. If it would be helpful in your language, you could use the plural form of these terms. Alternate translation: [And there were to Solomon 70,000 burden carriers and 80,000 quarriers]
5:15	mazb		rc://*/ta/man/translate/figs-events	שִׁבְעִ֥ים אֶ֖לֶף נֹשֵׂ֣א סַבָּ֑ל וּ⁠שְׁמֹנִ֥ים אֶ֖לֶף חֹצֵ֥ב בָּ⁠הָֽר	1	If it would be more natural in your language, you may want to put the information about the quarriers before the information about the carriers, since the quarriers would first dig out the stones and the carriers would then drag them away. Alternate translation: [80,000 quarriers in the hill country and 70,000 burden carriers]
5:15	oj4p		rc://*/ta/man/translate/figs-explicit	שִׁבְעִ֥ים אֶ֖לֶף נֹשֵׂ֣א סַבָּ֑ל	1	Here the author uses a general expression, **a carrier of a burden**, for someone who would transport goods by picking them up and carrying them. However, the huge blocks of stone that the other workers were cutting for the temple were far too heavy for anyone to carry. Even a large group of men could not have picked them up and carried them. So use a term here in your translation that indicates more generally that these men transported the stone blocks. (They probably did this by mounting the stones on sledges and pulling the sledges over a series of round wooden logs that teams of men would move from the rear to the front in succession.) Alternate translation: [70,000 transporters] or [70,000 haulers of stone]
5:15	v6oz		rc://*/ta/man/translate/translate-unknown	חֹצֵ֥ב	1	A **quarrier** is a person who cuts stone out of rock formations. If your readers would not be familiar with what a quarrier is, you could use a more general term or explain it in a footnote. Alternate translation: [a stone cutter] or [a person who cut stone]
5:16	uhxl		rc://*/ta/man/translate/figs-possession	לְ֠⁠בַד מִ⁠שָּׂרֵ֨י הַ⁠נִּצָּבִ֤ים לִ⁠שְׁלֹמֹה֙ אֲשֶׁ֣ר עַל־הַ⁠מְּלָאכָ֔ה	1	The author is using the possessive form to describe **commanders** who were **deputies of Solomon**. If a speaker of your language would not use the possessive form for this, you could express this idea in another way. Alternate translation: [apart from the deputies of Solomon who were commanders over the work]
5:17	o993		rc://*/ta/man/translate/translate-tense	וַ⁠יְצַ֣ו הַ⁠מֶּ֡לֶךְ וַ⁠יַּסִּעוּ֩	1	The author is explaining in more detail what the quarriers did whom he describes in [5:15](../05/15.md). You may be able to use a form of a verb in your language that makes clear that the author is not describing something that Solomon **commanded** after he put these 80,000 men to work. Alternate translation: [As the king had commanded, the quarriers removed]
5:17	umxl		rc://*/ta/man/translate/figs-explicit	אֲבָנִ֧ים יְקָר֛וֹת	1	By **valuable stones**, the author means stones that had been carefully chosen and skillfully prepared for use in the temple foundation. He does not necessarily mean that they were precious stones such as marble or porphyry. The surviving portions of Solomon’s temple indicate that it was built of limestone blocks. You could indicate this explicitly in your translation if that would be helpful to your readers. Alternate translation: [high-quality limestone blocks]
5:17	anfr		rc://*/ta/man/translate/figs-possession	אַבְנֵ֥י גָזִֽית	1	The author is using the possessive form to describe **stones** that were characterized by **hewing**. If a speaker of your language would not use the possessive form for this, you could express this idea in another way. Alternate translation: [stones that they cut into shape]
5:18	ivnb		rc://*/ta/man/translate/figs-explicit	בֹּנֵ֧י שְׁלֹמֹ֛ה וּ⁠בֹנֵ֥י חִיר֖וֹם	1	The author is using the term **builders** to refer to all of the men whose labor contributed to the building of the temple. He does not mean that they were all involved in constructing the temple itself. As the context shows, most of them were involved in collecting and transporting the materials. You may wish to use a more general term in your translation. Alternate translation: [Solomon’s workers and Hiram’s workers]
5:18	umxf		rc://*/ta/man/translate/figs-explicit	וְ⁠הַ⁠גִּבְלִ֑ים	1	The workers from the city of Gebal were experts in squaring stones for buildings. You could indicate this explicitly in your translation if that would be helpful to your readers. Alternate translation: [and the men he brought in from the city of Gebal, who were experts in squaring stones]
6:intro	dn22				0	# 1 Kings 6 Chapter Introduction\n\n## Structure and Formatting\n\nThis chapter continues the author’s description of how Solomon built a temple for Yahweh. It describes the design, dimensions, and decorations of the temple.\n\n  1. Introductory statement (6:1)\n  2. Dimensions and features of the temple (6:2–10)\n  3. Yahweh’s encouragement to Solomon (6:11–13)\n  4. The paneling, decoration, and gilding of the temple (6:14–22, 29–30)\n  5. The cherubs (6:23–28)\n  6. The doors (6:31–35)\n  7. The courtyard (6:36)\n  8. Concluding statement (6:37–38)\n\n## Religious and Cultural Concepts in This Chapter\n\n### The significance of quiet on the temple building site\n\nThe author notes in [6:7](../06/07.md) that “hammers or the chisel, any implement of iron, was not heard in the house in its being built.” This detail speaks to the sacred nature of the building project. The stones were prepared off-site, and the wood was meticulously carved before being brought to the temple area. This practice ensured that the construction process was peaceful and reverent, without the noise of hammering, chiseling, or carving. This was a physical manifestation of God’s command for a peaceful and pure place of worship, distinguishing the temple from ordinary man-made structures.\n\n### The numerical significance of dimensions\n\nThe author describes the measurements of the temple in detail. He notes its length of 60 cubits, width of 20 cubits, and height of 30 cubits. All of these numbers are even multiples of ten, and the width and height divide evenly into the length. The author also notes that the inner sanctuary or Holy of Holies was 20 cubits long, wide, and high, so it was a perfect cube. As the notes to [6:31](../06/31.md) and [6:33](../06/33.md) explain, it appears that the doors of the temple and the inner sanctuary were perfect squares and even divisions (one fifth and one fourth) of the dimensions of the walls in which they were set. These precise and harmonious dimensions were intended to create a sacred space. The author reports them in detail to emphasize that the temple’s design was not Solomon’s idea but the fulfillment of specific instructions that Yahweh had given to David for a sanctuary appropriate to his perfections and presence.\n\n## Translation Issues in This Chapter\n\n### “cubit”\n\nThroughout this chapter, the author gives distance measurements in “cubits.” These cubits were a unit of measurement corresponding to the distance between an average person’s elbow and middle fingertip, or about 46 centimeters or about 18 inches. If it would be helpful to your readers, throughout this chapter you could express these lengths in modern measurements, either in the text of your translation or in a footnote. The UST models one way to do that.\n\n### “by the cubit”\n\nIn many places in this chapter, the author uses the phrase “by the cubit” to express a distance the way people in his culture would. In your translation, express this distance the way a speaker of your language naturally would. For example, when the author says of the temple porch in 6:3, “Ten by the cubit {was} its depth,” you might say, “It was ten cubits deep.” (See: [[rc://*/ta/man/translate/figs-idiom]])\n\n### “house”\n\nThroughout this chapter, the author uses the term “house” to mean the temple that Solomon built for Yahweh. He is speaking as if the temple were a house in which Yahweh lived. The term “house” indicates that Yahweh was especially present in his temple. If it would be clearer in your language, you could say “temple” in your translation rather than “house.” (See: [[rc://*/ta/man/translate/figs-metaphor]])\n\n### name of a person representing that person and associated or accompanying people\n\nThroughout this chapter, the author uses Solomon to represent the many workers who were involved in constructing the temple. For example, he says of Solomon in [6:4](../06/04.md) that “he made for the house windows with narrowed frames.” He means that Solomon’s workers did this. If it would be helpful in your language, you could state the meaning plainly, in this instance and throughout this chapter, as the UST does. (See: [[rc://*/ta/man/translate/figs-synecdoche]])\n\n### “second”\n\nSeveral times throughout this chapter, the author uses the term “second.” If your language would not represent a number in such a form, you could represent this number in a form that your language would use. For example, in [6:1](../06/01.md), rather than say “the second month,” you might say “month two.” In [1:1](../01/01.md), rather than say “the second wing,” you might say “the other wing.” (See: [[rc://*/ta/man/translate/translate-ordinal]])
6:1	xr16		rc://*/ta/man/translate/writing-newevent	וַ⁠יְהִ֣י	1	See how you translated the phrase “And it happened” in [2:39](../02/39.md), where it similarly introduces a new event.
6:1	u25z		rc://*/ta/man/translate/figs-idiom	בִ⁠שְׁמוֹנִ֣ים שָׁנָ֣ה וְ⁠אַרְבַּ֣ע מֵא֣וֹת שָׁנָ֡ה	1	The author is describing the time between one year and another in the way that is characteristic of his culture. In your translation, express this the way a speaker of your language naturally would. Alternate translation: [in the 480th year]
6:1	ovrv		rc://*/ta/man/translate/figs-metaphor	בְּנֵֽי־יִשְׂרָאֵ֣ל	1	See the discussion of this phrase in the introduction to 1 Kings. Alternate translation: [the Israelite people]
6:1	nsgv		rc://*/ta/man/translate/figs-infostructure	בַּ⁠שָּׁנָ֨ה הָ⁠רְבִיעִ֜ית בְּ⁠חֹ֣דֶשׁ זִ֗ו ה֚וּא הַ⁠חֹ֣דֶשׁ הַ⁠שֵּׁנִ֔י לִ⁠מְלֹ֥ךְ שְׁלֹמֹ֖ה עַל־יִשְׂרָאֵ֑ל	1	If it would be more natural in your language, you may want to put the information about **the fourth year** and the information about **the reigning of Solomon** together. Alternate translation: [in the fourth year of the reigning of Solomon over Israel, in the month of Ziv (it is the second month)]
6:1	b2ek		rc://*/ta/man/translate/writing-background	בְּ⁠חֹ֣דֶשׁ זִ֗ו ה֚וּא הַ⁠חֹ֣דֶשׁ הַ⁠שֵּׁנִ֔י	1	The author is providing background information to help readers recognize that **Ziv** was the official name at this time for the month that they knew simply as **the second month**. In your translation, present this information in a way that would be natural in your own language and culture.
6:1	r13h		rc://*/ta/man/translate/translate-hebrewmonths	בְּ⁠חֹ֣דֶשׁ זִ֗ו ה֚וּא הַ⁠חֹ֣דֶשׁ הַ⁠שֵּׁנִ֔י	1	The **second month** of the Hebrew calendar, which the author identifies as the **month of Ziv**, includes the months of April and May on Western calendars. You could convert the Hebrew month into approximate dates on the calendar that your culture uses. However, the Jews used a lunar calendar, so if you use a solar calendar, the dates will be different every year, and the translation will not be entirely accurate. So you may just want to give the name of the month on the Hebrew calendar and say in a footnote approximately what time of year that is on your calendar.
6:1	j5ec		rc://*/ta/man/translate/figs-explicit	ה֚וּא הַ⁠חֹ֣דֶשׁ הַ⁠שֵּׁנִ֔י	1	Be sure that it is clear in your translation that this was the **second month** of the agricultural year, not the **second month** of Solomon’s **fourth year** of **reigning**. Alternate translation: [it is the second month of the year]
6:1	q75o		rc://*/ta/man/translate/translate-ordinal	הַ⁠חֹ֣דֶשׁ הַ⁠שֵּׁנִ֔י	1	See the discussion in the introduction to this chapter of the term “second.” Alternate translation: [month two]
6:1	dbxd		rc://*/ta/man/translate/translate-tense	וַ⁠יִּ֥בֶן	1	Since the author says in [6:38](../06/38.md) that Solomon “built” the temple over the course of “seven years,” he does not mean here that Solomon **built the house of Yahweh** entirely **in the fourth year** of his reign. Your language may have a verb form or verbal phrase that you can use in your translation that indicates the beginning of an action. Alternate translation: [that he began to build]
6:1	psdj		rc://*/ta/man/translate/figs-synecdoche	וַ⁠יִּ֥בֶן	1	See how you translated the similar expression in [2:26](../02/26.md). Alternate translation: [that Solomon had his workers build] or [that Solomon commanded his workers to begin to build]
6:1	xj4b		rc://*/ta/man/translate/figs-metaphor	הַ⁠בַּ֖יִת לַ⁠יהוָֽה	1	See how you translated the similar expression in [3:1](../03/01.md). Alternate translation: [the temple of Yahweh]
6:2	s32l		rc://*/ta/man/translate/translate-bdistance	שִׁשִּֽׁים־אַמָּ֥ה & וְ⁠עֶשְׂרִ֤ים & וּ⁠שְׁלֹשִׁ֥ים אַמָּ֖ה	1	See the discussion of the term “cubits” in the introduction to this chapter for suggestions as to how you might represent the lengths that the author is using the term to indicate.
6:2	gi4m		rc://*/ta/man/translate/figs-ellipsis	וְ⁠עֶשְׂרִ֤ים	1	The author is leaving out some of the words that in many languages a sentence would need in order to be complete. You can supply these words from the context if that would be clearer in your language. Alternate translation: [and 20 cubits]
6:3	rrqp		rc://*/ta/man/translate/figs-metonymy	עַל־פְּנֵי֙ הֵיכַ֣ל הַ⁠בַּ֔יִת & עַל־פְּנֵ֖י רֹ֣חַב הַ⁠בָּ֑יִת & עַל־פְּנֵ֥י הַ⁠בָּֽיִת	1	In each of these instances, the phrase **on the face of** represents being in front of something. The author is using the phrase in three slightly different ways. In the first instance, he means that the **porch** was in front of the **nave of the house**. That is, priests would walk across the porch to enter the main hall of the temple. In the second instance, he means that the porch was in front of the entire **width of the house**. That is, its length of**20 cubits** corresponded to the width of the **house** or temple. In the third instance, the author means that the porch extended out **Ten** cubits in front of the temple. If it would be helpful in your language, in your translation you could use equivalent expressions or plain language. Alternate translation: [that was in front of the nave of the house … corresponding to the width of the house … extending outward from the house]
6:3	th07		rc://*/ta/man/translate/translate-unknown	הֵיכַ֣ל	1	While, in other contexts, the term translated as **nave** can mean “palace” or “temple,” the author is using it in a specialized sense here. He is referring to a specific architectural feature of Solomon’s temple, the main hall that was the equivalent of the Holy Place in the sacred tent. If your culture has a term for such a feature, you could use that in your translation, or you could use a more general term. Alternate translation: [the main hall]
6:3	b04m		rc://*/ta/man/translate/figs-idiom	עֶ֧שֶׂר בָּ⁠אַמָּ֛ה	1	See the discussion in the introduction to this chapter of how the author uses the phrase **Ten by the cubit** to express a distance in a way characteristic of his culture. Alternate translation: [Ten cubits]
6:4	y12p		rc://*/ta/man/translate/figs-explicit	חַלּוֹנֵ֖י שְׁקֻפִ֥ים אֲטֻמִֽים	1	By **windows with narrowed frames**, the author means windows with narrowed or beveled frames that were wider on the inside of the wall than on the outside. You could indicate this explicitly in your translation if that would be helpful to your readers. Alternate translation: [windows that were narrower on the outside than on the inside] or [windows with frames that widened toward the inside]
6:5	evne		rc://*/ta/man/translate/figs-ellipsis	אֶת־קִיר֤וֹת הַ⁠בַּ֨יִת֙ סָבִ֔יב לַֽ⁠הֵיכָ֖ל וְ⁠לַ⁠דְּבִ֑יר	1	The author is leaving out some of the words that in many languages a sentence would need in order to be complete. You can supply these words from the context if that would be clearer in your language. Alternate translation: [that is, against the walls of the house all around, both the wall of the nave and the wall of the inner sanctuary]
6:5	l3kb		rc://*/ta/man/translate/figs-explicit	אֶת־קִיר֤וֹת הַ⁠בַּ֨יִת֙ סָבִ֔יב לַֽ⁠הֵיכָ֖ל וְ⁠לַ⁠דְּבִ֑יר	1	The author is clarifying that the **addition** that Solomon had his workers build extended all the way around the sides and back of the temple building. If he had simply said **the wall of the house**, some readers might have understood this not to include the back third of the temple, which consisted of the Most Holy Place. So he adds that the addition rested against the **walls** of both the **nave** and the **inner sanctuary**. Readers in some cultures might consider these to be the same wall, and so it may be more natural for you to express this in your translation by using a singular form. Alternate translation: [extending around the outer wall of both the nave and the inner sanctuary]
6:5	k5af		rc://*/ta/man/translate/figs-explicit	וְ⁠לַ⁠דְּבִ֑יר	1	Here the author is using a technical architectural term that occurs only in the descriptions of Solomon’s temple here in 1 Kings, in the parallel passages in 2 Chronicles, and in [Psalm 28:2](../psa/28/02.md). He means the innermost part of the temple, which corresponded to the Holy of Holies or Most Holy Place in the sacred tent. If it would be helpful to your readers, you could use one of those names, as the UST does, or you could use a general expression. Alternate translation: [the innermost part of the temple]
6:6	ncz5		rc://*/ta/man/translate/figs-explicit	ה⁠יצוע הַ⁠תַּחְתֹּנָ֜ה	1	While the author is using the same word here that is translated as **addition** in the previous verse, here he is using a feminine form to mean one part of the structure, specifically one of its three floors. In the previous verse and in [6:10](../06/10.md), the author uses the masculine form to mean the entire structure. If your language uses forms of different gender in the same way, you could do that here in your translation. If not, you could indicate the meaning explicitly in your translation if that would be helpful to your readers. Alternate translation: [The lowest floor of the addition]
6:6	e0kq		rc://*/ta/man/translate/figs-ellipsis	וְ⁠הַ⁠תִּֽיכֹנָה֙ & וְ⁠הַ֨⁠שְּׁלִישִׁ֔ית	1	The author is leaving out some of the words that in many languages a sentence would need in order to be complete. You can supply these words from the context if that would be clearer in your language. Alternate translation: [and the middle floor … and the third floor]
6:6	o5yl		rc://*/ta/man/translate/translate-ordinal	וְ⁠הַ֨⁠שְּׁלִישִׁ֔ית	1	The term **third** refers here to the highest of the three levels of rooms built alongside the temple walls, as mentioned in verse 5 and in verse 8. If your language would not represent a number in a form such as **third**, you could represent this number in a form that your language would use. Alternate translation: [and floor three] or [and the highest floor]
6:6	ym2w		rc://*/ta/man/translate/grammar-connect-words-phrases	כִּ֡י	1	Here the word **For** introduces not a reason but an explanation. Alternate translation: [This was possible because]
6:7	ctub		rc://*/ta/man/translate/figs-activepassive	וְ⁠הַ⁠בַּ֨יִת֙ בְּ⁠הִבָּ֣נֹת֔⁠וֹ & נִבְנָ֑ה	1	The expressions **in its being built** and **was built** are passive verbal forms. If your language would not use these forms, you could express the idea with active forms or in another way that is natural in your language. Alternate translation: [When the workers built the temple, they built it]
6:7	wtax		rc://*/ta/man/translate/figs-activepassive	וּ⁠מַקָּב֤וֹת וְ⁠הַ⁠גַּרְזֶן֙ כָּל־כְּלִ֣י בַרְזֶ֔ל לֹֽא־נִשְׁמַ֥ע	1	The expression **was not heard** is a passive verbal form. If your language would not use that form, you could express the idea in active form or in another way that is natural in your language. Alternate translation: [So no one heard hammers or the chisel, any implement of iron]
6:7	ei2b		rc://*/ta/man/translate/figs-genericnoun	וּ⁠מַקָּב֤וֹת וְ⁠הַ⁠גַּרְזֶן֙ כָּל־כְּלִ֣י בַרְזֶ֔ל לֹֽא־נִשְׁמַ֥ע	1	The author is not referring to a specific **chisel**. He means **any** chisel or any similar **implement of iron** that would have made a loud sound when it struck **stone**. Since this is his meaning, it may also be more natural to use a singular form of “hammer” instead of the plural form **hammers**. Alternate translation: [So no hammer or chisel, no implement of iron, was heard]
6:7	g0k5		rc://*/ta/man/translate/figs-activepassive	בַּ⁠בַּ֖יִת בְּ⁠הִבָּנֹתֽ⁠וֹ	1	The expression **in its being built** is a passive verbal form. If your language would not use that form, you could express the idea in active form or in another way that is natural in your language. Alternate translation: [in the temple while the workers were building it]
6:8	gwvx		rc://*/ta/man/translate/figs-genericnoun	הַ⁠צֵּלָע֙ הַ⁠תִּ֣יכֹנָ֔ה	1	The author is not referring to a specific **middle chamber**. He means the rooms on the middle level in general. If it would be helpful to your readers, you could use an expression that would be more natural in your language. Alternate translation: [the middle chambers] or [the second floor]
6:8	koau		rc://*/ta/man/translate/figs-idiom	אֶל־כֶּ֥תֶף הַ⁠בַּ֖יִת הַ⁠יְמָנִ֑ית	1	The author is using the term **shoulder** to mean the side of the **house** or temple. If it would be helpful in your language, you could state the meaning plainly. Alternate translation: [was on the side of the temple at the right, near the front]
6:8	llf5		rc://*/ta/man/translate/figs-explicit	אֶל־כֶּ֥תֶף הַ⁠בַּ֖יִת הַ⁠יְמָנִ֑ית	1	The author is speaking of directions in the way characteristic of his culture. He does not mean that if someone were standing in front of the temple, facing the porch, that this entrance would be on that person’s **right**. Instead, people of this culture spoke of directions as if a person were facing east, toward the sunrise. The south would be to the right of such a person. So the author means that this entrance was on the south side of the temple. (It was actually on the left of a person who was standing in front of the temple, facing the porch.) Alternate translation: [was on the south side of the temple, near the front]
6:8	oni0		rc://*/ta/man/translate/writing-pronouns	וּ⁠בְ⁠לוּלִּ֗ים יַֽעֲלוּ֙	1	Here the author is using the pronoun **they** in a general sense, not to refer to specific individuals. Use an expression for this that would be natural in your language. Alternate translation: [and people went up] or [and the priests went up]
6:8	fsj8		rc://*/ta/man/translate/figs-ellipsis	עַל־הַ⁠תִּ֣יכֹנָ֔ה וּ⁠מִן־הַ⁠תִּֽיכֹנָ֖ה אֶל־הַ⁠שְּׁלִשִֽׁים	1	The author is leaving out some of the words that in many languages a sentence would need in order to be complete. You can supply these words from the context if that would be clearer in your language. Alternate translation: [onto the middle floor, and they also went up by stairs from the middle floor to the third floor]
6:9	e1kq		rc://*/ta/man/translate/figs-hendiadys	וַ⁠יִּ֥בֶן אֶת־הַ⁠בַּ֖יִת וַ⁠יְכַלֵּ֑⁠הוּ	1	Together, the verbs **built** and **finished** express a single idea. The word **finished** tells to what degree Solomon **built** the temple, that is, to completion. (The author is referring specifically to the walls of the temple.) If it would be more natural in your language, you could express this meaning in a different way, here and in [6:14](../06/14.md). Alternate translation: [And he finished building the house]
6:9	npm6		rc://*/ta/man/translate/translate-plural	וּ⁠שְׂדֵרֹ֖ת בָּ⁠אֲרָזִֽים	1	The author is probably using the plural form **cedars** because these **beams** and **boards** came from many different cedar trees. It may be more natural in some languages to use a singular form to indicate the composition of these beams and boards, here and in the next verse. Alternate translation: [of cedar]
6:10	s2x4		rc://*/ta/man/translate/figs-infostructure	וַ⁠יִּ֤בֶן אֶת־ה⁠יצוע עַל־כָּל־הַ⁠בַּ֔יִת חָמֵ֥שׁ אַמּ֖וֹת קֽוֹמָת֑⁠וֹ וַ⁠יֶּאֱחֹ֥ז אֶת־הַ⁠בַּ֖יִת בַּ⁠עֲצֵ֥י אֲרָזִֽים	1	If it would be more natural in your language, you may want to put the information about how the addition **held {onto}** to the temple with the information that Solomon built it **against** or right next to the temple. Alternate translation: [And he built the addition against all of the house, and it held onto the house with wood of cedars. Five cubits was its height]
6:10	kw18		rc://*/ta/man/translate/figs-hyperbole	עַל־כָּל־הַ⁠בַּ֔יִת	1	The author is saying **all of the house** as a generalization for emphasis. The context makes clear that no part of the addition was in front of the temple, where there was a porch. If it would be clearer in your language, you could express the emphasis in a different way. Alternate translation: [all around the sides and back of the temple]
6:10	v12m		rc://*/ta/man/translate/figs-explicit	חָמֵ֥שׁ אַמּ֖וֹת קֽוֹמָת֑⁠וֹ	1	The author expects readers to understand that each of the three levels of rooms was five cubits high. You could indicate this explicitly in your translation if that would be helpful to your readers. Alternate translation: [five cubits was the height of each of its levels]
6:11	cl3u		rc://*/ta/man/translate/figs-idiom	וַֽ⁠יְהִי֙ דְּבַר־יְהוָ֔ה אֶל־שְׁלֹמֹ֖ה	1	The author is using a common expression of his culture to mean that Yahweh spoke a message to Solomon. If this expression does not have that meaning in your language, you could use a comparable expression from your language that does have that meaning, or you could state the meaning plainly. If you have already translated the book of 2 Samuel, see how you translated the similar expression in [2 Samuel 7:4](../2sa/07/04.md). Alternate translation: [And Yahweh spoke a message to Solomon]
6:11	w4ml		rc://*/ta/man/translate/writing-quotations	לֵ⁠אמֹֽר	1	See how you translated the similar expression in [1:5](../01/05.md).
6:12-13	dtq3		rc://*/ta/man/translate/translate-versebridge	הַ⁠בַּ֨יִת הַ⁠זֶּ֜ה אֲשֶׁר־אַתָּ֣ה בֹנֶ֗ה אִם־תֵּלֵ֤ךְ בְּ⁠חֻקֹּתַ⁠י֙ וְ⁠אֶת־מִשְׁפָּטַ֣⁠י תַּֽעֲשֶׂ֔ה וְ⁠שָׁמַרְתָּ֥ אֶת־כָּל־מִצְוֺתַ֖⁠י לָ⁠לֶ֣כֶת בָּ⁠הֶ֑ם וַ⁠הֲקִמֹתִ֤י אֶת־דְּבָרִ⁠י֙ אִתָּ֔⁠ךְ אֲשֶׁ֥ר דִּבַּ֖רְתִּי אֶל־דָּוִ֥ד אָבִֽי⁠ךָ׃ וְ⁠שָׁ֣כַנְתִּ֔י בְּ⁠ת֖וֹךְ בְּנֵ֣י יִשְׂרָאֵ֑ל וְ⁠לֹ֥א אֶעֱזֹ֖ב אֶת־עַמִּ֥⁠י יִשְׂרָאֵֽל	1	If it would be helpful to your readers, you could combine [6:12](../06/12.md) and [6:13](../06/13.md) into a verse bridge in order to put the information together that Yahweh would “dwell” in the **house** or temple that Solomon was **building**.
6:12	u70f		rc://*/ta/man/translate/figs-metaphor	אִם־תֵּלֵ֤ךְ בְּ⁠חֻקֹּתַ⁠י֙ וְ⁠אֶת־מִשְׁפָּטַ֣⁠י תַּֽעֲשֶׂ֔ה וְ⁠שָׁמַרְתָּ֥ אֶת־כָּל־מִצְוֺתַ֖⁠י לָ⁠לֶ֣כֶת בָּ⁠הֶ֑ם	1	See how you translated the similar expression in [3:14](../03/14.md). You may have chosen to indicate that the image of walking represents living, and you may have chosen to express the meaning of the similar terms “statutes” and “commandments” with a single term. (You can include the further term that occurs here, **judgments**, in such a single term.) Alternate translation: [if, by obeying all of my laws, you live as I want people to live]
6:12	q5ad		rc://*/ta/man/translate/figs-explicitinfo	אִם־תֵּלֵ֤ךְ בְּ⁠חֻקֹּתַ⁠י֙ וְ⁠אֶת־מִשְׁפָּטַ֣⁠י תַּֽעֲשֶׂ֔ה וְ⁠שָׁמַרְתָּ֥ אֶת־כָּל־מִצְוֺתַ֖⁠י לָ⁠לֶ֣כֶת בָּ⁠הֶ֑ם	1	It might seem that saying **if you walk … by walking in them** would be to express extra information in a way that would not be natural in your language. If so, if you choose to retain the image of walking in your translation, you could choose to express it only once. Alternate translation: [if you walk in all of my laws]
6:12	zndp		rc://*/ta/man/translate/figs-metaphor	וַ⁠הֲקִמֹתִ֤י אֶת־דְּבָרִ⁠י֙ אִתָּ֔⁠ךְ אֲשֶׁ֥ר דִּבַּ֖רְתִּי אֶל	1	See how you translated the similar expression in [2:4](../02/04.md). Alternate translation: [then I will make happen for you what I said when I spoke with]
6:14	iroj		rc://*/ta/man/translate/writing-newevent	וַ⁠יִּ֧בֶן שְׁלֹמֹ֛ה אֶת־הַ⁠בַּ֖יִת וַ⁠יְכַלֵּֽ⁠הוּ	1	The author interrupted his account of the construction of the temple in [6:11–13](../06/11.md) to report what Yahweh told Solomon. He is now resuming that account where he left off at [6:10](../06/10.md), with the outer walls and roof in place but nothing on the interior of the walls. Use a word, phrase, or other method here that is natural in your language for reminding readers where a story has left off. If you have already translated the book of 1 Samuel, see what you did in the similar case of [1 Samuel 29:1](../1sa/29/01.md), where the biblical author similarly resumes a story after an interruption. Alternate translation: [Now Solomon’s workers had finished building the temple walls and roof]
6:15	f6ss		rc://*/ta/man/translate/figs-possession	קִיר֣וֹת הַ⁠סִּפֻּ֔ן	1	The author is using the possessive form to describe the part of the **walls** that were near the **ceiling**. If a speaker of your language would not use the possessive form for this, you could express this idea in another way. Alternate translation: [the part of the walls near the ceiling] or [the top of the walls]
6:16	cmln		rc://*/ta/man/translate/figs-metonymy	אֶת־עֶשְׂרִ֨ים אַמָּ֜ה	1	By saying that Solomon **built 20 cubits**, the author means that he built a structure that extended out 20 cubits from the back wall of the temple. If it would be helpful in your language, you could use an equivalent expression or plain language. Alternate translation: [a structure 20 cubits deep]
6:16	h831		rc://*/ta/man/translate/figs-ellipsis	הַ⁠קִּיר֑וֹת	1	The author is leaving out some of the words that in many languages a sentence would need in order to be complete. You can supply these words from the context if that would be clearer in your language. Alternate translation: [the part of the walls near the ceiling] or [the top of the walls]
6:16	b3s8		rc://*/ta/man/translate/writing-pronouns	וַ⁠יִּ֤בֶן ל⁠וֹ֙	1	The pronoun **them** refers to the 20 cubits that the author speaks of earlier in this verse, meaning a structure 20 cubits deep. The pronoun **it** refers to the **house** or temple. It may be helpful to clarify this for your readers. Alternate translation: [And he built that area 20 cubits deep for the temple]
6:17	te1e		rc://*/ta/man/translate/figs-explicit	הַ⁠בָּ֑יִת	1	As the author indicates, by **the house** he means **the nave**, that is, the rest of the temple, the main room in front of the inner sanctuary. You could indicate this explicitly in your translation if that would be helpful to your readers. Alternate translation: [the rest of the temple]
6:17	t52c		rc://*/ta/man/translate/figs-metonymy	לִ⁠פְנָֽ⁠י	1	Here, **to the face of it** represents being in front of the inner sanctuary. If it would be helpful in your language, you could use an equivalent expression or plain language. Alternate translation: [in front of it]
6:18	cjrc		rc://*/ta/man/translate/figs-ellipsis	מִקְלַ֣עַת פְּקָעִ֔ים וּ⁠פְטוּרֵ֖י צִצִּ֑ים	1	The author is leaving out some of the words that in many languages a sentence would need in order to be complete. You can supply these words from the context if that would be clearer in your language. Alternate translation: [it was decorated with carving of gourds and opened ones of flowers]
6:18	yn6k		rc://*/ta/man/translate/figs-genericnoun	מִקְלַ֣עַת פְּקָעִ֔ים	1	The author is not referring to a specific **carving**. He means carvings in general. If it would be helpful to your readers, you could use an expression that would be more natural in your language. Alternate translation: [carvings of gourds]
6:18	ex5y		rc://*/ta/man/translate/figs-activepassive	וּ⁠פְטוּרֵ֖י צִצִּ֑ים	1	The expression **opened ones** is a passive verbal form. If your language would not use that form, you could express the idea in active form or in another way that is natural in your language, here and in verses 29 and 35. Alternate translation: [and flowers that had opened]
6:18	jcf5		rc://*/ta/man/translate/figs-activepassive	אֵ֥ין אֶ֖בֶן נִרְאָֽה	1	The expression **was seen** is a passive verbal form. If your language would not use that form, you could express the idea in active form or in another way that is natural in your language. Alternate translation: [no one saw any stone]
6:21	ygql		rc://*/ta/man/translate/figs-explicit	אֶת־הַ⁠בַּ֛יִת מִ⁠פְּנִ֖ימָה	1	Since the author has already described in the previous verse how Solomon overlaid the inner sanctuary with gold, here the term **house** probably refers to the rest of the temple, that is, the nave or main hall. Alternate translation: [the interior walls of the rest of the temple]
6:21	gbgy		rc://*/ta/man/translate/figs-metonymy	לִ⁠פְנֵ֣י	1	Here, **to the face of** represents being in front of the inner sanctuary. If it would be helpful in your language, you could use an equivalent expression or plain language. Alternate translation: [in front of]
6:21	u5y2		rc://*/ta/man/translate/writing-pronouns	וַ⁠יְצַפֵּ֖⁠הוּ	1	The pronoun **it** probably refers to the exterior wall of the inner sanctuary, which faced the main hall. The author described in the previous verse how all of its interior walls were overlaid with gold. Here he is describing how its one exterior wall was also overlaid. Alternate translation: [and he overlaid the outside wall of the inner sanctuary]
6:22	xlqv		rc://*/ta/man/translate/figs-parallelism	וְ⁠אֶת־כָּל־הַ⁠בַּ֛יִת צִפָּ֥ה זָהָ֖ב עַד־תֹּ֣ם כָּל־הַ⁠בָּ֑יִת	1	These two phrases mean basically the same thing. The second emphasizes the meaning of the first by repeating the same idea with different words. Hebrew poetry was based on this kind of repetition. The author is using a poetic form to provide a summary statement of the entire process of overlaying the temple interior with gold. It would be good to show this to your readers by representing both phrases in your translation rather than combining them. There may be a natural way to do this in your language. Alternate translation: [So he overlaid the temple interior with gold until there was no part of it that was not overlaid with gold]
6:22	mff4		rc://*/ta/man/translate/figs-explicit	אֲֽשֶׁר־לַ⁠דְּבִ֖יר	1	This could mean: (1) Alternate translation: [that was in front of the inner sanctuary] or (2) Alternate translation: [that was associated with the inner sanctuary]
6:23	r9m8		rc://*/ta/man/translate/figs-possession	עֲצֵי־שָׁ֑מֶן	1	The author is using the possessive form to describe **wood** that comes from a tree whose fruit produces **oil**. In other words, he means wood from an olive tree, or olive wood. If a speaker of your language would not use the possessive form for this, you could express this idea in another way, here and in verses 31, 32, and 33. Alternate translation: [olive wood]
6:23	fs9x		rc://*/ta/man/translate/translate-versebridge	עֶ֥שֶׂר אַמּ֖וֹת קוֹמָתֽ⁠וֹ	1	Here the author is beginning to describe one of the cherubs. He describes its height in this sentence and its wingspan in the next verse. In the following two verses, he then describes the wingspan and height of the other cherub. If it would be helpful to your readers, you could combine [6:23–26](../06/23.md) into a verse bridge in order to describe both cherubs together rather than each one separately.
6:24	feeo		rc://*/ta/man/translate/figs-parallelism	עֶ֣שֶׂר אַמּ֔וֹת מִ⁠קְצ֥וֹת כְּנָפָ֖י⁠ו וְ⁠עַד־קְצ֥וֹת כְּנָפָֽי⁠ו	1	This second sentence in the verse means basically the same thing as the first one. However, it is not redundant or unnecessary. The author is building up to his statement in [6:27](../06/27.md) that the wings of the cherubs stretched across the entire 20-cubit width of the Holy of Holies. The movement from **five** to **ten** to an implied twenty creates a sense of majesty around these cherubs, which represented the presence of Yahweh in his temple. It would be good to give your readers the experience the author intended by including this sentence separately in your translation rather than combining it with the first sentence in some way.
6:24	e4hj		rc://*/ta/man/translate/figs-idiom	עֶ֣שֶׂר אַמּ֔וֹת מִ⁠קְצ֥וֹת כְּנָפָ֖י⁠ו וְ⁠עַד־קְצ֥וֹת כְּנָפָֽי⁠ו	1	The author is describing the distance from one extreme to another in the way that was characteristic of his culture. He uses the plural form **ends** where other languages might use a singular form. In your translation, express this the way people of your culture would describe the distance between two extremes. Alternate translation: [It was ten cubits from one end of its wings to the other]
6:25	szbi		rc://*/ta/man/translate/figs-explicit	הַ⁠כְּר֖וּב הַ⁠שֵּׁנִ֑י	1	Since the author describes the second cherub’s height in the next verse, he seems to be describing the second cherub’s wingspan here. Alternate translation: [was the wingspan of the second cherub]
6:27	efal		rc://*/ta/man/translate/figs-explicit	הַ⁠בַּ֣יִת הַ⁠פְּנִימִ֗י	1	Here the author uses the expression **the inner house** to mean the same part of the temple that he calls “the inner sanctuary” in the rest of this chapter. You could indicate this explicitly in your translation if that would be helpful to your readers. Alternate translation: [the inner sanctuary]
6:27	h88n		rc://*/ta/man/translate/writing-pronouns	וַֽ⁠יִּפְרְשׂוּ֮ אֶת־כַּנְפֵ֣י הַ⁠כְּרֻבִים֒	1	Here the author is using the pronoun **they** in a general sense, not to refer to specific people. He is putting the focus on the way the wings of the cherubs **spread out** across the whole width of the Holy of Holies, not on who put them in this position. Use an expression to convey this meaning that would be natural in your language. Alternate translation: [And the wings of the cherubs were spread out] or [And the wings of the cherubs extended outward]
6:29	zb8a		rc://*/ta/man/translate/translate-tense	קָלַ֗ע	1	The workers first carved these designs into the walls, and then they overlaid the walls with gold. (The author describes this sequence explicitly in [6:32](../06/32.md) in the case of the doors.) See the discussion in the introduction to this chapter of why the author describes the carvings and overlay of the two parts of the temple in the order that he does. Your language may have a verb form or verb phrase that you can use in your translation to indicate that the action in this verse preceded the action in [6:22](../06/22.md). Alternate translation: [he had carved]
6:29	lg7v		rc://*/ta/man/translate/figs-possession	פִּתּוּחֵי֙ מִקְלְעוֹת֙	1	The author is using a possessive form to describe **carvings** that were **engravings**. If a speaker of your language would not use the possessive form for this, you could express this idea in another way. Alternate translation: [engraved carvings]
6:29	bgta		rc://*/ta/man/translate/figs-nominaladj	מִ⁠לִּ⁠פְנִ֖ים וְ⁠לַ⁠חִיצֽוֹן	1	The author is using the adjectives **inside** and **outside** as nouns to mean certain parts of the temple. Your language may use adjectives in the same way. If not, you can translate these adjectives with equivalent phrases here and in the next verse. Alternate translation: [from the inside room and to the outside room] or [in both the inner sanctuary and the main hall]
6:31	uo1c		rc://*/ta/man/translate/figs-ellipsis	הָ⁠אַ֥יִל מְזוּז֖וֹת חֲמִשִֽׁית	1	The author is leaving out some of the words that in many languages a sentence would need in order to be complete. You can supply these words from the context if that would be clearer in your language. Alternate translation: [The length of the lintel and the height of the doorposts were each one fifth of the 20-cubit length and height of the inner sanctuary wall]
6:31	cwl4		rc://*/ta/man/translate/translate-fraction	חֲמִשִֽׁית	1	A **fifth** means one part out of five equal parts.
6:32	z434		rc://*/ta/man/translate/figs-ellipsis	עֲ֠לֵי⁠הֶם & הַ⁠כְּרוּבִ֥ים וְ⁠עַל־הַ⁠תִּֽמֹר֖וֹת	1	The context indicates that the workers also **beat out** the **gold** that they had **overlaid** on the **flowers**. You can include the flowers in this statement if that would be helpful to your readers. Alternate translation: [on the cherubs, the palm trees, and the flowers]
6:33	mmp8		rc://*/ta/man/translate/figs-ellipsis	מֵ⁠אֵ֖ת רְבִעִֽית	1	The author is leaving out some of the words that in many languages a sentence would need in order to be complete. You can supply these words from the context if that would be clearer in your language. Alternate translation: [from a fourth of the width of the wall] or [one fourth as wide as the wall]
6:33	srxj		rc://*/ta/man/translate/translate-fraction	מֵ⁠אֵ֖ת רְבִעִֽית	1	A **fourth** means one part out of four equal parts.
6:34	u1be		rc://*/ta/man/translate/translate-textvariants	קְלָעִ֛ים	1	Some ancient manuscripts read “curtains.” The ULT follows that reading. One ancient manuscript and several ancient versions read “leaves.” If a translation of the Bible exists in your region, you may wish to use the reading that it uses. If a translation of the Bible does not exist in your region, you may wish to use the reading of the ULT.
6:35	sc9g		rc://*/ta/man/translate/figs-activepassive	מְיֻשָּׁ֖ר עַל־הַ⁠מְּחֻקֶּֽה	1	The expression **smoothed onto the carved things** uses a passive verbal form. If your language would not use that form, you could express the idea in active form or in another way that is natural in your language. Alternate translation: [which the workers smoothed onto the carvings]
6:36	kohp		rc://*/ta/man/translate/figs-metonymy	אֶת־הֶ⁠חָצֵ֣ר הַ⁠פְּנִימִ֔ית	1	The expression **inner courtyard** represents a wall that Solomon’s workers built in order to create a courtyard around the temple. If it would be helpful in your language, you could use an equivalent expression or plain language. Alternate translation: [the wall of the inner courtyard]
6:37	gxa9		rc://*/ta/man/translate/writing-endofstory	בַּ⁠שָּׁנָה֙ הָֽ⁠רְבִיעִ֔ית יֻסַּ֖ד בֵּ֣ית יְהוָ֑ה בְּ⁠יֶ֖רַח זִֽו	1	In this verse and the next one, the author is concluding his account of how Solomon had his workers build a temple for Yahweh. Here he repeats what he said at the beginning of the account, in [6:1](../06/01.md), about when Solomon began the project. That repetition signals the impending conclusion of the account, which ends in the next verse with the author’s statement of when Solomon completed the project. Use a natural form in your language for concluding an account with a brief summary of what it has described.
6:37	q8ra		rc://*/ta/man/translate/figs-infostructure	בַּ⁠שָּׁנָה֙ הָֽ⁠רְבִיעִ֔ית יֻסַּ֖ד בֵּ֣ית יְהוָ֑ה בְּ⁠יֶ֖רַח זִֽו	1	If it would be more natural in your language, you may want to put the information about the **month** of Ziv with the information about the **year**. Alternate translation: [In the fourth year, in the month of Ziv, the house of Yahweh was founded]
6:37	gybt		rc://*/ta/man/translate/figs-explicit	בַּ⁠שָּׁנָה֙ הָֽ⁠רְבִיעִ֔ית	1	By **the fourth year**, the author means the fourth year of Solomon’s reign as king. You could indicate this explicitly in your translation if that would be helpful to your readers. Alternate translation: [In the fourth year of the reign of Solomon]
6:37	o4d0		rc://*/ta/man/translate/translate-ordinal	בַּ⁠שָּׁנָה֙ הָֽ⁠רְבִיעִ֔ית	1	If your language would not represent a number in a form such as **fourth**, you could represent this number in a form that your language would use. Alternate translation: [In year four]
6:37	ewjx		rc://*/ta/man/translate/figs-activepassive	יֻסַּ֖ד בֵּ֣ית יְהוָ֑ה	1	The expression **was founded** is a passive verbal form. If your language would not use that form, you could express the idea in active form or in another way that is natural in your language. Alternate translation: [workers laid the foundation of the house of Yahweh]
6:38	xxk7		rc://*/ta/man/translate/translate-ordinal	וּ⁠בַ⁠שָּׁנָה֩ הָ⁠אַחַ֨ת עֶשְׂרֵ֜ה	1	If your language would not use a form such as **year 11**, you could describe this year with a form that your language would use. Alternate translation: [And in the eleventh year]
6:38	h68k		rc://*/ta/man/translate/writing-background	בְּ⁠יֶ֣רַח בּ֗וּל ה֚וּא הַ⁠חֹ֣דֶשׁ הַ⁠שְּׁמִינִ֔י	1	See how you translated the similar expression in [6:1](../06/01.md), where the author was also explaining that a month he describes by a name was one that his readers likely knew by a number.
6:38	t548		rc://*/ta/man/translate/translate-hebrewmonths	בְּ⁠יֶ֣רַח בּ֗וּל	1	See how you decided to represent a Hebrew month in [6:1](../06/01.md).
6:38	zs4w		rc://*/ta/man/translate/figs-personification	כָּלָ֣ה הַ⁠בַּ֔יִת	1	The author is speaking of the **house** as if it had been a living thing that could have **finished** its own construction. If it would be helpful in your language, you could state the meaning plainly. Alternate translation: [the workers finished building the temple]
6:38	bs0s		rc://*/ta/man/translate/figs-explicit	לְ⁠כָל־דְּבָרָ֖י⁠ו וּ⁠לְ⁠כָל־משפט⁠ו	1	The pronoun translated as **its** could also mean “his.” The author could be saying that: (1) by the date he names, the workers had completed every part of the temple according to the design they were working from. Alternate translation: [in every single part, just as designed] or (2) that the workers had done what Solomon had told and required them to do. Alternate translation: [according to all of his words and all of his requirements] or [just as Solomon had said and required it should be]
7:intro	kaf2				0	# 1 Kings 7 Chapter Introduction\n\n## Structure and Formatting\n\nThis chapter concludes the author’s description of how Solomon built a temple for Yahweh. It first describes how Solomon built a palace for himself, near the temple and of the same design, after the temple was completed. It then returns to the story of the temple and describes how Solomon brought a craftsman named Hiram to Jerusalem to make many different bronze articles for the temple. The chapter concludes with a description of the bronze and gold furnishings of the temple.\n\n  1. Solomon’s Palace Complex (7:1–12)\n    1. Summary (7:1)\n    2. The House of the Forest of Lebanon (7:2–5)\n    3. The Hall of Pillars (7:6)\n    4. The Hall of the Throne (7:7)\n    5. Solomon’s residence and the house for Pharaoh’s daughter (7:8)\n    6. The stones of the palace (7:9–11)\n    7. The courtyard (7:12)\n  2. The work of Hiram (7:13–45)\n    1. Recruitment of Hiram (7:13–14)\n    2. The pillars (7:15–22)\n    3. The sea (7:23–26)\n    4. The stands (7:27–39)\n    5. Summary of Hiram’s work (7:40–45)\n  3. Composition and weight of the temple furnishings (7:45–51)\n    1. Bronze furnishings (7:45–47)\n    2. Gold furnishings (7:48–50)\n    3. Concluding statement (7:51)\n\nThere is a list in [7:40–45](../07/40.md) that summarizes all of the bronze articles that Hiram made for the temple. You may wish to present this list in the way that lists would appear in your culture. See how you decided to represent the lists in [4:2–6](../04/02.md) and [4:7–19](../04/07.md). For example, you might put the second part of verse 40 on a separate line as an introduction to the list. You might then put the description of each item on a separate line, and you could put the second part of verse 45 on a separate line as the conclusion to the list:\n\nAnd Hiram finished doing all of the work that he did for King Solomon {for} the house of Yahweh:\ntwo pillars,\nand the bowls of the capitals that were on the head of the two pillars,\nand the two networks for covering the two bowls of the capitals that were on the head of the pillars,\nand the 400 pomegranates for the two networks, two rows of pomegranates for one network to cover the two bowls of the capitals that were on the faces of the pillars,\nand the ten stands,\nand the ten basins on the stands,\nand the one sea,\nand the 12 cattle under the sea,\nand the pots and the shovels and the bowls.\nAnd all these vessels that Hiram made for King Solomon, for the house of Yahweh, were polished bronze.\n\n## Religious and Cultural Concepts in This Chapter\n\n### Artistic craftsmanship as a form of worship\n\nIn this chapter, the author gives a detailed description of the various bronze items that Hiram made for the temple, including the two great pillars, the great basin or sea, and the movable stands. Beyond having functions that were vital to the priests’ work in the temple area, these were works of art created by a master craftsman, Hiram of Tyre. The exquisite detail that Hiram worked into these articles, including pomegranates, lilies, and cherubim, shows the high value that Solomon and the Israelites placed on artistic skill in the service of God. The craftsmanship was considered a form of worship, and the beauty of these objects was meant to reflect the glory of God, in whose service they were used.\n\n### The great basin or sea and the bronze stands\n\nThe great water basin or sea and the ten bronze stands were central components of the temple’s courtyard. The sea was an enormous bronze basin that held water for the priests to wash themselves, symbolizing ritual purity before entering God’s presence. It rested on twelve bronze oxen, which were not objects of worship but symbolic representations of the twelve tribes of Israel. The bronze stands were elaborate carts used to move smaller basins, also for washing sacrifices. These objects were essential for the sacrificial system, emphasizing that purity was a prerequisite for approaching a holy God. They underscored the meticulous care and religious significance of every detail within the temple complex.\n\n## Translation Issues in This Chapter\n\n### Ancient bronze casting\n\nWhat the author says in [7:46](../07/46.md) suggests that Hiram made bronze objects for the temple by hollowing out the shape of the object in clay in the ground and then pouring in hot liquid bronze and letting it cool. Use a term in your translation that will express this accurately. For example, it may be better to say that Hiram “cast” the objects than that he “molded” them.\n\n### How many rows of pillars were there in the House of the Forest of Lebanon?\n\nThe author says in [7:2](../07/02.md) that the House of the Forest of Lebanon rested “upon four rows of pillars.” However, in [7:3](../07/03.md) he describes “45 pillars, 15 the row.” That suggests that there were only three rows. To make these statements agree, some ancient and modern versions have said either “three rows” in verse 2 or “60 pillars” in verse 3. However, we do not recommend that you change either number. The exact details of the construction of this building are no longer clearly understood, and the explanation of the apparent difference in the numbers probably lies in a better understanding of those details. For example, the four rows of pillars described in verse 2 may have formed part of the four exterior walls of the building. The three rows of pillars described in verse 3 may have stood inside the hall and held up the cedar boards that formed the ceiling. (They would also have given the hall the appearance of a forest, which may be why it had the name the House of the Forest of Lebanon.) This is not certain, but it is one possibility, and it illustrates how a better understanding of the construction of this building could explain what seems like a discrepancy. So we recommend that you simply translate the text and not try to harmonize these numbers.\n\n### Was the master craftsman of the palace named Hiram or Huram?\n\nIn [7:13](../07/13.md), the author describes how Solomon brought a man named Hiram from Tyre to make all of the bronze articles for the temple. (This was a different man from the one named Hiram who was the king of Tyre.) In [2 Chronicles 2:13](../2ch/02/13.md), however, this man’s name is spelled “Huram.” To make clear that this is the same person, some versions use the name Huram here in 1 Kings as well. However, we do not recommend that you change the name either here or in 2 Chronicles to make the accounts in both books match. The difference in spelling may reflect how Hebrew pronunciation changed during the time between the writing of 1 Kings and 2 Chronicles. So we recommend that you simply translate the names as they appear in each text and not try to harmonize them.\n\n### “the work of”\n\nIn his descriptions of the articles that Hiram made from bronze for the temple, the author uses the expression “the work of” several times. The term “work” comes from the same root as the Hebrew verb that means “do” or “make.” It may be helpful to use some form of the verb “make” to translate this expression. Here are examples of how that might be done.\n\n7:19 And the capitals that {were} on the head of the pillars {were} the work of a lily\n“And the capitals that were on the top of the pillars were made in the shape of lilies”\n\n7:22 And on the head of the pillars {was} the work of a lily.\n“And decorations that were each made in the shape of a lily were on top of the pillars”\n\n7:22 And the work of the pillars was finished\n“And Hiram finished making the pillars”\n\n7:26 and its lip {was} like the work of the lip of a cup\n“and its lip was made like the lip of a cup”\n\n7:28 And this {was} the work of the stand\nAnd this is how the stands were made\n\n7:29 the work of descent\n“made to hang down”\n\n7:31 the work of a pedestal\n“made as a pedestal” or “made to be a pedestal”\n\n7:33 And the work of the wheels was like the work of the wheel of the chariot\n“And the wheels were made the way chariot wheels are made”\n\n(See: [[rc://*/ta/man/translate/figs-idiom]])
7:1	c22s		rc://*/ta/man/translate/writing-newevent	וְ⁠אֶת־בֵּית⁠וֹ֙ בָּנָ֣ה שְׁלֹמֹ֔ה שְׁלֹ֥שׁ עֶשְׂרֵ֖ה שָׁנָ֑ה וַ⁠יְכַ֖ל אֶת־כָּל־בֵּיתֽ⁠וֹ	1	In this verse, the author is introducing a new event in the story, Solomon building his **house** or palace. Use a word, phrase, or other method in your language that is natural for introducing a new event.
7:1	p8d6		rc://*/ta/man/translate/figs-hendiadys	וְ⁠אֶת־בֵּית⁠וֹ֙ בָּנָ֣ה שְׁלֹמֹ֔ה שְׁלֹ֥שׁ עֶשְׂרֵ֖ה שָׁנָ֑ה וַ⁠יְכַ֖ל אֶת־כָּל־בֵּיתֽ⁠וֹ	1	Together, the verbs **built** and **finished** express a single idea. The word **finished** tells to what degree Solomon **built** his palace over the course of these 13 years, that is, to completion. If it would be more natural in your language, you could express this meaning in a different way. Alternate translation: [And then Solomon took 13 years to finish building his house] or [And Solomon completed constructing his palace after a further 13 years]
7:1	lkfe		rc://*/ta/man/translate/figs-synecdoche	וְ⁠אֶת & בָּנָ֣ה שְׁלֹמֹ֔ה	1	See how you translated the similar expression in [2:26](../02/26.md). Alternate translation: [And Solomon had his workers build]
7:1	bhx0		rc://*/ta/man/translate/figs-explicit	בֵּית⁠וֹ֙	1	The term **house** in this chapter usually refers to Solomon’s entire palace complex, which included the House of the Forest of Lebanon ([7:2–5](../07/02.md)), the Porch of Pillars ([7:6](../07/06.md)), the Porch of the Throne ([7:7](../07/07.md)), Solomon’s personal residence ([7:8](../07/08.md)), and the surrounding courtyard ([7:12](../07/12.md)). However, in ([7:8](../07/08.md)) the author refers to Solomon’s residence itself as his “house.” So you may wish to use a term other than “house” in your translation to refer to the entire complex. Alternate translation: [his palace]
7:2	it8s		rc://*/ta/man/translate/translate-names	אֶת־בֵּ֣ית ׀ יַ֣עַר הַ⁠לְּבָנ֗וֹן	1	This was not a **House** in which anyone lived. It was a great ceremonial hall in which Solomon kept his collection of shields and weapons. Solomon may also have hosted large public assemblies and royal ceremonies in this hall. If it would be clearer in your language, you could use a term other than “house” to describe this building. Alternate translation: [the Forest of Lebanon Hall]
7:2	lcp1		rc://*/ta/man/translate/translate-bdistance	מֵאָ֨ה אַמָּ֤ה & וַ⁠חֲמִשִּׁ֤ים אַמָּה֙ & וּ⁠שְׁלֹשִׁ֥ים אַמָּ֖ה	1	See the discussion of the term “cubits” in the introduction to chapter 6, and see how you decided to describe the lengths that the author expresses in cubits in that chapter.
7:2	mbhs		rc://*/ta/man/translate/figs-ellipsis	עַ֗ל	1	The author is leaving out some of the words that in many languages a sentence would need in order to be complete. You can supply these words from the context if that would be clearer in your language. Alternate translation: [The structure rested upon]
7:3	qwnz		rc://*/ta/man/translate/figs-activepassive	וְ⁠סָפֻ֣ן בָּ⁠אֶ֗רֶז	1	The expression **it was covered** is a passive verbal form. If your language would not use that form, you could express the idea in active form or in another way that is natural in your language. Alternate translation: [And cedar covered it] or [And the workers covered it with cedar]
7:3	s16s		rc://*/ta/man/translate/figs-idiom	הָֽ⁠עַמּוּדִ֔ים אַרְבָּעִ֖ים וַ⁠חֲמִשָּׁ֑ה חֲמִשָּׁ֥ה עָשָׂ֖ר הַ⁠טּֽוּר	1	The author is using the phrase **15 the row** as a common expression of his culture to mean that there were 15 **pillars** in each **row** that he is describing. If this phrase does not have that meaning in your language, you could use a comparable expression from your language that does have that meaning, or you could state the meaning plainly. Alternate translation: [45 pillars that were in rows of 15]
7:5	vdo6		rc://*/ta/man/translate/figs-hendiadys	הַ⁠פְּתָחִ֥ים וְ⁠הַ⁠מְּזוּז֖וֹת רְבֻעִ֣ים שָׁ֑קֶף	1	The phrase **entrances and doorposts** expresses a single idea, that these **entrances** were framed by these **doorposts**. If it would be more natural in your language, you could express this meaning in a different way. Alternate translation: [the entrances framed by the doorposts were square]
7:6	koyv		rc://*/ta/man/translate/translate-names	אוּלָ֤ם הָֽ⁠עַמּוּדִים֙	1	This building had a name that used the same term that the author uses to describe the “porch” of the temple in [6:3](../06/03.md). That suggests that this building was located just outside the House of the Forest of Lebanon. (The fact that its length was equal to the width of that building supports this idea.) It probably served as a ceremonial entranceway for that building. However, this building also had a **porch** of its own. So if it would be clearer in your language, you could use a name for this building as a whole that uses a term other than “porch.” Alternate translation: [the Colonnade of Pillars]
7:6	tbdi		rc://*/ta/man/translate/figs-metonymy	וְ⁠אוּלָם֙ עַל־פְּנֵי⁠הֶ֔ם וְ⁠עַמֻּדִ֥ים וְ⁠עָ֖ב עַל־פְּנֵי⁠הֶֽם	1	The author seems to be using the pronoun **their** to refer to the **Pillars** of this entryway. He is using those pillars to represent the entire building, whose most prominent feature they were. Alternate translation: [And a porch was on the face of this building, and pillars and a roof were on its face]
7:6	i4tl		rc://*/ta/man/translate/figs-metonymy	וְ⁠אוּלָם֙ עַל־פְּנֵי⁠הֶ֔ם וְ⁠עַמֻּדִ֥ים וְ⁠עָ֖ב עַל־פְּנֵי⁠הֶֽם	1	Here, **face** represents the front of the building. If it would be helpful in your language, you could state the meaning plainly. Alternate translation: [And a porch was in front of it, and pillars and a roof were in front of it]
7:6	oxi6		rc://*/ta/man/translate/figs-explicitinfo	וְ⁠אוּלָם֙ עַל־פְּנֵי⁠הֶ֔ם וְ⁠עַמֻּדִ֥ים וְ⁠עָ֖ב עַל־פְּנֵי⁠הֶֽם	1	It might seem that repeating the phrase **on their face** would be extra information that would not be natural to express in your language. If so, you could represent this phrase only once. Alternate translation: [And a porch with pillars and a roof was in front of it]
7:7	uabo		rc://*/ta/man/translate/translate-names	וְ⁠אוּלָ֤ם הַ⁠כִּסֵּא֙ & אֻלָ֥ם הַ⁠מִּשְׁפָּ֖ט	1	This building was known by two names that each used the same term that describes the “porch” of the temple in [6:3](../06/03.md). However, it is clear that this building was not a mere entrance. It was a formal hall in which Solomon judged cases. So if it would be clearer in your language, you could use a name for this building that uses a term other than “porch.” Alternate translation: [the Hall of the Throne … the Hall of Judgment]
7:7	vnsq		rc://*/ta/man/translate/figs-explicitinfo	אֲשֶׁ֣ר יִשְׁפָּט־שָׁ֔ם	1	It might seem that the expression **where he would judge there** contains extra information that would not be natural to express in your language. If so, you could shorten it, here and in verse 8. Alternate translation: [where he would judge]
7:7	y6pv		rc://*/ta/man/translate/figs-idiom	וְ⁠סָפ֣וּן בָּ⁠אֶ֔רֶז מֵ⁠הַ⁠קַּרְקַ֖ע עַד־הַ⁠קַּרְקָֽע	1	The author is using **from the floor to the floor** as a common expression of his culture to mean “over the entire floor.” If this phrase does not have that meaning in your language, you could use a comparable expression from your language that does have that meaning, or you could state the meaning plainly. Alternate translation: [And its entire floor was covered with cedar]
7:7	abw5		rc://*/ta/man/translate/figs-activepassive	וְ⁠סָפ֣וּן בָּ⁠אֶ֔רֶז מֵ⁠הַ⁠קַּרְקַ֖ע עַד־הַ⁠קַּרְקָֽע	1	See how you translated the similar expression in [7:3](../07/03.md). Alternate translation: [And cedar covered its entire floor] or [And the workers covered its entire floor with cedar]
7:8	i87i		rc://*/ta/man/translate/figs-explicit	חָצֵ֣ר הָ⁠אַחֶ֗רֶת	1	The author calls this the **other courtyard** to distinguish it from the temple courtyard that he describes in [6:36](../06/36.md). He describes the construction of this courtyard in [7:12](../07/12.md). You could indicate this distinction explicitly in your translation if that would be helpful to your readers. Alternate translation: [in the palace courtyard]
7:8	suev		rc://*/ta/man/translate/figs-explicit	מִ⁠בֵּית֙ לָֽ⁠אוּלָ֔ם	1	By **the house of the porch**, the author seems to mean the building most recently mentioned that had the word “porch” in its name, which would be the Porch of the Throne (the Porch of Judgment). Alternate translation: [from the Porch of the Throne]
7:8	pnub		rc://*/ta/man/translate/figs-explicit	מִ⁠בֵּית֙ לָֽ⁠אוּלָ֔ם	1	The author is using the term **from** to mean that Solomon’s residence was a separate building within the palace complex from the Porch of the Throne and the two buildings that adjoined it. Alternate translation: [set back from the Porch of the Throne] or [away from the Porch of the Throne and its adjoining buildings]
7:8	qhgd		rc://*/ta/man/translate/figs-explicit	כַּ⁠מַּֽעֲשֶׂ֥ה הַ⁠זֶּ֖ה הָיָ֑ה	1	The author means that the work that Solomon’s builders did to construct his residence was **like** the **work** they did to construct the Porch of the Throne (and its adjoining buildings). This seems to refer to the materials they used, their method of construction, and the architectural style and details. It does not seem to be a description of the size of Solomon’s residence. (The author does not give its dimensions.) Alternate translation: [was of similar construction to the Porch of the Throne]
7:8	seqm		rc://*/ta/man/translate/writing-pronouns	וּ⁠בַ֜יִת יַעֲשֶׂ֤ה לְ⁠בַת־פַּרְעֹה֙ אֲשֶׁ֣ר לָקַ֣ח שְׁלֹמֹ֔ה	1	The pronoun **whom** refers to the daughter of Pharaoh, while the pronoun **he** refers to Solomon. It may be helpful to clarify this for your readers. Alternate translation: [And he made a house for the daughter of Pharaoh, whom he had taken]
7:8	nhs1		rc://*/ta/man/translate/figs-explicit	כָּ⁠אוּלָ֖ם הַ⁠זֶּֽה	1	As in the first instance earlier in the verse, here the term **porch** seems to refer to the Porch of the Throne. Alternate translation: [of similar construction to the Porch of the Throne]
7:9	vkgz		rc://*/ta/man/translate/figs-ellipsis	כָּל־אֵ֜לֶּה אֲבָנִ֤ים יְקָרֹת֙	1	The author is leaving out some of the words that in many languages a sentence would need in order to be complete. You can supply these words from the context if that would be clearer in your language. Alternate translation: [All of these buildings were built with valuable stones]
7:9	bpjq		rc://*/ta/man/translate/figs-explicit	אֲבָנִ֤ים יְקָרֹת֙	1	See how you translated the similar expression in [5:17](../05/17.md). Alternate translation: [were built with high-quality limestone blocks]
7:9	hpr6		rc://*/ta/man/translate/figs-genericnoun	מְגֹרָר֥וֹת בַּ⁠מְּגֵרָ֖ה	1	The author is not referring to a specific **saw**. He means saws in general. If it would be helpful to your readers, you could use an expression that would be more natural in your language. Alternate translation: [sawn with saws]
7:9	lx0w		rc://*/ta/man/translate/writing-poetry	מְגֹרָר֥וֹת בַּ⁠מְּגֵרָ֖ה	1	The author is using a construction in which a verb and its object come from the same root. You may be able to use the same construction in your language to express the meaning here. Alternatively, your language may have another way of saying this. Alternate translation: [trimmed with saws]
7:9	d3wx		rc://*/ta/man/translate/figs-ellipsis	וּ⁠מִ⁠מַּסָּד֙ עַד־הַ⁠טְּפָח֔וֹת	1	The author is leaving out some of the words that in many languages a sentence would need in order to be complete. You can supply these words from the context if that would be clearer in your language. Alternate translation: [and the stonework extended from the foundation to the eaves]
7:9	a2lw		rc://*/ta/man/translate/figs-explicit	וּ⁠מִ⁠ח֖וּץ עַד־הֶ⁠חָצֵ֥ר הַ⁠גְּדוֹלָֽה	1	The author is speaking as if the stonework of the palace buildings extended from them to the **great courtyard** that was **outside** of them. He means that the wall of the great courtyard had stones and workmanship of the same quality as those in the buildings it surrounded. The author does not mean that the entire courtyard was paved with stones. It may be helpful to clarify this for your readers. Alternate translation: [and the workers used the same kind of stonework to build the wall of the great courtyard outside]
7:10	x364		rc://*/ta/man/translate/figs-activepassive	וּ⁠מְיֻסָּ֕ד אֲבָנִ֥ים יְקָר֖וֹת	1	The expression **it was founded** is a passive verbal form. If your language would not use that form, you could express the idea in active form or in another way that is natural in your language. Alternate translation: [And he founded it with valuable stones] or [And its foundation consisted of valuable stones]
7:12	pqpe		rc://*/ta/man/translate/figs-ellipsis	שְׁלֹשָׁה֙ טוּרִ֣ים גָּזִ֔ית	1	The author is leaving out some of the words that in many languages a sentence would need in order to be complete. You can supply these words from the context if that would be clearer in your language. Alternate translation: [Its wall consisted of three rows of hewn stone]
7:12	jjeu		rc://*/ta/man/translate/grammar-connect-words-phrases	וְ⁠לַ⁠חֲצַ֧ר בֵּית־יְהוָ֛ה הַ⁠פְּנִימִ֖ית	1	If the connection between this statement and the previous one is not clear, you may want to use a different connecting word to show how this statement relates to what comes before it. Alternate translation: [just as for the inner courtyard of the house of Yahweh]
7:12	g1u5		rc://*/ta/man/translate/figs-metaphor	בֵּית־יְהוָ֛ה	1	See how you translated the similar expression in [3:1](../03/01.md). Alternate translation: [the temple of Yahweh]
7:13	bk9s		rc://*/ta/man/translate/writing-participants	וַ⁠יִּשְׁלַח֙ הַ⁠מֶּ֣לֶךְ שְׁלֹמֹ֔ה וַ⁠יִּקַּ֥ח אֶת־חִירָ֖ם מִ⁠צֹּֽר	1	Here and in the next verse, the author is introducing this man named **Hiram** as a new participant in the story. This is not the same man by that name who was the king of Tyre, whose friendship with Solomon the author describes in chapter 5. If your language has its own way of introducing new participants, you could use it here in your translation. Alternate translation: [And King Solomon sent and took a certain man named Hiram from Tyre]
7:14	pwfn		rc://*/ta/man/translate/writing-participants	בֶּן־אִשָּׁה֩ אַלְמָנָ֨ה ה֜וּא מִ⁠מַּטֵּ֣ה נַפְתָּלִ֗י וְ⁠אָבִ֣י⁠ו אִישׁ־צֹרִי֮ חֹרֵ֣שׁ נְחֹשֶׁת֒	1	The author is describing Hiram’s parents as he continues to introduce him as a new participant in the story. Introduce Hiram’s parents in a way that is natural in your language. Alternate translation: [He was the son of a certain woman from the tribe of Naphtali. His father, who had passed away, was a certain man who had lived in Tyre and had been a crafter of bronze]
7:14	kcif		rc://*/ta/man/translate/figs-metaphor	וַ֠⁠יִּמָּלֵא אֶת־הַ⁠חָכְמָ֤ה וְ⁠אֶת־הַ⁠תְּבוּנָה֙ וְ⁠אֶת־הַ⁠דַּ֔עַת	1	The author is speaking as if Hiram had been a container that these qualities **filled**. If it would be helpful in your language, you could state the meaning plainly. Alternate translation: [And he had been given wisdom and understanding and knowledge]
7:14	k017		rc://*/ta/man/translate/figs-activepassive	וַ֠⁠יִּמָּלֵא אֶת־הַ⁠חָכְמָ֤ה וְ⁠אֶת־הַ⁠תְּבוּנָה֙ וְ⁠אֶת־הַ⁠דַּ֔עַת	1	The expression **was filled** is a passive verbal form. If your language would not use that form, you could express the idea in active form or in another way that is natural in your language. Alternate translation: [And God had filled him with wisdom and understanding and knowledge] or [And God had given him wisdom and understanding and knowledge]
7:14	tlx9		rc://*/ta/man/translate/figs-doublet	וַ֠⁠יִּמָּלֵא אֶת־הַ⁠חָכְמָ֤ה וְ⁠אֶת־הַ⁠תְּבוּנָה֙ וְ⁠אֶת־הַ⁠דַּ֔עַת	1	The terms **wisdom** and **understanding** and **knowledge** mean similar things. The author is using these three terms together for emphasis. If it would be clearer for your readers, you could express the emphasis with a single phrase. Alternate translation: [And God had given him very great skill] or [And he had very great skill]
7:14	hxgi		rc://*/ta/man/translate/figs-hyperbole	וַ⁠יַּ֖עַשׂ אֶת־כָּל־מְלַאכְתּֽ⁠וֹ	1	The author is saying **all of his work** as a generalization for emphasis. He means specifically that Hiram did all of the work that Solomon asked him to do. If it would be clearer in your language, you could express the emphasis in a different way. Alternate translation: [and he did all the work that Solomon asked him to do]
7:15	s8yh		rc://*/ta/man/translate/figs-ellipsis	שְׁמֹנֶ֨ה עֶשְׂרֵ֜ה אַמָּ֗ה קוֹמַת֙ הָ⁠עַמּ֣וּד הָ⁠אֶחָ֔ד וְ⁠חוּט֙ שְׁתֵּים־עֶשְׂרֵ֣ה אַמָּ֔ה יָסֹ֖ב אֶת־הָ⁠עַמּ֥וּד הַ⁠שֵּׁנִֽי	1	The author is leaving out some of the words that in many languages a sentence would need in order to be complete. You can supply these words from the context if that would be clearer in your language. Alternate translation: [18 cubits was the height of the one pillar, and 18 cubits was the height of the second pillar. A cord of 12 cubits surrounded the one pillar, and cord of 12 cubits surrounded the second pillar] or [18 cubits was the height of each pillar, and a cord of 12 cubits surrounded each pillar]
7:15	jb01		rc://*/ta/man/translate/figs-explicit	וְ⁠חוּט֙ שְׁתֵּים־עֶשְׂרֵ֣ה אַמָּ֔ה יָסֹ֖ב אֶת־הָ⁠עַמּ֥וּד הַ⁠שֵּׁנִֽי	1	The author is not saying that there was such a **cord** around this **pillar** all the time. He is indicating what the circumference of the pillar was, by reference to how someone in his culture would measure that circumference. It may be helpful to clarify this for your readers. Alternate translation: [and the second pillar was 12 cubits in circumference] or [and the measurement of the distance around the second pillar was 12 cubits]
7:15	rz4i		rc://*/ta/man/translate/translate-ordinal	אֶת־הָ⁠עַמּ֥וּד הַ⁠שֵּׁנִֽי	1	See the discussion of the term “second” in the introduction to chapter 6, and see how you decided to represent that term in your translation throughout that chapter. Alternate translation: [the other pillar] or [pillar number two]
7:16	bcbw		rc://*/ta/man/translate/translate-unknown	כֹתָרֹ֜ת	1	These **capitals** were a kind of decorative top piece that was placed on top of pillars or columns. If your readers would not be familiar with what a capital is, you could use a more general term. Alternate translation: [decorative tops] or [ornamental tops]
7:16	as0y		rc://*/ta/man/translate/figs-idiom	רָאשֵׁ֥י הָֽ⁠עַמּוּדִ֖ים	1	The author is using the term **heads** to mean the tops of these **pillars**. If it would be helpful in your language, you could state the meaning plainly, here and in the next verse. Alternate translation: [the tops of the pillars]
7:16	jnos		rc://*/ta/man/translate/figs-ellipsis	מֻצַ֣ק נְחֹ֑שֶׁת	1	The author is leaving out some of the words that in many languages a sentence would need in order to be complete. You can supply these words from the context if that would be clearer in your language. Alternate translation: [They were casting of bronze] or [They were bronze castings]
7:16	nlqy		rc://*/ta/man/translate/figs-explicitinfo	חָמֵ֣שׁ אַמּ֗וֹת קוֹמַת֙ הַ⁠כֹּתֶ֣רֶת הָ⁠אֶחָ֔ת וְ⁠חָמֵ֣שׁ אַמּ֔וֹת קוֹמַ֖ת הַ⁠כֹּתֶ֥רֶת הַ⁠שֵּׁנִֽית	1	It might seem that this expression contains extra information that would not be natural to express in your language. If so, you could shorten it, here and in verses 17 and 18. Alternate translation: [Five cubits was the height of each capital]
7:17	n2sl		rc://*/ta/man/translate/figs-explicit	שְׂבָכִ֞ים מַעֲשֵׂ֣ה שְׂבָכָ֗ה גְּדִלִים֙ מַעֲשֵׂ֣ה שַׁרְשְׁר֔וֹת לַ⁠כֹּ֣תָרֹ֔ת אֲשֶׁ֖ר עַל־רֹ֣אשׁ הָ⁠עַמּוּדִ֑ים	1	This could mean: (1) that Hiram covered the capitals with decorative bronze **netting** and that he made the **strands** of the netting by twisting bronze wires together, as one would do to make **chains** (not in the sense of chains composed of separate links, but in the sense of a strong cord). Alternate translation: [The capitals on top of the pillars had decorative netting made from bronze that had been formed into thick strands, as for chains] or (2) that Hiram covered the capitals with decorative bronze netting and then draped chains over the netting that he had made by twisting bronze into thick strands. Alternate translation: [The capitals on top of the pillars had for decoration bronze netting and chains made of strands of twisted bronze]
7:17	pyhi		rc://*/ta/man/translate/grammar-collectivenouns	רֹ֣אשׁ הָ⁠עַמּוּדִ֑ים	1	In this verse, the word **head** is singular in form, but it refers to all the tops of the pillars as a group. If it would be helpful in your language, you could use the plural form of “head,” here and in verses 18, 19, and 22. Alternate translation: [the heads of the pillars] or [the tops of the pillars]
7:18	lb21		rc://*/ta/man/translate/translate-textvariants	וַ⁠יַּ֖עַשׂ אֶת־הָ⁠עַמּוּדִ֑ים & רֹ֣אשׁ הָֽ⁠רִמֹּנִ֔ים	1	Some ancient manuscripts read “And he made pillars” and “the head of the pomegranates.” The ULT follows those readings. Other ancient manuscripts read “And he made pomegranates” and “the head of the pillars.” If a translation of the Bible exists in your region, you may wish to use the reading that it uses. If a translation of the Bible does not exist in your region, you may wish to use the reading of the ULT.
7:18	d1lu		rc://*/ta/man/translate/figs-infostructure	וַ⁠יַּ֖עַשׂ אֶת־הָ⁠עַמּוּדִ֑ים וּ⁠שְׁנֵי֩ טוּרִ֨ים סָבִ֜יב עַל־הַ⁠שְּׂבָכָ֣ה הָ⁠אֶחָ֗ת לְ⁠כַסּ֤וֹת אֶת־הַ⁠כֹּֽתָרֹת֙ אֲשֶׁר֙ עַל־רֹ֣אשׁ הָֽ⁠רִמֹּנִ֔ים וְ⁠כֵ֣ן עָשָׂ֔ה לַ⁠כֹּתֶ֖רֶת הַ⁠שֵּׁנִֽית	1	If it would be more natural in your language, you may want to put the information about the purpose of the pomegranates (**to cover the capitals**) right after the statement that Hiram **made** them. Alternate translation: [And he made pomegranates to cover the capitals that were on the head of the pillars, and two rows all around on one network, and thus he did for the second capital]
7:18	efk7		rc://*/ta/man/translate/grammar-connect-words-phrases	וּ⁠שְׁנֵי֩ טוּרִ֨ים סָבִ֜יב עַל־הַ⁠שְּׂבָכָ֣ה הָ⁠אֶחָ֗ת	1	If the connection between this statement and the previous one is not clear, you may want to use a different connecting word to show how this statement relates to what comes before it. Alternate translation: [with two rows all around each network]
7:18	o92q		rc://*/ta/man/translate/grammar-collectivenouns	הַ⁠שְּׂבָכָ֣ה	1	In this verse, the word **network** is singular in form, but it refers to all networks as a group. If it would be helpful in your language, you could use the plural form of “network” or a plural expression, here and in verses 20, 41, and 42. Alternate translation: [networks] or [set of networks]
7:18	mirq		rc://*/ta/man/translate/figs-ellipsis	וְ⁠כֵ֣ן עָשָׂ֔ה לַ⁠כֹּתֶ֖רֶת הַ⁠שֵּׁנִֽית	1	The author is leaving out some of the words that in many languages a sentence would need in order to be complete. You can supply these words from the context if that would be clearer in your language. Alternate translation: [Thus he did for the first capital, and thus he did for the second capital] or [Thus he did for each capital]
7:19	l6jr		rc://*/ta/man/translate/figs-infostructure	וְ⁠כֹֽתָרֹ֗ת אֲשֶׁר֙ עַל־רֹ֣אשׁ הָ⁠עַמּוּדִ֔ים מַעֲשֵׂ֖ה שׁוּשַׁ֣ן בָּֽ⁠אוּלָ֑ם	1	If it would be more natural in your language, you may want to put the information about the **porch** with the information about the **pillars**. Alternate translation: [And the capitals that were on the head of the pillars on the porch were the work of a lily]
7:19	vxso		rc://*/ta/man/translate/figs-idiom	מַעֲשֵׂ֖ה שׁוּשַׁ֣ן	1	To translate the phrase **the work of** here and in its several further occurrences in the rest of this chapter, see the discussion of that phrase in the introduction to this chapter. Alternate translation: [were made in the shape of lilies]
7:19	uwyd		rc://*/ta/man/translate/figs-ellipsis	אַרְבַּ֖ע אַמּֽוֹת	1	The author is leaving out some of the words that in many languages a sentence would need in order to be complete. You can supply these words from the context if that would be clearer in your language. Alternate translation: [The lily-shaped top portion of the capitals was four cubits high]
7:20	ixw0		rc://*/ta/man/translate/figs-explicit	וְ⁠כֹתָרֹ֗ת עַל־שְׁנֵי֙ הָֽ⁠עַמּוּדִ֔ים גַּם־מִ⁠מַּ֨עַל֙ מִ⁠לְּ⁠עֻמַּ֣ת הַ⁠בֶּ֔טֶן אֲשֶׁ֖ר לְ⁠עֵ֣בֶר שבכה	1	In the previous verse, the author described the upper part of each capital. In this verse, he describes the lower part of each capital, the part just **above** the pillars. As he specifies which part he is referring to, he provides new information about the shape of this part. If it would be helpful to your readers, you could show in your translation that he is providing new information. Alternate translation: [And as for the part of the capitals just above the two pillars, the part that was on the other side of the network, it was shaped like a belly]
7:20	ytf1		rc://*/ta/man/translate/figs-idiom	אֲשֶׁ֖ר לְ⁠עֵ֣בֶר שבכה	1	The author is describing the location of this part of the **capitals** relative to the **network** of bronze strands in a way characteristic of his culture. He means that if someone were looking at the capitals, they would see the network of bronze strands, and they would see the belly-shaped lower part of the capital behind or **on the other side of** those bronze strands. Express this in the way people of your culture describe the location of one thing relative to another, or use plain language to express the meaning. Alternate translation: [that was behind the network] or [that was covered by the network]
7:20	uia3		rc://*/ta/man/translate/grammar-connect-words-phrases	וְ⁠הָ⁠רִמּוֹנִ֤ים	1	If the connection between this statement and the previous one is not clear, you may want to use a different connecting word to show how this statement relates to what comes before it. Alternate translation: [there the pomegranates]
7:20	czw3		rc://*/ta/man/translate/figs-ellipsis	עַ֖ל הַ⁠כֹּתֶ֥רֶת הַ⁠שֵּׁנִֽית	1	See how you translated the similar expression in [7:18](../07/18.md). Alternate translation: [on the first capital, and also on the second capital] or [on each capital]
7:21	fmgb		rc://*/ta/man/translate/figs-synecdoche	וַ⁠יָּ֨קֶם֙ אֶת־הָֽ⁠עַמֻּדִ֔ים	1	The author is using Hiram, whom he represents with the pronoun **he**, one person who was involved in this action, to represent everyone who was involved. If it would be helpful in your language, you could state the meaning plainly. Alternate translation: [And Hiram and his workers set up the pillars]
7:21	vr09		rc://*/ta/man/translate/figs-explicit	אֶת־הָ⁠עַמּ֣וּד הַ⁠יְמָנִ֗י & אֶת־הָ⁠עַמּ֣וּד הַ⁠שְּׂמָאלִ֔י	1	See how you translated the similar expression in [6:8](../06/08.md). Alternate translation: [the south pillar … the north pillar]
7:21	uz1e		rc://*/ta/man/translate/figs-explicitinfo	וַ⁠יִּקְרָ֤א אֶת־שְׁמ⁠וֹ֙ יָכִ֔ין	1	It might seem that the expression **called its name** contains extra information that would not be natural to express in your language. If so, you could shorten it. Alternate translation: [and called it Jachin] or [and named it Jachin]
7:22	cjl0		rc://*/ta/man/translate/writing-endofstory	וְ⁠עַ֛ל רֹ֥אשׁ הָ⁠עַמּוּדִ֖ים מַעֲשֵׂ֣ה שׁוֹשָׁ֑ן וַ⁠תִּתֹּ֖ם מְלֶ֥אכֶת הָ⁠עַמּוּדִֽים	1	In this verse, the author is concluding his account of how Hiram cast massive pillars with ornate capitals for the temple porch. In the first sentence, he repeats what he said in [7:19](../07/19.md) about the lily-shaped decorations on top of the capitals. That repetition signals the impending conclusion of the account, which ends in the next sentence with the author’s statement that once the pillars were set up, the work on them was **finished**. Use a natural form in your language for concluding an account with a brief summary of what it has described.
7:22	nk6e		rc://*/ta/man/translate/figs-activepassive	וַ⁠תִּתֹּ֖ם מְלֶ֥אכֶת הָ⁠עַמּוּדִֽים	1	The expression **was finished** is a passive verbal form. If your language would not use that form, you could express the idea in active form or in another way that is natural in your language. Alternate translation: [And Hiram finished the work of the pillars]
7:23	ttes		rc://*/ta/man/translate/figs-activepassive	וַ⁠יַּ֥עַשׂ אֶת־הַ⁠יָּ֖ם מוּצָ֑ק	1	Here, the term **cast** is a passive verbal form. If your language would not use that form, you could express the idea in active form or in another way that is natural in your language. Alternate translation: [And he made a sea by casting it in bronze]
7:23	kf3i		rc://*/ta/man/translate/figs-explicit	אֶת־הַ⁠יָּ֖ם מוּצָ֑ק	1	This was a very large water basin. It was called a **sea** because it contained so much water. In your translation, you could indicate explicitly what it actually was if that would be helpful to your readers. The UST models one way to do that.
7:23	xlsg		rc://*/ta/man/translate/figs-idiom	עֶ֣שֶׂר בָּ֠⁠אַמָּה	1	To translate the expression **by the cubit** here and in the rest of this chapter, see how you translated the same expression in [6:3](../06/03.md) and throughout chapter 6. Alternate translation: [ten cubits wide]
7:23	q6tg		rc://*/ta/man/translate/figs-idiom	מִ⁠שְּׂפָת֨⁠וֹ עַד־שְׂפָת֜⁠וֹ	1	The author is using the term **lip** to mean the brim of this **sea**. If it would be helpful in your language, you could state the meaning plainly here and in verses 24 and 26. Alternate translation: [from one brim to the other] or [across its width]
7:24	t5xv		rc://*/ta/man/translate/figs-activepassive	הַ⁠פְּקָעִ֔ים יְצֻקִ֖ים בִּ⁠יצֻקָתֽ⁠וֹ	1	The expressions **were cast** and **was cast** are passive verbal forms. If your language would not use such forms, you could express this idea in active form or in another way that is natural in your language. Alternate translation: [Hiram cast the gourds when he cast the sea]
7:24	tpc3		rc://*/ta/man/translate/figs-explicit	עֶ֚שֶׂר בָּֽ⁠אַמָּ֔ה & שְׁנֵ֤י טוּרִים֙	1	It is not clear whether the author means that there were ten gourds per cubit in each row, for a total of 600, or ten gourds per cubit in both rows, for a total of 300. Since the meaning is uncertain, try to translate these expressions in a way that allows for both possibilities. The UST models one way to do that.
7:25	x3v0		rc://*/ta/man/translate/grammar-collectivenouns	בָּקָ֗ר	1	In this verse, the word **cattle** is singular in form, but it refers to these 12 bronze statues of bulls. If it would be helpful in your language, you could use a plural form to express this meaning here and in verses 29 and 44. Alternate translation: [bulls]
7:25	puu9		rc://*/ta/man/translate/figs-explicitinfo	שְׁלֹשָׁ֣ה פֹנִ֣ים ׀ צָפ֡וֹנָ⁠ה וּ⁠שְׁלֹשָׁה֩ פֹנִ֨ים ׀ יָ֜מָּ⁠ה וּ⁠שְׁלֹשָׁ֣ה ׀ פֹּנִ֣ים נֶ֗גְבָּ⁠ה וּ⁠שְׁלֹשָׁה֙ פֹּנִ֣ים מִזְרָ֔חָ⁠ה	1	It might seem that repeating the phrase **three facing** four times would be extra information that would not be natural to express in your language. If so, you could represent this phrase just once in your translation. Alternate translation: [which faced outward to the north, west, south, and east in groups of three]
7:26	dmak		rc://*/ta/man/translate/translate-bdistance	טֶ֔פַח	1	A **handbreadth** was a unit of measurement corresponding to the width of a man’s hand measured across the palm, or about eight centimeters or about three and a half inches. If it would be helpful to your readers, you could express this width in modern measurements, either in the text of your translation or in a footnote.
7:26	elbl		rc://*/ta/man/translate/figs-ellipsis	וּ⁠שְׂפָת֛⁠וֹ כְּ⁠מַעֲשֵׂ֥ה שְׂפַת־כּ֖וֹס פֶּ֣רַח שׁוֹשָׁ֑ן	1	This could mean: (1) that the shape of the **lip** or brim of the sea was like the shape of the **lip** or edge of a cup and like the shape of the **blossom of a lily**. Alternate translation: [and the brim of the sea was shaped like the edge of a cup and like the blossom of a lily] or (2) that the shape of the **lip** or brim of the sea was like the shape of the **lip** or edge of a cup and that it had decorations in the shape of the **blossom of a lily**. Alternate translation: [and the brim of the sea was shaped like the edge of a cup, and it had lily blossoms as decorations]
7:26	ki1h		rc://*/ta/man/translate/figs-simile	וּ⁠שְׂפָת֛⁠וֹ כְּ⁠מַעֲשֵׂ֥ה שְׂפַת־כּ֖וֹס פֶּ֣רַח שׁוֹשָׁ֑ן	1	The point of this comparison is that just as **the lip of a cup** and **the blossom of a lily** curve outward, so the **lip** or brim of the sea curved outward. If it would be helpful in your language, you could make this point explicitly. Alternate translation: [and its brim was fashioned to curve outward, like the edge of a cup and like a lily blossom]
7:26	y2op		rc://*/ta/man/translate/translate-bvolume	אַלְפַּ֥יִם בַּ֖ת יָכִֽיל	1	These **baths** were each equivalent to 22 liters or nearly six gallons. If it would be helpful to your readers, you could express this in terms of modern measurements, either in the text or in a footnote.
7:28	q6pd		rc://*/ta/man/translate/grammar-collectivenouns	הַ⁠מְּכוֹנָ֖ה	1	In this verse, the word **stand** is singular in form, but it refers to all the stands as a group. It may be helpful to clarify this for your readers. Alternate translation: [the stands] or [each stand]
7:29	n6ps		rc://*/ta/man/translate/figs-infostructure	וְ⁠עַל־הַ⁠שְׁלַבִּ֖ים כֵּ֣ן מִ⁠מָּ֑עַל וּ⁠מִ⁠תַּ֨חַת֙ לַ⁠אֲרָי֣וֹת וְ⁠לַ⁠בָּקָ֔ר לֹי֖וֹת מַעֲשֵׂ֥ה מוֹרָֽד	1	If it would be more natural in your language, you may want to put the information about the **wreaths** that were below the **lions** and **cattle** in the first part of this sentence. That way it would follow directly from the author’s introduction of these decorations in the previous sentence. Alternate translation: [And from below to the lions and to the cattle were wreaths, the work of descent, and on the frames was a pedestal from above]
7:29	ff8w		rc://*/ta/man/translate/figs-explicit	וּ⁠מִ⁠תַּ֨חַת֙ לַ⁠אֲרָי֣וֹת וְ⁠לַ⁠בָּקָ֔ר לֹי֖וֹת מַעֲשֵׂ֥ה מוֹרָֽד	1	The phrase **the work of descent** could indicate: (1) that these **wreaths** were crafted to appear as if they were hanging down from the panels. Alternate translation: [and below the lions and cattle were wreaths that appeared to hang down from the panels] or (2) that these **wreaths** were hammered or embossed onto the surface of the panels. Alternate translation: [and below the lions and cattle, wreath designs were worked into the panels]
7:29	za15		rc://*/ta/man/translate/figs-ellipsis	וּ⁠מִ⁠תַּ֨חַת֙ לַ⁠אֲרָי֣וֹת וְ⁠לַ⁠בָּקָ֔ר	1	As he did in [6:32](../06/32.md), here the author also mentions only two of three terms he has introduced in a preceding sentence. You may wish to indicate that what he says applies to the third term as well. See what you did in [6:32](../06/32.md). Alternate translation: [and below the lions, bulls, and cherubs]
7:30	cqh3		rc://*/ta/man/translate/figs-idiom	וְ⁠אַרְבָּעָה֩ & וְ⁠אַרְבָּעָ֥ה פַעֲמֹתָ֖י⁠ו כְּתֵפֹ֣ת לָ⁠הֶ֑ם מִ⁠תַּ֤חַת לַ⁠כִּיֹּר֙	1	The author is using the term **shoulders** to mean supports for the **basin** that each stand held and transported. If it would be helpful in your language, you could state the meaning plainly. Alternate translation: [And there were supports on the four corners of each stand to hold up a basin]
7:30	df4u		rc://*/ta/man/translate/figs-explicit	לַ⁠כִּיֹּר֙	1	The author assumes that his readers will know that each of these stands supported a **basin** in which the priests washed the parts of animals that they would burn as sacrifices. (The parallel passage in [2 Chronicles 4:6](../2ch/04/06.md) says this specifically.) The author therefore assumes that readers will know that by **the basin**, he means the basin that each of these stands supported. You could indicate this explicitly in your translation if that would be helpful to your readers. Alternate translation: [to the basin that the stand supported]
7:30	d55l		rc://*/ta/man/translate/figs-activepassive	הַ⁠כְּתֵפֹ֣ת יְצֻק֔וֹת מֵ⁠עֵ֥בֶר אִ֖ישׁ לֹיֽוֹת	1	The expression **were cast** is a passive verbal form. If your language would not use that form, you could express the idea in active form or in another way that is natural in your language. Alternate translation: [Hiram decorated the side of each support with wreaths that he cast in bronze]
7:31	y18l		rc://*/ta/man/translate/writing-pronouns	וּ֠⁠פִי⁠הוּ & וּ⁠פִ֨י⁠הָ֙ & פִּ֨י⁠הָ֙ מִקְלָע֔וֹת	1	The pronoun translated as **its** in the first instance is masculine, so it refers to the “basin” described in the previous verse. The pronoun translated as **its** in the second and third instances is feminine, so it refers to the **capital**. It may be helpful to clarify this for your readers. Alternate translation: [And the mouth of the basin … And the mouth of the capital … the mouth of the capital]
7:31	fi1g		rc://*/ta/man/translate/figs-idiom	וּ֠⁠פִי⁠הוּ & וּ⁠פִ֨י⁠הָ֙	1	The author is using the term **mouth** in these first two instances to mean the openings of the basin and the capital. If it would be helpful in your language, you could state the meaning plainly. Alternate translation: [And the opening of the basin … And the opening of the capital]
7:31	k7b8		rc://*/ta/man/translate/figs-explicit	לַ⁠כֹּתֶ֤רֶת	1	The author is using the term **capital** to describe the structure on top of the stand that he calls a **pedestal** later in this verse and in [7:29](../07/29.md). He uses that term because the structure was placed on top of the stand, just like the decorative features on top of the pillars that he also calls “capitals” in [7:16–20](../07/16.md). If it would be helpful to your readers, you could use the term “pedestal” here instead to make clear that the author is referring to that, not to the features of the pillars. Alternate translation: [the pedestal]
7:31	ibpw		rc://*/ta/man/translate/figs-idiom	וּ⁠פִ֨י⁠הָ֙ עָגֹ֣ל מַעֲשֵׂה־כֵ֔ן	1	See the discussion of the phrase **the work of** in the introduction to this chapter. Alternate translation: [And its mouth was circular because it was made to be a pedestal] or [And its mouth was circular so that it could serve as a pedestal]
7:31	ugyr		rc://*/ta/man/translate/figs-ellipsis	אַמָּ֖ה וַ⁠חֲצִ֣י הָֽ⁠אַמָּ֑ה	1	The author is leaving out some of the words that in many languages a sentence would need in order to be complete. You can supply these words from the context if that would be clearer in your language. Alternate translation: [it was a cubit and half of a cubit across]
7:31	jf2i		rc://*/ta/man/translate/figs-metonymy	וְ⁠גַם־עַל־פִּ֨י⁠הָ֙ מִקְלָע֔וֹת	1	Here, the **mouth** or opening of the capital (pedestal) represents the rim around that opening. The author means that there were **carvings** on the rim of the pedestal, just as there were on the rim of the sea, as he describes in [7:24](../07/24.md). If it would be helpful in your language, you could use an equivalent expression or plain language. Alternate translation: [and there were also carvings around the rim of the pedestal]
7:31	vm3j		rc://*/ta/man/translate/writing-pronouns	וּ⁠מִסְגְּרֹתֵי⁠הֶ֥ם מְרֻבָּע֖וֹת לֹ֥א עֲגֻלּֽוֹת	1	The pronoun **their** refers to the bronze stands. The author is repeating a detail he described in [7:27–28](../07/27.md) to indicate that these stands had a combination of round and square elements. Alternate translation: [But the panels of the stands were square, not round]
7:32	fn4j		rc://*/ta/man/translate/figs-idiom	וִ⁠יד֥וֹת הָ⁠אֽוֹפַנִּ֖ים בַּ⁠מְּכוֹנָ֑ה	1	The author is using the term **hands** to mean axles of the wheels, which he describes in [7:30](../07/30.md). If it would be helpful in your language, you could state the meaning plainly, here and the next verse. Alternate translation: [and the axles of the wheels were in the stand]
7:32	ief5		rc://*/ta/man/translate/figs-explicit	וִ⁠יד֥וֹת הָ⁠אֽוֹפַנִּ֖ים בַּ⁠מְּכוֹנָ֑ה	1	When he says that the **hands of the wheels** were **in the stand**, the author means that the axles of the wheels were cast as part of the stand itself, rather than as separate pieces that were added afterwards. You could indicate this explicitly in your translation if that would be helpful to your readers. Alternate translation: [and the axles of the wheels were cast as part of the stand]
7:33	esq3		rc://*/ta/man/translate/figs-simile	וּ⁠מַֽעֲשֵׂה֙ הָ⁠א֣וֹפַנִּ֔ים כְּ⁠מַעֲשֵׂ֖ה אוֹפַ֣ן הַ⁠מֶּרְכָּבָ֑ה	1	The point of this comparison is that just as **the wheel of a chariot** is open, with **spokes** connecting the rim to the hub, so the **wheels** of these stands were open, with **spokes**, **rims**, and **hubs**. In this culture, carts designed to bear heavy loads had solid wooden wheels. The author is indicating Hiram’s skill and ingenuity in casting open metal wheels that could support the weight of the water that the basin held (900 kilograms or 2,000 pounds) in addition to the weight of the bronze basin itself and its bronze stand. If it would be helpful in your language, you could make this point explicitly. Alternate translation: [And Hiram made the wheels open, like chariot wheels, but they were still able to support the weight of the stand and its basin when it was full of water]
7:33	qgxg		rc://*/ta/man/translate/figs-activepassive	יְדוֹתָ֣⁠ם וְ⁠גַבֵּי⁠הֶ֗ם וְ⁠חִשֻּׁקֵי⁠הֶ֛ם וְ⁠חִשֻּׁרֵי⁠הֶ֖ם הַ⁠כֹּ֥ל מוּצָֽק	1	The expression **was cast** is a passive verbal form. If your language would not use that form, you could express the idea in active form or in another way that is natural in your language. Alternate translation: [Hiram cast every part of these wheels from bronze, including their axles, rims, spokes, and hubs]
7:34	yh6a		rc://*/ta/man/translate/figs-explicitinfo	וְ⁠אַרְבַּ֣ע כְּתֵפ֔וֹת אֶ֚ל אַרְבַּ֣ע פִּנּ֔וֹת הַ⁠מְּכֹנָ֖ה הָֽ⁠אֶחָ֑ת מִן־הַ⁠מְּכֹנָ֖ה כְּתֵפֶֽי⁠הָ	1	If it would not be natural in your language to repeat the terms **four** and **shoulders**, you could shorten this description. Alternate translation: [And the shoulders that were to the four corners of one stand were from the stand] or [And the supports on the four corners of the base were cast as part of the base itself]
7:35	fs8e		rc://*/ta/man/translate/figs-ellipsis	וּ⁠בְ⁠רֹ֣אשׁ הַ⁠מְּכוֹנָ֗ה חֲצִ֧י הָ⁠אַמָּ֛ה קוֹמָ֖ה עָגֹ֣ל ׀ סָבִ֑יב	1	The author is leaving out some of the words that in many languages a sentence would need in order to be complete. You can supply these words from the context if that would be clearer in your language. Alternate translation: [And on the head of the stand there was a pedestal, half of a cubit was its height, and it was circular all around]
7:35	wbvp		rc://*/ta/man/translate/figs-idiom	וּ⁠בְ⁠רֹ֣אשׁ הַ⁠מְּכוֹנָ֗ה	1	As in [7:16–22](../07/16.md), the author is using the term **head** to mean “top.” If it would be helpful in your language, you could state the meaning plainly, here and in the next verse. Alternate translation: [And on the top of each stand]
7:35	g7z6		rc://*/ta/man/translate/figs-idiom	יְדֹתֶ֔י⁠הָ	1	In this context, the author is probably using the term **hands** to mean support bars that held the pedestal securely in place. If it would be helpful in your language, you could state the meaning plainly, here and the next verse. Alternate translation: [its support bars]
7:36	e61k		rc://*/ta/man/translate/writing-pronouns	וַ⁠יְפַתַּ֤ח	1	The pronoun **he** refers to Hiram. It may be helpful to clarify this for your readers. Alternate translation: [And Hiram engraved]
7:36	m87d		rc://*/ta/man/translate/figs-infostructure	עַל־הַ⁠לֻּחֹת֙ יְדֹתֶ֔י⁠הָ וְ⁠עַל֙ ו⁠מסגרתי⁠ה כְּרוּבִ֖ים אֲרָי֣וֹת וְ⁠תִמֹרֹ֑ת כְּ⁠מַֽעַר־אִ֥ישׁ וְ⁠לֹי֖וֹת סָבִֽיב	1	If it would be more natural in your language, you may want to put the information about the **wreaths all around** with the information about the carvings of **cherubs, lions, and palm trees**. Alternate translation: [cherubs, lions, and palm trees and wreaths all around on the plates of its hands and on its panels, according to the bare space of each]
7:37	h9y3		rc://*/ta/man/translate/writing-endofstory	כָּ⁠זֹ֣את עָשָׂ֔ה אֵ֖ת עֶ֣שֶׂר הַ⁠מְּכֹנ֑וֹת	1	In this verse, the author is concluding the account he gives in [7:27–37](../07/27.md) of how Hiram cast these **ten stands** to hold and transport water basins in the temple area. Use a natural form in your language for concluding an account.
7:38	ntk2		rc://*/ta/man/translate/translate-bvolume	אַרְבָּעִ֨ים בַּ֜ת יָכִ֣יל ׀ הַ⁠כִּיּ֣וֹר & הָ⁠אֶחָ֔ד	1	These **baths** were each equivalent to 22 liters or nearly six gallons. If it would be helpful to your readers, you could express this in terms of modern measurements, either in the text or in a footnote. See what you did in [7:26](../07/26.md).
7:38	lcl1		rc://*/ta/man/translate/figs-explicitinfo	הָ⁠אֶחָ֗ד & כִּיּ֤וֹר & עַל־הַ⁠מְּכוֹנָ֣ה הָ⁠אַחַ֔ת לְ⁠עֶ֖שֶׂר הַ⁠מְּכֹנֽוֹת	1	It might seem that this expression contains extra information that would not be natural to express in your language. If so, you could shorten it. Alternate translation: [One basin was on each of the ten stands]
7:39	eakd		rc://*/ta/man/translate/figs-idiom	עַל־כֶּ֤תֶף הַ⁠בַּ֨יִת֙ מִ⁠יָּמִ֔ין & כֶּ֥תֶף הַ⁠בַּ֖יִת מִ⁠שְּׂמֹאל֑⁠וֹ	1	As in [6:8](../06/08.md), the author is using the term **shoulder** to mean the side of the **house** or temple. If it would be helpful in your language, you could state the meaning plainly. Alternate translation: [in front of the right side of the temple … in front of the left side of the temple]
7:39	ga0x		rc://*/ta/man/translate/figs-explicit	עַל־כֶּ֤תֶף הַ⁠בַּ֨יִת֙ מִ⁠יָּמִ֔ין & כֶּ֥תֶף הַ⁠בַּ֖יִת מִ⁠שְּׂמֹאל֑⁠וֹ	1	See the discussion in a note to [6:8](../06/08.md) of how, in these descriptions of the temple, the author is speaking of directions in the way that is characteristic of his culture. If it would be helpful to your readers, you could indicate the directions he is speaking of, particularly since he uses the terms **eastward** and **south** later in the verse. Alternate translation: [in front of the south side of the temple … in front of the north side of the temple]
7:39	mrpx		rc://*/ta/man/translate/figs-explicit	מִ⁠כֶּ֨תֶף הַ⁠בַּ֧יִת הַ⁠יְמָנִ֛ית קֵ֖דְמָ⁠ה מִ⁠מּ֥וּל נֶֽגֶב	1	By **from the right shoulder of the house, eastward toward the south**, the author means at the southeast corner of the temple. You could indicate this explicitly in your translation if that would be helpful to your readers. Alternate translation: [in front of the southeast corner of the temple]
7:40	qgno		rc://*/ta/man/translate/translate-textvariants	אֶת־הַ֨⁠כִּיֹּר֔וֹת	1	Some ancient manuscripts read “basins.” The ULT follows that reading. Other ancient manuscripts read “pots,” as in the summary in [7:45](../07/45.md). If a translation of the Bible exists in your region, you may wish to use the reading that it uses. If a translation of the Bible does not exist in your region, you may wish to use the reading of the ULT.
7:40	ycmx		rc://*/ta/man/translate/writing-endofstory	וַ⁠יְכַ֣ל חִירָ֗ם לַֽ⁠עֲשׂוֹת֙ אֶת־כָּל־הַ⁠מְּלָאכָ֔ה אֲשֶׁ֥ר עָשָׂ֛ה לַ⁠מֶּ֥לֶךְ שְׁלֹמֹ֖ה בֵּ֥ית יְהוָֽה	1	Beginning with this sentence and continuing through the next five verses, the author concludes his entire account in [7:13–40](../07/13.md) of how Hiram made many types of bronze items for Yahweh’s temple. In the next five verses, he gives a summary of all the items, and in this sentence, he introduces that summary. Use a natural form in your language for introducing the conclusion of an account that summarizes what it has described.
7:41	e0sy		rc://*/ta/man/translate/figs-possession	וְ⁠גֻלֹּ֧ת הַ⁠כֹּתָרֹ֛ת	1	The author is using the possessive form to describe **capitals** that were in the shape of **bowls**. (This refers to the bottom part of the capitals, as [7:20](../07/20.md) indicates.) If a speaker of your language would not use the possessive form for this, you could express this idea in another way. Alternate translation: [and the bowl-shaped capitals]
7:41	g0jg		rc://*/ta/man/translate/figs-idiom	רֹ֥אשׁ הָֽ⁠עַמֻּדִ֖ים שְׁתָּ֑יִם	1	See how you translated the similar expression in [7:16](../07/16.md). Alternate translation: [the tops of the two pillars]
7:42	rvef		rc://*/ta/man/translate/figs-idiom	פְּנֵ֥י הָ⁠עַמּוּדִֽים	1	The author is using the term **faces** to mean the tops of these **pillars**. If it would be helpful in your language, you could state the meaning plainly. Alternate translation: [the tops of the pillars]
7:44	fyvc		rc://*/ta/man/translate/grammar-collectivenouns	הַ⁠בָּקָ֥ר שְׁנֵים־עָשָׂ֖ר	1	See how you translated the similar expression in [7:25](../07/25.md). Alternate translation: [the 12 bulls]
7:45	qgz5		rc://*/ta/man/translate/figs-activepassive	נְחֹ֖שֶׁת מְמֹרָֽט	1	Here, the term **polished** is a passive verbal form. If your language would not use that form, you could express the idea in active form or in another way that is natural in your language. Alternate translation: [were bronze that workers polished after Hiram cast them]
7:46	aiss		rc://*/ta/man/translate/figs-synecdoche	יְצָקָ֣⁠ם הַ⁠מֶּ֔לֶךְ	1	The author is using **the king** (Solomon, who directed this action) to represent everyone who was involved. If it would be helpful in your language, you could state the meaning plainly. Alternate translation: [Hiram and his workers cast them, as the king had commissioned them to do]
7:46	b6vm		rc://*/ta/man/translate/figs-possession	בְּ⁠מַעֲבֵ֖ה הָ⁠אֲדָמָ֑ה	1	The author is using the possessive form to describe **ground** that consists largely of **clay**. If a speaker of your language would not use the possessive form for this, you could express this idea in another way. Alternate translation: [in the clayey ground]
7:47	n3pj		rc://*/ta/man/translate/figs-personification	וַ⁠יַּנַּ֤ח שְׁלֹמֹה֙ אֶת־כָּל־הַ⁠כֵּלִ֔ים	1	The author is speaking of these **vessels** as if they had been living things that could **rest**. (He is speaking as if weighing the vessels would have caused them some exertion.) If it would be helpful in your language, you could state the meaning plainly. Alternate translation: [And Solomon did not weigh the vessels]
7:47	pru8		rc://*/ta/man/translate/figs-reduplication	מֵ⁠רֹ֖ב מְאֹ֣ד מְאֹ֑ד	1	The author is repeating the word **great** in order to intensify his expression of the idea that it conveys. If your language can repeat words for intensification, it would be appropriate to do that here in your translation. If not, your language may have another way of expressing the intensification. Alternate translation: [because Hiram used such a great abundance of bronze to make them]
7:47	ijbj		rc://*/ta/man/translate/figs-activepassive	לֹ֥א נֶחְקַ֖ר מִשְׁקַ֥ל הַ⁠נְּחֹֽשֶׁת	1	The expression **was not determined** is a passive verbal form. If your language would not use that form, you could express the idea in active form or in another way that is natural in your language. Alternate translation: [No one determined the weight of the bronze]
7:48	j84d		rc://*/ta/man/translate/figs-infostructure	וְ⁠אֶת־הַ⁠שֻּׁלְחָ֗ן אֲשֶׁ֥ר עָלָ֛י⁠ו לֶ֥חֶם הַ⁠פָּנִ֖ים זָהָֽב	1	The author specifies that this **table** was made of **gold** after describing the table itself in order to emphasize that it was made from that precious metal. If it would be more natural in your language, here and in the next two verses, you could use the adjective “golden” within the description of the articles themselves to provide the information that these vessels for the house of Yahweh were made of gold. Alternate translation: [and the golden table that had the bread of the face on it]
7:48	g9cb		rc://*/ta/man/translate/figs-metonymy	לֶ֥חֶם הַ⁠פָּנִ֖ים	1	Here, the term **face** represents the presence of Yahweh. If it would be helpful in your language, you could use an equivalent expression or plain language. Alternate translation: [was the Bread of the Presence]
7:49	khuw		rc://*/ta/man/translate/figs-ellipsis	וְ⁠חָמֵ֧שׁ	1	The author is leaving out some of the words that in many languages a sentence would need in order to be complete. You can supply these words from the context if that would be clearer in your language. Alternate translation: [and the five lampstands]
7:49	mllg		rc://*/ta/man/translate/figs-metonymy	לִ⁠פְנֵ֥י	1	Here, **to the face of** represents being in front of the inner sanctuary. If it would be helpful in your language, you could use an equivalent expression or plain language. Alternate translation: [in front of]
7:49	ajq7		rc://*/ta/man/translate/grammar-collectivenouns	וְ⁠הַ⁠פֶּ֧רַח	1	In this verse, the word **blossom** is singular in form, but it refers to all the floral decorations as a group. If it would be helpful in your language, you could use the plural form of “blossom” or an equivalent term. Alternate translation: [and the blossoms] or [and the flowers]
7:49	uw31		rc://*/ta/man/translate/figs-explicit	וְ⁠הַ⁠פֶּ֧רַח	1	The author assumes that readers will know that the golden lampstand in the sacred tent had decorations of flowers, and so Solomon had his workers make **lampstands** of a similar design for the temple. You could indicate this explicitly in your translation if that would be helpful to your readers. Alternate translation: [and the floral designs on the lampstands]
7:50	eilj		rc://*/ta/man/translate/figs-idiom	וְ⁠הַ⁠כַּפּ֥וֹת	1	The author is using the term **palms** to mean some implement that the priests used in the temple area that had a cupped shape. This could mean: (1) Alternate translation: [incense dishes] or (2) Alternate translation: [spoons] or [ladles]
8:intro	h96s				0	# 1 Kings 8 Chapter Introduction\n\n## Structure and Formatting\n\nThis chapter continues to describe Solomon’s reign as king of Israel.\n\n  1. Solomon brings the ark into the temple (8:1–11)\n  2. Solomon tells the Israelites how the temple fulfills Yahweh’s promise (8:12–21)\n  3. Solomon dedicates the temple by praying to Yahweh (8:22–53)\n    1. Prayer for Yahweh to confirm David’s descendants as kings (8:22–26)\n    2. General request for Yahweh to hear prayers addressed to him in the temple (8:27–30)\n    3. Request for Yahweh to do justice when people swear oaths at the temple (8:31–32)\n    4. Request for Yahweh to help the Israelites after enemies defeat them (8:33–34)\n    5. Request for Yahweh to help the Israelites during famine and plague (8:35–40)\n    6. Request for Yahweh to answer the prayers of foreigners (8:41–43)\n    7. Request for Yahweh to help the Israelites when he tells them to fight enemies (8:44–45)\n    8. Request for Yahweh to bring back Israelites who are exiled (8:46–50)\n    9. Conclusion: Affirmation of God’s Covenant (8:52–53)\n  3. Solomon blesses the congregation, offers sacrifices, and hosts a feast (8:54–66).\n\n## Religious and Cultural Concepts in This Chapter\n\n### The transfer of the Box of the Covenant to the temple\n\nAt the beginning of this chapter, the author describes how Solomon gathered the Israelite leaders for a ceremony to transfer the Box of the Covenant of Yahweh to a permanent home in the temple. The Box was the most sacred object in ancient Israel. It contained the stone tablets that Moses had put inside it when Yahweh met with the Israelites at Mount Sinai and made his covenant with them. Yahweh was understood to be present in a special way above the Box. Placing the Box in the Holy of Holies inside the temple made it the true center of Israelite worship. The fact that the priests could no longer see the Box once it was placed in the innermost sanctuary emphasized its immense holiness and the sacredness of God’s presence.\n\n### Solomon’s allusions to Deuteronomy in his prayer of dedication\n\nMost of this chapter consists of Solomon’s prayer of dedication for the temple. In that prayer, he makes many allusions to what Moses said in the book of Deuteronomy, especially the warnings of what would happen to the Israelites if they were disobedient. In chapters 28 and 30 of Deuteronomy, Moses warned of consequences such as famine, disaster, defeat, and exile if the people turned away from Yahweh. In his prayer, Solomon echoes this language as he prays about such consequences. At the same time, similarly echoing what Moses said, Solomon repeatedly asks that if the Israelites repent, confess their sins, and pray toward the temple, even from exile, Yahweh will hear from heaven, forgive their sins, and restore them. If you have already translated the book of Deuteronomy, try to translate phrases from that book that also appear in Solomon’s prayer the same way you translated them there. This will help readers recognize how Solomon is acknowledging the promises that Yahweh made through Moses and praying that he will fulfill them.\n\n## Translation Issues in This Chapter\n\n“you, may you hear”\n\nAs he asks Yahweh to “hear” (answer) prayers, several times Solomon states the pronoun “you” separately, even though the verb translated as “may you hear” already includes this meaning. He does that to ask that this action take place at the same time as the action of someone making a “supplication.” (It is clear that this is the significance of this construction from the way Solomon says “when” or “if” to introduce some other circumstances under which people would pray and under which he is asking Yahweh to respond.) If a speaker of your language would use an explicit pronoun for the same purpose, you may want to use that construction in your translation. If not, your language may have other ways of showing the meaning, here and in the rest of the chapter. (See: [[rc://*/ta/man/translate/writing-pronouns]])
8:1	fej3		rc://*/ta/man/translate/figs-metaphor	רָאשֵׁ֣י הַ⁠מַּטּוֹת֩	1	Here, **heads** means “leaders.” If it would be helpful in your language, you could state the meaning plainly. Alternate translation: [the leaders of the tribes]
8:1	qpzp		rc://*/ta/man/translate/figs-ellipsis	הָ⁠אָב֜וֹת	1	The author is leaving out a word that in many languages a sentence would need in order to be complete. He is using the word **fathers** to mean “father’s houses.” In ancient Israel, that expression described extended families, comprising three or four generations, led by a man who was the father, grandfather, or great-grandfather of he family members. The household also included servants. You can supply this word in your translation or use an equivalent expression. If you have already translated the book of Joshua, see how you translated the similar expression in [Joshua 14:1](../jos/14/01.md). Alternate translation: [father’s houses of] or [extended families of]
8:1	n0gc		rc://*/ta/man/translate/figs-metaphor	לִ⁠בְנֵ֧י יִשְׂרָאֵ֛ל	1	To translate the expression **the sons of Israel** here and in verses 9 and 63, see how you translated that expression in [6:1](../06/01.md). Alternate translation: [the Israelites]
8:1	yy4t		rc://*/ta/man/translate/writing-pronouns	אֶל־הַ⁠מֶּ֥לֶךְ שְׁלֹמֹ֖ה	1	Since the author has already mentioned Solomon earlier in this sentence, it may be more natural in your language to use a pronoun here. Alternate translation: [to himself]
8:1	heqd		rc://*/ta/man/translate/figs-explicitinfo	לְֽ⁠הַעֲל֞וֹת	1	To translate this expression and the similar one, “brought up” in verse 4, see how you translated the similar expression in [1:25](../01/25.md). Alternate translation: [to bring]
8:1	ni9f		rc://*/ta/man/translate/writing-background	מֵ⁠עִ֥יר דָּוִ֖ד הִ֥יא צִיּֽוֹן	1	The author is providing background information to help readers recognize that **the City of David** was the name that people used at this time for the part of Jerusalem that they knew as **Zion**. In your translation, present this information in a way that would be natural in your own language and culture.
8:1	hovs		rc://*/ta/man/translate/figs-explicit	מֵ⁠עִ֥יר דָּוִ֖ד הִ֥יא צִיּֽוֹן	1	The author assumes that readers will know that Solomon gathered these leaders to bring the Box from the City of David to the temple he had built. You could say that explicitly if that would be helpful to your readers. Alternate translation: [from the City of David (it is Zion) to the temple]
8:2	yjec		rc://*/ta/man/translate/figs-gendernotations	כָּל־אִ֣ישׁ יִשְׂרָאֵ֔ל	1	Here the masculine term **men** has a generic sense that includes both men and women. If it would be helpful to your readers, you could use language in your translation that is clearly inclusive of both men and women. Alternate translation: [all of the people of Israel]
8:2	qx9d		rc://*/ta/man/translate/figs-hyperbole	כָּל־אִ֣ישׁ יִשְׂרָאֵ֔ל	1	The author is saying **all of the men of Israel** as an generalization for emphasis. If it would be helpful in your language, you could use a different way to express the emphasis. Alternate translation: [a great number of Israelites]
8:2	rj0y		rc://*/ta/man/translate/figs-infostructure	בְּ⁠יֶ֥רַח הָ⁠אֵֽתָנִ֖ים בֶּ⁠חָ֑ג ה֖וּא הַ⁠חֹ֥דֶשׁ הַ⁠שְּׁבִיעִֽי	1	If it would be more natural in your language, you may want to put the information about that this was **the seventh month** with the information that it was **the month of Ethanim**. Alternate translation: [in the month of Ethanim (it is the seventh month), at the feast]
8:2	acmv		rc://*/ta/man/translate/writing-background	בְּ⁠יֶ֥רַח הָ⁠אֵֽתָנִ֖ים בֶּ⁠חָ֑ג ה֖וּא הַ⁠חֹ֥דֶשׁ הַ⁠שְּׁבִיעִֽי	1	The author is providing background information to help readers recognize that **Ethanim** was the official name at this time for the month that they knew simply as **the seventh month**. In your translation, present this information in a way that would be natural in your own language and culture.
8:2	k018		rc://*/ta/man/translate/translate-hebrewmonths	הָ⁠אֵֽתָנִ֖ים	1	The **seventh month** of the Hebrew calendar, here called **Ethanim**, includes the last part of September and the first part of October on Western calendars. You could convert the Hebrew day and month into an approximate date on the calendar that your culture uses. However, the Jews used a lunar calendar, so if you use a solar calendar, the date will be different every year, and the translation will not be entirely accurate. So you may just want to give the number of the day and the name of the month on the Hebrew calendar and say in a footnote approximately what time of year that is on your calendar.
8:2	sphq		rc://*/ta/man/translate/figs-explicit	בֶּ⁠חָ֑ג	1	By **at the feast**, the author means the Feast of Booths (sometimes called the Feast of Tabernacles). You could indicate this explicitly in your translation if that would be helpful to your readers. Alternate translation: [to celebrate the Feast of Booths]
8:4	dj6s		rc://*/ta/man/translate/figs-abstractnouns	כָּל־כְּלֵ֥י הַ⁠קֹּ֖דֶשׁ	1	If your language does not use abstract nouns for the idea of **holiness**, you could express the same idea in another way. Alternate translation: [the holy vessels] or [the consecrated vessels]
8:5	jd64		rc://*/ta/man/translate/figs-hyperbole	וְ⁠כָל־עֲדַ֤ת יִשְׂרָאֵל֙ הַ⁠נּוֹעָדִ֣ים עָלָ֔י⁠ו	1	The author is saying **all** as a generalization for emphasis. He clarifies in the next phrase that he means specifically all those Israelites who had **congregated themselves** in Jerusalem for this occasion. If it would be helpful in your language, you could use a different way to express the emphasis. Alternate translation: [and the great crowd of Israelites who had congregated themselves to him]
8:5	oldu		rc://*/ta/man/translate/figs-metonymy	לִ⁠פְנֵ֣י הָֽ⁠אָר֑וֹן	1	Here, **to the face of** represents being in front of the Box. If it would be helpful in your language, you could use an equivalent expression or plain language. Alternate translation: [in front of the Box]
8:5	f340		rc://*/ta/man/translate/figs-doublet	אֲשֶׁ֧ר לֹֽא־יִסָּפְר֛וּ וְ⁠לֹ֥א יִמָּנ֖וּ	1	The expressions **were not counted** and **were not numbered** mean similar things. The author is using the two expressions together for emphasis. If it would be clearer for your readers, you could express the emphasis with a single phrase. Alternate translation: [that could not be counted at all]
8:5	irn6		rc://*/ta/man/translate/figs-activepassive	אֲשֶׁ֧ר לֹֽא־יִסָּפְר֛וּ וְ⁠לֹ֥א יִמָּנ֖וּ	1	The expressions **were not counted** and **were not numbered** are passive verbal forms. If your language would not use such forms, you could express these ideas with active forms or in another way that would be natural in your language. Alternate translation: [that no one could count or number] or [that no one could count at all]
8:6	r0ms		rc://*/ta/man/translate/writing-background	אֶל־דְּבִ֥יר הַ⁠בַּ֖יִת אֶל־קֹ֣דֶשׁ הַ⁠קֳּדָשִׁ֑ים	1	The author is providing background information to help readers recognize that by **the inner sanctuary** he means the part of the temple that they may have known as **the Holy of Holies**. In your translation, present this information in a way that would be natural in your own language and culture. Alternate translation: [into the inner sanctuary of the house, that is, into the Holy of Holies]
8:6	ey3o		rc://*/ta/man/translate/figs-metaphor	הַ⁠בַּ֖יִת	1	See how you translated the term “house” in [3:1](../03/01.md). Alternate translation: [the temple]
8:7	qcnl		rc://*/ta/man/translate/grammar-connect-words-phrases	כִּ֤י	1	The word **For** introduces not a reason but background information, a reminder of the description of the cherubs in [6:27](../06/27.md) and of how their touching outspread wings created a reverential **place** for the ark. It may be natural in your language to use a term here that introduces background information. Alternate translation: [Now]
8:8	auvf		rc://*/ta/man/translate/figs-activepassive	וַ⁠יֵּרָאוּ֩ רָאשֵׁ֨י הַ⁠בַּדִּ֤ים	1	The expression **were seen** is a passive verbal form. If your language would not use that form, you could express the idea in active form or in another way that is natural in your language. Alternate translation: [and the priests could see the heads of the poles]
8:8	ntpm		rc://*/ta/man/translate/figs-idiom	רָאשֵׁ֨י הַ⁠בַּדִּ֤ים	1	The author is using the term **heads** to mean the ends of these **poles**. If it would be helpful in your language, you could state the meaning plainly. Alternate translation: [the ends of the poles]
8:8	sfap		rc://*/ta/man/translate/figs-metonymy	עַל־פְּנֵ֣י הַ⁠דְּבִ֔יר	1	Here, **at the face of** represents being in front of the inner sanctuary. If it would be helpful in your language, you could use an equivalent expression or plain language. Alternate translation: [in front of the inner sanctuary] or [through the entrance to the inner sanctuary]
8:8	vz30		rc://*/ta/man/translate/figs-activepassive	וְ⁠לֹ֥א יֵרָא֖וּ הַ⁠ח֑וּצָ⁠ה	1	The expression **were not seen** is a passive verbal form. If your language would not use that form, you could express the idea in active form or in another way that is natural in your language. Alternate translation: [but no one outside the temple could see them]
8:8	ry5k		rc://*/ta/man/translate/figs-explicit	עַ֖ד הַ⁠יּ֥וֹם הַ⁠זֶּֽה	1	See the discussion of this phrase in the introduction to 1 Kings. The author is using this phrase to refer to the time when he was writing. In your translation, make clear that the phrase refers to a time that is now in the past. Avoid giving the impression the phrase means “to the present day.” If you have already translated the book of 1 Samuel, see how you translated the similar expression in [1 Samuel 5:5](../1sa/05/05.md). Alternate translation: [right up to the time of this writing]
8:9	bpjc		rc://*/ta/man/translate/grammar-connect-exceptions	אֵ֚ין בָּֽ⁠אָר֔וֹן רַ֗ק שְׁנֵי֙ לֻח֣וֹת הָ⁠אֲבָנִ֔ים	1	If it would appear in your language that the author was making a statement and then contradicting it, you could reword this as a positive statement. The UST models one way to do that.
8:9	mokf		rc://*/ta/man/translate/translate-names	בְּ⁠חֹרֵ֑ב	1	**Horeb** is the name of a mountain that is also called Mount Sinai in other passages in the Bible.
8:9	i7dk		rc://*/ta/man/translate/figs-ellipsis	כָּרַ֤ת	1	The author is leaving out some of the words that in many languages a sentence would need in order to be complete. You can supply these words from the context if that would be clearer in your language. Alternate translation: [cut a covenant]
8:9	us3z		rc://*/ta/man/translate/figs-idiom	כָּרַ֤ת	1	See how you translated the similar expression in [5:12](../05/12.md). Alternate translation: [made a covenant]
8:10	ylmg		rc://*/ta/man/translate/writing-newevent	וַ⁠יְהִ֕י	1	The author is using this phrase to introduce a new development in the story. Use a word, phrase, or other method in your language that is natural for introducing a new development.
8:10	nvp0		rc://*/ta/man/translate/figs-explicit	וְ⁠הֶ⁠עָנָ֥ן	1	The implication is that this was the special cloud that manifested Yahweh’s presence. You could include this information if that would be helpful to your readers. Alternate translation: [the cloud that manifested Yahweh’s presence]
8:11	xpud		rc://*/ta/man/translate/figs-idiom	וְ⁠לֹֽא־יָכְל֧וּ הַ⁠כֹּהֲנִ֛ים לַ⁠עֲמֹ֥ד לְ⁠שָׁרֵ֖ת מִ⁠פְּנֵ֥י הֶֽ⁠עָנָ֑ן	1	The author is using **from the face of** as a common expression of the culture to mean “because of” or “on account of.” If this phrase does not have that meaning in your language, you could use a comparable expression from your language that does have that meaning, or you could state the meaning plainly. Alternate translation: [And the priests were not able to stand to minister because of the cloud]
8:11	q9ik		rc://*/ta/man/translate/grammar-connect-logic-result	וְ⁠לֹֽא־יָכְל֧וּ הַ⁠כֹּהֲנִ֛ים לַ⁠עֲמֹ֥ד לְ⁠שָׁרֵ֖ת מִ⁠פְּנֵ֥י הֶֽ⁠עָנָ֑ן	1	If it would be more natural in your language, you could reverse the order of these phrases, since the second phrase gives the reason for the result that the first phrase describes. Alternate translation: [And because of the cloud, the priests were not able to stand to minister]
8:11	l5o2		rc://*/ta/man/translate/figs-idiom	לַ⁠עֲמֹ֥ד לְ⁠שָׁרֵ֖ת	1	The author is using **stand to minister** as a common expression of his culture to mean “continue to minister” or “keep performing their duties.” If this phrase does not have that meaning in your language, you could use a comparable expression from your language that does have that meaning, or you could state the meaning plainly. Alternate translation: [to continue to minister] or [to keep ministering]
8:11	ikk2		rc://*/ta/man/translate/grammar-connect-words-phrases	כִּי	1	Here the word **for** introduces not a reason but an explanation. Alternate translation: [This was because]
8:12	emwm		rc://*/ta/man/translate/translate-textvariants	יְהוָ֣ה אָמַ֔ר לִ⁠שְׁכֹּ֖ן בָּ⁠עֲרָפֶֽל	1	Some ancient manuscripts read, “Yahweh said he would dwell in a dark cloud.” The ULT follows that reading. Other ancient manuscripts read, “For Yahweh set the sun in the heavens, but he said he would dwell in a thick cloud.” If a translation of the Bible exists in your region, you may wish to use the reading that it uses. If a translation of the Bible does not exist in your region, you may wish to use the reading of the ULT.
8:12	c7ja		rc://*/ta/man/translate/figs-explicit	יְהוָ֣ה אָמַ֔ר לִ⁠שְׁכֹּ֖ן בָּ⁠עֲרָפֶֽל	1	Solomon assumes that his listeners will know that he referring to what **Yahweh said** to Moses about how he would be present with the Box when it was in the tent of meeting, “I will appear in a cloud over the atonement lid” ([Leviticus 16:2](../lev/16/02.md)). You could indicate this explicitly in your translation if that would be helpful to your readers. Alternate translation: [Yahweh told Moses that he would dwell in a dark cloud in the sacred tent]
8:13	bz3i		rc://*/ta/man/translate/figs-explicit	בָּנֹ֥ה בָנִ֛יתִי בֵּ֥ית זְבֻ֖ל לָ֑⁠ךְ מָכ֥וֹן לְ⁠שִׁבְתְּ⁠ךָ֖ עוֹלָמִֽים	1	After speaking to the people, Solomon is now speaking to Yahweh. He could be saying: (1) that Yahweh’s appearance in a cloud in the temple confirms that Yahweh will indeed dwell in this temple. Alternate translation: [So it is clear that you are going to dwell in this house that I have built for you to live in] or (2) that while Yahweh said he would live in a cloud, Solomon has instead built him a splendid temple to live in. (The word translated as **habitation** might also mean [exaltation.]) Alternate translation: [But I have built a splendid temple for you in which you can always dwell]
8:13	b36x		rc://*/ta/man/translate/figs-reduplication	בָּנֹ֥ה בָנִ֛יתִי	1	Solomon is repeating forms of the verb “build” in order to intensify his expression of the idea that it conveys. If your language can repeat words for intensification, it would be appropriate to do that here in your translation. If not, your language may have another way of expressing the intensification. Alternate translation: [I have indeed built]
8:13	hb92		rc://*/ta/man/translate/figs-doublet	בֵּ֥ית זְבֻ֖ל לָ֑⁠ךְ מָכ֥וֹן לְ⁠שִׁבְתְּ⁠ךָ֖ עוֹלָמִֽים	1	The terms **house of habitation** and **place for your dwelling** mean similar things. Solomon is using the two terms together for emphasis. If it would be clearer for your readers, you could express the emphasis with a single phrase. Alternate translation: [a house that can always be your dwelling]
8:13	ejfk		rc://*/ta/man/translate/translate-plural	עוֹלָמִֽים	1	Solomon is using the plural **ages** where Hebrew speakers commonly used a singular form and said “to forever” (as Bathsheba does in [1:31](../01/31.md), for example). This suggests that he is using the plural form to emphasize that he hopes that Yahweh will be present in this temple not just for as long as anyone in the present age can imagine but for all ages to come. If it would be helpful in your language, you could use a singular form and express the emphasis in another way. Alternate translation: [for an immeasurable span of time]
8:14	btt8		rc://*/ta/man/translate/figs-synecdoche	וַ⁠יַּסֵּ֤ב הַ⁠מֶּ֨לֶךְ֙ אֶת־פָּנָ֔י⁠ו	1	The author is using one part of Solomon, his **face**, to mean all of him in the act of turning around. If it would be helpful in your language, you could state the meaning plainly. See the discussion of this use of the term “face” in the introduction to 1 Kings. Alternate translation: [And the king turned around to face the people]
8:14	vd3p		rc://*/ta/man/translate/translate-symaction	וְ⁠כָל־קְהַ֥ל יִשְׂרָאֵ֖ל עֹמֵֽד	1	The people were **standing** as a symbolic action that showed respect for Yahweh and for King Solomon and expressed their eagerness to receive a blessing from Solomon as Yahweh’s representative. If it would be helpful to your readers, you could explain the significance of this action in the text or in a footnote. Alternate translation: [Now all of the Israelites who were present were standing to express their respect and expectation]
8:15	wonk		rc://*/ta/man/translate/figs-activepassive	בָּר֤וּךְ יְהוָה֙	1	See how you translated the similar expression in [1:48](../01/48.md). Alternate translation: [May people bless Yahweh] or [May people praise Yahweh]
8:15	irw4		rc://*/ta/man/translate/figs-infostructure	אֲשֶׁר֙ דִּבֶּ֣ר בְּ⁠פִ֔י⁠ו אֵ֖ת דָּוִ֣ד אָבִ֑⁠י וּ⁠בְ⁠יָד֥⁠וֹ מִלֵּ֖א	1	If it would be more natural in your language, you may want to put the information that Yahweh has now **fulfilled** something **by his hand** before the information that this was something he **spoke by his mouth**. Alternate translation: [who has fulfilled by his hand what he spoke by his mouth to David my father]
8:15	d047		rc://*/ta/man/translate/figs-metonymy	וּ⁠בְ⁠יָד֥⁠וֹ מִלֵּ֖א	1	Here, **hand** represents the power of a person. If it would be helpful in your language, you could use an equivalent expression or state the meaning plainly. Alternate translation: [and fulfilled by his own action]
8:16	l9u0		rc://*/ta/man/translate/figs-quotesinquotes	מִן־הַ⁠יּ֗וֹם אֲשֶׁ֨ר הוֹצֵ֜אתִי אֶת־עַמִּ֣⁠י & יִשְׂרָאֵל֮ מִ⁠מִּצְרַיִם֒ לֹֽא־בָחַ֣רְתִּי בְ⁠עִ֗יר מִ⁠כֹּל֙ שִׁבְטֵ֣י יִשְׂרָאֵ֔ל לִ⁠בְנ֣וֹת בַּ֔יִת לִ⁠הְי֥וֹת שְׁמִ֖⁠י שָׁ֑ם וָ⁠אֶבְחַ֣ר בְּ⁠דָוִ֔ד לִֽ⁠הְי֖וֹת עַל־עַמִּ֥⁠י יִשְׂרָאֵֽל	1	If it would be clearer in your language, you could translate this so that there is not a quotation within a quotation. Alternate translation: [that from the day when he brought out his people Israel from Egypt, he did not choose a city from all of the tribes of Israel to build a house for his name to be there. But he did choose David to be over his people Israel]
8:16	kdfw		rc://*/ta/man/translate/figs-metonymy	הַ⁠יּ֗וֹם	1	Yahweh is using the term **day** to refer to a specific time. If it would be helpful in your language, you could state the meaning plainly. Alternate translation: [the time]
8:16	delu		rc://*/ta/man/translate/figs-explicit	בְ⁠עִ֗יר מִ⁠כֹּל֙ שִׁבְטֵ֣י יִשְׂרָאֵ֔ל לִ⁠בְנ֣וֹת בַּ֔יִת	1	Yahweh is not speaking of a **city** that would **build a house** for him. He is speaking of a city where such a temple would be located. It may be helpful to clarify this for your readers. Alternate translation: [a city from all of the tribes of Israel in which to have a temple built]
8:16	zgz2		rc://*/ta/man/translate/figs-metonymy	מִ⁠כֹּל֙ שִׁבְטֵ֣י יִשְׂרָאֵ֔ל	1	Here, **tribes** represents the territories in which the tribes lived. If it would be helpful in your language, you could use an equivalent expression or plain language. Alternate translation: [from anywhere within the territory of Israel]
8:16	lq3a		rc://*/ta/man/translate/figs-metonymy	לִ⁠הְי֥וֹת שְׁמִ֖⁠י שָׁ֑ם	1	To translate this expression and the similar ones in the rest of this chapter, see how you translated the similar expression in [3:2](../03/02.md). Alternate translation: [for people to worship me there] or [to make my reputation known there]
8:16	qizs		rc://*/ta/man/translate/figs-123person	וָ⁠אֶבְחַ֣ר בְּ⁠דָוִ֔ד	1	Yahweh was speaking of David in the third person, even though he was addressing him directly. That is because he was making a proclamation similar to the one in [2:45](../02/45.md). If it would be helpful in your language, you could translate this in the second person. Alternate translation: [But I chose you, David]
8:16	hwtm		rc://*/ta/man/translate/figs-metaphor	לִֽ⁠הְי֖וֹת עַל־עַמִּ֥⁠י יִשְׂרָאֵֽל	1	See how you translated the similar expression in [4:4](../04/04.md). Alternate translation: [to rule my people Israel]
8:17	gria		rc://*/ta/man/translate/figs-idiom	וַ⁠יְהִ֕י עִם־לְבַ֖ב דָּוִ֣ד אָבִ֑⁠י לִ⁠בְנ֣וֹת בַּ֔יִת	1	Solomon is using **it was with the heart of David** as a common expression of his culture to mean “David earnestly wanted” or “David strongly desired.” If this phrase does not have that meaning in your language, you could use a comparable expression from your language that does have that meaning, or you could state the meaning plainly, here and in the next verse. Alternate translation: [And David my father had his heart set on building a house] or [And David my father earnestly wanted to build a house]
8:18	d3qn		rc://*/ta/man/translate/figs-quotesinquotes	וַ⁠יֹּ֤אמֶר יְהוָה֙ אֶל־דָּוִ֣ד אָבִ֔⁠י יַ֗עַן אֲשֶׁ֤ר הָיָה֙ עִם־לְבָ֣בְ⁠ךָ֔ לִ⁠בְנ֥וֹת בַּ֖יִת לִ⁠שְׁמִ֑⁠י הֱטִיבֹ֔תָ כִּ֥י הָיָ֖ה עִם־לְבָבֶֽ⁠ךָ	1	If it would be clearer in your language, you could translate this so that there is not a quotation within a quotation. Alternate translation: [But Yahweh told David my father that because it was with his heart to build a house for his name, he did well that it was with his heart]
8:18	j1wz		rc://*/ta/man/translate/figs-explicitinfo	יַ֗עַן אֲשֶׁ֤ר הָיָה֙ עִם־לְבָ֣בְ⁠ךָ֔ לִ⁠בְנ֥וֹת בַּ֖יִת לִ⁠שְׁמִ֑⁠י הֱטִיבֹ֔תָ כִּ֥י הָיָ֖ה עִם־לְבָבֶֽ⁠ךָ	1	It might seem that repeating the expression **it was with your heart** would be to convey extra information in a way that was not natural in your language. If so, you could shorten represent this expression only once in your translation. Alternate translation: [You did well to have it with your heart to build a house for my name]
8:18	kbv5		rc://*/ta/man/translate/figs-yousingular	לְבָ֣בְ⁠ךָ֔ & הֱטִיבֹ֔תָ	1	The words **you** and **your** are singular here and in the next verse because they refer to David. So use singular forms in your translation if your language marks that distinction.
8:19	aqlh		rc://*/ta/man/translate/figs-quotesinquotes	רַ֣ק אַתָּ֔ה לֹ֥א תִבְנֶ֖ה הַ⁠בָּ֑יִת כִּ֤י אִם־בִּנְ⁠ךָ֙ הַ⁠יֹּצֵ֣א מֵ⁠חֲלָצֶ֔י⁠ךָ הֽוּא־יִבְנֶ֥ה הַ⁠בַּ֖יִת לִ⁠שְׁמִֽ⁠י	1	If you translated the previous verse so that there would not be a quotation within a quotation, you can continue doing that here. Alternate translation: [However, he, David, would not build the house, but rather his son coming out from his loins, he would be the one to build the house for his name]
8:19	ilyr		rc://*/ta/man/translate/writing-poetry	אַתָּ֔ה לֹ֥א תִבְנֶ֖ה & הֽוּא־יִבְנֶ֥ה	1	Yahweh is stating the pronouns **you** and **he** separately, even though the verbs translated as **you will build** and **he will build** already include their meanings. He is doing that in order to emphasize a contrast. See how you translated the expression “he, he cursed” in [2:8](../02/08.md), which similarly emphasizes a contrast. Alternate translation: [you will not be the one who will build … he will be the one who will build]
8:19	gkiv		rc://*/ta/man/translate/figs-explicit	בִּנְ⁠ךָ֙ הַ⁠יֹּצֵ֣א מֵ⁠חֲלָצֶ֔י⁠ךָ	1	The implication of the expression **coming out from your loins** is that David would be the actual father of this son (that is, this would not be an adopted or foster son). You could indicate this explicitly in your translation if that would be helpful to your readers. If you have already translated the book of 2 Samuel, see how you translated the similar expression in [2 Samuel 7:12](../2sa/07/12.md). Alternate translation: [your own biological son]
8:20	rvzw		rc://*/ta/man/translate/figs-metaphor	וַ⁠יָּ֣קֶם יְהוָ֔ה אֶת־דְּבָר֖⁠וֹ אֲשֶׁ֣ר דִּבֵּ֑ר	1	See how you translated the similar expression in [2:4](../02/04.md). Alternate translation: [And Yahweh has made happen the things that he described]
8:20	o7xm		rc://*/ta/man/translate/figs-metaphor	וָ⁠אָקֻ֡ם תַּחַת֩ דָּוִ֨ד אָבִ֜⁠י	1	Solomon is speaking as if he had actually arisen or stood up in place of David. He means that he has taken his late father’s former role as king. Your language may have a comparable expression that you can use in your translation. You could also state the meaning plainly. Alternate translation: [And I have taken the place of David my father] or [And I have succeeded David my father]
8:20	ctcg		rc://*/ta/man/translate/figs-metonymy	וָ⁠אֵשֵׁ֣ב עַל־כִּסֵּ֣א יִשְׂרָאֵ֗ל	1	See how you translated the similar expression in [2:24](../02/24.md). Alternate translation: [and I am ruling the Israelites]
8:21	yh1u		rc://*/ta/man/translate/figs-explicitinfo	אֲשֶׁר־שָׁ֖ם בְּרִ֣ית יְהוָ֑ה	1	It might seem that the expression **where the Covenant of Yahweh is there** contains extra information that would not be natural to express in your language. If so, you could shorten it. Alternate translation: [where the Covenant of Yahweh is] or [that contains the Covenant of Yahweh]
8:21	d1c8		rc://*/ta/man/translate/figs-metonymy	אֲשֶׁר־שָׁ֖ם בְּרִ֣ית יְהוָ֑ה	1	Here, the **Covenant of Yahweh** represents the two stone tablets that the author describes in [8:9](../08/09.md), on which the terms of the covenant between Yahweh and the Israelites were written. If it would be helpful in your language, you could use an equivalent expression or plain language. Alternate translation: [where the two stone tablets are] or [that contains the two stone tablets]
8:21	pyr4		rc://*/ta/man/translate/figs-idiom	כָּרַת֙	1	See how you translated the similar expression in [8:9](../08/09.md). Alternate translation: [he made]
8:21	n5cm		rc://*/ta/man/translate/figs-metaphor	אֲבֹתֵ֔י⁠נוּ	1	See how you translated the similar expression in [1:21](../01/21.md). Alternate translation: [our ancestors]
8:22	k2l0		rc://*/ta/man/translate/figs-metonymy	לִ⁠פְנֵי֙	1	In this context, this expression indicates that Solomon turned around again and faced the altar of burnt offerings that was in the temple court. (While he was **in front of** the crowd of Israelites from their perspective, from his perspective, they were behind him.) Alternate translation: [facing]
8:22	cr1g		rc://*/ta/man/translate/translate-symaction	וַ⁠יִּפְרֹ֥שׂ כַּפָּ֖י⁠ו הַ⁠שָּׁמָֽיִם	1	Spreading out **his palms toward the heavens** was a symbolic action by which Solomon showed he was praying to God. If it would be helpful to your readers, you could explain the significance of this action in the text of your translation or in a footnote. Alternate translation: [And he spread out his palms to the heavens in prayer] or [And he assumed a posture of prayer]
8:22	rhbz		rc://*/ta/man/translate/figs-explicit	וַ⁠יִּפְרֹ֥שׂ כַּפָּ֖י⁠ו הַ⁠שָּׁמָֽיִם	1	Based on what the author says in [8:54](../08/54.md), that Solomon got up “from bowing on his knees with his palms spread out toward the heavens,” the author means implicitly here that when Solomon assumed a posture of prayer by raising his hands, he also knelt down. The parallel passage in [2 Chronicles 6:13](../2ch/06/13.md) states this specifically. You could indicate this explicitly in your translation if that would be helpful to your readers. Alternate translation: [And he knelt down and spread out his palms to the heavens]
8:23	mlvy		rc://*/ta/man/translate/figs-yousingular	לַ⁠עֲבָדֶ֕י⁠ךָ & לְ⁠פָנֶ֖י⁠ךָ	1	The word **your** is singular here and through verse 53 because it refers to Yahweh. (In the expression “your sons” in [8:25](../08/25.md), it is also singular, since it refers to David.) So use singular forms in your translation if your language marks that distinction.
8:23	jyw2		rc://*/ta/man/translate/figs-123person	לַ⁠עֲבָדֶ֕י⁠ךָ	1	See how you translated the similar expression in [1:13](../01/13.md). Alternate translation: [with us, your servants]
8:23	tx3k		rc://*/ta/man/translate/figs-metaphor	הַ⁠הֹלְכִ֥ים לְ⁠פָנֶ֖י⁠ךָ	1	See how you translated the similar expression in [3:6](../03/06.md). Alternate translation: [who live as they should in your presence]
8:23	pkdd		rc://*/ta/man/translate/figs-metaphor	בְּ⁠כָל־לִבָּֽ⁠ם	1	Here, the **heart** represents people’s motives and desires. If it would be helpful in your language, you could state the meaning plainly. Alternate translation: [in complete devotion]
8:24	vxog		rc://*/ta/man/translate/grammar-connect-words-phrases	אֵ֥ת אֲשֶׁר־דִּבַּ֖רְתָּ ל֑⁠וֹ	1	If the connection between this statement and the previous one is not clear, you may want to use a different connecting word to show how this statement relates to what comes before it. Alternate translation: [just as you spoke to him]
8:24	dabg		rc://*/ta/man/translate/figs-infostructure	וַ⁠תְּדַבֵּ֥ר בְּ⁠פִ֛י⁠ךָ וּ⁠בְ⁠יָדְ⁠ךָ֥ מִלֵּ֖אתָ	1	See how you translated the similar expression in [8:15](../08/15.md). Alternate translation: [And you have fulfilled by your hand what you spoke by your mouth]
8:24	okz9		rc://*/ta/man/translate/figs-idiom	כַּ⁠יּ֥וֹם הַ⁠זֶּֽה	1	Solomon is using **as this day** as a common expression of his culture to mean “as is true right now” or “as can be seen at this present time.” If this phrase does not have that meaning in your language, you could use a comparable expression from your language that does have that meaning, or you could state the meaning plainly. Alternate translation: [as is the case right now]
8:25	c5sq		rc://*/ta/man/translate/grammar-connect-words-phrases	וְ⁠עַתָּ֞ה	1	See how you translated the similar expression in [1:12](../01/12.md).
8:25	r9vk		rc://*/ta/man/translate/figs-quotesinquotes	לֵ⁠אמֹ֔ר לֹא־יִכָּרֵ֨ת לְ⁠ךָ֥ אִישׁ֙ מִ⁠לְּ⁠פָנַ֔⁠י יֹשֵׁ֖ב עַל־כִּסֵּ֣א יִשְׂרָאֵ֑ל רַ֠ק אִם־יִשְׁמְר֨וּ בָנֶ֤י⁠ךָ אֶת־דַּרְכָּ⁠ם֙ לָ⁠לֶ֣כֶת לְ⁠פָנַ֔⁠י כַּ⁠אֲשֶׁ֥ר הָלַ֖כְתָּ לְ⁠פָנָֽ⁠י	1	If it would be clearer in your language, you could translate this so that there is not a quotation within a quotation. Alternate translation: [telling him that a man to him would not be cut off from to your face, sitting on the throne of Israel, if only his sons would keep their way, to walk to your face just as he had walked to your face]
8:25	fxsv		rc://*/ta/man/translate/figs-metaphor	לֹא־יִכָּרֵ֨ת לְ⁠ךָ֥ אִישׁ֙ מִ⁠לְּ⁠פָנַ֔⁠י יֹשֵׁ֖ב עַל־כִּסֵּ֣א יִשְׂרָאֵ֑ל	1	See how you translated the similar expression in [2:4](../02/04.md). Alternate translation: [One of your descendants will always rule as the king of Israel in my presence]
8:25	dnho		rc://*/ta/man/translate/figs-metaphor	יִשְׁמְר֨וּ בָנֶ֤י⁠ךָ אֶת־דַּרְכָּ⁠ם֙ לָ⁠לֶ֣כֶת לְ⁠פָנַ֔⁠י כַּ⁠אֲשֶׁ֥ר הָלַ֖כְתָּ לְ⁠פָנָֽ⁠י	1	See how you translated the similar expression in [2:4](../02/04.md). Alternate translation: [your descendants will live as they should in my presence, just as you have lived in my presence]
8:26	kpf0		rc://*/ta/man/translate/figs-metonymy	יֵאָ֤מֶן נָא֙ דברי⁠ך אֲשֶׁ֣ר דִּבַּ֔רְתָּ לְ⁠עַבְדְּ⁠ךָ֖ דָּוִ֥ד אָבִֽ⁠י	1	Solomon is using the term **word** to represent what God said by using words. If it would be clearer in your language, you could state the meaning plainly. Alternate translation: [may what you said when you spoke to your servant David, my father, please be confirmed]
8:26	xor0		rc://*/ta/man/translate/figs-activepassive	יֵאָ֤מֶן נָא֙ דברי⁠ך אֲשֶׁ֣ר דִּבַּ֔רְתָּ	1	The expression **may … be confirmed** is a passive verbal form. If your language would not use that form, you could express the idea in active form or in another way that is natural in your language. Alternate translation: [please confirm your word that you spoke] or [please confirm what you said when you spoke]
8:27	zfwb		rc://*/ta/man/translate/figs-rquestion	כִּ֚י הַֽ⁠אֻמְנָ֔ם יֵשֵׁ֥ב אֱלֹהִ֖ים עַל־הָ⁠אָ֑רֶץ	1	Solomon is using the question form to make a strong statement. If a speaker of your language would not use the question form for that purpose, you could translate this as a statement or as an exclamation. Alternate translation: [But God will not truly dwell on the earth!]
8:27	kys7		rc://*/ta/man/translate/figs-123person	אֱלֹהִ֖ים	1	Even though Solomon is addressing God directly, he is speaking of him in the third person to show respect. If it would be helpful in your language, you could translate this in a respectful form in the second person. Alternate translation: [you, God]
8:27	n7q5		rc://*/ta/man/translate/figs-metaphor	הִ֠נֵּה	1	See how you translated the similar expression in [1:14](../01/14.md). Alternate translation: [Indeed]
8:27	esgy		rc://*/ta/man/translate/figs-explicit	הַ⁠שָּׁמַ֜יִם וּ⁠שְׁמֵ֤י הַ⁠שָּׁמַ֨יִם֙	1	In this context, the term **heavens** refers to the sky, while the phrase **the heavens of the heavens** describes the spiritual realm beyond the sky that is God’s abode. Translators whose languages have separate words for the sky and for God’s abode may be able to use those terms here in their translations. Alternate translation: [the sky and heaven itself]
8:28	r3od		rc://*/ta/man/translate/figs-metaphor	וּ⁠פָנִ֜יתָ	1	Solomon is speaking here as if paying attention were actually to **turn** toward someone. Your language may have a comparable expression that you can use in your translation, or you could state the meaning plainly. Alternate translation: [Yet may you pay attention]
8:28	tc8g		rc://*/ta/man/translate/figs-hendiadys	אֶל־תְּפִלַּ֧ת עַבְדְּ⁠ךָ֛ וְ⁠אֶל־תְּחִנָּת֖⁠וֹ	1	Together, the terms **prayer** and **supplication** express a single idea. The word **supplication** tells what kind of **prayer** this is. If it would be more natural in your language, you could express this meaning in a different way. Alternate translation: [to my prayer for help] or [to the requests I am making as I pray]
8:28	c51f		rc://*/ta/man/translate/figs-explicit	לִ⁠שְׁמֹ֤עַ אֶל־הָֽ⁠רִנָּה֙ וְ⁠אֶל־הַ⁠תְּפִלָּ֔ה	1	See the discussion in the introduction to 1 Kings of this use of the term “listen.” If it would be helpful to your readers, you could indicate explicitly in your translation, here and in verses 28, 30, and 52, that the term in the context of Solomon’s prayer means “answer.” Alternate translation: [to answer the cry and the prayer]
8:28	nl5j		rc://*/ta/man/translate/figs-doublet	לִ⁠שְׁמֹ֤עַ אֶל־הָֽ⁠רִנָּה֙ וְ⁠אֶל־הַ⁠תְּפִלָּ֔ה	1	The terms **cry** and **prayer** mean similar things. Solomon is using the two terms together for emphasis. If it would be clearer for your readers, you could express the emphasis with a single phrase. Alternate translation: [to listen to the fervent prayer] or [to answer the fervent prayer]
8:28	f1rt		rc://*/ta/man/translate/writing-poetry	הַ⁠תְּפִלָּ֔ה אֲשֶׁ֧ר עַבְדְּ⁠ךָ֛ מִתְפַּלֵּ֥ל	1	Solomon is using a construction in which a verb and its object come from the same root. You may be able to use the same construction in your language to express the meaning here. Alternatively, your language may have another way of saying this. Alternate translation: [the prayer that your servant is offering]
8:28	wtkp		rc://*/ta/man/translate/figs-metonymy	לְ⁠פָנֶ֖י⁠ךָ	1	Here, **to your face** represents being in front of Yahweh. If it would be helpful in your language, you could use an equivalent expression or plain language. Alternate translation: [in your presence]
8:29	tg6b		rc://*/ta/man/translate/figs-activepassive	לִ⁠הְיוֹת֩ עֵינֶ֨⁠ךָ פְתֻח֜וֹת אֶל־הַ⁠בַּ֤יִת הַ⁠זֶּה֙	1	The expression **may be opened** is a passive verbal form. If your language would not use that form, you could express the idea in active form or in another way that is natural in your language. Alternate translation: [that you may open your eyes to this temple] or [that you may keep your eyes open to this temple]
8:29	vdng		rc://*/ta/man/translate/figs-metaphor	לִ⁠הְיוֹת֩ עֵינֶ֨⁠ךָ פְתֻח֜וֹת אֶל־הַ⁠בַּ֤יִת הַ⁠זֶּה֙	1	Solomon is speaking as if he wants Yahweh always to be looking at the temple. He means that he wants Yahweh always to be listening to the prayers that people offer toward the temple. If it would be helpful in your language, you could state the meaning plainly. Alternate translation: [that your ears may be opened to this house] or [that you may always listen to what people pray toward this temple]
8:29	l915		rc://*/ta/man/translate/figs-merism	לַ֣יְלָה וָ⁠י֔וֹם	1	Solomon is referring to all of time by naming its two major components, **night** and **day**. If it would be helpful in your language, you could use an equivalent expression or plain language. Alternate translation: [all the time]
8:29	i9vb		rc://*/ta/man/translate/figs-quotesinquotes	אָמַ֔רְתָּ יִהְיֶ֥ה שְׁמִ֖⁠י שָׁ֑ם	1	If it would be clearer in your language, you could translate this so that there is not a quotation within a quotation. Alternate translation: [you have said that your name would be there]
8:29	dj8r		rc://*/ta/man/translate/figs-metonymy	יִהְיֶ֥ה שְׁמִ֖⁠י שָׁ֑ם	1	Here, Yahweh’s **name** represents his presence and authority. If it would be helpful in your language, you could use an equivalent expression or plain language. Alternate translation: [People will worship me there] or [My reputation will be known there]
8:29	mtbw		rc://*/ta/man/translate/figs-genericnoun	הַ⁠תְּפִלָּ֔ה	1	Solomon is not referring to a specific **prayer**. He means prayers in general. If it would be helpful to your readers, you could use an expression that would be more natural in your language. Alternate translation: [the prayers] or [any prayer]
8:29	yd6n		rc://*/ta/man/translate/translate-symaction	יִתְפַּלֵּ֣ל & אֶל־הַ⁠מָּק֖וֹם הַ⁠זֶּֽה	1	Here and in verses 30 and 35, Solomon refers to people directing their prayers toward the temple. Praying in the direction of the temple was a symbolic action by which worshipers showed that they recognized the temple as the place where Yahweh was especially present with his people. If it would be helpful to your readers, you could explain the significance of this action in the text of your translation or in a footnote. Alternate translation: [will direct their prayers to you at this temple] or [will pray to you while facing this temple in which you are especially present]
8:30	bb8v		rc://*/ta/man/translate/figs-genericnoun	תְּחִנַּ֤ת & אֲשֶׁ֥ר יִֽתְפַּֽלְל֖וּ	1	Solomon is not referring to a specific **supplication**. He means supplications in general. If it would be helpful to your readers, you could use an expression that would be more natural in your language. Alternate translation: [any supplication … that they may make]
8:30	ev5w		rc://*/ta/man/translate/writing-pronouns	וְ֠⁠אַתָּה תִּשְׁמַ֞ע	1	See the discussion in the introduction to this chapter of Solomon’s use of the explicit pronoun “you” in this phrase that he repeats several times in his prayer. Alternate translation: [And as they are praying, may you hear]
8:30	dz5z		rc://*/ta/man/translate/figs-explicit	תִּשְׁמַ֞ע אֶל־מְק֤וֹם שִׁבְתְּ⁠ךָ֙	1	The implication is that Solomon expects God to hear and respond from his dwelling place in heaven. You could include this information if that would be helpful to your readers, here and in verses 39, 43, and 49. Alternate translation: [may you pay attention and respond from the place of your dwelling]
8:30	goei		rc://*/ta/man/translate/figs-doublet	אֶל־מְק֤וֹם שִׁבְתְּ⁠ךָ֙ אֶל־הַ⁠שָּׁמַ֔יִם	1	The terms **in the place of your dwelling** and **in the heavens** mean similar things. Solomon is using the two terms together for emphasis. If it would be clearer for your readers, you could express the emphasis with a single phrase, here and in verses 39, 43, and 49. Alternate translation: [in the heavens where you dwell]
8:30	w7yi		rc://*/ta/man/translate/figs-hendiadys	וְ⁠שָׁמַעְתָּ֖ וְ⁠סָלָֽחְתָּ	1	The phrase **hear and forgive** expresses a single idea. The word **forgive** tells in what way Solomon is asking Yahweh to **hear** (that is, answer) the prayer. If it would be more natural in your language, you could express this meaning in a different way, here and in verses 34, 36, and 39. Alternate translation: [and may you answer by forgiving]
8:31	waek		rc://*/ta/man/translate/grammar-connect-condition-hypothetical	אֵת֩ אֲשֶׁ֨ר יֶחֱטָ֥א אִישׁ֙ לְ⁠רֵעֵ֔⁠הוּ	1	In this verse, Solomon is introducing the first part of a possible condition. He is asking Yahweh to do the things he describes in the next verse if this condition happens. Use a natural form in your language for introducing a condition that could happen. Alternate translation: [If someone sins, a man against his neighbor] or [Suppose someone sins, a man against his neighbor]
8:31	xxck		rc://*/ta/man/translate/figs-idiom	אֵת֩ אֲשֶׁ֨ר יֶחֱטָ֥א אִישׁ֙ לְ⁠רֵעֵ֔⁠הוּ	1	Solomon is using **a man against his neighbor** as a common expression of his culture to describe what one person might do to another person. If this phrase does not have that meaning in your language, you could use a comparable expression from your language that does have that meaning, or you could state the meaning plainly. Alternate translation: [Suppose one person sins against another]
8:31	uiwn		rc://*/ta/man/translate/figs-explicit	אֵת֩ אֲשֶׁ֨ר יֶחֱטָ֥א אִישׁ֙ לְ⁠רֵעֵ֔⁠הוּ	1	The implication is that it is uncertain whether a person has actually wronged another person, and so resolution through an oath at the altar is required. You could indicate this uncertainty in your translation if that would be helpful to your readers. Alternate translation: [Suppose one person may have sinned against another]
8:31	kubl		rc://*/ta/man/translate/writing-pronouns	וְ⁠נָֽשָׁא־ב֥⁠וֹ אָלָ֖ה לְ⁠הַֽאֲלֹת֑⁠וֹ	1	The pronoun **he** refers to the offended party, while the pronoun **him** refers to the person who may have committed the offense. It may be helpful to clarify this for your readers. Alternate translation: [and the neighbor lifts an oath against the man to adjure the man]
8:31	lulo		rc://*/ta/man/translate/figs-idiom	וְ⁠נָֽשָׁא־ב֥⁠וֹ אָלָ֖ה	1	The author is using **lifts an oath** as a common expression of his culture to mean “makes someone swear an oath.” If this phrase does not have that meaning in your language, you could use a comparable expression from your language that does have that meaning, or you could state the meaning plainly. Alternate translation: [and he puts him under an oath] or [and he makes him swear an oath]
8:31	udok		rc://*/ta/man/translate/figs-explicit	לְ⁠הַֽאֲלֹת֑⁠וֹ	1	The implication is that the person who may have committed the offense would have to swear an oath at the altar that he was innocent. You could include this information if that would be helpful to your readers. Alternate translation: [that he is innocent]
8:31	woh1		rc://*/ta/man/translate/figs-metonymy	וּ⁠בָ֗א אָלָ֛ה	1	Here the term **oath** represents the person who is making the oath. If it would be helpful in your language, you could use an equivalent expression or plain language. Alternate translation: [and a person who is under such an oath comes] or [and a person who is required to swear such an oath comes]
8:31	vok9		rc://*/ta/man/translate/figs-metonymy	לִ⁠פְנֵ֥י מִֽזְבַּחֲ⁠ךָ֖	1	Here, **to the face of your altar** represents being in front of the altar. If it would be helpful in your language, you could use an equivalent expression or plain language. Alternate translation: [in front of your altar]
8:31	f2cj		rc://*/ta/man/translate/figs-explicit	בַּ⁠בַּ֥יִת הַ⁠זֶּֽה	1	By **in this house**, Solomon specifically means in the courtyard of the temple, where the altar was located. You could indicate this explicitly in your translation if that would be helpful to your readers. Alternate translation: [in the court of this temple]
8:32	m0dw		rc://*/ta/man/translate/figs-events	וְ⁠עָשִׂ֨יתָ֙ וְ⁠שָׁפַטְתָּ֣ אֶת־עֲבָדֶ֔י⁠ךָ	1	Solomon is first describing one event, in which Yahweh would **act** to punish the **wicked** and reward the **righteous** (as the rest of the verse describes). He is then describing another event that would precede it, in which Yahweh would **judge** people as either righteous or wicked. If it would be helpful your language, you may wish to relate these events in the order in which they would happen. Alternate translation: [and judge your servants and do]
8:32	oqwg		rc://*/ta/man/translate/figs-hendiadys	וְ⁠עָשִׂ֨יתָ֙ וְ⁠שָׁפַטְתָּ֣	1	The phrase **act and judge** expresses a single idea. The word **act** tells in what way Yahweh would **judge**. If it would be more natural in your language, you could express this meaning in a different way. Alternate translation: [and actively judge]
8:32	n7e5		rc://*/ta/man/translate/figs-nominaladj	רָשָׁ֔ע & צַדִּ֔יק	1	The author is using the adjectives **wicked** and **righteous** as nouns to mean certain kinds of people. Your language may use adjectives in the same way. If not, you can translate these adjectives with equivalent phrases. Alternate translation: [the wicked person … the righteous person] or [the person who is wicked … the person who is righteous]
8:32	u5n5		rc://*/ta/man/translate/figs-idiom	לָ⁠תֵ֥ת דַּרְכּ֖⁠וֹ בְּ⁠רֹאשׁ֑⁠וֹ & לָ֥⁠תֶת	1	See how you translated the similar expression in [2:32](../02/32.md). Alternate translation: [to punish him for the wrong things he has done]
8:33	qcu1		rc://*/ta/man/translate/grammar-connect-condition-hypothetical	בְּֽ⁠הִנָּגֵ֞ף עַמְּ⁠ךָ֧ יִשְׂרָאֵ֛ל לִ⁠פְנֵ֥י אוֹיֵ֖ב אֲשֶׁ֣ר יֶחֶטְאוּ־לָ֑⁠ךְ	1	See how you translated the similar expression in [8:31](../08/31.md). Alternate translation: [If your people Israel are struck to the face of an enemy because they have sinned against you] or [Suppose your people Israel are struck to the face of an enemy because they have sinned against you]
8:33	rcon		rc://*/ta/man/translate/grammar-connect-logic-result	בְּֽ⁠הִנָּגֵ֞ף עַמְּ⁠ךָ֧ יִשְׂרָאֵ֛ל לִ⁠פְנֵ֥י אוֹיֵ֖ב אֲשֶׁ֣ר יֶחֶטְאוּ־לָ֑⁠ךְ	1	If it would be more natural in your language, you could reverse the order of these phrases, since the second phrase gives the reason for the result that the first phrase describes. Alternate translation: [When your people Israel sin against you and so are struck to the face of an enemy] or [Suppose your people Israel sin against you and, as a result, they are struck to the face of an enemy]
8:33	ftmz		rc://*/ta/man/translate/figs-explicit	בְּֽ⁠הִנָּגֵ֞ף עַמְּ⁠ךָ֧ יִשְׂרָאֵ֛ל לִ⁠פְנֵ֥י אוֹיֵ֖ב	1	See the discussion of the term “struck” in the introduction to 1 Kings. Alternate translation: [When your people Israel are defeated to the face of an enemy] or [Suppose your people Israel are defeated to the face of an enemy]
8:33	wk64		rc://*/ta/man/translate/figs-metonymy	בְּֽ⁠הִנָּגֵ֞ף עַמְּ⁠ךָ֧ יִשְׂרָאֵ֛ל לִ⁠פְנֵ֥י אוֹיֵ֖ב	1	Here, **to the face of** represents being in front of an **enemy**, that is, opposing an enemy in battle. If it would be helpful in your language, you could use an equivalent expression or plain language. Alternate translation: [Suppose your people Israel are defeated in front of an enemy] or [Suppose your people Israel are defeated as they fight against an enemy]
8:33	von6		rc://*/ta/man/translate/figs-activepassive	בְּֽ⁠הִנָּגֵ֞ף עַמְּ⁠ךָ֧ יִשְׂרָאֵ֛ל לִ⁠פְנֵ֥י אוֹיֵ֖ב	1	The expression **are struck** is a passive verbal form. If your language would not use that form, you could express the idea in active form or in another way that is natural in your language. Alternate translation: [Suppose an enemy defeats your people Israel as they fight against them]
8:33	dzas		rc://*/ta/man/translate/figs-metaphor	וְ⁠שָׁ֤בוּ אֵלֶ֨י⁠ךָ֙	1	Solomon is speaking as if the Israelites, within the possible condition he is describing, had been walking away from God but then **turned back** to walk toward him again. He means that they would have stopped sinning and started living in the manner in which God wants people to live. If it would be helpful in your language, you could state the meaning plainly. Alternate translation: [and they repent] or [and they stop sinning]
8:33	hs8u		rc://*/ta/man/translate/figs-metonymy	וְ⁠הוֹד֣וּ אֶת־שְׁמֶ֔⁠ךָ	1	Here, Yahweh’s **name** represents his reputation, and in this context, specifically his deserved reputation as a righteous God. If it would be helpful in your language, you could use an equivalent expression or plain language. Alternate translation: [and they acknowledge your righteous character] or [and they acknowledge that you were right to have punished them in this way]
8:33	jo0n		rc://*/ta/man/translate/figs-hendiadys	וְ⁠הִֽתְפַּֽלְל֧וּ וְ⁠הִֽתְחַנְּנ֛וּ	1	Together, the words **pray** and **supplicate** expresses a single idea. The word **supplicate** tells what the people would be doing as they **pray**. If it would be more natural in your language, you could express this meaning in a different way. Alternate translation: [and they pray for help]
8:33	fd84		rc://*/ta/man/translate/translate-symaction	אֵלֶ֖י⁠ךָ בַּ⁠בַּ֥יִת הַ⁠זֶּֽה	1	See how you translated the similar expression in [8:29](../08/29.md). Alternate translation: [toward this temple as a place where you are present]
8:34	kd69		rc://*/ta/man/translate/writing-pronouns	וְ⁠סָ֣לַחְתָּ֔ & וַ⁠הֲשֵֽׁבֹתָ⁠ם֙	1	The pronoun **them** refers to any Israelites an enemy may have captured and taken prisoner. It may be helpful to clarify this for your readers. Alternate translation: [and bring back any prisoners whom the enemy has captured]
8:35	mvq2		rc://*/ta/man/translate/grammar-connect-condition-hypothetical	בְּ⁠הֵעָצֵ֥ר שָׁמַ֛יִם וְ⁠לֹא־יִהְיֶ֥ה מָטָ֖ר כִּ֣י יֶחֶטְאוּ־לָ֑⁠ךְ	1	See how you translated the similar expression in [8:31](../08/31.md). Alternate translation: [If the heavens are restrained and there is no rain because they have sinned against you] or [Suppose the heavens are restrained and there is no rain because they have sinned against you]
8:35	dxi4		rc://*/ta/man/translate/writing-pronouns	בְּ⁠הֵעָצֵ֥ר שָׁמַ֛יִם וְ⁠לֹא־יִהְיֶ֥ה מָטָ֖ר כִּ֣י יֶחֶטְאוּ־לָ֑⁠ךְ	1	The pronoun **they** refers to the Israelite people. It may be helpful to clarify this for your readers. Alternate translation: [Suppose the heavens are restrained and there is no rain because your people Israel have sinned against you]
8:35	qvae		rc://*/ta/man/translate/grammar-connect-logic-result	בְּ⁠הֵעָצֵ֥ר שָׁמַ֛יִם וְ⁠לֹא־יִהְיֶ֥ה מָטָ֖ר כִּ֣י יֶחֶטְאוּ־לָ֑⁠ךְ	1	If it would be more natural in your language, you could reverse the order of these phrases, since the second phrase gives the reason for the result that the first phrase describes. Alternate translation: [Suppose your people Israel sin against you and, as a result, the heavens are restrained and there is no rain]
8:35	z59z		rc://*/ta/man/translate/figs-doublet	בְּ⁠הֵעָצֵ֥ר שָׁמַ֛יִם וְ⁠לֹא־יִהְיֶ֥ה מָטָ֖ר	1	These two phrases mean similar things. Solomon is using them together for emphasis. If it would be clearer for your readers, you could express the emphasis with a single phrase. Alternate translation: [Suppose it does not rain for a long time]
8:35	ca7f		rc://*/ta/man/translate/grammar-connect-logic-result	וְ⁠הִֽתְפַּֽלְל֞וּ אֶל־הַ⁠מָּק֤וֹם הַ⁠זֶּה֙ וְ⁠הוֹד֣וּ אֶת־שְׁמֶ֔⁠ךָ וּ⁠מֵ⁠חַטָּאתָ֥⁠ם יְשׁוּב֖וּ⁠ן כִּ֥י תַעֲנֵֽ⁠ם	1	If it would be more natural in your language, you could reverse the order of these phrases, since the second phrase gives the reason for the result that the first phrase describes. Alternate translation: [and, because you have afflicted them, they pray toward this place and they confess your name and they turn back from their sin]
8:35	y2yx		rc://*/ta/man/translate/figs-metaphor	וּ⁠מֵ⁠חַטָּאתָ֥⁠ם יְשׁוּב֖וּ⁠ן	1	See how you translated the similar expression in [8:33](../08/33.md). Alternate translation: [and they repent of their sin] or [and they stop sinning]
8:36	g4qn		rc://*/ta/man/translate/grammar-connect-logic-result	וְ⁠סָ֨לַחְתָּ֜ לְ⁠חַטַּ֤את עֲבָדֶ֨י⁠ךָ֙ וְ⁠עַמְּ⁠ךָ֣ יִשְׂרָאֵ֔ל כִּ֥י תוֹרֵ֛⁠ם אֶת־הַ⁠דֶּ֥רֶךְ הַ⁠טּוֹבָ֖ה אֲשֶׁ֣ר יֵֽלְכוּ־בָ֑⁠הּ	1	If it would be more natural in your language, you could reverse the order of these phrases, since the second phrase gives the reason for the result that the first phrase describes. Alternate translation: [and since you will have taught the good way in which they should walk, may you forgive the sin of your servants and your people Israel]
8:36	jqon		rc://*/ta/man/translate/figs-hendiadys	עֲבָדֶ֨י⁠ךָ֙ וְ⁠עַמְּ⁠ךָ֣ יִשְׂרָאֵ֔ל	1	The phrase **your servants and your people Israel** expresses a single idea. The word **servants** defines and describes who **your people Israel** are. If it would be more natural in your language, you could express this meaning in a different way. Alternate translation: [your servants, the people of Israel]
8:36	l6ss		rc://*/ta/man/translate/translate-tense	כִּ֥י תוֹרֵ֛⁠ם	1	While Solomon may be making a general statement about how Yahweh always teaches **the good way** in which people should live, in context, he seems to be giving a reason why Yahweh should forgive the Israelites if this possible condition occurs. In that case, he would actually be referring to a recent past event viewed from a future perspective. Your language may have a verb form that you could use to indicate this. Alternate translation: [since you will have taught]
8:36	k92a		rc://*/ta/man/translate/figs-metaphor	אֶת־הַ⁠דֶּ֥רֶךְ הַ⁠טּוֹבָ֖ה אֲשֶׁ֣ר יֵֽלְכוּ־בָ֑⁠הּ	1	Solomon is speaking of how a person lives as if that were a path or **way** on which they were walking. If it would be helpful in your language, you could state the meaning plainly. Alternate translation: [the right manner in which they should conduct themselves]
8:36	l2xz		rc://*/ta/man/translate/figs-metonymy	לְ⁠נַחֲלָֽה	1	Solomon is using the term **inheritance** to mean a lasting possession passed down from one generation to another. If it would be helpful in your language, you could use an equivalent expression or plain language. If you have already translated the book of Joshua, see how you translated the similar expression in [Joshua 11:23](../jos/11/23.md). Alternate translation: [as a lasting possession]
8:37	b25y		rc://*/ta/man/translate/translate-unknown	שִׁדָּפ֨וֹן	1	A **blight** is a kind of plant disease that damages or destroys crops. If your readers would not be familiar with what a blight is, you could use a more general term or explain it in a footnote. Alternate translation: [plant disease] or [crop disease]
8:37	y5wd		rc://*/ta/man/translate/translate-unknown	יֵרָק֜וֹן	1	A **mildew** is a kind of fungal disease that damages crops. If your readers would not be familiar with what a mildew is, you could use the name of a similar thing that your readers would recognize, or you could use a more general term. Alternate translation: [fungus] or [crop disease]
8:37	ne40		rc://*/ta/man/translate/figs-explicit	חָסִיל֙	1	This term, like the preceding term **locust**, refers to some kind of insect that devours crops. Alternate translation, as in the UST: [grasshopper]
8:37	ouh8		rc://*/ta/man/translate/writing-pronouns	כִּ֧י יָֽצַר־ל֛⁠וֹ אֹיְב֖⁠וֹ	1	The pronoun **his** refers to any Israelite whose city is under siege, while **it** refers to the city or land being besieged. The pronoun **him** also refers to the same Israelite. It may be helpful to clarify this for your readers. Alternate translation: [if someone’s enemy makes it narrow to him]
8:37	zdt7		rc://*/ta/man/translate/figs-idiom	כִּ֧י יָֽצַר־ל֛⁠וֹ אֹיְב֖⁠וֹ	1	Solomon is using **makes it narrow to him** as a common expression of his culture to mean “puts him in a very dangerous situation.” If this phrase does not have that meaning in your language, you could use a comparable expression from your language that does have that meaning, or you could state the meaning plainly. If you have already translated the book of 1 Samuel, see how you translated the similar expression in [1 Samuel 28:15](../1sa/28/15.md). Alternate translation: [if someone’s enemy puts him in a very dangerous situation]
8:37	fndu		rc://*/ta/man/translate/figs-metonymy	בְּ⁠אֶ֣רֶץ שְׁעָרָ֑י⁠ו	1	Here, the **gates** of a city represent the city itself. If it would be helpful in your language, you could use an equivalent expression or plain language. Alternate translation: [in the place where his city is located] or [by besieging his city]
8:37	oa7d		rc://*/ta/man/translate/figs-ellipsis	כָּל־נֶ֖גַע כָּֽל־מַחֲלָֽה	1	The author is leaving out some of the words that in many languages a sentence would need in order to be complete. You can supply these words from the context if that would be clearer in your language. Alternate translation: [if there is any plague or any sickness]
8:38	kty8		rc://*/ta/man/translate/grammar-connect-condition-hypothetical	כָּל־תְּפִלָּ֣ה כָל־תְּחִנָּ֗ה אֲשֶׁ֤ר תִֽהְיֶה֙ לְ⁠כָל־הָ֣⁠אָדָ֔ם לְ⁠כֹ֖ל	1	In this verse, Solomon is introducing more of the first part of a possible condition, which he began introducing with the term “If” in the previous verse. He is asking Yahweh to do the things he describes in the next verse if this condition happens. Use a natural form in your language for introducing more of a condition that could happen. Alternate translation: [and if any prayer, any supplication that is to any man]
8:38	iswe		rc://*/ta/man/translate/figs-infostructure	כָּל־תְּפִלָּ֣ה כָל־תְּחִנָּ֗ה אֲשֶׁ֤ר תִֽהְיֶה֙ לְ⁠כָל־הָ֣⁠אָדָ֔ם לְ⁠כֹ֖ל עַמְּ⁠ךָ֣ יִשְׂרָאֵ֑ל אֲשֶׁ֣ר יֵדְע֗וּ⁠ן אִ֚ישׁ נֶ֣גַע לְבָב֔⁠וֹ וּ⁠פָרַ֥שׂ כַּפָּ֖י⁠ו אֶל־הַ⁠בַּ֥יִת הַ⁠זֶּֽה	1	If it would be more natural in your language, you may want to put the information about the **prayer** and **supplication** with the information that a person would **spread out his palms** to pray. Alternate translation: [and if any man, any of your people Israel, who knows, a man the plague of his heart, spreads out his palms toward this house to make any prayer, any supplication]
8:38	auxl		rc://*/ta/man/translate/figs-hendiadys	כָּל־תְּפִלָּ֣ה כָל־תְּחִנָּ֗ה	1	See how you translated the similar expression in [8:33](../08/33.md). Alternate translation: [any prayer for help]
8:38	e8jw		rc://*/ta/man/translate/figs-gendernotations	לְ⁠כָל־הָ֣⁠אָדָ֔ם לְ⁠כֹ֖ל עַמְּ⁠ךָ֣ יִשְׂרָאֵ֑ל	1	Here the masculine term **man** has a generic sense that includes both men and women. If it would be helpful to your readers, you could use language in your translation that is clearly inclusive of both men and women. Alternate translation: [to any Israelite person]
8:38	w33q		rc://*/ta/man/translate/figs-metaphor	אֲשֶׁ֣ר יֵדְע֗וּ⁠ן אִ֚ישׁ נֶ֣גַע לְבָב֔⁠וֹ	1	Here, the **heart** represents a person’s emotions and awareness. If it would be helpful in your language, you could state the meaning plainly. Alternate translation: [an individual who is painfully aware that you are plaguing him]
8:38	lp49		rc://*/ta/man/translate/figs-explicit	אֲשֶׁ֣ר יֵדְע֗וּ⁠ן אִ֚ישׁ נֶ֣גַע לְבָב֔⁠וֹ	1	In this context, the term **plague** does not describe a disease that affects a whole community of people. Instead, it has the sense of an affliction by which God seeks to correct a person who has been doing wrong. You could indicate this explicitly in your translation if that would be helpful to your readers. Alternate translation: [an individual who is painfully aware that you are chastising him]
8:38	smk6		rc://*/ta/man/translate/translate-symaction	וּ⁠פָרַ֥שׂ כַּפָּ֖י⁠ו אֶל־הַ⁠בַּ֥יִת הַ⁠זֶּֽה	1	See whether you decided to indicate the significance of this action in the text of your translation in [8:22](../08/22.md). If you did, you may or may not wish to indicate it again here.
8:39	f0mq		rc://*/ta/man/translate/grammar-connect-logic-result	וְ⁠עָשִׂ֔יתָ וְ⁠נָתַתָּ֤ לָ⁠אִישׁ֙ כְּ⁠כָל־דְּרָכָ֔י⁠ו & אֶת־לְבָב֑⁠וֹ כִּֽי־אַתָּ֤ה יָדַ֨עְתָּ֙	1	If it would be more natural in your language, you could reverse the order of these phrases, since the second phrase gives the reason for the result that the first phrase describes. Alternate translation: [and since you know a man’s heart, may you act and give to him according to all of his ways]
8:39	uqcc		rc://*/ta/man/translate/figs-hendiadys	וְ⁠עָשִׂ֔יתָ וְ⁠נָתַתָּ֤ & אַתָּ֤ה יָדַ֨עְתָּ֙	1	The phrase **act and give** expresses a single idea. The word **act** tells in what way Solomon wants Yahweh to **give**. If it would be more natural in your language, you could express this meaning in a different way. Alternate translation: [and may you actively give]
8:39	ac9k		rc://*/ta/man/translate/figs-metaphor	דְּרָכָ֔י⁠ו	1	Solomon is speaking of how a person conducts himself in various circumstances as if that were a series of **ways** or paths that the person was walking along. If it would be helpful in your language, you could state the meaning plainly. Alternate translation: [his actions] or [his conduct]
8:39	me50		rc://*/ta/man/translate/figs-metaphor	אֶת־לְבָב֑⁠וֹ & אֶת־לְבַ֖ב	1	Here, the **heart** represents a person’s motives. If it would be helpful in your language, you could state the meaning plainly. Alternate translation: [his motives … the motives of]
8:39	cud7		rc://*/ta/man/translate/grammar-connect-words-phrases	אֲשֶׁ֥ר	1	Here the word **For** introduces not a reason but an explanation. Alternate translation: [After all,]
8:39	zw95		rc://*/ta/man/translate/writing-pronouns	וְ⁠עָשִׂ֔יתָ & תֵּדַ֖ע	1	Solomon is stating the pronoun **you** separately, even though the verb translated as **you know** already includes this meaning. He is doing that in order to emphasize the contrast between Yahweh, who knows every person’s motives, and people, who do not. If a speaker of your language would use an explicit pronoun for the same purpose, you may want to use that construction in your translation. If not, your language may have other ways of showing the meaning here. Alternate translation: [you are the one who knows]
8:39	z9jp		rc://*/ta/man/translate/figs-gendernotations	כָּל־בְּנֵ֥י הָ⁠אָדָֽם	1	Here, the masculine term **sons of man** has a generic sense that includes both men and women. If it would be helpful to your readers, you could use language in your translation that is clearly inclusive of both men and women. Alternate translation: [every human being]
8:40	i2e3		rc://*/ta/man/translate/figs-metonymy	הַ֨⁠יָּמִ֔ים	1	Solomon is using the term **days** to represent time, since time consists of days. If it would be helpful in your language, you could use an equivalent expression or plain language. Alternate translation: [the time]
8:40	j7w0		rc://*/ta/man/translate/figs-idiom	הֵ֥ם חַיִּ֖ים עַל־פְּנֵ֣י הָ⁠אֲדָמָ֑ה	1	Solomon is using the term **face** to mean the surface of the **land**. If this term does not have that meaning in your language, you could use a comparable expression from your language that does have that meaning, or you could state the meaning plainly. Alternate translation: [they are walking around on this land] or [they are alive on earth]
8:41	yqfc		rc://*/ta/man/translate/grammar-connect-condition-hypothetical	וּ⁠בָ֛א	1	Solomon is introducing the first part of a possible condition. He is asking Yahweh to do the things he describes in [8:43](../08/43.md) if this condition happens. Use a natural form in your language for introducing a condition that could happen. Alternate translation: [suppose he comes]
8:41	kf50		rc://*/ta/man/translate/figs-metonymy	שְׁמֶֽ⁠ךָ	1	Solomon is using Yahweh’s **name** to represent his reputation. If it would be helpful in your language, you could use an equivalent expression or plain language, here and in verses 42 and 43. Alternate translation: [your reputation]
8:42	rd3y		rc://*/ta/man/translate/grammar-connect-words-phrases	כִּ֤י	1	Here the word **for** introduces not a reason but an explanation. Alternate translation: [After all,]
8:42	u48m		rc://*/ta/man/translate/writing-pronouns	יִשְׁמְעוּ⁠ן֙ & וּ⁠בָ֥א	1	The pronoun **they** refers to foreigners in general, while the pronoun **he** refers to an individual foreigner. It may be helpful to clarify this for your readers. Alternate translation: [foreigners will hear & and an individual foreigner will come]
8:42	kqcr		rc://*/ta/man/translate/figs-doublet	וְ⁠אֶת־יָֽדְ⁠ךָ֙ הַֽ⁠חֲזָקָ֔ה וּֽ⁠זְרֹעֲ⁠ךָ֖ הַ⁠נְּטוּיָ֑ה	1	The expressions **mighty hand** and **outstretched arm** mean similar things. Both the **hand** and the **arm** represent the power that Yahweh has used to do great things. Solomon is using the two expressions together for emphasis. If it would be clearer for your readers, you could express the emphasis with a single phrase. If you have already translated the book of Deuteronomy, see how you translated the similar expression in [Deuteronomy 4:34](../deu/04/34.md) and its several other occurrences in that book. Alternate translation: [and the very powerful things you have done]
8:42	cd1g		rc://*/ta/man/translate/figs-activepassive	וּֽ⁠זְרֹעֲ⁠ךָ֖ הַ⁠נְּטוּיָ֑ה	1	The term **outstretched** is a passive verbal form. If your language would not use that form, if you choose to retain the image, you could express the idea in active form or in another way that is natural in your language. Alternate translation: [and the arm that you have stretched out]
8:43	vesf		rc://*/ta/man/translate/grammar-connect-condition-hypothetical	אַתָּ֞ה תִּשְׁמַ֤ע	1	This verse introduces the consequence of the condition proposed in the previous verse. Use a natural form in your language for introducing the consequence of this possible condition. Alternate translation: [then you, may you hear]
8:43	tswd		rc://*/ta/man/translate/figs-idiom	שִׁמְ⁠ךָ֣ נִקְרָ֔א עַל־הַ⁠בַּ֥יִת הַ⁠זֶּ֖ה אֲשֶׁ֥ר בָּנִֽיתִי	1	Solomon is using **your name has been called over this house** as a common expression of his culture to mean “this house belongs to you” or “you are present in this house.” If this phrase does not have that meaning in your language, you could use a comparable expression from your language that does have that meaning, or you could state the meaning plainly. Alternate translation: [as for this temple that I have built, your name is on it] or [this is indeed the temple that belongs to you and in which you are present]
8:44	y96z		rc://*/ta/man/translate/figs-metaphor	בַּ⁠דֶּ֖רֶךְ אֲשֶׁ֣ר תִּשְׁלָחֵ֑⁠ם & אֶל	1	Solomon is speaking as if Yahweh would actually **send** the Israelite army out in a specific direction or **way**. He means that Yahweh would direct them to fight a specific enemy at a specific time and the Israelites would obey him. If it would be helpful in your language, you could state the meaning plainly. Alternate translation: [in obedience to you]
8:44	pfa5		rc://*/ta/man/translate/figs-explicit	דֶּ֤רֶךְ	1	By **in the way of**, Solomon means in the direction of. You could indicate this explicitly in your translation if that would be helpful to your readers. Alternate translation: [in the direction of]
8:45	fu2k		rc://*/ta/man/translate/figs-hendiadys	אֶת־תְּפִלָּתָ֖⁠ם וְ⁠אֶת־תְּחִנָּתָ֑⁠ם	1	See how you translated the similar expression in [8:33](../08/33.md). Alternate translation: [their prayer for help]
8:45	sn64		rc://*/ta/man/translate/figs-abstractnouns	וְ⁠עָשִׂ֖יתָ מִשְׁפָּטָֽ⁠ם	1	If your language does not use an abstract noun for the idea of **justice**, you could express the same idea in another way. Solomon is appealing to Yahweh to judge the situation of these soldiers justly, to declare them justified in their cause (since they are fighting at his command), and to act on that declaration by giving them victory. Alternate translation: [and may you do what is just for them] or [and may you give them victory]
8:46	wmas		rc://*/ta/man/translate/writing-pronouns	יֶֽחֶטְאוּ	1	The pronoun **they** refers to the Israelites, whom Solomon calls “your people” in [8:44](../08/44.md). It may be helpful to clarify this for your readers. Alternate translation: [your people sin]
8:46	x46p		rc://*/ta/man/translate/writing-background	כִּ֣י אֵ֤ין אָדָם֙ אֲשֶׁ֣ר לֹא־יֶחֱטָ֔א	1	Solomon is making this statement as background information to this part of his prayer. In your translation, introduce this information in a way that would be natural in your own language and culture.
8:46	eqrh		rc://*/ta/man/translate/grammar-connect-words-phrases	כִּ֣י	2	Here the word **for** introduces not a reason but an explanation. Alternate translation: [After all,]
8:46	ie3r		rc://*/ta/man/translate/figs-metonymy	וּ⁠נְתַתָּ֖⁠ם לִ⁠פְנֵ֣י אוֹיֵ֑ב	1	See how you translated the similar expression in [8:33](../08/33.md). Alternate translation: [and you give them in front of an enemy] or [and you give them as they fight against an enemy]
8:46	npg2		rc://*/ta/man/translate/figs-ellipsis	וּ⁠נְתַתָּ֖⁠ם לִ⁠פְנֵ֣י אוֹיֵ֑ב	1	Solomon is leaving out some of the words that in many languages a sentence would need in order to be complete. You can supply these words from the context if that would be clearer in your language. Alternate translation: [and you give them over to defeat as they fight against an enemy] or [and you allow an enemy to defeat them]
8:46	evio		rc://*/ta/man/translate/writing-pronouns	וְ⁠שָׁב֤וּ⁠ם	1	The pronoun **they** refers to the enemies Solomon has been describing. It may be helpful to clarify this for your readers. Alternate translation: [and the enemy soldiers take them captive]
8:46	ozf2		rc://*/ta/man/translate/writing-poetry	וְ⁠שָׁב֤וּ⁠ם שֹֽׁבֵי⁠הֶם֙	1	Solomon is using a construction in which a verb and its object come from the same root. You may be able to use the same construction in your language to express the meaning here. Alternatively, your language may have another way of saying this. Alternate translation: [and they capture them] or [and they take them prisoner]
8:46	z2y0		rc://*/ta/man/translate/figs-merism	רְחוֹקָ֖ה א֥וֹ קְרוֹבָֽה	1	Solomon is referring to all possible locations by naming two extremes, **distant** and **near**. If it would be helpful in your language, you could use an equivalent expression or plain language. Alternate translation: [wherever that may be]
8:47	ef2b		rc://*/ta/man/translate/figs-metaphor	וְ⁠הֵשִׁ֨יבוּ֙ אֶל־לִבָּ֔⁠ם	1	Here, the **heart** represents a person’s thoughts and understanding. Solomon is speaking of the exiled people becoming aware of their situation as if they were bringing something **back to their heart**. If it would be helpful in your language, you could use an equivalent expression or state the meaning plainly. Alternate translation: [and they recall]
8:47	j970		rc://*/ta/man/translate/figs-ellipsis	וְ⁠הֵשִׁ֨יבוּ֙ אֶל־לִבָּ֔⁠ם	1	Solomon is leaving out some of the words that in many languages a sentence would need in order to be complete. You can supply these words from the context in to [Deuteronomy 30:1](../deu/30/01.md), to which Solomon is alluding here, if that would be clearer in your language. Alternate translation: [and they recall your warning that exile would be the punishment for disobedience]
8:47	hk6u		rc://*/ta/man/translate/figs-explicitinfo	בָּ⁠אָ֖רֶץ אֲשֶׁ֣ר נִשְׁבּוּ־שָׁ֑ם וְ⁠שָׁ֣בוּ ׀ וְ⁠הִֽתְחַנְּנ֣וּ אֵלֶ֗י⁠ךָ בְּ⁠אֶ֤רֶץ שֹֽׁבֵי⁠הֶם֙	1	It might seem that saying **where** and **there** and repeating **in the land** would be to convey extra information that would not be natural to express in your language. If so, you could shorten this. Alternate translation: [in the land where they have been taken captive, and they turn back and supplicate to you there]
8:47	nriy		rc://*/ta/man/translate/figs-activepassive	אֲשֶׁ֣ר נִשְׁבּוּ־שָׁ֑ם	1	The expression **have been taken captive** is a passive verbal form. If your language would not use that form, you could express the idea in active form or in another way that is natural in your language. Alternate translation: [to which their enemies have taken them captive]
8:47	zosj		rc://*/ta/man/translate/figs-metaphor	וְ⁠שָׁ֣בוּ	1	See how you translated the similar expression in [8:33](../08/33.md). Alternate translation: [and they repent]
8:47	ltfa		rc://*/ta/man/translate/figs-quotesinquotes	לֵ⁠אמֹ֔ר חָטָ֥אנוּ וְ⁠הֶעֱוִ֖ינוּ רָשָֽׁעְנוּ	1	If it would be clearer in your language, you could translate this so that there is not a quotation within a quotation. Alternate translation: [saying that they have sinned and done iniquity, that they have acted wickedly]
8:47	c39i		rc://*/ta/man/translate/figs-doublet	חָטָ֥אנוּ וְ⁠הֶעֱוִ֖ינוּ רָשָֽׁעְנוּ	1	The expressions **sinned**, **done iniquity**, and **acted wickedly** mean similar things. The people are using these expressions together for emphasis. If it would be clearer for your readers, you could express the emphasis with a single phrase. Alternate translation: [We have committed many very serious sins]
8:48	id9g		rc://*/ta/man/translate/figs-metaphor	וְ⁠שָׁ֣בוּ אֵלֶ֗י⁠ךָ	1	Here, Solomon is speaking of the Israelites as if they had literally been walking away from God but would then physically **return** to him. He means that they would acknowledge him again as their God and begin to obey him once more. If it would be helpful in your language, you could state the meaning plainly. Alternate translation: [and they acknowledge you again]
8:48	xf08		rc://*/ta/man/translate/figs-merism	בְּ⁠כָל־לְבָבָ⁠ם֙ וּ⁠בְ⁠כָל־נַפְשָׁ֔⁠ם	1	Solomon is referring to all of a person by naming two major components of a person, his **heart** and his **soul**. These represent overlapping aspects of the inner life of a person, including a person’s thoughts, feelings, desires, and intentions. If it would be helpful in your language, you could use an equivalent expression or plain language. See how you translated the same expression in [2:4](../02/04.md). Alternate translation: [with their entire beings]
8:48	yjye		rc://*/ta/man/translate/figs-explicit	דֶּ֤רֶךְ	1	See how you translated the similar expression in [8:44](../08/44.md). Alternate translation: [in the direction of]
8:48	i19i		rc://*/ta/man/translate/figs-ellipsis	הָ⁠עִיר֙	1	Solomon is leaving out some of the words that in many languages a sentence would need in order to be complete. You can supply these words from the context if that would be clearer in your language. Alternate translation: [in the direction of the city]
8:49	jxcm		rc://*/ta/man/translate/figs-abstractnouns	וְ⁠עָשִׂ֖יתָ מִשְׁפָּטָֽ⁠ם	1	See how you translated the similar expression in [8:45](../08/45.md). Alternate translation: [and may you do what is just for them] or [and may you bring them back from exile]
8:50	w3lj		rc://*/ta/man/translate/writing-poetry	פִּשְׁעֵי⁠הֶ֖ם אֲשֶׁ֣ר פָּשְׁעוּ־בָ֑⁠ךְ	1	Solomon is using a construction in which a verb and its object come from the same root. You may be able to use the same construction in your language to express the meaning here. Alternatively, your language may have another way of saying this. Alternate translation: [the transgressions that they have committed against you]
8:50	eovw		rc://*/ta/man/translate/figs-metonymy	וּ⁠נְתַתָּ֧⁠ם לְ⁠רַחֲמִ֛ים לִ⁠פְנֵ֥י שֹׁבֵי⁠הֶ֖ם	1	Here, **to the face of** represents being in front of their captors, where their captors can see them. So it means “in the regard of” their captors. If it would be helpful in your language, you could use an equivalent expression or plain language. Alternate translation: [And may you give them compassion in the regard of their captors] or [And may you cause their captors to feel mercifully toward them]
8:50	has1		rc://*/ta/man/translate/figs-explicit	וְ⁠רִֽחֲמֽוּ⁠ם	1	By **may they have compassion on them**, Solomon means that the captors would show mercy to the Israelites by allowing them to return to their homeland. You could indicate this explicitly in your translation if that would be helpful to your readers. Alternate translation: [and may they act mercifully toward them] or [and may they allow them to return to their land]
8:51	rhej		rc://*/ta/man/translate/grammar-connect-words-phrases	כִּֽי	1	Here the word **For** introduces the reason why Solomon feels he can ask Yahweh to respond to all the different kinds of prayers he has described. This is the beginning of the conclusion to the prayer. This conclusion continues through verse 53. If the connection between what Solomon says here and what he has said previously is not clear, you may want to use a different connecting word or phrase to show how the relationship. The UST models one way to do that.
8:51	hlc7		rc://*/ta/man/translate/writing-pronouns	הֵ֑ם	1	The pronoun **they** refers to the Israelites. It may be helpful to clarify this for your readers. Alternate translation: [the Israelites]
8:51	ido0		rc://*/ta/man/translate/figs-metaphor	עַמְּ⁠ךָ֥ וְ⁠נַחֲלָתְ⁠ךָ֖	1	Solomon is speaking of the people of Israel as if they were something that Yahweh had inherited as a lasting possession. He is referring to the Israelites as the people who belong to Yahweh perpetually. If it would be clearer in your language, you could state the meaning plainly. If you have already translated the book of 1 Samuel, see how you translated the similar expression in [1 Samuel 10:1](../1sa/10/01.md). Alternate translation: [your people who belong to you perpetually]
8:51	hmev		rc://*/ta/man/translate/figs-possession	מִ⁠מִּצְרַ֔יִם מִ⁠תּ֖וֹךְ כּ֥וּר הַ⁠בַּרְזֶֽל	1	Here, **furnace of iron** describes a furnace that is characterized by the working or smelting of iron. If a speaker of your language would not use the possessive form for this, you could express this idea in another way. Alternate translation: [from Egypt, from the midst of that very hot furnace in which people melt iron]
8:51	lkdu		rc://*/ta/man/translate/figs-metaphor	מִ⁠מִּצְרַ֔יִם מִ⁠תּ֖וֹךְ כּ֥וּר הַ⁠בַּרְזֶֽל	1	Solomon is alluding to [Deuteronomy 4:20](../04/20.md), where Moses calls Egypt a “furnace of iron” to represent that the Israelites suffered greatly there, as if they had been iron melting inside such a very hot furnace. If it would be helpful in your language, you could state the meaning plainly. Alternate translation: [from Egypt, where the Egyptians severely oppressed you]
8:52	ihlc		rc://*/ta/man/translate/grammar-connect-logic-result	לִ⁠הְי֨וֹת עֵינֶ֤י⁠ךָ פְתֻחוֹת֙	1	In this verse, Solomon is describing what he believes should follow as a result of what he described in the previous verse. Use a connector in your language that makes this clear. Alternate translation: [so may your eyes be opened]
8:52	hxic		rc://*/ta/man/translate/figs-activepassive	לִ⁠הְי֨וֹת עֵינֶ֤י⁠ךָ פְתֻחוֹת֙ אֶל	1	The expression **to be opened** is a passive verbal form. If your language would not use that form, you could express the idea in active form or in another way that is natural in your language. Alternate translation: [so may you open your eyes to]
8:52	kgr7		rc://*/ta/man/translate/figs-metonymy	לִ⁠הְי֨וֹת עֵינֶ֤י⁠ךָ פְתֻחוֹת֙ אֶל	1	Here, **eyes** represents God’s attention and awareness. If it would be helpful in your language, you could use an equivalent expression or plain language. Alternate translation: [so may you look at] or [so you may regard]
8:52	ywpt		rc://*/ta/man/translate/figs-metaphor	לִ⁠הְי֨וֹת עֵינֶ֤י⁠ךָ פְתֻחוֹת֙ אֶל	1	Solomon is speaking of God’s awareness and attention as if God’s **eyes** were actually opened rather than closed. He means that he wants God to pay attention to the prayers of the Israelites. Your language may have a comparable expression that you can use in your translation, or you could state the meaning plainly. Alternate translation: [and so may you pay attention to]
8:53	hqnq		rc://*/ta/man/translate/writing-pronouns	אַתָּ֞ה הִבְדַּלְתָּ֤⁠ם	1	Solomon is stating the pronoun **you** separately, even though the verb translated as **you separated** already includes this meaning. He is doing that to emphasize the personal role of Yahweh in separating the Israelites from all the other **peoples of the earth**. If a speaker of your language would use an explicit pronoun for the same purpose, you may want to use that construction in your translation. If not, your language may have other ways of showing the meaning here. See how you translated the similar expression “you, you swore” in [1:17](../01/17.md). Alternate translation: [you personally separated them]
8:53	nlfy		rc://*/ta/man/translate/figs-metaphor	לְֽ⁠נַחֲלָ֔ה	1	See how you translated the similar expression in [8:51](../08/51.md). Alternate translation: [so that they would belong to you perpetually]
8:53	nydz		rc://*/ta/man/translate/figs-metonymy	כַּ⁠אֲשֶׁ֨ר דִּבַּ֜רְתָּ בְּ⁠יַ֣ד ׀ מֹשֶׁ֣ה עַבְדֶּ֗⁠ךָ	1	Here, **hand** represents the agency of a person. If it would be helpful in your language, you could use an equivalent expression or state the meaning plainly. Alternate translation: [just as you spoke through the agency of Moses your servant] or [just as you told Moses your servant to tell the Israelites]
8:54	mteq		rc://*/ta/man/translate/figs-metonymy	מִ⁠לִּ⁠פְנֵ֨י	1	Here, **to the face of** represents being in front of the altar. If it would be helpful in your language, you could use an equivalent expression or plain language. Alternate translation: [in front of]
8:54	dix0		rc://*/ta/man/translate/translate-symaction	מִ⁠כְּרֹ֣עַ עַל־בִּרְכָּ֔י⁠ו וְ⁠כַפָּ֖י⁠ו פְּרֻשׂ֥וֹת הַ⁠שָּׁמָֽיִם	1	See whether you indicated the symbolic significance of what Solomon had been doing when you translated the similar expression in [8:22](../08/22.md).
8:54	p15s		rc://*/ta/man/translate/figs-explicitinfo	מִ⁠כְּרֹ֣עַ עַל־בִּרְכָּ֔י⁠ו	1	It might seem that the expression **from kneeling on his knees** contains extra information that would not be natural to express in your language. If so, you could shorten it. Alternate translation: [from kneeling down]
8:56	y1jw		rc://*/ta/man/translate/figs-activepassive	בָּר֣וּךְ יְהוָ֗ה	1	See how you translated the similar expression in [1:48](../01/48.md). Alternate translation: [May people bless Yahweh] or [May people praise Yahweh]
8:56	lo1p		rc://*/ta/man/translate/figs-metonymy	לֹֽא־נָפַ֞ל דָּבָ֣ר אֶחָ֗ד מִ⁠כֹּל֙ דְּבָר֣⁠וֹ הַ⁠טּ֔וֹב אֲשֶׁ֣ר דִּבֶּ֔ר	1	Solomon is using the term **word** to represent what God said by using words. If it would be clearer in your language, you could state the meaning plainly. Alternate translation: [Not one thing has fallen from all of the good things he said]
8:56	ofwy		rc://*/ta/man/translate/figs-metaphor	לֹֽא־נָפַ֞ל דָּבָ֣ר אֶחָ֗ד מִ⁠כֹּל֙ דְּבָר֣⁠וֹ הַ⁠טּ֔וֹב אֲשֶׁ֣ר דִּבֶּ֔ר	1	Solomon is speaking as if a **word** were a physical object that could **fall** to the ground and be lost or ruined. He means that not a single word that Yahweh **spoke** has failed to come true. If it would be clearer in your language, you could state the meaning plainly. If you have already translated the book of 1 Samuel, see how you translated the similar expression in [1 Samuel 3:19](../1sa/03/19.md). Alternate translation: [Every single thing has come true of all the good things he said]
8:56	w3tc		rc://*/ta/man/translate/figs-metonymy	אֲשֶׁ֣ר דִּבֶּ֔ר בְּ⁠יַ֖ד מֹשֶׁ֥ה עַבְדּֽ⁠וֹ	1	See how you translated the similar expression in [8:53](../08/53.md). Alternate translation: [that he spoke through the agency of Moses his servant] or [that he told Moses his servant to tell the Israelites]
8:57	d7pe		rc://*/ta/man/translate/figs-idiom	יְהִ֨י יְהוָ֤ה אֱלֹהֵ֨י⁠נוּ֙ עִמָּ֔⁠נוּ כַּ⁠אֲשֶׁ֥ר הָיָ֖ה עִם־אֲבֹתֵ֑י⁠נוּ	1	Solomon is using a common expression of his culture to express his desire that Yahweh would help the Israelites. If it would be helpful in your language, you could state the meaning plainly. If you have already translated the book of 1 Samuel, see how you translated the similar expression in [1 Samuel 3:19](../1sa/03/19.md). Alternate translation, as in the UST: [May Yahweh our God help us, just as he helped our ancestors]
8:57	x7lw		rc://*/ta/man/translate/figs-doublenegatives	אַל־יַעַזְבֵ֖⁠נוּ וְ⁠אַֽל־יִטְּשֵֽׁ⁠נוּ	1	The expressions **May he not forsake** and **may he not abandon** are double negatives, consisting of the negative particle **not** and the negative words **forsake** and **abandon**. If it would be clearer in your language, you could use positive expressions to translate them. Alternate translation: [May he always cherish us and may he always protect us]
8:57	vagr		rc://*/ta/man/translate/figs-parallelism	אַל־יַעַזְבֵ֖⁠נוּ וְ⁠אַֽל־יִטְּשֵֽׁ⁠נוּ	1	These two phrases **May he not forsake us** and **may he not abandon us** mean basically the same thing. The second emphasizes the meaning of the first by repeating the same idea with different words. If it would be helpful to your readers, you could combine them and express the emphasis in another way. Alternate translation: [May he never forsake us at all]
8:58	aedt		rc://*/ta/man/translate/grammar-collectivenouns	לְ⁠הַטּ֥וֹת לְבָבֵ֖⁠נוּ אֵלָ֑י⁠ו	1	In this verse, the word **heart** is singular in form, but it refers to all of the Israelites as a group. If it would be helpful in your language, you could use the plural form of “heart.” Alternate translation: [may he stretch out our hearts to him]
8:58	d3wj		rc://*/ta/man/translate/figs-metaphor	לְ⁠הַטּ֥וֹת לְבָבֵ֖⁠נוּ אֵלָ֑י⁠ו	1	Solomon is speaking as if a person’s **heart** were something that Yahweh could **stretch out** toward himself. If it would be clearer in your language, you could state the meaning plainly. If you have already translated the book of Joshua, see how you translated the similar expression in [Joshua 24:23](../jos/24/23.md). Alternate translation: [may he make us completely devoted to him]
8:58	c76k		rc://*/ta/man/translate/figs-doublet	מִצְוֺתָ֤י⁠ו וְ⁠חֻקָּי⁠ו֙ וּ⁠מִשְׁפָּטָ֔י⁠ו	1	See how you translated the similar expression in [2:3](../02/03.md). Alternate translation: [all of his commandments]
8:59	geec		rc://*/ta/man/translate/figs-metaphor	וְ⁠יִֽהְי֨וּ דְבָרַ֜⁠י אֵ֗לֶּה & קְרֹבִ֛ים אֶל־יְהוָ֥ה אֱלֹהֵ֖י⁠נוּ	1	Solomon is speaking of his words as if they could actually be **near to** Yahweh, meaning that Yahweh would remember and consider them. Your language may have a comparable expression that you can use in your translation, or you could state the meaning plainly. Alternate translation: [And may Yahweh our God remember these my words]
8:59	mtc3		rc://*/ta/man/translate/figs-metonymy	דְבָרַ֜⁠י אֵ֗לֶּה	1	Solomon is using the term **words** to represent the things that he has said by using words. If it would be clearer in your language, you could state the meaning plainly. Alternate translation: [these things that I have said]
8:59	c80z		rc://*/ta/man/translate/figs-metonymy	לִ⁠פְנֵ֣י יְהוָ֔ה	1	Here, **to the face of** represents being in the presence of Yahweh. If it would be helpful in your language, you could use an equivalent expression or plain language. Alternate translation: [in the presence of Yahweh]
8:59	u54l		rc://*/ta/man/translate/figs-merism	יוֹמָ֣ם וָ⁠לָ֑יְלָה	1	See how you translated the similar expression in [8:29](../08/29.md). Alternate translation: [all the time]
8:59	zg1a		rc://*/ta/man/translate/figs-abstractnouns	לַ⁠עֲשׂ֣וֹת ׀ מִשְׁפַּ֣ט עַבְדּ֗⁠וֹ וּ⁠מִשְׁפַּ֛ט עַמּ֥⁠וֹ יִשְׂרָאֵ֖ל	1	See how you translated the similar expression in [8:45](../08/45.md). Alternate translation: [so that he will do what is just for his servant and what is just for his people Israel]
8:59	mdau		rc://*/ta/man/translate/figs-idiom	דְּבַר־י֥וֹם בְּ⁠יוֹמֽ⁠וֹ	1	Solomon is using **the matter of a day in its day** as a common expression of his culture to mean “as each day requires” or “according to daily needs.” If this phrase does not have that meaning in your language, you could use a comparable expression from your language that does have that meaning, or you could state the meaning plainly. Alternate translation: [as each day requires] or [according to our daily needs]
8:60	wrdc		rc://*/ta/man/translate/writing-pronouns	יְהוָ֖ה ה֣וּא הָ⁠אֱלֹהִ֑ים	1	Solomon is stating the pronoun **he** separately, even though the name **Yahweh** already includes this meaning. He is doing that in order to emphasize the contrast between Yahweh, who is the only true God, and the so-called gods of the other **peoples of the earth**, which are not gods at all. If a speaker of your language would use an explicit pronoun for the same purpose, you may want to use that construction in your translation. If not, your language may have other ways of showing the meaning here. See how you translated the expression “he, he cursed” in [2:8](../02/08.md), which similarly uses an explicit pronoun to draw a contrast. Alternate translation: [Yahweh is the only true God]
8:61	dlue		rc://*/ta/man/translate/figs-metaphor	וְ⁠הָיָ֤ה לְבַבְ⁠כֶם֙ שָׁלֵ֔ם עִ֖ם יְהוָ֣ה אֱלֹהֵ֑י⁠נוּ	1	Here the **heart** represents a person’s commitment, loyalty, and devotion. If it would be helpful in your language, you could state the meaning plainly. Alternate translation: [And may you be completely devoted to Yahweh our God]
8:61	k85q		rc://*/ta/man/translate/figs-yousingular	לְבַבְ⁠כֶם֙	1	The word **your** is plural here because Solomon is addressing the crowd of Israelites, so use the plural form in your translation if your language marks that distinction.
8:61	mc5g		rc://*/ta/man/translate/grammar-collectivenouns	לְבַבְ⁠כֶם֙	1	In this verse, the word **heart** is singular in form, but it refers to all the people of Israel as a group. If it would be helpful in your language, you could use the plural form of “heart.” Alternate translation: [your hearts]
8:61	rfoj		rc://*/ta/man/translate/figs-parallelism	לָ⁠לֶ֧כֶת & וְ⁠לִ⁠שְׁמֹ֥ר מִצְוֺתָ֖י⁠ו	1	These two phrases mean basically the same thing. The second emphasizes the meaning of the first by repeating the same idea with different words. If it would be helpful to your readers, you could combine them and express the emphasis in another way. Alternate translation: [to live obediently according to all of his commandments]
8:61	od4c		rc://*/ta/man/translate/figs-idiom	כַּ⁠יּ֥וֹם הַ⁠זֶּֽה	1	See how you translated the similar expression in [8:24](../08/24.md). Alternate translation: [as is the case right now]
8:62	yxef		rc://*/ta/man/translate/figs-hyperbole	וְ⁠כָל־יִשְׂרָאֵ֖ל	1	The author says **all of Israel** as a generalization for emphasis. If it would be clearer in your language, you could express the emphasis in a different way, here and in the next verse. Alternate translation: [and all of the Israelites who were present]
8:62	ki64		rc://*/ta/man/translate/writing-poetry	זֹבְחִ֥ים זֶ֖בַח	1	The author is using a construction in which a verb and its object come from the same root. You may be able to use the same construction in your language to express the meaning here. Alternatively, your language may have another way of saying this. Alternate translation: [were offering sacrifices]
8:62	dhjz		rc://*/ta/man/translate/figs-metonymy	לִ⁠פְנֵ֥י יְהוָֽה	1	Here, **to the face of** represents being in the presence of Yahweh. If it would be helpful in your language, you could use an equivalent expression or plain language. Alternate translation: [in the presence of Yahweh]
8:63	soei		rc://*/ta/man/translate/figs-explicitinfo	וַ⁠יִּזְבַּ֣ח שְׁלֹמֹ֗ה אֵ֣ת זֶ֣בַח הַ⁠שְּׁלָמִים֮ אֲשֶׁ֣ר זָבַ֣ח לַ⁠יהוָה֒	1	It might seem that this expression contains extra information that would not be natural to express in your language. If so, you could shorten it. Alternate translation: [And Solomon sacrificed a sacrifice of peace offerings to Yahweh]
8:63	sxlv		rc://*/ta/man/translate/writing-poetry	וַ⁠יִּזְבַּ֣ח שְׁלֹמֹ֗ה אֵ֣ת זֶ֣בַח הַ⁠שְּׁלָמִים֮	1	The author is using a construction in which a verb and its object come from the same root. You may be able to use the same construction in your language to express the meaning here. Alternatively, your language may have another way of saying this. Alternate translation: [And Solomon offered a sacrifice of peace offerings]
8:63	tbt4		rc://*/ta/man/translate/figs-metaphor	בְּנֵ֥י יִשְׂרָאֵֽל	1	See how you translated the similar expression in [8:1](../08/01.md). Alternate translation: [the Israelites]
8:64	wzv7		rc://*/ta/man/translate/grammar-connect-logic-result	בַּ⁠יּ֣וֹם הַ⁠ה֗וּא קִדַּ֨שׁ הַ⁠מֶּ֜לֶךְ אֶת־תּ֣וֹךְ הֶ⁠חָצֵ֗ר אֲשֶׁר֙ לִ⁠פְנֵ֣י בֵית־יְהוָ֔ה כִּי־עָ֣שָׂה שָׁ֗ם אֶת־הָֽ⁠עֹלָה֙ וְ⁠אֶת־הַ⁠מִּנְחָ֔ה וְ⁠אֵ֖ת חֶלְבֵ֣י הַ⁠שְּׁלָמִ֑ים כִּֽי־מִזְבַּ֤ח הַ⁠נְּחֹ֨שֶׁת֙ אֲשֶׁ֣ר לִ⁠פְנֵ֣י יְהוָ֔ה קָטֹ֗ן מֵֽ⁠הָכִיל֙ אֶת־הָ⁠עֹלָ֣ה וְ⁠אֶת־הַ⁠מִּנְחָ֔ה וְ⁠אֵ֖ת חֶלְבֵ֥י הַ⁠שְּׁלָמִֽים	1	If it would be more natural in your language, you could reverse the order of these phrases, since the second phrase gives the reason for the result that the first phrase describes. Alternate translation: [On that day, since the altar of bronze that was to the face of Yahweh was too small to contain the burnt offering and the grain offering and the fat of the peace offerings, the king consecrated the middle of the courtyard that was to the face of the house of Yahweh, so that there he made the burnt offering and the grain offering and the fat of the peace offerings]
8:64	blyz		rc://*/ta/man/translate/figs-metonymy	לִ⁠פְנֵ֣י	1	Here, **to the face of** represents being in front of Yahweh’s temple. If it would be helpful in your language, you could use an equivalent expression or plain language. Alternate translation: [in front of]
8:64	ezf1		rc://*/ta/man/translate/grammar-collectivenouns	אֶת־הָֽ⁠עֹלָה֙ וְ⁠אֶת־הַ⁠מִּנְחָ֔ה	1	In this verse, the terms **the burnt offering** and **the grain offering** are singular in form, but they refer to all the burnt offerings and grain offerings as groups. If it would be helpful in your language, you could use the plural forms of these terms. Alternate translation: [the burnt offerings and the grain offerings]
8:64	gi80		rc://*/ta/man/translate/figs-metonymy	מִזְבַּ֤ח הַ⁠נְּחֹ֨שֶׁת֙ אֲשֶׁ֣ר לִ⁠פְנֵ֣י יְהוָ֔ה	1	Here, **to the face of Yahweh** represents being in front of Yahweh’s temple. If it would be helpful in your language, you could use an equivalent expression or plain language. Alternate translation: [the altar of bronze that was in front of Yahweh’s temple]
8:64	dlb7		rc://*/ta/man/translate/figs-explicitinfo	קָטֹ֗ן מֵֽ⁠הָכִיל֙ אֶת־הָ⁠עֹלָ֣ה וְ⁠אֶת־הַ⁠מִּנְחָ֔ה וְ⁠אֵ֖ת חֶלְבֵ֥י הַ⁠שְּׁלָמִֽים	1	Since the author lists all of these offerings earlier in the verse, it might seem that repeating the whole list here would be to convey extra information that would not be natural to express in your language. If so, you could refer to the offerings with a brief phrase. Alternate translation: [was too small to contain all those offerings]
8:65	d5ex		rc://*/ta/man/translate/figs-explicit	אֶת־הֶ⁠חָ֡ג	1	By **the feast**, the author means the Festival of Booths (also known as the Festival of Shelters or Tabernacles). You could indicate this explicitly in your translation if that would be helpful to your readers. Alternate translation: [the Feast of Booths]
8:65	h26i		rc://*/ta/man/translate/figs-ellipsis	וְ⁠כָל־יִשְׂרָאֵ֣ל עִמּ⁠וֹ֩	1	The author is leaving out some of the words that in many languages a sentence would need in order to be complete. You can supply these words from the context if that would be clearer in your language. Alternate translation: [and all of Israel observed the feast with him]
8:65	bx4l		rc://*/ta/man/translate/figs-hyperbole	וְ⁠כָל־יִשְׂרָאֵ֣ל עִמּ⁠וֹ֩	1	The author is saying **all of Israel with him** as a generalization for emphasis. If it would be clearer in your language, you could express the emphasis in a different way. Alternate translation: [and all of the Israelites who were present observed the feast with him]
8:65	wok7		rc://*/ta/man/translate/figs-merism	מִ⁠לְּב֥וֹא חֲמָ֣ת ׀ עַד־נַ֣חַל מִצְרַ֗יִם	1	The author is referring to all of Israel’s territory by naming two extremes, **Lebo Hamath** (the northern boundary) and **the wadi of Egypt** (the southern boundary). If it would be helpful in your language, you could use an equivalent expression or plain language. Alternate translation: [from throughout the territory of Israel]
8:65	blsn		rc://*/ta/man/translate/figs-metonymy	לִ⁠פְנֵי֙ יְהוָ֣ה	1	Here, **to the face of** represents being in the presence of Yahweh. If it would be helpful in your language, you could use an equivalent expression or plain language. Alternate translation: [in the presence of Yahweh]
8:65	k002		rc://*/ta/man/translate/figs-ellipsis	שִׁבְעַ֥ת יָמִ֖ים וְ⁠שִׁבְעַ֣ת יָמִ֑ים אַרְבָּעָ֥ה עָשָׂ֖ר יֽוֹם	1	The author is leaving out some of the words that in many languages a sentence would need in order to be complete. You can supply these words from the context if that would be clearer in your language. Alternate translation: [They had celebrated the dedication of the temple for seven days, and then they celebrated the Feast of Booths for seven days, for a total of fourteen days of celebration]
8:66	i23r		rc://*/ta/man/translate/translate-ordinal	בַּ⁠יּ֤וֹם הַ⁠שְּׁמִינִי֙	1	If your language would not represent a number in a form such as **the eighth**, you could represent this number in a form that your language would use. Alternate translation: [On day eight]
8:66	n2t9		rc://*/ta/man/translate/figs-explicit	בַּ⁠יּ֤וֹם הַ⁠שְּׁמִינִי֙	1	The author assumes that readers will know that **the eighth day** refers to the day after the seven-day Feast of Booths ended. You could say that explicitly if that would be helpful to your readers. Alternate translation: [On the day after the Feast of Booths ended]
8:66	hed7		rc://*/ta/man/translate/figs-synecdoche	לְ⁠אָהֳלֵי⁠הֶ֗ם	1	The author is using one kind of home in which people of this culture lived, **tents**, to represent homes in general. If it would be helpful in your language, you could use an equivalent expression from your culture or state the meaning plainly. Alternate translation: [to their homes]
8:66	aj6i		rc://*/ta/man/translate/figs-metaphor	שְׂמֵחִים֙ וְ⁠ט֣וֹבֵי לֵ֔ב	1	Here, the **heart** represents people’s feelings. If it would be helpful in your language, you could state the meaning plainly. Alternate translation: [rejoicing and feeling happy]
8:66	hgcs		rc://*/ta/man/translate/figs-doublet	שְׂמֵחִים֙ וְ⁠ט֣וֹבֵי לֵ֔ב	1	The expressions **rejoicing** and **good of heart** mean similar things. The author is using the two expressions together for emphasis. If it would be clearer for your readers, you could express the emphasis with a single phrase. Alternate translation: [rejoicing greatly]
8:66	o4p2		rc://*/ta/man/translate/figs-nominaladj	הַ⁠טּוֹבָ֗ה	1	The author is using the adjective **good** as a noun to mean a certain kind of thing. Your language may use adjectives in the same way. If not, you can translate this adjective with an equivalent phrase. Alternate translation: [the good things]
9:intro	iy5f				0	# 1 Kings 9 Chapter Introduction\n\n## Structure and Formatting\n\nThis chapter continues to describe Solomon’s reign as king of Israel.\n\n  1. Yahweh appears to Solomon in a dream for a second time, promising blessings for obedience but warning of punishment for disobedience. (9:1–9)\n  2. Solomon gives King Hiram 20 cities to thank him for his help. (9:10–14)\n  3. The author describes Solomon’s system of forced labor. (9:15–24)\n  4. Solomon makes the temple the central location for Israelite worship (9:26)\n  5. Solomon builds and sails a fleet with Hiram’s help (9:26–27)\n\n## Religious and Cultural Concepts in This Chapter\n\n### Blessings for obedience, punishments for disobedience\n\nAfter the dedication of the temple, Yahweh appeared to Solomon a second time. He repeated the covenant promises he had made to David. Yahweh promised to establish Solomon’s throne forever if he and his descendants remained faithful and obedient to him. However, he also warned of severe consequences if they became devoted to other gods instead and worshiped them. This divine warning highlights a central theme of the Old Testament: there would be blessings for obedience, but there would be severe punishment for disobedience, especially for disobedience in the form of living in the way that followers of foreign gods lived. The nation’s well-being was directly linked to the fidelity of the king and people to Yahweh. This covenantal relationship provides the background to the events that unfold later in the book of 1 Kings and in the subsequent history of Israel.\n\n## Translation Issues in This Chapter\n\n### “serve other gods and bow down to them”\n\nIn 9:6, Yahweh warns Solomon that his descendants who become kings must not “serve other gods and bow down to them.” When applied to “other gods,” the term “serve” refers to honoring them by living as their followers did, building shrines for them, and generally following religious practices. To “bow down” to these gods (physically bowing to an idol that represented them in a shrine or temple) was a symbolic action of surrender to them as one’s lord. It represented a definitive further step, beyond the idea of “serving” or honoring them. This would provoke Yahweh’s severe judgment, as he describes in 9:7–9. Later in the book, we hear how King Ahab of Israel took this further definitive step. The author reports in 16:31 that “he went and served Baal, and he bowed down to him.” This leads the author to say that Ahab was worse than any other king before him. Because the difference between “serve” and “bow down” has this significance, we recommend that you do not combine these two terms, even if you sometimes combine similar terms in your translation. If it would be helpful to your readers, you could explain in the text of your translation or in a footnote the significance of bowing down. For example, you might translate “serve and bow down to other gods” as “honor other gods and ultimately commit yourself to them by bowing down to them.”
9:1	v6rb		rc://*/ta/man/translate/writing-newevent	וַ⁠יְהִי֙	1	See how you translated the phrase “And it happened” in [2:39](../02/39.md), where it similarly introduces a new event.
9:1	xwxt		rc://*/ta/man/translate/figs-synecdoche	כְּ⁠כַלּ֣וֹת שְׁלֹמֹ֔ה לִ⁠בְנ֥וֹת	1	The author is using one person who was involved, Solomon, to mean everyone who was involved in building these structures. If it would be helpful in your language, you could state the meaning plainly, as the UST does. See how you translated similar expressions throughout chapters 5, 6, and 7. Alternate translation: [when Solomon’s workers finished building]
9:1	j0zi		rc://*/ta/man/translate/figs-metaphor	אֶת־בֵּית־יְהוָ֖ה	1	See how you translated the similar expression in [3:1](../03/01.md). Alternate translation: [the temple of]
9:1	s9xu		rc://*/ta/man/translate/figs-explicit	בֵּ֣ית הַ⁠מֶּ֑לֶךְ	1	See how you translated the similar expression in [7:1](../07/01.md). Alternate translation: [his royal palace]
9:1	mp8m		rc://*/ta/man/translate/figs-metonymy	וְ⁠אֵת֙ כָּל־חֵ֣שֶׁק שְׁלֹמֹ֔ה אֲשֶׁ֥ר חָפֵ֖ץ לַ⁠עֲשֽׂוֹת	1	The author is using Solomon’s **desire** to build further structures to represent those structures themselves. (He describes them in [9:15](../09/15.md) and, with a further reference to desire, in [9:17–19](../09/17.md).) If it would be helpful in your language, you could use an equivalent expression or plain language. Alternate translation: [and all of the other structures that Solomon delighted to build]
9:2	oopn		rc://*/ta/man/translate/translate-ordinal	שֵׁנִ֑ית	1	If your language would not represent a number in a form such as **second**, you could represent this number in a form that your language would use. Alternate translation: [again] or [once more]
9:3	w9nf		rc://*/ta/man/translate/figs-explicit	שָׁ֠מַעְתִּי	1	See how you translated the similar expression in [5:8](../05/08.md). Alternate translation: [I have answered]
9:3	m8oz		rc://*/ta/man/translate/writing-poetry	וְ⁠אֶת־תְּחִנָּתְ⁠ךָ֮ אֲשֶׁ֣ר הִתְחַנַּ֣נְתָּה	1	Yahweh is using a construction in which a verb and its object come from the same root. You may be able to use the same construction in your language to express the meaning here. Alternatively, your language may have another way of saying this. Alternate translation: [and the supplication that you made]
9:3	l38a		rc://*/ta/man/translate/figs-metonymy	לְ⁠פָנַ⁠י֒	1	Here, **to my face** represents “in my presence.” If it would be helpful in your language, you could use an equivalent expression or plain language. Alternate translation: [in my presence]
9:3	xnor		rc://*/ta/man/translate/figs-metonymy	לָ⁠שֽׂוּם־שְׁמִ֥⁠י שָׁ֖ם	1	See how you translated the similar expression in [3:2](../03/02.md) and the similar expressions throughout chapter 8. Alternate translation: [for it to be a place where people will worship me] or [for it to be a place where my reputation will be made known]
9:3	npf3		rc://*/ta/man/translate/figs-metaphor	וְ⁠הָי֨וּ עֵינַ֧⁠י וְ⁠לִבִּ֛⁠י שָׁ֖ם כָּל־הַ⁠יָּמִֽים	1	Yahweh is responding to Solomon’s request in [8:29](../08/29.md) “that your eyes may be opened to this house.” Solomon was speaking as if he wanted Yahweh always to be looking at the temple, but he meant that he wanted Yahweh always to be listening to the prayers that people offered toward the temple. Yahweh is saying that he will do this and, in addition, he will always care about the temple, the worship in it, and the prayers that people pray toward it. Yahweh is using his **heart** to represent his feelings and commitment. If it would be helpful in your language, you could state the meaning plainly. Alternate translation: [And I will always listen to the prayers that people pray toward the temple, and it will always be precious to me]
9:3	pc1o		rc://*/ta/man/translate/figs-metonymy	כָּל־הַ⁠יָּמִֽים	1	Yahweh is using the term **days** to refer to time, since time consists of days. If it would be helpful in your language, you could state the meaning plainly. Alternate translation: [all the time]
9:4	wzks		rc://*/ta/man/translate/writing-pronouns	וְ⁠אַתָּ֞ה אִם־תֵּלֵ֣ךְ	1	Yahweh is stating the pronoun **you** separately, even though the verb translated as **you walk** already includes this meaning. He is doing that to emphasize that Solomon, for his part (just as his father had done for his own part), is to live in the way that he describes. If a speaker of your language would use an explicit pronoun for the same purpose, you may want to use that construction in your translation. If not, your language may have other ways of showing the meaning here. See how you translated the similar expression “you, you swore” in [1:17](../01/17.md). Alternate translation: [And if you, for your part, walk] or [And if you personally walk]
9:4	bmkc		rc://*/ta/man/translate/figs-metaphor	אִם־תֵּלֵ֣ךְ לְ⁠פָנַ֗⁠י כַּ⁠אֲשֶׁ֨ר הָלַ֜ךְ דָּוִ֤ד אָבִ֨י⁠ךָ֙ בְּ⁠תָם־לֵבָ֣ב וּ⁠בְ⁠יֹ֔שֶׁר	1	See how you translated the similar phrase in [3:6](../03/06.md), where Solomon says to Yahweh about his father David, “he walked to your face in faithfulness and in righteousness and in uprightness of heart.” Alternate translation: [if you conduct yourself in my presence just as David your father conducted himself, with integrity in your motives and intentions and with upright actions]
9:4	cnit		rc://*/ta/man/translate/figs-doublet	חֻקַּ֥⁠י וּ⁠מִשְׁפָּטַ֖⁠י תִּשְׁמֹֽר	1	The terms **statutes** and **judgments** mean similar things. Yahweh is using the two terms together for emphasis. If it would be clearer for your readers, you could express the emphasis with a single phrase. Alternate translation: [if you obey all of my commandments]
9:5	enfr		rc://*/ta/man/translate/figs-metaphor	וַ⁠הֲקִ֨מֹתִ֜י אֶת־כִּסֵּ֧א מַֽמְלַכְתְּ⁠ךָ֛ עַל־יִשְׂרָאֵ֖ל	1	Yahweh is speaking as if he would physically **raise up** the **throne** of Solomon to a high position above Israel. If it would be helpful in your language, you could express his meaning using an equivalent expression or plain language. If you have already translated the book of 2 Samuel, see how you translated the similar expression in [2 Samuel 3:10](../2sa/03/10.md). Alternate translation: [then I will establish your rule over the kingdom of Israel]
9:5	nftd		rc://*/ta/man/translate/figs-quotesinquotes	אָבִ֨י⁠ךָ֙ לֵ⁠אמֹ֔ר לֹֽא־יִכָּרֵ֤ת לְ⁠ךָ֙ אִ֔ישׁ מֵ⁠עַ֖ל כִּסֵּ֥א יִשְׂרָאֵֽל	1	If it would be clearer in your language, you could translate this so that there is not a quotation within a quotation. Alternate translation: [your father when I told him that a man to him would not be cut off from upon the throne of Israel]
9:5	l7ou		rc://*/ta/man/translate/figs-metaphor	לֹֽא־יִכָּרֵ֤ת לְ⁠ךָ֙ אִ֔ישׁ מֵ⁠עַ֖ל כִּסֵּ֥א יִשְׂרָאֵֽל	1	See how you translated this same sentence in [3:4](../03/04.md). Alternate translation: [One of your descendants will always be the king of Israel]
9:6	w4b3		rc://*/ta/man/translate/figs-metaphor	אִם־שׁ֨וֹב תְּשֻׁב֜וּ⁠ן אַתֶּ֤ם וּ⁠בְנֵי⁠כֶם֙ מֵֽ⁠אַחֲרַ֔⁠י	1	Yahweh is speaking as if Solomon or his descendants would be walking behind him but then might **turn** away to walk in a different direction. He means that they would stop living in the manner in which he wants people to live. If it would be helpful in your language, you could state the meaning plainly. Alternate translation: [If you or your sons ever stop following me] or [If you or your sons ever stop being devoted to me as your God]
9:6	y5hf		rc://*/ta/man/translate/figs-reduplication	אִם־שׁ֨וֹב תְּשֻׁב֜וּ⁠ן	1	Yahweh is repeating forms of the verb **turn** in order to intensify his expression of the idea that it conveys. If your language can repeat words for intensification, it would be appropriate to do that here in your translation. If not, your language may have another way of expressing the intensification. Alternate translation: [If you ever turn]
9:6	osv9		rc://*/ta/man/translate/figs-yousingular	תְּשֻׁב֜וּ⁠ן אַתֶּ֤ם & וְ⁠לֹ֤א תִשְׁמְרוּ֙ & לִ⁠פְנֵי⁠כֶ֑ם וַ⁠הֲלַכְתֶּ֗ם	1	The word **you** is singular in the first two instances because Yahweh is using it to refer to Solomon. The words **you** and **your** (and the implied “you” in the verbs **serve** and **bow down**) are plural in the rest of the verse because Yahweh is using them to refer to Solomon and his **sons**. Use the appropriate singular and plural forms in each case in your translation if your language marks that distinction.
9:6	vvcd		rc://*/ta/man/translate/figs-metonymy	לִ⁠פְנֵי⁠כֶ֑ם	1	Here, **to your faces** means “in front of you.” If it would be helpful in your language, you could use an equivalent expression or plain language. Alternate translation: [I have set in front of you]
9:6	al2m		rc://*/ta/man/translate/figs-metaphor	לִ⁠פְנֵי⁠כֶ֑ם	1	Yahweh is speaking as if his commandments and statutes were objects that he had physically placed in front of the Israelites where they could see them. He means that he has given them these laws to obey. If it would be helpful in your language, you could state the meaning plainly. Alternate translation: [I have told you to obey]
9:6	ffzs		rc://*/ta/man/translate/figs-explicit	וַ⁠הֲלַכְתֶּ֗ם וַ⁠עֲבַדְתֶּם֙ אֱלֹהִ֣ים אֲחֵרִ֔ים	1	In describing this possible condition, Yahweh is not envisioning that Solomon or later kings would **go** somewhere in order to **serve other gods and bow down to them**. He is using the term **go** to mean that a king might resolve to do these things and take action to do them (leading his Israelite subjects to do the same). Your language may have a comparable expression that you can use in your translation. You could also use plain language. If you have already translated the book of 2 Samuel, see how you translated the similar expression in [2 Samuel 7:3](../2sa/07/03.md). Alternate translation: [and you decide to serve other gods and bow down to them]
9:6	qlcl		rc://*/ta/man/translate/translate-symaction	וַ⁠עֲבַדְתֶּם֙ אֱלֹהִ֣ים אֲחֵרִ֔ים וְ⁠הִשְׁתַּחֲוִיתֶ֖ם לָ⁠הֶֽם	1	When applied to “other gods,” the term “serve” refers to honoring them by living as their followers did, building shrines for them, and following religious practices such as praying to them and offering sacrifices to them. Bowing down to these gods (physically bowing to an idol that represented them in a shrine or temple) was a symbolic action of surrender to them as one’s lord. It represented a definitive further step, beyond the idea of “serving” or honoring them, that would provoke Yahweh’s judgment, as he describes in the following verses. So we recommend that you do not combine these two phrases in your translation. While their meaning is similar, there is a significant difference between them. If it would be helpful to your readers, you could explain in the text of your translation or in a footnote the significance of bowing down. Alternate translation: [and honor other gods and ultimately commit yourself to them by bowing down to them]
9:7	rwq3		rc://*/ta/man/translate/figs-idiom	וְ⁠הִכְרַתִּ֣י אֶת־יִשְׂרָאֵ֗ל מֵ⁠עַ֨ל פְּנֵ֤י הָ⁠אֲדָמָה֙ אֲשֶׁ֣ר נָתַ֣תִּי לָ⁠הֶ֔ם	1	See how you translated the term “face” in [8:40](../08/40.md). Alternate translation: [then I will cut off Israel from upon the surface of the ground that I have given to them]
9:7	mltx		rc://*/ta/man/translate/figs-metonymy	וְ⁠הִכְרַתִּ֣י אֶת־יִשְׂרָאֵ֗ל מֵ⁠עַ֨ל פְּנֵ֤י הָ⁠אֲדָמָה֙ אֲשֶׁ֣ר נָתַ֣תִּי לָ⁠הֶ֔ם	1	See how you translated the term “Israel” in [4:20](../04/20.md). Alternate translation: [then I will cut off the Israelites from upon the surface of the ground that I have given to them]
9:7	w5pm		rc://*/ta/man/translate/figs-metaphor	וְ⁠הִכְרַתִּ֣י אֶת־יִשְׂרָאֵ֗ל מֵ⁠עַ֨ל פְּנֵ֤י הָ⁠אֲדָמָה֙ אֲשֶׁ֣ר נָתַ֣תִּי לָ⁠הֶ֔ם	1	Yahweh is speaking as if he were actually going to **cut off** the Israelites **from … the ground**, as if they were a plant that he would remove from the ground with a sharp tool. He means that he will remove the Israelites from the land so that they will no longer live in it. Your language may have a comparable expression that you can use in your translation, or you could state the meaning plainly. Alternate translation: [then I will remove the Israelites so that they will no longer live in the land that I have given to them]
9:7	ahrj		rc://*/ta/man/translate/figs-metonymy	אֲשַׁלַּ֖ח מֵ⁠עַ֣ל פָּנָ֑⁠י	1	Here, **before my face** represents “in front of me.” If it would be helpful in your language, you could use an equivalent expression or plain language. Alternate translation: [I will send away from in front of me]
9:7	byvo		rc://*/ta/man/translate/figs-metaphor	אֲשַׁלַּ֖ח מֵ⁠עַ֣ל פָּנָ֑⁠י	1	Yahweh is speaking as if the temple were actually a person whom he could **send away** with a command. Your language may have a comparable expression that you can use in your translation, or you could state the meaning plainly. Alternate translation: [I will destroy so that it no longer exists]
9:7	pp7f		rc://*/ta/man/translate/figs-explicit	וְ⁠הָיָ֧ה יִשְׂרָאֵ֛ל לְ⁠מָשָׁ֥ל וְ⁠לִ⁠שְׁנִינָ֖ה בְּ⁠כָל־הָ⁠עַמִּֽים	1	The word translated as **proverb** indicates in this context that people would use the specific case of Israel as a reference point for a general observation. The word translated as **taunt** means that people would use a comparison with what happened to Israel to mock or ridicule others who suffered a similar fate. So while the meaning of these terms is similar, there is a significant difference between them, and we recommend that you do not combine them into a single term or phrase in your translation. The UST models one way to show their different meanings.
9:8	cwzm		rc://*/ta/man/translate/figs-ellipsis	וְ⁠הַ⁠בַּ֤יִת הַ⁠זֶּה֙ יִהְיֶ֣ה עֶלְי֔וֹן	1	This could mean: (1) that the author is leaving out a word that in many languages a sentence would need in order to be complete. The parallel passage in [2 Chronicles 7:21](../2ch/07/21.md) includes the word “which.” You could supply it in your translation if that would be clearer in your language. Alternate translation: [And this temple, which is exalted] or [And although this temple is now exalted] or (2) that the author is saying that the temple will be **exalted** in the sense of lifted up or heaped up as a ruin. Alternate translation: [And this temple will become a heap of ruins]
9:8	fpb3		rc://*/ta/man/translate/figs-activepassive	כָּל־עֹבֵ֥ר עָלָ֖י⁠ו יִשֹּׁ֣ם וְ⁠שָׁרָ֑ק	1	The expression **will be astonished** is a passive verbal form. If your language would not use that form, you could express the idea in active form or in another way that is natural in your language. Alternate translation: [what has happened to it will astonish everyone passing by it, and they will hiss]
9:8	dtyd		rc://*/ta/man/translate/translate-symaction	וְ⁠שָׁרָ֑ק	1	To **hiss** was to make a sound like a snake by forcing breath through one’s teeth. In this culture, hissing was a way of expressing derision and contempt, like booing or whistling in some modern cultures. If it would be helpful to your readers, you could explain the significance of this action in the text or in a footnote. Alternate translation: [and will hiss in derision]
9:8	usar		rc://*/ta/man/translate/figs-quotesinquotes	וְ⁠אָמְר֗וּ עַל־מֶ֨ה עָשָׂ֤ה יְהוָה֙ כָּ֔כָה לָ⁠אָ֥רֶץ הַ⁠זֹּ֖את וְ⁠לַ⁠בַּ֥יִת הַ⁠זֶּֽה	1	If it would be clearer in your language, you could translate this so that there is not a quotation within a quotation. Alternate translation: [And they will ask why Yahweh did this to this land and to this temple]
9:8	s5pw		rc://*/ta/man/translate/writing-pronouns	וְ⁠אָמְר֗וּ	1	The author is using the pronoun **they** in a general sense here, not to refer to specific people. Use an expression for this that would be natural in your language. Alternate translation: [And people will ask]
9:9	fvon		rc://*/ta/man/translate/figs-quotesinquotes	וְ⁠אָמְר֗וּ עַל֩ אֲשֶׁ֨ר	1	If it would be clearer in your language, you could translate this so that there is not a quotation within a quotation. Alternate translation: [And they will say that it was because]
9:9	ln7t		rc://*/ta/man/translate/writing-pronouns	וְ⁠אָמְר֗וּ	1	The author is continuing to use the pronoun **they** in a general sense. Alternate translation: [And others will answer]
9:9	n6gk		rc://*/ta/man/translate/figs-ellipsis	עַל֩ אֲשֶׁ֨ר	1	The people are leaving out some of the words that in many languages a sentence would need in order to be complete. You can supply these words from the context if that would be clearer in your language. Alternate translation: [Yahweh did this because]
9:9	gk7j		rc://*/ta/man/translate/figs-metaphor	אֶת־אֲבֹתָ⁠ם֮	1	See how you translated the similar expression in [1:21](../01/21.md). Alternate translation: [their ancestors]
9:9	iew8		rc://*/ta/man/translate/figs-metaphor	וַֽ⁠יַּחֲזִ֨קוּ֙ בֵּ⁠אלֹהִ֣ים אֲחֵרִ֔ים	1	The people Yahweh is envisioning are speaking here as if the Israelites were physically holding onto **other gods** with their hands. They mean that they became devoted to or loyal to these gods. If it would be helpful in your language, you could state the meaning plainly. Alternate translation: [and they embraced other gods] or [and they became loyal to other gods]
9:9	rj0o		rc://*/ta/man/translate/figs-infostructure	ו⁠ישתחו לָ⁠הֶ֖ם וַ⁠יַּעַבְדֻ֑⁠ם	1	If it would be more natural in your language, you may want to put the information about **served them** before the information about **bowed down to them**, as in 9:6. Alternate translation: [and served them and bowed down to them]
9:9	ibf1		rc://*/ta/man/translate/figs-metaphor	הֵבִ֤יא יְהוָה֙ עֲלֵי⁠הֶ֔ם אֵ֥ת כָּל־הָ⁠רָעָ֖ה הַ⁠זֹּֽאת	1	The author is speaking here as if Yahweh had actually **brought** harm to the people, as if he had carried it over and set it down upon them. Your language may have a comparable expression that you can use in your translation, or you could state the meaning plainly. Alternate translation: [Yahweh caused all of this harm to happen to them]
9:10	cldu		rc://*/ta/man/translate/figs-metaphor	אֶת־בֵּ֥ית יְהוָ֖ה וְ⁠אֶת־בֵּ֥ית הַ⁠מֶּֽלֶךְ	1	See how you translated the similar expression in [9:1](../09/01.md). Alternate translation: [the temple of Yahweh and his royal palace]
9:11	k019		rc://*/ta/man/translate/figs-abstractnouns	לְ⁠כָל־חֶפְצ֑⁠וֹ	1	If your language does not use an abstract noun for the idea of **delight**, you could express the same idea in another way. Alternate translation: [in keeping with everything he wanted]
9:12	dd77		rc://*/ta/man/translate/figs-idiom	וְ⁠לֹ֥א יָשְׁר֖וּ בְּ⁠עֵינָֽי⁠ו	1	The author is using **they were not right in his eyes** as a common expression of the culture to mean “they were not acceptable in his judgment” or “they were not satisfactory in his opinion.” If this phrase does not have that meaning in your language, you could use a comparable expression from your language that does have that meaning, or you could state the meaning plainly. Alternate translation: [but in his judgment, they were not an appropriate gift]
9:13	auex		rc://*/ta/man/translate/figs-rquestion	מָ֚ה הֶ⁠עָרִ֣ים הָ⁠אֵ֔לֶּה אֲשֶׁר־נָתַ֥תָּה לִּ֖⁠י אָחִ֑⁠י	1	Hiram was using the question form to express his dissatisfaction with the cities that Solomon had given him. If a speaker of your language would not use the question form for that purpose, you could translate this as a statement or as an exclamation. Alternate translation: [I do not like these cities that you have given to me, my brother!]
9:13	upgv		rc://*/ta/man/translate/figs-metaphor	אָחִ֑⁠י	1	Hiram is speaking here as if he and Solomon were actually **brothers**. Hiram means that he and Solomon are allies or fellow kings who have a close relationship. Your language may have a comparable expression that you can use in your translation, or you could state the meaning plainly. Alternate translation: [my fellow king] or [my ally]
9:13	tg1b		rc://*/ta/man/translate/translate-names	כָּב֔וּל	1	It is no longer clear what the term **Cabul** means. Some interpreters suggest that the context indicates that it means “worthless” or “good for nothing.” But since this is uncertain, we recommend that you simply use the name in your translation without explaining its meaning, and that you let readers infer the meaning from the context.
9:13	ji7k		rc://*/ta/man/translate/figs-ellipsis	עַ֖ד הַ⁠יּ֥וֹם הַ⁠זֶּֽה	1	The author is leaving out some of the words that in many languages a sentence would need in order to be complete. You can supply these words from the context if that would be clearer in your language. Alternate translation: [and that is still their name to this day]
9:13	yik2		rc://*/ta/man/translate/figs-explicit	עַ֖ד הַ⁠יּ֥וֹם הַ⁠זֶּֽה	1	See how you translated the similar expression in [8:8](../08/08.md). Alternate translation: [right up to the time of this writing]
9:14	q334		rc://*/ta/man/translate/writing-background	וַ⁠יִּשְׁלַ֥ח חִירָ֖ם לַ⁠מֶּ֑לֶךְ מֵאָ֥ה וְ⁠עֶשְׂרִ֖ים כִּכַּ֥ר זָהָֽב	1	The author is providing background information to help readers understand how much Hiram had done for Solomon and why he was therefore so disappointed to receive what he felt was a paltry acknowledgement of his contributions. In your translation, introduce this information in a way that would be natural in your own language and culture.
9:14	zmo6		rc://*/ta/man/translate/translate-bweight	מֵאָ֥ה וְ⁠עֶשְׂרִ֖ים כִּכַּ֥ר זָהָֽב	1	These 120 **kikkars of gold** weighed a total of about 4,000 kilograms or about 9,000 pounds. In your translation, you could use the ancient measurement and spell the word “kikkar” the way it sounds in your language. You could also use the metric measurement given in the UST or use the measurement that your language and culture customarily use. Alternatively, you could use the ancient measurement and put a modern measurement in parentheses in the text or in a footnote.
9:15	amv9		rc://*/ta/man/translate/writing-newevent	וְ⁠זֶ֨ה דְבַר	1	The author is using this phrase to introduce a new topic related to the reign of Solomon, which he has been describing in the course of the story he is telling about the kings of Israel. Use a word, phrase, or other method in your language that is natural for introducing a new topic.
9:15	t66o		rc://*/ta/man/translate/figs-idiom	הַ⁠מַּ֜ס אֲשֶֽׁר־הֶעֱלָ֣ה ׀ הַ⁠מֶּ֣לֶךְ שְׁלֹמֹ֗ה	1	See how you translated the similar expression in [5:13](../05/13.md). Alternate translation: [the levy that King Solomon raised] or [the work force that King Solomon called up]
9:15	qabk		rc://*/ta/man/translate/translate-names	וְ⁠אֶת־הַ⁠מִּלּ֔וֹא	1	The word **Millo** is the name of a place. It was likely a raised platform or landfill that formed part of Jerusalem’s fortifications. If you have already translated the book of 2 Samuel, see how you translated this name in [2 Samuel 5:9](../2sa/05/09.md).
9:16	i25f		rc://*/ta/man/translate/figs-explicitinfo	עָלָ֗ה	1	See how you translated the similar expression in [1:25](../01/25.md). Alternate translation: [had gone]
9:16	x4gy		rc://*/ta/man/translate/figs-explicitinfo	וַ⁠יִּשְׂרְפָ֣⁠הּ בָּ⁠אֵ֔שׁ	1	It might seem that the expression **burned it with fire** contains extra information that would not be natural to express in your language. If so, you could shorten it. Alternate translation: [and he had burned it down]
9:16	j02m		rc://*/ta/man/translate/figs-genericnoun	הַֽ⁠כְּנַעֲנִ֛י הַ⁠יֹּשֵׁ֥ב בָּ⁠עִ֖יר	1	The author is not referring to a specific **Canaanite**. He means all of the Canaanites who lived in Gezer. If it would be helpful to your readers, you could use an expression that would be more natural in your language. Alternate translation: [the Canaanites who lived in that city]
9:16	wgdc		rc://*/ta/man/translate/translate-unknown	שִׁלֻּחִ֔ים לְ⁠בִתּ֖⁠וֹ אֵ֥שֶׁת שְׁלֹמֹֽה	1	A **dowry** is a payment or transfer of money, property, or valuable goods by a woman’s family to her new husband or his family at the time of their marriage. Typically in the biblical culture, a man would instead pay a bride-price to the woman’s family. But some men, especially rulers such as Pharaoh, gave property or territory to their daughters when they were married. If your readers would not be familiar with what a dowry is, you could explain it in your translation with a general term or a descriptive phrase. Alternate translation: [as a gift to his daughter on the occasion of her marriage to Solomon]
9:18	obpm		rc://*/ta/man/translate/figs-explicit	בָּ⁠אָֽרֶץ	1	The author assumes that readers will understand that by **the land**, he means the land of Judah. You could include this information if that would be helpful to your readers. Alternate translation: [in the land of Judah]
9:19	xv83		rc://*/ta/man/translate/figs-metonymy	וְ⁠אֵ֣ת ׀ חֵ֣שֶׁק שְׁלֹמֹ֗ה אֲשֶׁ֤ר חָשַׁק֙ לִ⁠בְנ֤וֹת	1	See how you translated the similar expression in [9:1](../09/01.md). Alternate translation: [and all of the other structures that Solomon desired to build]
9:19	nx6q		rc://*/ta/man/translate/figs-abstractnouns	וּ⁠בְ⁠כֹ֖ל אֶ֥רֶץ מֶמְשַׁלְתּֽ⁠וֹ	1	If your language does not use an abstract noun for the idea of **dominion**, you could express the same idea in another way. Alternate translation: [and in the entire territory that he ruled]
9:20	hea0		rc://*/ta/man/translate/figs-activepassive	הַ⁠נּוֹתָ֨ר	1	The expression **the ones being left** is a passive verbal form. If your language would not use that form, you could express the idea in active form or in another way that is natural in your language. Alternate translation: [the ones remaining]
9:20	xryg		rc://*/ta/man/translate/figs-genericnoun	הָ⁠אֱמֹרִ֜י הַ⁠חִתִּ֤י הַ⁠פְּרִזִּי֙ הַ⁠חִוִּ֣י וְ⁠הַ⁠יְבוּסִ֔י	1	The author is not referring to a specific **Amorite** or to specific members of any of these other people groups. He means those people groups in general. If it would be helpful to your readers, you could use an expression that would be more natural in your language. Alternate translation: [the Amorites, the Hittites, the Perizzites, the Hivites, and the Jebusites]
9:20	j7ki		rc://*/ta/man/translate/figs-metaphor	מִ⁠בְּנֵ֥י יִשְׂרָאֵ֖ל	1	See how you translated the similar expression in [6:1](../06/01.md). Alternate translation: [the people of Israel]
9:21	euvu		rc://*/ta/man/translate/figs-gendernotations	בְּנֵי⁠הֶ֗ם	1	The masculine term **sons** has a generic sense here that includes both men and women. If it would be helpful to your readers, you could use language in your translation that is clearly inclusive of both men and women. Alternate translation: [their descendants]
9:21	utqk		rc://*/ta/man/translate/figs-explicitinfo	אֲשֶׁ֧ר לֹֽא־יָכְל֛וּ בְּנֵ֥י יִשְׂרָאֵ֖ל לְ⁠הַֽחֲרִימָ֑⁠ם	1	It might seem that this expression contains extra information that would not be natural to express in your language. If so, you could shorten it. Alternate translation: [whom the sons of Israel were not able to devote]
9:21	a4k7		rc://*/ta/man/translate/figs-explicit	לְ⁠הַֽחֲרִימָ֑⁠ם	1	The word that the ULT translates as **devote** describes the cultural practice of giving something over to Yahweh so that humans will no longer be able to use it. If you have already translated the book of Joshua, see how you translated this term in its frequent occurrences there. In this context, the term means to “destroy completely.” Alternate translation: [to destroy completely]
9:21	glpz		rc://*/ta/man/translate/figs-idiom	וַ⁠יַּעֲלֵ֤⁠ם שְׁלֹמֹה֙ לְ⁠מַס־עֹבֵ֔ד	1	See how you translated the similar expression in [5:13](../05/13.md). Alternate translation: [Solomon called them up as a work force]
9:21	pg1u		rc://*/ta/man/translate/figs-ellipsis	עַ֖ד הַ⁠יּ֥וֹם הַ⁠זֶּֽה	1	The author is leaving out some of the words that in many languages a sentence would need in order to be complete. You can supply these words from the context if that would be clearer in your language. Alternate translation: [and they still serve as forced labor to this day]
9:21	sae6		rc://*/ta/man/translate/figs-explicit	עַ֖ד הַ⁠יּ֥וֹם הַ⁠זֶּֽה	1	See how you translated the similar expression in [8:8](../08/08.md). Alternate translation: [right up to the time of this writing]
9:22	x7rh		rc://*/ta/man/translate/figs-explicit	עָ֑בֶד & וַ⁠עֲבָדָי⁠ו֙	1	In the first instance, the term **servant** describes in this context a forced laborer. In the second instance, the term **servants** refers to royal officials, as in [1:2](../01/02.md) and often elsewhere in this book. It may be helpful to clarify this for your readers. Alternate translation: [a forced laborer … his royal officials]
9:23	c4v5		rc://*/ta/man/translate/figs-infostructure	אֵ֣לֶּה ׀ שָׂרֵ֣י הַ⁠נִּצָּבִ֗ים אֲשֶׁ֤ר עַל־הַ⁠מְּלָאכָה֙ לִ⁠שְׁלֹמֹ֔ה חֲמִשִּׁ֖ים וַ⁠חֲמֵ֣שׁ מֵא֑וֹת הָ⁠רֹדִ֣ים בָּ⁠עָ֔ם הָ⁠עֹשִׂ֖ים בַּ⁠מְּלָאכָֽה	1	If it would be more natural in your language, you may want to put the information that there were **550** commanders before the information about what the commanders did. Alternate translation: [There were 550 commanders of the deputies who were over the work for Solomon, the ones ruling over the people doing the work]
9:25	jlk0		rc://*/ta/man/translate/figs-infostructure	וְ⁠הֶעֱלָ֣ה שְׁלֹמֹ֡ה & עֹל֣וֹת וּ⁠שְׁלָמִ֗ים עַל־הַ⁠מִּזְבֵּ֨חַ֙ אֲשֶׁ֣ר בָּנָ֣ה לַ⁠יהוָ֔ה וְ⁠הַקְטֵ֣יר אִתּ֔⁠וֹ אֲשֶׁ֖ר לִ⁠פְנֵ֣י יְהוָ֑ה	1	If it would be more natural in your language, you may want to put the information about the **incense** with the information about the **burnt offerings and peace offerings**. Alternate translation: [Solomon offered burnt offerings and peace offerings, and he burned incense with it on the altar that he had built for Yahweh, which was to the face of Yahweh]
9:25	oxyg		rc://*/ta/man/translate/writing-pronouns	אִתּ֔⁠וֹ	1	The pronoun **it** refers to the offerings that Solomon made. It may be more natural in your language to use a plural pronoun. Alternate translation: [with them]
9:25	n8io		rc://*/ta/man/translate/figs-metonymy	אֲשֶׁ֖ר לִ⁠פְנֵ֣י יְהוָ֑ה	1	See how you translated the similar expression in [8:64](../08/64.md). Alternate translation: [which was in front of Yahweh’s temple]
9:25	n68w		rc://*/ta/man/translate/figs-explicit	וְ⁠שִׁלַּ֖ם אֶת־הַ⁠בָּֽיִת	1	The term translated as **completed** here is different from the term translated as “finished” in [9:1](../09/01.md). The author is not restating that Solomon had finished building the temple, even though he is concluding this account of Solomon’s building projects, and he often concludes an account with a review statement. Instead, he means that by offering these sacrifices on the occasions of Israel’s three great annual feasts, Solomon made the Jerusalem temple the center of Israel’s worship. The Israelites no longer worshiped at the high places, as the author notes in [3:2](../03/02.md) that they had been doing previously. If your language has different words for “finished” and “completed” that would convey these different senses, it would be appropriate to use them in your translation.
9:26	tjlj		rc://*/ta/man/translate/figs-idiom	עַל־שְׂפַ֥ת	1	The author is using the term **lip** to mean the shore of the **Sea of Reeds**. If it would be helpful in your language, you could state the meaning plainly. Alternate translation: [on the shore of]
9:27	nl41		rc://*/ta/man/translate/figs-possession	אַנְשֵׁ֣י אֳנִיּ֔וֹת	1	The author is using this possessive form to describe **men** who had expertise in sailing **ships**. If a speaker of your language would not use the possessive form for this, you could express this idea in another way. Alternate translation: [sailors]
9:28	weyp		rc://*/ta/man/translate/figs-go	וַ⁠יָּבֹ֣אוּ	1	In a context such as this, your language might say “went” instead of **came**. Alternate translation: [And they went]
9:28	hgmt		rc://*/ta/man/translate/translate-bweight	אַרְבַּע־מֵא֥וֹת וְ⁠עֶשְׂרִ֖ים כִּכָּ֑ר	1	See how you decided to represent the expression “120 kikkars” in [9:14](../09/14.md).
10:intro	abca				0	# 1 Kings 10 Chapter Introduction\n\n## Structure and Formatting\n\nThis chapter continues to describe Solomon’s reign as king of Israel. The author celebrates his wisdom, riches, and worldwide fame and trading operations. However, at the end of the chapter, the author begins to show how Solomon disobeyed Yahweh at the end of his reign. Solomon sent agents to Egypt to buy horses there, even though this was forbidden in [Deuteronomy 17:16](../deu/17/16.md). The next chapter will further describe how Solomon disobeyed Yahweh and brought great trouble on Israel.\n\n  1. The Queen of Sheba visits Solomon (10:1–13)\n  2. Solomon’s great wealth and wisdom (10:14–29)\n\n## Religious and Cultural Concepts in This Chapter\n\n### The Queen of Sheba\n\nThe Queen of Sheba’s visit to King Solomon highlights his wealth and wisdom. Having learned of Solomon’s reputation, the Queen undertakes a long journey (probably from modern-day Yemen) to see whether he can answer some difficult questions that trouble her. Her visit shows how far his reputation, and with it the reputation of Yahweh, had spread. The Queen is so impressed by Solomon’s wisdom and wealth and by the splendor of his kingdom that she praises Yahweh. Her acknowledgment of Yahweh’s favor to Solomon and Israel brings glory to him and confirms the blessings that he promised to the Davidic line. This story underscores the global recognition of God’s blessing on Israel through Solomon’s reign, and it serves as a significant indication of his kingdom’s influence.\n\n### Sources of Solomon’s wealth\n\nSolomon’s kingdom was strategically located at the crossroads of major trade routes, including those running through the Arabian Peninsula and up from Egypt. This gave him control over the movement of goods, including gold, spices, and other valuable commodities. He could therefore charge taxes, tolls, and duties. The author describes in [10:15](../10/15.md) how Solomon derived such income from “men of the searchers,” that is, men who traveled to distant lands to find goods for trade, and from “traders,” that is, local merchants who bought goods from traveling merchants and sold them within the country. He also describes how Solomon received income from the “kings of the Arab.” That phrase seems to refer to rulers of independent or semi-independent Arabian kingdoms located to the south and east of Israel. These kings apparently made gifts to Solomon from time to time in exchange for peaceful trade relations and as a sign of submission to his superior military and economic power. The 666 talents of gold that the author mentions in the previous verse might have been a fixed, yearly tax or tribute from Solomon’s main vassal states, while the gold from the Arabian kings came as gifts or offerings for trade access. The gifts from the Queen of Sheba, for example, would have been a significant, yet one-time, contribution to Solomon’s wealth, separate from his yearly tribute.\n\n## Translation Issues in This Chapter\n\n### Ancient measurements of weight\n\nIn several places in this chapter, the author describes a weight of gold or silver using an ancient measurement such as the kikkar, mina, or shekel. In your translation, you could use the ancient measurement and spell these words the way they sound in your language. Alternatively, you could use the metric measurement given in the UST, or you could use the measurement that your language and culture customarily use. You could also use the ancient measurement and put a modern measurement in parentheses in the text or in a footnote. (See: [[rc://*/ta/man/translate/translate-bweight]])
10:1	algy		rc://*/ta/man/translate/figs-metonymy	לְ⁠שֵׁ֣ם יְהוָ֑ה	1	See how you translated the similar expression in [1:47](../01/47.md). Alternate translation: [the character of Yahweh] or [the reputation of Yahweh]
10:2	bzbr		rc://*/ta/man/translate/figs-metaphor	אֵ֛ת כָּל־אֲשֶׁ֥ר הָיָ֖ה עִם־לְבָבָֽ⁠הּ	1	Here, the **heart** represents a person’s thoughts and feelings. If it would be helpful in your language, you could state the meaning plainly. Alternate translation: [all that was on her mind] or [everything she wanted to ask about]
10:3	mv0s		rc://*/ta/man/translate/figs-parallelism	וַ⁠יַּגֶּד־לָ֥⁠הּ שְׁלֹמֹ֖ה אֶת־כָּל־דְּבָרֶ֑י⁠הָ לֹֽא־הָיָ֤ה דָּבָר֙ נֶעְלָ֣ם מִן־הַ⁠מֶּ֔לֶךְ אֲשֶׁ֧ר לֹ֦א הִגִּ֖יד לָֽ⁠הּ	1	These two phrases mean basically the same thing. The second emphasizes the meaning of the first by repeating the same idea with different words. If it would be helpful to your readers, you could combine them and express the emphasis in another way. Alternate translation: [And Solomon was able to find the answer to every one of her questions and explain it to her]
10:3	aal8		rc://*/ta/man/translate/figs-metaphor	לֹֽא־הָיָ֤ה דָּבָר֙ נֶעְלָ֣ם מִן־הַ⁠מֶּ֔לֶךְ	1	Here the author is speaking as if the kind of **matter** that the Queen was asking about were an object that could be **hidden**. He means that there was no question that Solomon could not answer. Your language may have a comparable expression that you can use in your translation, or you could state the meaning plainly. Alternate translation: [There was no question whose answer the king could not find] or [There was nothing that the king was not able to understand]
10:4	h0uz		rc://*/ta/man/translate/figs-metaphor	וַ⁠תֵּ֨רֶא֙ & אֵ֖ת כָּל־חָכְמַ֣ת שְׁלֹמֹ֑ה וְ⁠הַ⁠בַּ֖יִת אֲשֶׁ֥ר בָּנָֽה	1	The author is speaking as if the Queen actually **saw** the **wisdom** that Solomon had. He means that she recognized or perceived Solomon’s wisdom by observing his actions, decisions, and responses. Your language may have a comparable expression that you can use in your translation, or you could state the meaning plainly. Alternate translation: [recognized all of the wisdom of Solomon, and she saw the house that he had built]
10:4	a5jc		rc://*/ta/man/translate/figs-explicit	וְ⁠הַ⁠בַּ֖יִת	1	See how you translated the similar expression in [7:1](../07/01.md). Alternate translation: [the palace]
10:5	siys		rc://*/ta/man/translate/figs-infostructure	וּ⁠מַעֲמַ֨ד משרת⁠ו וּ⁠מַלְבֻּֽשֵׁי⁠הֶם֙ וּ⁠מַשְׁקָ֔י⁠ו	1	If it would be more natural in your language, you may want to put the information about the **cupbearers** with the information about the **attendants**, since the term **apparel** applies to both groups. Alternate translation: [and the service of his attendants and his cupbearers and their apparel]
10:5	fjun		rc://*/ta/man/translate/figs-explicit	בֵּ֣ית יְהוָ֑ה	1	See how you translated the similar expression in [3:1](../03/01.md). Alternate translation: [at the temple of Yahweh]
10:5	gvte		rc://*/ta/man/translate/figs-idiom	וְ⁠לֹא־הָ֥יָה בָ֛⁠הּ ע֖וֹד רֽוּחַ	1	The author is using **no more breath was in her** as a common expression of his culture to mean “she was utterly amazed” or “she was completely overwhelmed.” If this phrase does not have that meaning in your language, you could use a comparable expression from your language that does have that meaning, or you could state the meaning plainly. Alternate translation: [And it took her breath away] or [And she was totally amazed]
10:6	zlkn		rc://*/ta/man/translate/figs-metonymy	הַ⁠דָּבָ֔ר	1	Here, **the word** represents what the queen had heard people say about Solomon by using words. If it would be clearer in your language, you could state the meaning plainly, here and in the next verse. Alternate translation: [The report]
10:6	szmm		rc://*/ta/man/translate/figs-hendiadys	עַל־דְּבָרֶ֖י⁠ךָ וְ⁠עַל־חָכְמָתֶֽ⁠ךָ	1	This could mean: (1) that the Queen of Sheba is using the terms **words** and **wisdom** together to express a single idea. She would be using the term **words** to tell in what way Solomon communicated his **wisdom**. Alternate translation: [about the wise things you say] or [about how wisely you explain things] or (2) that the Queen of Sheba is expressing two different ideas. She would be saying that everything she heard both about Solomon’s achievements and about his **wisdom** was true. In this case, the term translated as **words** would have the sense of [matters,] as in [10:3](../10/03.md). Alternate translation: [about your achievements and about your wisdom]
10:7	hfi8		rc://*/ta/man/translate/figs-synecdoche	וַ⁠תִּרְאֶ֣ינָה עֵינַ֔⁠י	1	The queen of Sheba is using one part of herself, her **eyes**, to mean all of her in the act of seeing. If it would be helpful in your language, you could state the meaning plainly. Alternate translation: [and I saw with my own eyes] or [and I saw in person]
10:7	imys		rc://*/ta/man/translate/figs-ellipsis	וַ⁠תִּרְאֶ֣ינָה עֵינַ֔⁠י	1	The author is leaving out some of the words that in many languages a sentence would need in order to be complete. You can supply these words from the context if that would be clearer in your language. Alternate translation: [and my eyes saw the splendor of your kingdom] or [and I saw the splendor of your kingdom with my own eyes]
10:7	ezwq		rc://*/ta/man/translate/figs-metaphor	וְ⁠הִנֵּ֥ה	1	See how you translated the similar expression in [1:14](../01/14.md). Alternate translation: [and let me tell you]
10:7	a238		rc://*/ta/man/translate/figs-activepassive	לֹֽא־הֻגַּד־לִ֖⁠י הַ⁠חֵ֑צִי	1	The expression **had not been declared** is a passive verbal form. If your language would not use that form, you could express the idea in active form or in another way that is natural in your language. Alternate translation: [people had not declared the half to me]
10:7	qewa		rc://*/ta/man/translate/figs-ellipsis	לֹֽא־הֻגַּד־לִ֖⁠י הַ⁠חֵ֑צִי	1	The queen is leaving out some of the words that in many languages a sentence would need in order to be complete. You can supply these words from the context if that would be clearer in your language. Alternate translation: [the half of the extent of your wisdom and prosperity had not been declared to me]
10:7	vij7		rc://*/ta/man/translate/translate-fraction	הַ⁠חֵ֑צִי	1	A **half** means one part out of two equal parts.
10:7	asp9		rc://*/ta/man/translate/figs-idiom	הוֹסַ֤פְתָּ חָכְמָה֙ וָ⁠ט֔וֹב אֶל־הַ⁠שְּׁמוּעָ֖ה אֲשֶׁ֥ר שָׁמָֽעְתִּי	1	The queen is using **added wisdom and goodness to the report** as a common expression of her culture to mean that the splendor of Solomon’s kingdom “greatly exceeded the report” or “surpassed what was reported.” If this phrase does not have that meaning in your language, you could use a comparable expression from your language that does have that meaning, or you could state the meaning plainly. Alternate translation: [Your wisdom and goodness greatly exceed the report that I heard about them]
10:7	xi80		rc://*/ta/man/translate/figs-explicit	וָ⁠ט֔וֹב	1	This could mean: (1) Alternate translation: [and prosperity] or (2) Alternate translation: [and virtue]
10:8	hzmv		rc://*/ta/man/translate/figs-exclamations	אַשְׁרֵ֣י אֲנָשֶׁ֔י⁠ךָ אַשְׁרֵ֖י עֲבָדֶ֣י⁠ךָ אֵ֑לֶּה הָֽ⁠עֹמְדִ֤ים לְ⁠פָנֶ֨י⁠ךָ֙ תָּמִ֔יד הַ⁠שֹּׁמְעִ֖ים אֶת־חָכְמָתֶֽ⁠ךָ	1	The Queen of Sheba is using phrases that express a strong feeling of admiration. There may be an equivalent word or phrase in your language that you can use in your translation to convey this feeling. If not, you could say what the Queen of Sheba was feeling, or you could say what made her so impressed. Alternate translation: [How happy your men must be! How happy these servants of yours must be who stand to your face continually and hear your wisdom] or [I admire the wisdom that must make your men and the servants who stand to your face happy when they hear it!]
10:8	esvl		rc://*/ta/man/translate/figs-gendernotations	אֲנָשֶׁ֔י⁠ךָ	1	Here the masculine term **men** has a generic sense that includes both men and women. If it would be helpful to your readers, you could use language in your translation that is clearly inclusive of both men and women. Alternate translation: [your people]
10:8	ke12		rc://*/ta/man/translate/figs-infostructure	הָֽ⁠עֹמְדִ֤ים לְ⁠פָנֶ֨י⁠ךָ֙ תָּמִ֔יד הַ⁠שֹּׁמְעִ֖ים אֶת־חָכְמָתֶֽ⁠ךָ	1	If it would be more natural in your language, you may want to put the information that these things happen **continually** before the information that Solomon’s servants are **hearing** his **wisdom** and **standing** to his **face**. Alternate translation: [who continually stand to your face and hear your wisdom]
10:8	qdb6		rc://*/ta/man/translate/figs-metonymy	לְ⁠פָנֶ֨י⁠ךָ֙	1	Here, **to your face** represents being in Solomon’s presence. If it would be helpful in your language, you could use an equivalent expression or plain language. Alternate translation: [in your presence]
10:9	rx5v		rc://*/ta/man/translate/figs-activepassive	יְהִ֨י יְהוָ֤ה אֱלֹהֶ֨י⁠ךָ֙ בָּר֔וּךְ	1	See how you translated the similar expression in [1:48](../01/48.md). Alternate translation: [May people bless Yahweh your God] or [May people praise Yahweh your God]
10:9	ev6i		rc://*/ta/man/translate/figs-metonymy	לְ⁠תִתְּ⁠ךָ֖ עַל־כִּסֵּ֣א יִשְׂרָאֵ֑ל	1	See how you translated the similar expression in [1:20](../01/20.md). Alternate translation: [to make you the king of Israel]
10:9	w0ir		rc://*/ta/man/translate/figs-hendiadys	לַ⁠עֲשׂ֥וֹת מִשְׁפָּ֖ט וּ⁠צְדָקָֽה	1	The phrase **justice and righteousness** expresses a single idea. The word **righteousness** tells in what way Solomon executed **justice**. If it would be more natural in your language, you could express this meaning in a different way. Alternate translation: [to judge righteously]
10:10	w0ac		rc://*/ta/man/translate/translate-bweight	מֵאָ֥ה וְ⁠עֶשְׂרִ֣ים ׀ כִּכַּ֣ר	1	See how you decided to represent the expression “120 kikkars” in [9:14](../09/14.md).
10:11	oin2		rc://*/ta/man/translate/writing-background	וְ⁠גַם֙ אֳנִ֣י חִירָ֔ם	1	Here and in the next verse, the author is providing background information about further valuable products that were imported to Jerusalem during the reign of Solomon. In your translation, introduce this information in a way that would be natural in your own language and culture.
10:11	fmck		rc://*/ta/man/translate/translate-unknown	עֲצֵ֧י אַלְמֻגִּ֛ים	1	The phrase **wood of almug** describes a kind of valuable, fragrant wood that most interpreters identify with red sandalwood. If your readers would not be familiar with this kind of wood, you could use a general term in your translation. Alternate translation: [valuable wood] or [fragrant wood]
10:12	nj6h		rc://*/ta/man/translate/figs-synecdoche	וַ⁠יַּ֣עַשׂ הַ֠⁠מֶּלֶךְ	1	See how you translated the similar expression in [7:1](../07/01.md). Alternate translation: [And the king had his craftsmen make]
10:12	p871		rc://*/ta/man/translate/grammar-collectivenouns	מִסְעָ֤ד	1	In this verse, the word **support** is singular in form, but in context it seems to refer to a number of such items. If it would be helpful in your language, you could use a plural form in your translation. Alternate translation: [supports]
10:12	vejw		rc://*/ta/man/translate/figs-explicit	מִסְעָ֤ד	1	The word translated as **support** occurs only here in the Old Testament. The parallel passage in [2 Chronicles 9:11](../2ch/09/11.md) has a term that means “stairs,” “stairways,” or “steps.” But since wooden steps would wear out quickly, one possibility is that the term describes a baluster, an ornamental wooden shaft or spindle used in decorative railings for stairways and balconies. Since many of these items seem to be in view, the author could be describing wooden balustrades or railings that Solomon had his workers make for the temple and for his palace. You could indicate this explicitly in your translation if that would be helpful to your readers. However, since the meaning is not entirely certain, you could also use a general expression, as the UST does. Alternate translation: [balustrades] or [decorative railings]
10:12	yjyl		rc://*/ta/man/translate/figs-ellipsis	לֹ֣א בָֽא־כֵ֞ן עֲצֵ֤י אַלְמֻגִּים֙	1	The author is leaving out some of the words that in many languages a sentence would need in order to be complete. You can supply these words from the context if that would be clearer in your language. Alternate translation: [Such wood of almug had not come for abundance]
10:12	hf73		rc://*/ta/man/translate/figs-personification	לֹ֣א בָֽא־כֵ֞ן עֲצֵ֤י אַלְמֻגִּים֙	1	The author is speaking of **wood** as if it were a living thing that could come on its own. If it would be helpful in your language, you could state the meaning plainly. Alternate translation: [No one had brought so much wood of almug before]
10:12	peyf		rc://*/ta/man/translate/figs-activepassive	וְ⁠לֹ֣א נִרְאָ֔ה	1	The expression **has not been seen** is a passive verbal form. If your language would not use that form, you could express the idea in active form or in another way that is natural in your language. Alternate translation: [and no one has seen so much of it]
10:12	kmo9		rc://*/ta/man/translate/figs-explicit	עַ֖ד הַ⁠יּ֥וֹם הַ⁠זֶּֽה	1	See how you translated the similar expression in [8:8](../08/08.md). Alternate translation: [right up to the time of this writing]
10:13	r05f		rc://*/ta/man/translate/figs-abstractnouns	אֶת־כָּל־חֶפְצָ⁠הּ֙	1	See how you translated the similar expression in [9:11](../09/11.md). Alternate translation: [everything she wanted]
10:13	vs6i		rc://*/ta/man/translate/writing-pronouns	כְּ⁠יַ֖ד הַ⁠מֶּ֣לֶךְ שְׁלֹמֹ֑ה	1	Since the author has already mentioned King Solomon by name earlier in this sentence, it may be more natural in your language to use a pronoun here. Alternate translation: [according to his own hand]
10:13	vmte		rc://*/ta/man/translate/figs-metonymy	כְּ⁠יַ֖ד הַ⁠מֶּ֣לֶךְ שְׁלֹמֹ֑ה	1	Here, **hand** represents the power and resources of a person. If it would be helpful in your language, you could use an equivalent expression or state the meaning plainly. Alternate translation: [freely from his own wealth]
10:13	vtpk		rc://*/ta/man/translate/figs-hendiadys	וַ⁠תֵּ֛פֶן וַ⁠תֵּ֥לֶךְ	1	The phrase **turned and went** expresses a single idea. The word **turned** tells in what way the Queen **went**. If it would be more natural in your language, you could express this meaning in a different way. Alternate translation: [And she went back]
10:14	bnbq		rc://*/ta/man/translate/figs-personification	אֲשֶׁר־בָּ֥א לִ⁠שְׁלֹמֹ֖ה	1	The author is speaking of **gold** as if it were a living thing that could come to a person on its own. If it would be helpful in your language, you could state the meaning plainly. Alternate translation: [that people brought to Solomon]
10:14	pmif		rc://*/ta/man/translate/translate-bweight	שֵׁ֥שׁ מֵא֛וֹת שִׁשִּׁ֥ים וָ⁠שֵׁ֖שׁ כִּכַּ֥ר זָהָֽב	1	See how you decided to represent the similar expression “120 kikkars” in [9:14](../09/14.md).
10:15	z2mc		rc://*/ta/man/translate/figs-ellipsis	לְ⁠בַד֙ מֵ⁠אַנְשֵׁ֣י הַ⁠תָּרִ֔ים	1	The author is leaving out some of the words that in many languages a sentence would need in order to be complete. You can supply these words from the context if that would be clearer in your language. See the discussion of the sources of Solomon’s wealth in the introduction to this chapter. Alternate translation: [apart from the gold he received through taxes, duties, and tolls from the men of the searchers]
10:15	fs5o		rc://*/ta/man/translate/figs-possession	מֵ⁠אַנְשֵׁ֣י הַ⁠תָּרִ֔ים	1	The author is using this possessive form to mean men who searched or men whose job it was to search. It may be helpful to clarify this for your readers. Alternate translation: [from the men who were searchers]
10:15	ro6j		rc://*/ta/man/translate/figs-explicit	מֵ⁠אַנְשֵׁ֣י הַ⁠תָּרִ֔ים	1	See the discussion in the introduction to this chapter of the group of people that this phrase describes and of the other groups that the author mentions here. Alternate translation: [from men who traveled in search of goods]
10:15	w82f		rc://*/ta/man/translate/grammar-collectivenouns	וְ⁠כָל־מַלְכֵ֥י הָ⁠עֶ֖רֶב	1	In this verse, the word **Arab** is singular in form, but it refers to all of the Arabian people groups that often gave gifts to Solomon. If it would be helpful in your language, you could use a form that would indicate this. Alternate translation: [and all of the kings of the Arabs] or [and all of the Arabian kings]
10:15	uwsr		rc://*/ta/man/translate/figs-hyperbole	וְ⁠כָל־מַלְכֵ֥י הָ⁠עֶ֖רֶב	1	The author says **all of the kings of the Arab** as a generalization for emphasis. If it would be clearer in your language, you could express the emphasis in a different way. Alternate translation: [and kings throughout Arabia]
10:15	wi5l		rc://*/ta/man/translate/figs-explicit	וּ⁠פַח֥וֹת הָ⁠אָֽרֶץ	1	The word translated as **governors** seems to refer to the same officials whom the author calls “deputies” in chapter 4. If it would be helpful to your readers, you could use the same term here that you used there. Alternate translation: [and the deputies who governed the land]
10:16	a0gb		rc://*/ta/man/translate/figs-activepassive	וַ⁠יַּ֨עַשׂ הַ⁠מֶּ֧לֶךְ שְׁלֹמֹ֛ה מָאתַ֥יִם צִנָּ֖ה זָהָ֣ב שָׁח֑וּט	1	The expression **beaten-gold shields** uses a passive verbal form. If your language would not use that form, you could express the idea in active form or in another way that is natural in your language. Alternate translation: [And King Solomon had his workers make 200 large shields by beating out gold]
10:16	m9s3		rc://*/ta/man/translate/figs-explicit	צִנָּ֖ה	1	The term translated as **large shields** here is different from the term translated as “shields” in the next verse. The difference in the amount of gold used for each kind of shield suggests that the ones in the next verse were probably about the size that a warrior would carry on his arm, while the ones here may have been large enough to shield a warrior’s entire body. If your language has different terms for shields of these types, it would be appropriate to use those terms in your translation.
10:16	j65w		rc://*/ta/man/translate/figs-ellipsis	שֵׁשׁ־מֵא֣וֹת זָהָ֔ב יַעֲלֶ֖ה עַל־הַ⁠צִּנָּ֥ה הָ⁠אֶחָֽת	1	The author is leaving out some of the words that in many languages a sentence would need in order to be complete. You can supply these words from the context if that would be clearer in your language. If you have already translated the book of 2 Samuel, see how you translated the similar expression in [2 Samuel 18:11](../2sa/18/11.md). Alternate translation: [600 shekels of gold went up onto one large shield]
10:16	s9tm		rc://*/ta/man/translate/figs-idiom	שֵׁשׁ־מֵא֣וֹת זָהָ֔ב יַעֲלֶ֖ה עַל־הַ⁠צִּנָּ֥ה הָ⁠אֶחָֽת	1	The author is using **600 gold went up onto one large shield** as a common expression of his culture to mean “600 shekels of gold were used to make each large shield.” If this phrase does not have that meaning in your language, you could use a comparable expression from your language that does have that meaning, or you could state the meaning plainly. Alternate translation: [600 shekels of gold went into making each large shield] or [each large shield contained 600 shekels of gold]
10:16	eooo		rc://*/ta/man/translate/translate-bweight	שֵׁשׁ־מֵא֣וֹת זָהָ֔ב	1	These 600 shekels of **gold** would have weighed nearly seven kilograms or about 15 pounds. In your translation, you could use the ancient measurement and spell the word “shekel” the way it sounds in your language. You could also use the metric measurement given in the UST or the measurement that your language and culture customarily use. Alternatively, you could use the ancient measurement and put a modern measurement in parentheses in the text or in a footnote.
10:17	pdju		rc://*/ta/man/translate/figs-activepassive	וּ⁠שְׁלֹשׁ־מֵא֤וֹת מָֽגִנִּים֙ זָהָ֣ב שָׁח֔וּט	1	The expression **beaten-gold shields** uses a passive verbal form. If your language would not use that form, you could express the idea in active form or in another way that is natural in your language. Alternate translation: [And he had his workers make 300 shields by beating out gold]
10:17	q7jc		rc://*/ta/man/translate/figs-idiom	שְׁלֹ֤שֶׁת מָנִים֙ זָהָ֔ב יַעֲלֶ֖ה עַל־הַ⁠מָּגֵ֣ן הָ⁠אֶחָ֑ת	1	See how you translated the similar expression in the previous verse. Alternate translation: [three minas of gold went into making each shield] or [each shield contained three minas of gold]
10:17	uvsx		rc://*/ta/man/translate/translate-bweight	שְׁלֹ֤שֶׁת מָנִים֙ זָהָ֔ב	1	These **three gold minas** would have weighed about one and a half kilograms or a little over three pounds. See how you decided to express the weight of 600 gold shekels that the author describes in the previous verse.
10:18	l789		rc://*/ta/man/translate/figs-activepassive	זָהָ֥ב מוּפָֽז	1	The expression **refined gold** uses a passive verbal form. If your language would not use that form, you could express the idea in active form or in another way that is natural in your language. Alternate translation: [with gold that workers had refined] or [with very pure gold]
10:19	pvhs		rc://*/ta/man/translate/figs-idiom	וְ⁠רֹאשׁ־עָגֹ֤ל לַ⁠כִּסֵּה֙ מֵ⁠אַֽחֲרָ֔י⁠ו	1	The author is using the term **head** to mean the top of the **throne**. If this term does not have that meaning in your language, you could use a comparable expression from your language that does have that meaning, or you could state the meaning plainly. Alternate translation: [and the back of the throne had a rounded top]
10:19	crb5		rc://*/ta/man/translate/figs-idiom	וְ⁠יָדֹ֛ת	1	The author is using the term **hands** to mean the part of a chair on which someone sitting in the chair would rest his arms. If this term does not have that meaning in your language, you could use a comparable expression from your language that does have that meaning, or you could state the meaning plainly. Alternate translation: [And arms] or [And armrests]
10:19	ytjt		rc://*/ta/man/translate/figs-idiom	מִ⁠זֶּ֥ה וּ⁠מִ⁠זֶּ֖ה אֶל־מְק֣וֹם הַ⁠שָּׁ֑בֶת	1	The author is using **from this side and from that side** as a common expression of his culture to mean “on both sides.” If this phrase does not have that meaning in your language, you could use a comparable expression from your language that does have that meaning, or you could state the meaning plainly. Alternate translation: [were on both sides of the seat]
10:19	v52o		rc://*/ta/man/translate/figs-explicit	אֲרָי֔וֹת	1	The implication is that these were carved or sculpted statues, not living animals. You could indicate this in your translation if that would be helpful to your readers. Alternate translation: [statues of lions]
10:20	j6mi		rc://*/ta/man/translate/figs-idiom	מִ⁠זֶּ֣ה וּ⁠מִ⁠זֶּ֑ה	1	The author is using **from this side and from that side** as a common expression of his culture to mean “on both sides” or “on each side.” If this phrase does not have that meaning in your language, you could use a comparable expression from your language that does have that meaning, or you could state the meaning plainly. Alternate translation: [one on each side of each step]
10:20	ggil		rc://*/ta/man/translate/figs-activepassive	לֹֽא־נַעֲשָׂ֥ה כֵ֖ן	1	The expression **It was not made** is a passive verbal form. If your language would not use that form, you could express the idea in active form or in another way that is natural in your language. Alternate translation: [No one made any throne like this]
10:21	eyzz		rc://*/ta/man/translate/figs-activepassive	וְ⁠כֹ֗ל כְּלֵ֛י בֵּֽית־יַ֥עַר הַ⁠לְּבָנ֖וֹן זָהָ֣ב סָג֑וּר	1	The expression **were beaten gold** uses a passive verbal form. If your language would not use that form, you could express the idea in active form or in another way that is natural in your language. Alternate translation: [and craftsmen had made all of the vessels of the House of the Forest of Lebanon by beating out gold]
10:21	lwpp		rc://*/ta/man/translate/figs-activepassive	לֹ֥א נֶחְשָׁ֛ב & לִ⁠מְאֽוּמָה	1	The expression **was not reckoned** is a passive verbal form. If your language would not use that form, you could express the idea in active form or in another way that is natural in your language. Alternate translation: [People did not reckon it as anything] or [People did not consider it to have any value]
10:21	rgdm		rc://*/ta/man/translate/figs-metonymy	בִּ⁠ימֵ֥י שְׁלֹמֹ֖ה	1	The author is using the term **days** to mean a specific period of time, since time consists of days. If it would be helpful in your language, you could state the meaning plainly. Alternate translation: [during the reign of Solomon]
10:22	e1kx		rc://*/ta/man/translate/grammar-connect-words-phrases	כִּי֩	1	Here the word **For** introduces a further explanation. Alternate translation: [There was so much gold and silver because]
10:22	qq9f		rc://*/ta/man/translate/figs-metonymy	אֳנִ֨י תַרְשִׁ֤ישׁ	1	The author seems to be using the name **Tarshish**, most likely a place in southern Spain, at the west end of the Mediterranean Sea, to indicate that this was a **fleet** of long-range, ocean-going ships that stopped at ports all around the Mediterranean Sea. The three-year length of each voyage supports this understanding. (Furthermore, the author’s statement in [22:48](../22/48.md) that “Jehoshaphat made ships of Tarshish to go to Ophir” supports the idea that this phrase describes the size and range of such ships rather than their destination. Several different locations have been suggested for Ophir, but all would have been reached through the Arabian Sea, and thus by ships sailing in a different direction from Tarshish.) If it would be helpful in your language, you could use an equivalent expression or plain language here. Alternate translation: [a fleet of long-range ships]
10:22	kfy6		rc://*/ta/man/translate/figs-explicit	בַּ⁠יָּ֔ם	1	By **on the sea**, the author means on the Mediterranean Sea. You could indicate this explicitly in your translation if that would be helpful to your readers. If so, you may wish to use the name that the ancient Hebrews used for that sea. Alternate translation: [on the Mediterranean Sea] or [on the Great Sea]
10:22	dqug		rc://*/ta/man/translate/figs-idiom	אַחַת֩ לְ⁠שָׁלֹ֨שׁ שָׁנִ֜ים	1	The author is using **One in three years** as a common expression of his culture to mean “once every three years.” If this phrase does not have that meaning in your language, you could use a comparable expression from your language that does have that meaning, or you could state the meaning plainly. Alternate translation: [Once every three years]
10:22	ndr1		rc://*/ta/man/translate/translate-unknown	שֶׁנְהַבִּ֥ים	1	An **elephant** is a very large land mammal. The term **tusks** describes the two long, protruding teeth that elephants have. These consist of ivory, a beautiful and valuable substance. If your readers would not be familiar with what **elephant tusks** are, you could use a more general term. Alternate translation: [ivory]
10:22	k020		rc://*/ta/man/translate/translate-unknown	וְ⁠קֹפִ֖ים	1	The term **apes** describes a kind of primate, an animal that is like a monkey but larger. If your readers would not be familiar with what an ape is, you could use the name of a similar animal that your readers would recognize, or you could use a more general term. Alternate translation: [and large monkeys]
10:22	k021		rc://*/ta/man/translate/translate-unknown	וְ⁠קֹפִ֖ים	1	The term **peacocks** describes a kind of bird with large, colorful tail feathers. If your readers would not be familiar with what a peacock is, you could use the name of a similar bird that your readers would recognize, or you could use a more general term. Alternate translation: [colorful birds] or [exotic birds]
10:23	gyhp		rc://*/ta/man/translate/figs-hyperbole	מִ⁠כֹּ֖ל מַלְכֵ֣י הָ⁠אָ֑רֶץ	1	The author says **all of the kings of the earth** as a generalization for emphasis. If it would be clearer in your language, you could express the emphasis in a different way. Alternate translation: [any other king who was ruling at that time]
10:24	f0qn		rc://*/ta/man/translate/figs-hyperbole	וְ⁠כָ֨ל־הָ⁠אָ֔רֶץ מְבַקְשִׁ֖ים אֶת־פְּנֵ֣י שְׁלֹמֹ֑ה	1	The author says **all of the earth** as a generalization for emphasis. If it would be clearer in your language, you could express the emphasis in a different way. Alternate translation: [And people from throughout the earth were seeking the face of Solomon]
10:24	c651		rc://*/ta/man/translate/figs-metonymy	וְ⁠כָ֨ל־הָ⁠אָ֔רֶץ מְבַקְשִׁ֖ים אֶת־פְּנֵ֣י שְׁלֹמֹ֑ה	1	Here, **the face of Solomon** represents being in Solomon’s presence. If it would be helpful in your language, you could use an equivalent expression or plain language. Alternate translation: [And people from throughout the earth wanted to come into the presence of Solomon] or [And people from throughout the earth wanted to have an audience with Solomon]
10:24	xs5h		rc://*/ta/man/translate/figs-metaphor	לִ⁠שְׁמֹ֨עַ֙ אֶת־חָכְמָת֔⁠וֹ אֲשֶׁר־נָתַ֥ן אֱלֹהִ֖ים בְּ⁠לִבּֽ⁠וֹ	1	The author is speaking as if wisdom were an object that God could have placed in Solomon’s **heart**. Your language may have a comparable expression that you can use in your translation, or you could state the meaning plainly. Alternate translation: [to hear the wisdom that God had given him in his mind]
10:24	orux		rc://*/ta/man/translate/figs-abstractnouns	לִ⁠שְׁמֹ֨עַ֙ אֶת־חָכְמָת֔⁠וֹ אֲשֶׁר־נָתַ֥ן אֱלֹהִ֖ים בְּ⁠לִבּֽ⁠וֹ	1	If your language does not use an abstract noun for the idea of **wisdom**, you could express the same idea in another way. Alternate translation: [to hear the wise things he said, which God had put in his heart] or [to hear the wise things he said, which God had enabled him to understand]
10:25	blkl		rc://*/ta/man/translate/figs-idiom	וְ⁠הֵ֣מָּה מְבִאִ֣ים אִ֣ישׁ מִנְחָת֡⁠וֹ	1	The author is using **a man his gift** as a common expression of the culture to mean “each man brought his own gift” or “every person brought a gift.” If this phrase does not have that meaning in your language, you could use a comparable expression from your language that does have that meaning, or you could state the meaning plainly. Alternate translation: [And each man brought Solomon a gift]
10:25	uwim		rc://*/ta/man/translate/figs-gendernotations	וְ⁠הֵ֣מָּה מְבִאִ֣ים אִ֣ישׁ מִנְחָת֡⁠וֹ	1	Here the masculine term **man** has a generic sense that includes both men and women. If it would be helpful to your readers, you could use language in your translation that is clearly inclusive of both men and women. Alternate translation: [And each person brought Solomon a gift]
10:25	negt		rc://*/ta/man/translate/figs-idiom	דְּבַר־שָׁנָ֖ה בְּ⁠שָׁנָֽה	1	The author is using **year by year** as a common expression of his culture to mean “continually” or “every year without exception.” If this phrase does not have that meaning in your language, you could use a comparable expression from your language that does have that meaning, or you could state the meaning plainly. Alternate translation: [and this happened year after year] or [and people did this continually]
10:26	dc84		rc://*/ta/man/translate/writing-pronouns	וְ⁠עִם־הַ⁠מֶּ֖לֶךְ	1	Since the phrase **the king** refers to Solomon, who is the subject of this sentence (represented by the pronoun **he**), it may be more natural in your language to use a pronoun here. Alternate translation: [and with him]
10:27	k023		rc://*/ta/man/translate/figs-hyperbole	וַ⁠יִּתֵּ֨ן הַ⁠מֶּ֧לֶךְ אֶת־הַ⁠כֶּ֛סֶף בִּ⁠ירוּשָׁלִַ֖ם כָּ⁠אֲבָנִ֑ים וְ⁠אֵ֣ת הָ⁠אֲרָזִ֗ים נָתַ֛ן כַּ⁠שִּׁקְמִ֥ים אֲשֶׁר־בַּ⁠שְּׁפֵלָ֖ה לָ⁠רֹֽב	1	The author is making overstatements for emphasis. If it would be helpful in your language, you could use a different way to express the emphasis. The UST models one way to do that.
10:27	da4t		rc://*/ta/man/translate/figs-ellipsis	וַ⁠יִּתֵּ֨ן הַ⁠מֶּ֧לֶךְ אֶת־הַ⁠כֶּ֛סֶף בִּ⁠ירוּשָׁלִַ֖ם כָּ⁠אֲבָנִ֑ים	1	The author is leaving out some of the words that in many languages a sentence would need in order to be complete. You can supply these words from the context if that would be clearer in your language. Alternate translation: [And the king made silver in Jerusalem to be like stones for abundance]
10:27	dv6k		rc://*/ta/man/translate/translate-names	בַּ⁠שְּׁפֵלָ֖ה	1	The word **Shephelah** is the name of a place within the territory of the tribe of Judah, the foothills between the highlands and the coastal plain. Alternate translation: [the Judean foothills]
10:28	fdkt		rc://*/ta/man/translate/translate-names	וּ⁠מִ⁠קְוֵ֕ה	1	The word **Kue** is the name of a place. Most interpreters identify it with Cilicia, a region in what is now the nation of Turkey.
10:28	dgh8		rc://*/ta/man/translate/figs-idiom	בִּ⁠מְחִֽיר	1	The author is using **for a price** as a common expression of his culture to mean that Solomon’s traders would buy these horses at whatever price was current at the time. (It appears that while the prices in Egypt were relatively fixed, as the next verse indicates, the prices in Kue fluctuated.) If this phrase does not have that meaning in your language, you could use a comparable expression from your language that does have that meaning, or you could state the meaning plainly. Alternate translation: [for the going price] or [at the market price]
10:29	tpev		rc://*/ta/man/translate/figs-personification	וַֽ֠⁠תַּעֲלֶה וַ⁠תֵּצֵ֨א מֶרְכָּבָ֤ה מִ⁠מִּצְרַ֨יִם֙	1	The author is speaking of a **chariot** as if it were a living thing that **came up and went out** from a place. If it would be helpful in your language, you could state the meaning plainly. Alternate translation: [And a chariot could be imported from Egypt]
10:29	rg49		rc://*/ta/man/translate/figs-ellipsis	בְּ⁠שֵׁ֣שׁ מֵא֣וֹת כֶּ֔סֶף וְ⁠ס֖וּס בַּ⁠חֲמִשִּׁ֣ים וּ⁠מֵאָ֑ה	1	The author is leaving out some of the words that in many languages a sentence would need in order to be complete. You can supply these words from the context if that would be clearer in your language. Alternate translation: [for 600 silver shekels, and a horse could be imported from Egypt for 150 silver shekels]
10:29	vb4q		rc://*/ta/man/translate/translate-bweight	בְּ⁠שֵׁ֣שׁ מֵא֣וֹת כֶּ֔סֶף & בַּ⁠חֲמִשִּׁ֣ים וּ⁠מֵאָ֑ה	1	See how you translated the expression “600 gold” in [10:16](../10/16.md). You can express the weight of these **silver** shekels in the same way.
10:29	cjgy		rc://*/ta/man/translate/figs-metonymy	בְּ⁠יָדָ֥⁠ם	1	Here, **hand** represents the agency of a person. If it would be helpful in your language, you could use an equivalent expression or state the meaning plainly. Alternate translation: [by their agency]
10:29	ru4t		rc://*/ta/man/translate/writing-pronouns	יֹצִֽאוּ	1	The pronoun **they** refers to Solomon’s agents or traders. It may be helpful to clarify this for your readers. Alternate translation: [Solomon’s traders brought out]
11:intro	abcb				0	# 1 Kings 11 Chapter Introduction\n\nThis chapter concludes the description of Solomon’s reign as king of Israel. The author describes how Solomon built shrines to foreign gods in Jerusalem so that his wives could worship there. This made Yahweh so angry that he made some of Solomon’s enemies powerful enough to resist him. Yahweh also sent a prophet to a man named Jeroboam, one of Solomon’s officials, to tell him that he would become the king of ten of the Israelite tribes`.\n\n## Translation Issues in This Chapter\n\n### Further phrases that the author uses to conclude accounts of kings’ reigns\n\nIn 11:41–43, the author uses the same phrases to describe the end of Solomon’s reign that he used to describe the end of David’s reign in 2:10–11. He says for how many years Solomon ruled as king and describes his death and burial. However, he begins by making an additional statement, that further details of Solomon’s reign are “written in the book of the matters of Solomon.” This is the first instance of this kind of reference to another book for further details, but after this the author will make such a reference regularly as he concludes the account of the reign of a king. So that your readers will appreciate the role of this reference, be careful to translate it consistently in each of its occurrences.\n\n### Long quotation within quotation\n\nThe prophet Ahijah speaks a long message from Yahweh to Jeroboam in 11:31–39. Most of it is a quotation within a quotation. The author quotes what Ahijah said, and Ahijah quotes what Yahweh told him to say. If it would be clearer in your language, you could translate this so that there is not a quotation within a quotation. For example, Ahijah begins in 11:31 by telling Jeroboam, “For thus says Yahweh, the God of Israel, ‘Behold me, tearing the kingdom from the hand of Solomon and I will give ten tribes to you.” You could translate this as, “For Yahweh, the God of Israel, says that he is about to tear the kingdom from the hand of Solomon and give ten tribes to you.” You can continue to translate the message that way in subsequent verses. For example, in 11:32, Ahijah continues, “But one tribe will be to him for the sake of my servant David and for the sake of Jerusalem, the city upon which I have chosen from all of the tribes of Israel.” You could translate that as, “But he says that one tribe will be to him for the sake of his servant David and for the sake of Jerusalem, the city upon which he has chosen from all of the tribes of Israel.” (See: [[rc://*/ta/man/translate/figs-quotesinquotes]])\n\n### If Jeroboam was to rule ten of the twelve Israelite tribes, how was only one tribe left for David’s descendants to rule?\n\nIn 11:30–32, the prophet Ahijah tears his robe in twelve pieces and tells Jeroboam to take ten of them. Ahijah explains that this shows that Yahweh will make Jeroboam the king of ten of the Israelite tribes. He says further that one tribe will remain for David’s descendants to rule. But that leaves one tribe to be accounted for. The explanation is that Yahweh, speaking through Ahijah, assumes that Jeroboam will understand that by “one tribe,” he means the united tribe of Judah and Benjamin. The author was able to assume that readers would understand this as well, so he does not explain it in the text. As the story. later shows (in 12:21), Judah and Benjamin had become closely aligned. Jerusalem was on the border between those two tribes, with much of the city in the territory of Benjamin. The Benjaminites could easily come to the worship in the temple. So by this time, Judah and Benjamin had come to be considered as one tribe. Since modern readers generally do not have this information, it may be helpful to indicate this explicitly in your translation. Notes will suggest possible ways to do that in various contexts. (See: [[rc://*/ta/man/translate/figs-explicit]])
11:1	g9vp		rc://*/ta/man/translate/grammar-connect-words-phrases	וְ⁠אֶת־בַּת־פַּרְעֹ֑ה	1	The **daughter of Pharaoh** herself was one of these **foreign women**. Your language may have a connecting word or phrase that you could use to indicate this. Alternate translation: [in addition to the daughter of Pharaoh]
11:2	tufa		rc://*/ta/man/translate/figs-metaphor	בְּנֵ֨י יִשְׂרָאֵ֜ל	1	See how you translated the similar expression in [6:1](../06/01.md). Alternate translation: [the Israelites]
11:2	stez		rc://*/ta/man/translate/figs-idiom	לֹֽא־תָבֹ֣אוּ בָ⁠הֶ֗ם וְ⁠הֵם֙ & יָבֹ֣אוּ בָ⁠כֶ֔ם	1	Yahweh was using **enter into** as a common expression of his culture to mean “intermarry.” If this phrase does not have that meaning in your language, you could use a comparable expression from your language that does have that meaning, or you could state the meaning plainly. Alternate translation: [You must not intermarry with them, and they must not intermarry with you]
11:2	s2tk		rc://*/ta/man/translate/figs-parallelism	לֹֽא־תָבֹ֣אוּ בָ⁠הֶ֗ם וְ⁠הֵם֙ & יָבֹ֣אוּ בָ⁠כֶ֔ם	1	These two phrases mean basically the same thing. The second emphasizes the meaning of the first by repeating the same idea with different words. If it would be helpful to your readers, you could combine them and express the emphasis in another way. Alternate translation: [You must not intermarry with the people of those groups]
11:2	s9r6		rc://*/ta/man/translate/figs-metaphor	יַטּ֣וּ אֶת־לְבַבְ⁠כֶ֔ם אַחֲרֵ֖י אֱלֹהֵי⁠הֶ֑ם	1	To translate this expression and the similar ones in verses 3, 4, and 9, see how you translated the similar expression “may he stretch out our heart to him” in [8:58](../08/58.md). Alternate translation: [they will make you become devoted to their gods]
11:2	ikmb		rc://*/ta/man/translate/grammar-collectivenouns	אֶת־לְבַבְ⁠כֶ֔ם	1	In this verse, the word **heart** is singular in form, but it refers to all the Israelites as a group. If it would be helpful in your language, if you decide to retain this image in your translation, you could use the plural form of “heart.” Alternate translation: [your hearts]
11:2	l9qu		rc://*/ta/man/translate/writing-participants	בָּ⁠הֶ֛ם דָּבַ֥ק שְׁלֹמֹ֖ה לְ⁠אַהֲבָֽה	1	The author is speaking of Solomon’s romantic attachment to these foreign women as if he had physically **clung** to them. Your language may have a comparable expression that you can use in your translation, or you could state the meaning plainly. Alternate translation: [Solomon loved them and became attached to them] or [Solomon loved them and insisted on marrying them]
11:3	qihc		rc://*/ta/man/translate/figs-ellipsis	וַ⁠יְהִי־ל֣⁠וֹ נָשִׁ֗ים שָׂרוֹת֙ שְׁבַ֣ע מֵא֔וֹת	1	The author is using the expression **wives, princesses** to introduce these wives of Solomon as new participants in the story. Your language may have its own way of introducing new participants that you can use in your translation. Alternate translation: [And he had 700 wives who were princesses] or [And he had 700 wives whom he had married to make alliances with their fathers, who were kings]
11:3	e8f8		rc://*/ta/man/translate/figs-ellipsis	וַ⁠יַּטּ֥וּ נָשָׁ֖י⁠ו אֶת־לִבּֽ⁠וֹ	1	The author is leaving out some of the words that in many languages a sentence would need in order to be complete. You can supply these words from the context if that would be clearer in your language. The usual full expression occurs in verse 2. Alternate translation: [And his wives stretched out his heart after their gods] or [And his wives caused him to become devoted to their gods]
11:4	s7n8		rc://*/ta/man/translate/figs-metaphor	וַ⁠יְהִ֗י	1	See how you translated the phrase “And it happened” in [8:10](../08/10.md), where it similarly introduces a new development.
11:4	xa85		rc://*/ta/man/translate/figs-idiom	וְ⁠לֹא־הָיָ֨ה לְבָב֤⁠וֹ שָׁלֵם֙ עִם־יְהוָ֣ה אֱלֹהָ֔י⁠ו כִּ⁠לְבַ֖ב דָּוִ֥יד אָבִֽי⁠ו	1	See how you translated the similar expression in [8:61](../08/61.md). Alternate translation: [And he was not completely devoted to Yahweh his God as David his father had been]
11:5	qi19		rc://*/ta/man/translate/figs-idiom	וַ⁠יֵּ֣לֶךְ שְׁלֹמֹ֔ה אַחֲרֵ֣י עַשְׁתֹּ֔רֶת & וְ⁠אַחֲרֵ֣י מִלְכֹּ֔ם	1	The author is using **went after** as a common expression of the culture to mean “worshiped.” If this phrase does not have that meaning in your language, you could use a comparable expression from your language that does have that meaning, or you could state the meaning plainly. Alternate translation: [And Solomon worshiped Ashtoreth … and Milcom]
11:5	tgu6		rc://*/ta/man/translate/figs-abstractnouns	שִׁקֻּ֖ץ עַמֹּנִֽים	1	If your language does not use an abstract noun for the idea of **abomination**, you could express the same idea in another way, here and in verse 7. Alternate translation: [the abominable god of the Ammonites] or [the detestable god of the Ammonites]
11:6	t63f		rc://*/ta/man/translate/figs-idiom	הָ⁠רַ֖ע	1	If your language does not use an abstract noun for the idea of **evil**, you could express the same idea in another way. Alternate translation: [what was evil]
11:6	tzv1		rc://*/ta/man/translate/figs-idiom	בְּ⁠עֵינֵ֣י יְהוָ֑ה	1	See how you translated the similar expression in [3:10](../03/10.md). Alternate translation: [in the judgment of Yahweh]
11:6	s46i		rc://*/ta/man/translate/figs-synecdoche	וְ⁠לֹ֥א מִלֵּ֛א אַחֲרֵ֥י יְהוָ֖ה	1	The author is using this common expression of his culture to mean that Solomon was not completely devoted and obedient to Yahweh. If this phrase does not have that meaning in your language, you could use a comparable expression from your language that does have that meaning, or you could state the meaning plainly. If you have already translated the book of Joshua, see how you translated the similar expression in [Joshua 14:8](../jos/14/08.md). Alternate translation: [and he did not follow Yahweh fully] or [and he did not obey Yahweh completely]
11:7	tt72		rc://*/ta/man/translate/figs-synecdoche	אָז֩ יִבְנֶ֨ה שְׁלֹמֹ֜ה	1	See how you translated the similar expression in [7:1](../07/01.md). Alternate translation: [Then Solomon had his workers build]
11:7	jbri		rc://*/ta/man/translate/figs-metonymy	עַל־פְּנֵ֣י יְרוּשָׁלִָ֑ם	1	Here, **on the face of Jerusalem** represents being in front of or opposite Jerusalem. If it would be helpful in your language, you could use an equivalent expression or plain language. Alternate translation: [opposite Jerusalem]
11:7	tmdz		rc://*/ta/man/translate/figs-ellipsis	וּ⁠לְ⁠מֹ֕לֶךְ	1	The author is leaving out some of the words that in many languages a sentence would need in order to be complete. You can supply these words from the context if that would be clearer in your language. Alternate translation: [and he built a high place for Molech]
11:8	hrls		rc://*/ta/man/translate/figs-explicit	נָשָׁ֖י⁠ו הַ⁠נָּכְרִיּ֑וֹת מַקְטִיר֥וֹת וּֽ⁠מְזַבְּח֖וֹת לֵ⁠אלֹהֵי⁠הֶֽן	1	The verbs **burning** and **sacrificing** are feminine plural, so the author means that it was Solomon’s wives, not Solomon himself, who were doing these things. It may be helpful to clarify this for your readers. Alternate translation: [his foreign wives, who were burning incense and sacrificing to their gods]
11:9	lk28		rc://*/ta/man/translate/grammar-connect-logic-result	וַ⁠יִּתְאַנַּ֥ף יְהוָ֖ה בִּ⁠שְׁלֹמֹ֑ה כִּֽי־נָטָ֣ה לְבָב֗⁠וֹ מֵ⁠עִ֤ם יְהוָה֙ אֱלֹהֵ֣י יִשְׂרָאֵ֔ל הַ⁠נִּרְאָ֥ה אֵלָ֖י⁠ו פַּעֲמָֽיִם	1	If it would be more natural in your language, you could reverse the order of these phrases, since the second phrase gives the reason for the result that the first phrase describes. Alternate translation: [And because Solomon’s heart had stretched away from with Yahweh, the God of Israel, the one having appeared to him two times, Yahweh became angry with him]
11:9	aj49		rc://*/ta/man/translate/figs-metaphor	נָטָ֣ה לְבָב֗⁠וֹ מֵ⁠עִ֤ם יְהוָה֙	1	See how you translated the similar expression in [11:2](../11/02.md). Alternate translation: [he had become devoted to gods other than Yahweh]
11:10	z5xo		rc://*/ta/man/translate/figs-idiom	לְ⁠בִ֨לְתִּי־לֶ֔כֶת אַחֲרֵ֖י אֱלֹהִ֣ים אֲחֵרִ֑ים	1	The author is using **go after other gods** as a common expression of his culture to mean “worship other gods.” If this phrase does not have that meaning in your language, you could use a comparable expression from your language that does have that meaning, or you could state the meaning plainly. Alternate translation: [not to follow other gods] or [not to worship other gods]
11:11	kb2i		rc://*/ta/man/translate/figs-idiom	הָֽיְתָה־זֹּ֣את עִמָּ֔⁠ךְ	1	Yahweh is using **this is with you** as a common expression of his culture to mean “you have done this.” If this phrase does not have that meaning in your language, you could use a comparable expression from your language that does have that meaning, or you could state the meaning plainly. Alternate translation: [you have done this]
11:11	elmk		rc://*/ta/man/translate/figs-hendiadys	בְּרִיתִ֣⁠י וְ⁠חֻקֹּתַ֔⁠י	1	The phrase **my covenant and my statutes** expresses a single idea. The word **covenant** tells what kind of **statutes** these are. If it would be more natural in your language, you could express this meaning in a different way. Alternate translation: [the statutes of my covenant] or [my covenantal statutes]
11:11	pda1		rc://*/ta/man/translate/figs-reduplication	קָרֹ֨עַ אֶקְרַ֤ע אֶת־הַ⁠מַּמְלָכָה֙ מֵֽ⁠עָלֶ֔י⁠ךָ	1	Yahweh is repeating forms of the verb **tear** in order to intensify his expression of the idea that it conveys. If your language can repeat words for intensification, it would be appropriate to do that here in your translation. If not, your language may have another way of expressing the intensification. Alternate translation: [I will certainly tear the kingdom away from you]
11:11	xjwf		rc://*/ta/man/translate/figs-metaphor	קָרֹ֨עַ אֶקְרַ֤ע אֶת־הַ⁠מַּמְלָכָה֙ מֵֽ⁠עָלֶ֔י⁠ךָ	1	Yahweh is speaking as if taking the kingdom from Solomon were actually **tearing** it away from him. Your language may have a comparable expression that you can use in your translation, or you could state the meaning plainly, here and in the next two verses. Alternate translation: [I will certainly take the kingdom away from you]
11:12	zibu		rc://*/ta/man/translate/grammar-connect-logic-result	בְּ⁠יָמֶ֨י⁠ךָ֙ לֹ֣א אֶעֱשֶׂ֔⁠נָּה לְמַ֖עַן דָּוִ֣ד אָבִ֑י⁠ךָ	1	If it would be more natural in your language, you could reverse the order of these phrases, since the second phrase gives the reason for the result that the first phrase describes. Alternate translation: [for the sake of David your father, I will not do it in your days]
11:12	lxu9		rc://*/ta/man/translate/figs-metonymy	בְּ⁠יָמֶ֨י⁠ךָ֙	1	Yahweh is using the term **days** to represents a period of time, specifically the lifetime of Solomon. If it would be helpful in your language, you could use an equivalent expression or state the meaning plainly. Alternate translation: [during your lifetime]
11:12	mb55		rc://*/ta/man/translate/figs-metonymy	מִ⁠יַּ֥ד בִּנְ⁠ךָ֖	1	Here, **hand** represents the power or authority of a person. If it would be helpful in your language, you could use an equivalent expression or state the meaning plainly. Alternate translation: [From the authority of your son]
11:13	kou6		rc://*/ta/man/translate/figs-metaphor	שֵׁ֥בֶט אֶחָ֖ד אֶתֵּ֣ן לִ⁠בְנֶ֑⁠ךָ	1	Yahweh is speaking as if a **tribe** were an object that he could actually **give** to Solomon’s son. He means that he will allow Solomon’s son to continue ruling over one tribe. If it would be helpful in your language, you could state the meaning plainly. Alternate translation: [I will allow your son to continue ruling one tribe]
11:13	k027		rc://*/ta/man/translate/figs-explicit	שֵׁ֥בֶט אֶחָ֖ד	1	Yahweh assumes that Solomon will understand that by **one tribe**, he means the united tribe of Judah and Benjamin. See the discussion in the introduction to this chapter of how Judah and Benjamin came to be considered one tribe. You could indicate this explicitly in your translation here and in verses 32 and 36 if that would be helpful to your readers. Alternate translation: [the united tribe of Judah and Benjamin]
11:14	m0n4		rc://*/ta/man/translate/figs-metaphor	וַ⁠יָּ֨קֶם יְהוָ֤ה שָׂטָן֙ לִ⁠שְׁלֹמֹ֔ה	1	The author is speaking as if Yahweh had physically **raised up** this **adversary**, that is, as if he had lifted him up into the air or to an elevated location. In contexts such as this, this expression describes making a person powerful or giving a person a powerful position. To translate this expression here and in verse 23, see how you represented the same image in [9:5](../09/05.md). Alternate translation: [And Yahweh made someone a powerful adversary of Solomon]
11:14	x4do		rc://*/ta/man/translate/writing-participants	אֵ֖ת הֲדַ֣ד הָ⁠אֲדֹמִ֑י מִ⁠זֶּ֧רַע הַ⁠מֶּ֛לֶךְ ה֖וּא בֶּ⁠אֱדֽוֹם	1	The author is introducing **Hadad the Edomite** as a new participant in the story. Your language may have its own way of introducing new participants that you can use in your translation. Alternate translation: [There was a man named Hadad the Edomite. He was from the seed of the king in Edom]
11:14	rt2d		rc://*/ta/man/translate/figs-metaphor	מִ⁠זֶּ֧רַע הַ⁠מֶּ֛לֶךְ ה֖וּא בֶּ⁠אֱדֽוֹם	1	The author is speaking of Hadad as if he had actually grown from **the seed of the king**, as if a person were a plant that grew from a seed. He means that Hadad was a descendant of the king of Edom. Your language may have a comparable expression that you can use in your translation, or you could state the meaning plainly. Alternate translation: [He was a descendant of the king of Edom]
11:15	fzgg		rc://*/ta/man/translate/writing-background	וַ⁠יְהִ֗י	1	The author is providing background information about **when David was in Edom** to help readers understand how Hadad became an adversary to Solomon. In your translation, introduce this information in a way that would be natural in your own language and culture.
11:15	cr8f		rc://*/ta/man/translate/figs-explicitinfo	בַּ⁠עֲל֗וֹת יוֹאָב֙ שַׂ֣ר הַ⁠צָּבָ֔א	1	See how you translated the similar expression in [1:25](../01/25.md). Alternate translation: [when Joab, the commander of the army, had gone]
11:15	bq1x		rc://*/ta/man/translate/figs-nominaladj	אֶת־הַ⁠חֲלָלִ֑ים	1	The author is using the adjective **slain** as a noun to mean a certain kind of person. Your language may use adjectives in the same way. If not, you can translate this adjective with an equivalent phrase. Alternate translation: [the Israelite soldiers whom the Edomites had slain]
11:15	h1o5		rc://*/ta/man/translate/figs-explicit	וַ⁠יַּ֥ךְ	1	See the discussion of the term “struck” in the introduction to 1 Kings. Alternate translation: [that he had killed]
11:15	zyog		rc://*/ta/man/translate/figs-hyperbole	וַ⁠יַּ֥ךְ	1	The author says that Joab had **struck** or killed every male in Edom as an overstatement for emphasis. If it would be helpful in your language, you could use a different way to express the emphasis. Alternate translation: [that he had tried hard to kill]
11:16	pbfg		rc://*/ta/man/translate/grammar-connect-words-phrases	כִּ֣י	1	Here the word **For** introduces not a reason but a further explanation. Alternate translation: [Specifically]
11:16	wph4		rc://*/ta/man/translate/figs-metonymy	וְ⁠כָל־יִשְׂרָאֵ֑ל	1	See the discussion of this phrase in the introduction to 1 Kings of how the author and characters often use the name of a nation, tribe, or city to represent its people. Here the author is using the name **Israel** to represent the army of that nation. Alternate translation: [and the entire Israelite army]
11:16	ovtv		rc://*/ta/man/translate/figs-metaphor	הִכְרִ֥ית	1	The author is speaking as if Joab had actually **cut off** the Edomite males, as if they had been plants that he and his soldiers had removed from the ground with a sharp tool. He means that Joab and his soldiers killed them. See how you translated the similar expression in [9:7](../09/07.md). Alternate translation: [he and his soldiers had killed]
11:16	lts0		rc://*/ta/man/translate/figs-hyperbole	כָּל־זָכָ֖ר בֶּ⁠אֱדֽוֹם	1	The author says **every male in Edom** as an extreme statement for emphasis. If it would be helpful in your language, you could use a different way to express the emphasis. Alternate translation: [every Edomite male they could capture]
11:17	a2r3		rc://*/ta/man/translate/figs-explicit	וַ⁠יִּבְרַ֣ח אֲדַ֡ד הוּא֩ וַ⁠אֲנָשִׁ֨ים אֲדֹמִיִּ֜ים מֵ⁠עַבְדֵ֥י אָבִ֛י⁠ו אִתּ֖⁠וֹ לָ⁠ב֣וֹא מִצְרָ֑יִם	1	Since Hadad was a **little boy** at this time, it is not likely that he fled on his own. It appears that these **men from the servants of his father** conducted him to safety. You could indicate this explicitly in your translation if that would be helpful to your readers. The UST models one way to do that.
11:17	r7xc		rc://*/ta/man/translate/translate-names	אֲדַ֡ד	1	**Adad** is a variant spelling of the name **Hadad**. The author may be giving his name in the form in which the people he encountered in the places described in the next verse would have said it. If it would be helpful to your readers, you could use the name “Hadad” here.
11:18	njf2		rc://*/ta/man/translate/figs-explicit	וַ⁠יָּקֻ֨מוּ֙ מִ⁠מִּדְיָ֔ן וַ⁠יָּבֹ֖אוּ פָּארָ֑ן	1	The author does not mean that the journey of Hadad and his escorts began in **Midian**. He assumes that readers will understand that first they fled from Edom to nearby Midian. From there, they undertook the difficult and dangerous journey through the wilderness of **Paran** to **Egypt**. So the term **arose** here has the sense of “took action,” as in [2:40](../02/40.md). You could indicate this explicitly in your translation if that would be helpful to your readers. The UST models one way to do that.
11:18	xpwb		rc://*/ta/man/translate/writing-pronouns	וַ⁠יִּתֶּן־ל֣⁠וֹ בַ֗יִת	1	The pronoun **he** refers to Pharaoh, while the pronoun **him** refers to Hadad. It may be helpful to clarify this for your readers. Alternate translation: [And Pharaoh gave a house to Hadad]
11:18	dvg2		rc://*/ta/man/translate/figs-synecdoche	וְ⁠לֶ֨חֶם֙	1	The author is using one kind of food, **bread**, to mean food in general. If it would be helpful in your language, you could state the meaning plainly. Alternate translation: [food]
11:19	ertg		rc://*/ta/man/translate/figs-idiom	וַ⁠יִּמְצָא֙ הֲדַ֥ד חֵ֛ן בְּ⁠עֵינֵ֥י פַרְעֹ֖ה מְאֹ֑ד	1	See how you translated the similar expression in [3:10](../03/10.md). Alternate translation: [And Pharaoh regarded Hadad very favorably] or [And Pharaoh was very pleased with Hadad]
11:19	bb1u		rc://*/ta/man/translate/translate-kinship	אֶת־אֲח֣וֹת אִשְׁתּ֔⁠וֹ	1	Your language may have its own term or expression for the relationship that the author describes here with the phrase **the sister of his wife**. Alternate translation: [his sister-in-law]
11:20	c2sk		rc://*/ta/man/translate/translate-symaction	וַ⁠תִּגְמְלֵ֣⁠הוּ תַחְפְּנֵ֔ס בְּ⁠ת֖וֹךְ בֵּ֣ית פַּרְעֹ֑ה	1	Nursing Genubath until he was **weaned** was a symbolic action by which Tahpenes showed that she was accepting him as her own child and giving him full status in Pharaoh’s household. If it would be helpful to your readers, you could explain the significance of this action in the text of your translation or in a footnote. Alternate translation: [and Tahpenes nursed him until he was weaned in order to show that she accepted him as her own child and a member of Pharaoh’s household]
11:21	y58r		rc://*/ta/man/translate/figs-euphemism	שָׁכַ֤ב דָּוִד֙ עִם־אֲבֹתָ֔י⁠ו	1	See how you translated the similar expression in [1:21](../01/21.md). Alternate translation: [That David had passed away]
11:21	na25		rc://*/ta/man/translate/figs-imperative	שַׁלְּחֵ֖⁠נִי	1	This is an imperative, but it communicates a polite request rather than a command. Use a form in your language that communicates a polite request. It may be helpful to add an expression such as “please” to make this clear. Alternate translation: [Please allow me to leave]
11:22	zlnv		rc://*/ta/man/translate/figs-rquestion	כִּ֠י מָה־אַתָּ֤ה חָסֵר֙ עִמִּ֔⁠י וְ⁠הִנְּ⁠ךָ֥ מְבַקֵּ֖שׁ לָ⁠לֶ֣כֶת אֶל־אַרְצֶ֑⁠ךָ וַ⁠יֹּ֣אמֶר ׀ לֹ֔א	1	Pharaoh is using the question form to suggest a reason why Hadad should not leave Egypt. If a speaker of your language would not use the question form for that purpose, you could translate this as a statement or as an exclamation. Since Hadad, as part of a courteous exchange, answers Pharaoh’s question, even though he is not really asking for information, you could translate Hadad’s answer as a statement rather than as a response. Alternate translation: [I do not understand why you are seeking to go to your land, since you lack nothing with me.” And he said, “I do not lack anything here]
11:22	ml6m		rc://*/ta/man/translate/figs-idiom	וְ⁠הִנְּ⁠ךָ֥ מְבַקֵּ֖שׁ לָ⁠לֶ֣כֶת	1	Pharaoh is using **behold you** as a common expression of his culture that indicates that someone is about to do something. If this phrase does not have that meaning in your language, you could use a comparable expression from your language that does have that meaning, or you could state the meaning plainly. See how you translated the similar expression “behold me, saying” in [5:5](../05/05.md). Alternate translation: [that I see that you are about to try to go]
11:22	u4xq		rc://*/ta/man/translate/figs-ellipsis	לֹ֔א	1	Hadad is leaving out some of the words that in many languages a sentence would need in order to be complete. You can supply these words from the context if that would be clearer in your language. Alternate translation: [I lack nothing]
11:22	hg9w		rc://*/ta/man/translate/figs-reduplication	שַׁלֵּ֖חַ תְּשַׁלְּחֵֽ⁠נִי	1	Hadad is repeating forms of the verb **send** in order to intensify his expression of the idea that it conveys. If your language can repeat words for intensification, it would be appropriate to do that here in your translation. If not, your language may have another way of expressing the intensification. Alternate translation: [please do send me away] or [please do allow me to leave]
11:22	rh1s		rc://*/ta/man/translate/figs-explicit	שַׁלֵּ֖חַ תְּשַׁלְּחֵֽ⁠נִי	1	The author indicates in [11:25](../11/25.md) that Hadad did “harm” to Solomon, but here he ends his specific account of how Hadad became an “adversary” to Solomon without describing how Hadad returned to Edom and fomented a rebellion. The author assumes that his readers already know how he did that. You could include some indication of this in your translation if that would be helpful to your readers. The UST models one way to do that.
11:23	su1f		rc://*/ta/man/translate/figs-explicit	שָׂטָ֔ן	1	By **an adversary**, the author means another adversary in addition to Hadad, whom he has just described. You could indicate this explicitly in your translation if that would be helpful to your readers. Alternate translation: [another adversary]
11:23	xcaz		rc://*/ta/man/translate/writing-pronouns	ל⁠וֹ֙	1	The pronoun **him** refers to Solomon. It may be helpful to clarify this for your readers. Alternate translation: [against Solomon]
11:23	wuun		rc://*/ta/man/translate/writing-participants	אֶת־רְז֖וֹן בֶּן־אֶלְיָדָ֑ע אֲשֶׁ֣ר בָּרַ֗ח מֵ⁠אֵ֛ת הֲדַדְעֶ֥זֶר מֶֽלֶךְ־צוֹבָ֖ה אֲדֹנָֽי⁠ו	1	The author is introducing **Rezon** as a new participant in the story. Your language may have its own way of introducing new participants that you can use in your translation. Alternate translation: [There was a man named Rezon, the son of Eliada, who had fled from Hadadezer, the king of Zobah, his master]
11:24	gkm2		rc://*/ta/man/translate/figs-infostructure	וַ⁠יִּקְבֹּ֤ץ עָלָי⁠ו֙ אֲנָשִׁ֔ים וַ⁠יְהִ֣י שַׂר־גְּד֔וּד בַּ⁠הֲרֹ֥ג דָּוִ֖ד אֹתָ֑⁠ם	1	If it would be more natural in your language, you may want to put the information about **when David killed them** before the information that **he gathered men to himself**. Alternate translation: [For when David killed them, he gathered men to himself, and he became the commander of a raiding band]
11:24	vub4		rc://*/ta/man/translate/figs-explicit	בַּ⁠הֲרֹ֥ג דָּוִ֖ד אֹתָ֑⁠ם	1	The author assumes that readers will know that the phrase **when David killed them** refers to David’s defeat of Hadadezer and his army, as recorded in [2 Samuel 8:3–5](../2sa/08/03.md). You could say that explicitly if that would be helpful to your readers. Alternate translation: [when David defeated Hadadezer and killed many of his other soldiers]
11:24	kfvd		rc://*/ta/man/translate/figs-explicitinfo	בְּ⁠דַמָּֽשֶׂק	1	Since the author has already named **Damascus** earlier in the sentence, it might seem that the expression **in Damascus** here contains extra information that would not be natural to express in your language. If so, you could shorten it. Alternate translation: [there]
11:25	s6sw		rc://*/ta/man/translate/figs-metonymy	כָּל־יְמֵ֣י שְׁלֹמֹ֔ה	1	See how you translated the similar expression in [10:21](../10/21.md). Alternate translation: [for the rest of the reign of Solomon]
11:25	ultb		rc://*/ta/man/translate/grammar-connect-words-phrases	וְ⁠אֶת־הָ⁠רָעָ֖ה אֲשֶׁ֣ר הֲדָ֑ד	1	If the connection between this statement and the previous one is not clear, you may want to use a different connecting word or phrase to show how this statement relates to what comes before it. Alternate translation: [in addition to the harm that Hadad did]
11:26	bpjy		rc://*/ta/man/translate/writing-participants	וְ⁠יָרָבְעָם֩ בֶּן־נְבָ֨ט אֶפְרָתִ֜י מִן־הַ⁠צְּרֵדָ֗ה וְ⁠שֵׁ֤ם אִמּ⁠וֹ֙ צְרוּעָה֙ אִשָּׁ֣ה אַלְמָנָ֔ה עֶ֖בֶד לִ⁠שְׁלֹמֹ֑ה	1	The author is introducing **Jeroboam** as a new participant in the story. Your language may have its own way of introducing new participants that you can use in your translation. Alternate translation: [Now Solomon had an official, a certain man named Jeroboam, whose father Nebat, an Ephrathite from Zeredah, had died, leaving his mother Zeruah a widow]
11:26	r0do		rc://*/ta/man/translate/figs-idiom	וַ⁠יָּ֥רֶם יָ֖ד בַּ⁠מֶּֽלֶךְ	1	The author is using **raised a hand against** as a common expression of his culture to mean “rebelled against.” If this phrase does not have that meaning in your language, you could use a comparable expression from your language that does have that meaning, or you could state the meaning plainly, here and in the next verse. If you have already translated the book of 2 Samuel, see how you translated the similar expression in [2 Samuel 18:28](../2sa/18/28.md). Alternate translation: [and he rebelled against the king]
11:27	g4a1		rc://*/ta/man/translate/writing-background	וְ⁠זֶ֣ה הַ⁠דָּבָ֔ר אֲשֶׁר־הֵרִ֥ים יָ֖ד בַּ⁠מֶּ֑לֶךְ	1	In this verse and the next verse, the author is providing background information to help readers understand what happens next in the story. He is specifically describing how Jeroboam came to have the position in which he “went out from Jerusalem,” as he describes in [11:29](../11/29.md). In your translation, introduce this information in a way that would be natural in your own language and culture.
11:28	et68		rc://*/ta/man/translate/figs-explicit	וְ⁠הָ⁠אִ֥ישׁ יָרָבְעָ֖ם גִּבּ֣וֹר חָ֑יִל	1	While in many biblical contexts the expression “mighty of strength” describes a soldier who can fight powerfully and effectively, the expression can also describe someone who is very capable. That is the meaning here. You could indicate this in your translation if that would be helpful to your readers. Alternate translation: [And Jeroboam was a very capable person]
11:28	lqm5		rc://*/ta/man/translate/figs-idiom	כִּֽי־עֹשֵׂ֤ה מְלָאכָה֙ ה֔וּא	1	The author is using **a doer of work** as a common expression of his culture to mean “someone who gets work done well.” If this phrase does not have that meaning in your language, you could use a comparable expression from your language that does have that meaning, or you could state the meaning plainly. Alternate translation: [that he got work done] or [that he was industrious]
11:28	tv6g		rc://*/ta/man/translate/figs-metaphor	בֵּ֥ית יוֹסֵֽף	1	The author is using the image of a **house** to refer to the tribes of Ephraim and Manasseh, who were descended from Joseph’s two sons. If it would be helpful in your language, you could state the meaning plainly. Alternate translation: [the tribes of Ephraim and Manasseh]
11:29	weir		rc://*/ta/man/translate/figs-explicit	וַ⁠יִּמְצָ֣א אֹת֡⁠וֹ אֲחִיָּה֩ הַ⁠שִּׁילֹנִ֨י הַ⁠נָּבִ֜יא	1	If you have already translated the book of 1 Samuel, see how you translated the similar expression in [1 Samuel 9:11](../1sa/09/11.md). Alternate translation: [and the prophet Ahijah the Shilonite met him]
11:29	eaev		rc://*/ta/man/translate/writing-pronouns	וְ⁠ה֤וּא מִתְכַּסֶּה֙ בְּ⁠שַׂלְמָ֣ה חֲדָשָׁ֔ה	1	The pronoun **he** refers to Ahijah. It may be helpful to clarify this for your readers. Alternate translation: [And Ahijah was wearing a new cloak]
11:29	o0j3		rc://*/ta/man/translate/figs-explicit	בַּ⁠שָּׂדֶֽה	1	The author is using the term **field** to mean an open place outside of the city where no one else could see or hear them. You could include this information if that would be helpful to your readers. Alternate translation: [in the open country]
11:31	ydf1		rc://*/ta/man/translate/figs-quotesinquotes	כִּ֣י כֹה֩ אָמַ֨ר יְהוָ֜ה אֱלֹהֵ֣י יִשְׂרָאֵ֗ל הִנְ⁠נִ֨י קֹרֵ֤עַ אֶת־הַ⁠מַּמְלָכָה֙ מִ⁠יַּ֣ד שְׁלֹמֹ֔ה וְ⁠נָתַתִּ֣י לְ⁠ךָ֔ אֵ֖ת עֲשָׂרָ֥ה הַ⁠שְּׁבָטִֽים	1	See the discussion in the introduction to this chapter of how you can translate Yahweh’s message to Jeroboam in verses 31–39 in such a way that there will not be a quotation within a quotation.
11:31	doks		rc://*/ta/man/translate/figs-idiom	הִנְ⁠נִ֨י קֹרֵ֤עַ	1	See how you translated the similar expression in [5:5](../05/05.md). Alternate translation: [I am about to tear]
11:31	fsw4		rc://*/ta/man/translate/figs-metaphor	הִנְ⁠נִ֨י קֹרֵ֤עַ	1	See how you translated the term “tear” in [11:11](../11/11.md). Alternate translation: [I am about to take]
11:31	s4nj		rc://*/ta/man/translate/figs-metonymy	מִ⁠יַּ֣ד שְׁלֹמֹ֔ה	1	Here, **hand** represents the power and control of a person. If it would be helpful in your language, you could use an equivalent expression or state the meaning plainly, and in verses 34 and 35. Alternate translation: [from the control of Solomon]
11:32	i7gh		rc://*/ta/man/translate/figs-metaphor	וְ⁠הַ⁠שֵּׁ֥בֶט הָ⁠אֶחָ֖ד יִֽהְיֶה־לּ֑⁠וֹ	1	See how you translated the similar expression in [11:13](../11/13.md). Alternate translation: [But I will allow his family to continue ruling one tribe]
11:32	q4z5		rc://*/ta/man/translate/figs-ellipsis	מִ⁠כֹּ֖ל שִׁבְטֵ֥י יִשְׂרָאֵֽל	1	The author is leaving out some of the words that in many languages a sentence would need in order to be complete. You can supply these words from the context if that would be clearer in your language. Alternate translation: [from all of the cities in the territories of all of tribes of Israel]
11:33	e3e0		rc://*/ta/man/translate/grammar-connect-words-phrases	יַ֣עַן ׀ אֲשֶׁ֣ר	1	Here the word **For** introduces a further explanation. See how you translated this word in [10:22](../10/22.md). Alternate translation: [I am going to take most of the kingdom away from Solomon because]
11:33	pfwg		rc://*/ta/man/translate/writing-pronouns	עֲזָב֗וּ⁠נִי	1	The pronoun **they** refers to Solomon and the Israelites. The implication is that Solomon influenced many Israelites to worship foreign gods. It may be helpful to clarify this for your readers. Alternate translation: [Solomon has led the Israelites to forsake me]
11:33	ferw		rc://*/ta/man/translate/figs-ellipsis	לַ⁠עֲשׂ֨וֹת הַ⁠יָּשָׁ֧ר בְּ⁠עֵינַ֛⁠י וְ⁠חֻקֹּתַ֥⁠י וּ⁠מִשְׁפָּטַ֖⁠י	1	Yahweh is leaving out some of the words that in many languages a sentence would need in order to be complete. You can supply these words from the context if that would be clearer in your language. Alternate translation: [to do right in my eyes, or to obey my statutes or my judgments]
11:33	xrqs		rc://*/ta/man/translate/figs-doublet	וְ⁠חֻקֹּתַ֥⁠י וּ⁠מִשְׁפָּטַ֖⁠י	1	The terms **statutes** and **judgments** mean similar things. Yahweh is using the two terms together for emphasis. If it would be clearer for your readers, you could express the emphasis with a single phrase. Alternate translation: [or to obey my instructions carefully]
11:33	lbid		rc://*/ta/man/translate/figs-metaphor	וְ⁠לֹֽא־הָלְכ֣וּ בִ⁠דְרָכַ֗⁠י	1	See how you translated the similar expression in [2:3](../02/03.md). Alternate translation: [And they do not live as I want people to live]
11:33	fh58		rc://*/ta/man/translate/figs-nominaladj	הַ⁠יָּשָׁ֧ר	1	Yahweh is using the adjective **right** as a noun to mean things that are right. Your language may use adjectives in the same way. If not, you can translate this adjective with an equivalent phrase. Alternate translation: [things that are right]
11:33	hteu		rc://*/ta/man/translate/figs-idiom	בְּ⁠עֵינַ֛⁠י	1	Yahweh is using **in my eyes** as a common expression of the culture to mean “in my judgment” or “in my opinion.” If this phrase does not have that meaning in your language, you could use a comparable expression from your language that does have that meaning, or you could state the meaning plainly. Alternate translation: [in my judgment]
11:33	er64		rc://*/ta/man/translate/writing-pronouns	כְּ⁠דָוִ֥ד אָבִֽי⁠ו	1	The pronoun **his** refers to Solomon. It may be helpful to clarify this for your readers. Alternate translation: [like David, Solomon’s father]
11:34	lu9g		rc://*/ta/man/translate/figs-doublet	אֲשֶׁ֥ר שָׁמַ֖ר מִצְוֺתַ֥⁠י וְ⁠חֻקֹּתָֽ⁠י	1	The terms **commandments** and **statutes** mean similar things. Yahweh is using the two terms together for emphasis. If it would be clearer for your readers, you could express the emphasis with a single phrase. Alternate translation: [who carefully did what I commanded]
11:36	tesp		rc://*/ta/man/translate/figs-metaphor	נִ֣יר	1	Yahweh is using the image of a **lamp** to mean a continuing presence, just as the lamp that was kept burning in the sanctuary represented Yahweh’s continuing presence there. Your language may have a comparable expression that you can use in your translation, or you could state the meaning plainly. Alternate translation: [a continuing presence in the person of a successor]
11:36	r3lk		rc://*/ta/man/translate/figs-metonymy	כָּֽל־הַ⁠יָּמִ֤ים	1	Yahweh is using the term **days** to refer to time in general. If it would be helpful in your language, you could state the meaning plainly. Alternate translation: [all of the time] or [always]
11:36	vgpl		rc://*/ta/man/translate/figs-metonymy	לְ⁠פָנַ⁠י֙	1	Here, Yahweh’s **face** represents his presence. If it would be helpful in your language, you could use an equivalent expression or plain language. Alternate translation: [in my presence]
11:36	hx0s		rc://*/ta/man/translate/figs-metonymy	לָ⁠שׂ֥וּם שְׁמִ֖⁠י שָֽׁם	1	See how you translated the same expression in [9:3](../09/03.md). Alternate translation: [as a place where people will worship me] or [to be a place where my reputation will be made known]
11:37	h8tg		rc://*/ta/man/translate/figs-infostructure	וְ⁠אֹתְ⁠ךָ֣ אֶקַּ֔ח וּ⁠מָ֣לַכְתָּ֔ בְּ⁠כֹ֥ל אֲשֶׁר־תְּאַוֶּ֖ה נַפְשֶׁ֑⁠ךָ וְ⁠הָיִ֥יתָ מֶּ֖לֶךְ עַל־יִשְׂרָאֵֽל	1	If it would be more natural in your language, you may want to put the information that Jeroboam **will be king over Israel** before the information that he **will reign over all that** his **soul desires**. Alternate translation: [And I will take you and make you king over Israel, and you will reign over all that your soul desires]
11:37	hrsw		rc://*/ta/man/translate/figs-ellipsis	וְ⁠אֹתְ⁠ךָ֣ אֶקַּ֔ח	1	Yahweh is leaving out some of the words that in many languages a sentence would need in order to be complete. You can supply these words from the context if that would be clearer in your language. Alternate translation: [And I will take you from your current position]
11:37	rpxh		rc://*/ta/man/translate/figs-synecdoche	בְּ⁠כֹ֥ל אֲשֶׁר־תְּאַוֶּ֖ה נַפְשֶׁ֑⁠ךָ	1	Here Yahweh is using one part of Jeroboam, his **soul**, to mean all of him in the act of desiring to reign. If it would be helpful in your language, you could state the meaning plainly. Alternate translation: [everything that you want to reign over]
11:38	vhgz		rc://*/ta/man/translate/figs-explicit	אִם־תִּשְׁמַע֮	1	See how you translated the similar expression in [5:8](../05/08.md). Alternate translation: [if you obey]
11:38	yrhx		rc://*/ta/man/translate/figs-metaphor	וְ⁠הָלַכְתָּ֣ בִ⁠דְרָכַ֗⁠י	1	See how you translated the similar expression in [2:3](../02/03.md). Alternate translation: [and you live as I want people to live]
11:38	jtkm		rc://*/ta/man/translate/figs-nominaladj	הַ⁠יָּשָׁ֤ר	1	Yahweh is using the adjective **right** as a noun to mean things that are right. Your language may use adjectives in the same way. If not, you can translate this adjective with an equivalent phrase. Alternate translation: [things that are right]
11:38	tixg		rc://*/ta/man/translate/figs-idiom	בְּ⁠עֵינַ⁠י֙	1	Yahweh is using **in my eyes** as a common expression of the culture to mean “in my judgment” or “in my opinion.” If this phrase does not have that meaning in your language, you could use a comparable expression from your language that does have that meaning, or you could state the meaning plainly. Alternate translation: [in my judgment]
11:38	zmg3		rc://*/ta/man/translate/figs-doublet	לִ⁠שְׁמ֤וֹר חֻקּוֹתַ⁠י֙ וּ⁠מִצְוֺתַ֔⁠י	1	The terms **statutes** and **commandments** mean similar things. Yahweh is using the two terms together for emphasis. If it would be clearer for your readers, you could express the emphasis with a single phrase. Alternate translation: [to obey my commandments carefully]
11:38	lmia		rc://*/ta/man/translate/figs-idiom	וְ⁠הָיִ֣יתִי עִמָּ֗⁠ךְ	1	Yahweh is using **I will be with you** as a common expression of this culture to mean “I will help you.” If this phrase does not have that meaning in your language, you could use a comparable expression from your language that does have that meaning, or you could state the meaning plainly. If you have already translated the book of 1 Samuel, see how you translated the similar expression in [1 Samuel 3:19](../1sa/03/19.md). Alternate translation: [I will help you]
11:38	z4xf		rc://*/ta/man/translate/figs-activepassive	וּ⁠בָנִ֨יתִי לְ⁠ךָ֤ בַֽיִת־נֶאֱמָן֙ כַּ⁠אֲשֶׁ֣ר בָּנִ֣יתִי לְ⁠דָוִ֔ד	1	The term **established** is a passive verbal form. If your language would not use that form, you could express the idea in active form or in another way that is natural in your language. Alternate translation: [and I will build a house for you and establish it, just as I did for David]
11:38	j6j8		rc://*/ta/man/translate/figs-metaphor	וּ⁠בָנִ֨יתִי לְ⁠ךָ֤ בַֽיִת־נֶאֱמָן֙ כַּ⁠אֲשֶׁ֣ר בָּנִ֣יתִי לְ⁠דָוִ֔ד	1	Yahweh is speaking of establishing a dynasty as if it were actually a **house** that he would **build**. Your language may have a comparable expression that you can use in your translation, or you could state the meaning plainly. If you have already translated the book of 2 Samuel, see how you translated the similar expression in [2 Samuel 7:26](../2sa/07/26.md). Alternate translation: [and I will establish a royal dynasty for you, just as I did for David]
11:39	fwr8		rc://*/ta/man/translate/figs-metaphor	אֶת־זֶ֥רַע דָּוִ֖ד	1	See how you translated the similar expression in [11:14](../11/14.md). Alternate translation: [the descendants of David] or [David’s successors in his dynasty]
11:39	wso3		rc://*/ta/man/translate/figs-explicit	לְמַ֣עַן זֹ֑את	1	By **on account of this**, God means on account of Solomon’s disobedience and idolatry that he has described earlier. You could indicate this explicitly in your translation if that would be helpful to your readers. Alternate translation: [because Solomon has forsaken me and worshiped other gods]
11:39	z8qd		rc://*/ta/man/translate/figs-metonymy	אַ֖ךְ לֹ֥א כָל־הַ⁠יָּמִֽים	1	Here, **days** represents time or duration. If it would be helpful in your language, you could use an equivalent expression or plain language. Alternate translation: [but not for all time]
11:40	qy2n		rc://*/ta/man/translate/figs-explicit	וַ⁠יְבַקֵּ֥שׁ שְׁלֹמֹ֖ה לְ⁠הָמִ֣ית אֶת־יָרָבְעָ֑ם	1	The implication is that Solomon learned about Yahweh’s promise to make Jeroboam the king of ten tribes of Israel. You could include this information if that would be helpful to your readers. Alternate translation: [And Solomon learned of this and sought to kill Jeroboam]
11:40	x7pt		rc://*/ta/man/translate/figs-explicit	וַ⁠יָּ֣קָם יָרָבְעָ֗ם	1	See how you translated the similar expression in [2:40](../02/40.md). Alternate translation: [But Jeroboam took action]
11:41	k028		rc://*/ta/man/translate/writing-endofstory	וְ⁠יֶ֨תֶר דִּבְרֵ֧י שְׁלֹמֹ֛ה וְ⁠כָל־אֲשֶׁ֥ר עָשָׂ֖ה וְ⁠חָכְמָת֑⁠וֹ הֲ⁠לֽוֹא־הֵ֣ם כְּתֻבִ֔ים עַל־סֵ֖פֶר דִּבְרֵ֥י שְׁלֹמֹֽה	1	In this verse and the next two verses, the author is using the phrases he regularly uses to conclude the account of a king’s reign. See the discussion in the introduction to this chapter, and see how you translated the phrases in [2:10–11](../02/10.md) that are similar to the ones in verses 42 and 43 here.
11:41	tngy		rc://*/ta/man/translate/figs-rquestion	וְ⁠יֶ֨תֶר דִּבְרֵ֧י שְׁלֹמֹ֛ה וְ⁠כָל־אֲשֶׁ֥ר עָשָׂ֖ה וְ⁠חָכְמָת֑⁠וֹ הֲ⁠לֽוֹא־הֵ֣ם כְּתֻבִ֔ים עַל־סֵ֖פֶר דִּבְרֵ֥י שְׁלֹמֹֽה	1	The author is using the question form for emphasis. If a speaker of your language would not use the question form for that purpose, you could translate this as a statement or as an exclamation. Alternate translation: [Now the rest of the matters of Solomon and all that he did and his wisdom are written in the book of the matters of Solomon.]
11:41	oenj		rc://*/ta/man/translate/figs-activepassive	וְ⁠יֶ֨תֶר דִּבְרֵ֧י שְׁלֹמֹ֛ה וְ⁠כָל־אֲשֶׁ֥ר עָשָׂ֖ה וְ⁠חָכְמָת֑⁠וֹ הֲ⁠לֽוֹא־הֵ֣ם כְּתֻבִ֔ים עַל־סֵ֖פֶר דִּבְרֵ֥י שְׁלֹמֹֽה	1	The expression **are they not written** is a passive verbal form. If your language would not use that form, you could express the idea in active form or in another way that is natural in your language. Alternate translation: [Now you can read about the rest of the matters of Solomon and all that he did and his wisdom in the book of the matters of Solomon.]
11:41	beo6		rc://*/ta/man/translate/figs-hyperbole	וְ⁠כָל־אֲשֶׁ֥ר עָשָׂ֖ה	1	The author is saying **all that he did** as a generalization for emphasis. If it would be clearer in your language, you could express the emphasis in a different way. Alternate translation: [other significant things that he did]
11:41	k030		rc://*/ta/man/translate/translate-names	סֵ֖פֶר דִּבְרֵ֥י שְׁלֹמֹֽה	1	Decide how you will represent in your translation the name of this book and similar books that the author refers readers to for further information about various kings. Alternate translation: [the royal annals of Solomon] or [the Chronicles of Solomon]
11:42	uw1t		rc://*/ta/man/translate/figs-metonymy	וְ⁠הַ⁠יָּמִ֗ים & אַרְבָּעִ֖ים שָׁנָֽה	1	Here, **days** represents the length of time. If it would be helpful in your language, you could use an equivalent expression or plain language. Alternate translation: [And the time … was 40 years]
11:43	fpg2		rc://*/ta/man/translate/figs-euphemism	וַ⁠יִּשְׁכַּ֤ב שְׁלֹמֹה֙ עִם־אֲבֹתָ֔י⁠ו	1	See how you translated the similar expression in [2:10](../02/10.md). Alternate translation: [And Solomon passed away]
11:43	i35d		rc://*/ta/man/translate/figs-activepassive	וַ⁠יִּ֨קָּבֵ֔ר	1	The expression **he was buried** is a passive verbal form. If your language would not use that form, you could express the idea in active form or in another way that is natural in your language. Alternate translation: [and people buried him]
12:intro	abcc				0	# 1 Kings 12 Chapter Introduction\n\n## Structure and Formatting\n\nThis chapter tells how the kingdom of David and Solomon was split into two kingdoms, Israel in the north and Judah in the south.\n\n  1. The Israelites revolt against Rehoboam (12:1–19)\n  2. Jeroboam becomes the king of the northern tribes (12:20–33)\n\n## Religious and Cultural Concepts in This Chapter\n\n### Israel splits\n\nGod’s warning to Solomon came true. In spite of his famous wealth, Solomon had over-taxed his own people and forced them to work too hard. When the people requested that his son Rehoboam, who succeeded him as king, reduce taxes and forced labor, he replied that he would be even harsher than his father. This caused the ten northern tribes to revolt and appoint Jeroboam as their king. These northern tribes became the kingdom of Israel. Only the united tribe of Judah and Benjamin remained loyal to Rehoboam. They became the kingdom of Judah.\n\n### Jeroboam introduces idol worship\n\nJeroboam was afraid that if the people continued to go to Jerusalem to worship in the temple, they would want to return to Rehoboam as their king. So he made shrines in the north and south of his kingdom with golden statutes of calves for the people to worship. This eventually caused the destruction of his whole family. The kingdom of Israel continued worshiping those idols until they were taken captive by the Assyrians.\n\n### Why did Rehoboam send Adoram out?\n\nThe author describes in 12:18 how, after the Israelites rejected Rehoboam as their king, he sent Adoram, his officer in charge of forced labor, to speak with them. The Israelites responded by stoning Adoram to death. Rehoboam then had to flee to Jerusalem in his chariot to save his own life. It may seem that Rehoboam should have anticipated this outcome and not sent Adoram to speak with the people. This shows that he truly did have bad judgment because he was relying on his younger, inexperienced friends instead of the older men who had attended his father Solomon and heard his wisdom. Sending Adoram to the people signaled Rehoboam’s intent to continue and enforce the harsh labor policies established under his father Solomon, which the people deeply resented. Rather than seeking dialogue or reconciliation, Rehoboam acted out of arrogance or misjudgment, believing wrongly that a show of authority through his officer would quell resistance.
12:1	u8i1		rc://*/ta/man/translate/grammar-connect-logic-result	וַ⁠יֵּ֥לֶךְ רְחַבְעָ֖ם שְׁכֶ֑ם כִּ֥י שְׁכֶ֛ם בָּ֥א כָל־יִשְׂרָאֵ֖ל לְ⁠הַמְלִ֥יךְ אֹתֽ⁠וֹ	1	If it would be more natural in your language, you could reverse the order of these phrases, since the second phrase gives the reason for the result that the first phrase describes. Alternate translation: [And since all of Israel had come to Shechem to make him reign, Rehoboam went to Shechem]
12:1	kepj		rc://*/ta/man/translate/figs-hyperbole	כָל־יִשְׂרָאֵ֖ל	1	The author says **all of Israel** as a generalization for emphasis. If it would be clearer in your language, you could express the emphasis in a different way. Alternate translation: [representatives of the Israelite tribes]
12:2	lf4n		rc://*/ta/man/translate/writing-newevent	וַ⁠יְהִ֞י	1	See how you translated the phrase “And it happened” in [2:39](../02/39.md), where it similarly introduces a new event.
12:2	idnt		rc://*/ta/man/translate/writing-pronouns	וְ⁠הוּא֙ עוֹדֶ֣⁠נּוּ בְ⁠מִצְרַ֔יִם	1	The author is stating the pronoun **he** separately, even though the expression **he {was} still** already includes this meaning. He is doing that in order to introduce background information. If a speaker of your language would use an explicit pronoun for this same purpose, you may want to use that construction in your translation. If not, your language may have other ways of showing that the author is introducing background information. Alternate translation: [now as for him, he was still in Egypt]
12:2	xlt7		rc://*/ta/man/translate/figs-synecdoche	מִ⁠פְּנֵ֖י הַ⁠מֶּ֣לֶךְ שְׁלֹמֹ֑ה	1	The author is using one part of Solomon, his **face**, to mean all of him in the act of trying to kill Jeroboam. If it would be helpful in your language, you could state the meaning plainly. If you have already translated the book of 1 Samuel, see how you translated the similar expression in [1 Samuel 18:11](../1sa/18/11.md). Alternate translation: [from Solomon, who had tried to kill him]
12:3	uai8		rc://*/ta/man/translate/figs-ellipsis	וַֽ⁠יִּשְׁלְחוּ֙	1	The author is leaving out some of the words that in many languages a sentence would need in order to be complete. You can supply these words from the context if that would be clearer in your language. Alternate translation: [that they sent messengers]
12:3	nigf		rc://*/ta/man/translate/writing-quotations	לֵ⁠אמֹֽר	1	See how you translated the similar expression in [1:5](../01/05.md).
12:4	s0nz		rc://*/ta/man/translate/figs-metaphor	אָבִ֖י⁠ךָ הִקְשָׁ֣ה אֶת־עֻלֵּ֑⁠נוּ וְ⁠אַתָּ֡ה עַתָּ֣ה הָקֵל֩ מֵ⁠עֲבֹדַ֨ת אָבִ֜י⁠ךָ הַ⁠קָּשָׁ֗ה וּ⁠מֵ⁠עֻלּ֧⁠וֹ הַ⁠כָּבֵ֛ד אֲשֶׁר־נָתַ֥ן עָלֵ֖י⁠נוּ	1	The Israelites are speaking as if the labor that Solomon required of them were actually a **yoke** that he had put on them. They mean that Solomon’s requirements were difficult and burdensome. Your language may have a comparable expression that you can use in your translation, or you could state the meaning plainly. Alternate translation: [Your father made us work very hard. But you, now make us work less hard than we did when we were serving your father, who made us work so hard]
12:4	ob3p		rc://*/ta/man/translate/writing-pronouns	וְ⁠אַתָּ֡ה עַתָּ֣ה הָקֵל֩	1	Jeroboam and the Israelite leaders are stating the pronoun **you** separately, even though the imperative verb translated as **make … lighter** already includes this meaning. They are doing that in order to emphasize a contrast between what Solomon did and what they want Rehoboam to do. See how you translated the expression “he, he cursed” in [2:8](../02/08.md), which similarly emphasizes a contrast. Alternate translation: [But for your part, now make it lighter]
12:4	rq3q		rc://*/ta/man/translate/figs-doublet	עַתָּ֣ה הָקֵל֩ מֵ⁠עֲבֹדַ֨ת אָבִ֜י⁠ךָ הַ⁠קָּשָׁ֗ה וּ⁠מֵ⁠עֻלּ֧⁠וֹ הַ⁠כָּבֵ֛ד אֲשֶׁר־נָתַ֥ן עָלֵ֖י⁠נוּ	1	The terms **hard service** and **heavy yoke** mean similar things. The people are using the two terms together for emphasis. If it would be clearer for your readers, you could express the emphasis with a single phrase. Alternate translation: [now make it lighter than the heavy yoke that your father put on us as a hard master] or [now let us work less hard than we did when we were serving your father]
12:5	b5t4		rc://*/ta/man/translate/figs-idiom	לְכ֥וּ עֹ֛ד שְׁלֹשָׁ֥ה יָמִ֖ים	1	See how you translated the similar expression in [3:18](../03/18.md). Alternate translation: [Go away until the day after tomorrow]
12:6	oz9k		rc://*/ta/man/translate/figs-explicit	הַ⁠זְּקֵנִים֙	1	Here, as in verses 8 and 13, the term **elders** describes older men, as opposed to the “young men” whom the author describes in verses 8 and 10. It may be helpful to clarify this for your readers. Alternate translation: [the older men]
12:6	z49c		rc://*/ta/man/translate/figs-metonymy	אֶת־פְּנֵי֙ שְׁלֹמֹ֣ה	1	Here, **to the face of** represents being in the presence of Solomon in order to be ready to serve him. If it would be helpful in your language, you could use an equivalent expression or plain language. Alternate translation: [in the presence of Solomon] or [as attendants to Solomon]
12:6	iuls		rc://*/ta/man/translate/figs-metonymy	אֵ֚יךְ אַתֶּ֣ם נֽוֹעָצִ֔ים לְ⁠הָשִׁ֥יב אֶת־הָֽ⁠עָם־הַ⁠זֶּ֖ה דָּבָֽר	1	Here, **word** represents what Rehoboam would say by using words. If it would be clearer in your language, you could state the meaning plainly. Alternate translation: [What would you advise me to say to answer these people]
12:7	z5w1		rc://*/ta/man/translate/figs-metonymy	הַ֠⁠יּוֹם	1	The elders are using the term **today** to refer to a specific occasion. If it would be helpful in your language, you could state the meaning plainly. Alternate translation: [in this instance] or [on this occasion]
12:7	aw5p		rc://*/ta/man/translate/figs-metaphor	תִּֽהְיֶה־עֶ֜בֶד לָ⁠עָ֤ם הַ⁠זֶּה֙ וַֽ⁠עֲבַדְתָּ֔⁠ם	1	The elders are speaking as if Rehoboam should actually be a **servant** and **serve** the people. They mean that Rehoboam should have a humble attitude toward them and be willing to let them say what he should do in this instance. If it would be helpful in your language, you could state the meaning plainly. Alternate translation: [you will have a humble attitude toward this people and let them say what you should do]
12:7	edmg		rc://*/ta/man/translate/figs-hendiadys	וַ⁠עֲנִיתָ֕⁠ם וְ⁠דִבַּרְתָּ֥ אֲלֵי⁠הֶ֖ם דְּבָרִ֣ים טוֹבִ֑ים	1	The phrase **answer them and speak good words** expresses a single idea. The phrase **speak good words** tells in what way Rehoboam should **answer** the people. If it would be more natural in your language, you could express this meaning in a different way. Alternate translation: [and you speak good words in answer to them] or [and you answer them kindly]
12:7	ope6		rc://*/ta/man/translate/figs-metonymy	כָּל־הַ⁠יָּמִֽים	1	Here, **all of the days** represents “all the time” or “for as long as you reign.” If it would be helpful in your language, you could use an equivalent expression or plain language. Alternate translation: [all the time] or [for as long as you reign]
12:8	g9t4		rc://*/ta/man/translate/writing-poetry	אֶת־עֲצַ֥ת הַ⁠זְּקֵנִ֖ים אֲשֶׁ֣ר יְעָצֻ֑⁠הוּ	1	The author is using a construction in which a verb and its object come from the same root. You may be able to use the same construction in your language to express the meaning here. Alternatively, your language may have another way of saying this. Alternate translation: [the counsel that the elders had given him]
12:8	jx8n		rc://*/ta/man/translate/figs-metonymy	אֲשֶׁ֥ר הָ⁠עֹמְדִ֖ים לְ⁠פָנָֽי⁠ו	1	Here, **to his face** represents being in Rehoboam’s presence, in this context, to serve him as advisors. If it would be helpful in your language, you could use an equivalent expression or plain language. Alternate translation: [who were standing in his presence] or [who were serving as his advisors]
12:9	vi9j		rc://*/ta/man/translate/figs-metonymy	מָ֚ה אַתֶּ֣ם נֽוֹעָצִ֔ים וְ⁠נָשִׁ֥יב דָּבָ֖ר	1	Here, **word** represents what Rehoboam and his young advisors would say by using words. If it would be clearer in your language, you could state the meaning plainly. Alternate translation: [What are you advising that we should say in response to]
12:9	ihls		rc://*/ta/man/translate/figs-exclusive	וְ⁠נָשִׁ֥יב	1	By **we**, Rehoboam means to include both himself and the young men whom he is consulting, so use the inclusive form of that word if your language marks that distinction.
12:9	ci8h		rc://*/ta/man/translate/figs-quotesinquotes	לֵ⁠אמֹ֔ר הָקֵל֙ מִן־הָ⁠עֹ֔ל אֲשֶׁר־נָתַ֥ן אָבִ֖י⁠ךָ עָלֵֽי⁠נוּ	1	If it would be clearer in your language, you could translate this so that there is not a quotation within a quotation. Alternate translation: [and asked me to make their yoke lighter now than the yoke that my father put on them]
12:9	nc30		rc://*/ta/man/translate/figs-ellipsis	הָקֵל֙	1	The people are leaving out some of the words that in many languages a sentence would need in order to be complete. You can supply these words from the context if that would be clearer in your language. Alternate translation: [Make our yoke lighter now]
12:9	aet5		rc://*/ta/man/translate/figs-exclusive	עָלֵֽי⁠נוּ	1	The Israelite leaders were using the pronoun **us** to refer to themselves but not to Rehoboam, so use the exclusive form of that word if your language marks that distinction.
12:10	qe6y		rc://*/ta/man/translate/figs-quotesinquotes	כֹּֽה־תֹאמַ֣ר לָ⁠עָ֣ם הַ⁠זֶּ֡ה אֲשֶׁר֩ דִּבְּר֨וּ אֵלֶ֜י⁠ךָ לֵ⁠אמֹ֗ר אָבִ֨י⁠ךָ֙ הִכְבִּ֣יד אֶת־עֻלֵּ֔⁠נוּ וְ⁠אַתָּ֖ה הָקֵ֣ל מֵ⁠עָלֵ֑י⁠נוּ	1	If it would be clearer in your language, you could translate this so that there is not a quotation within a quotation. Alternate translation: [Thus you shall say to this people who spoke to you and told you that your father had made their yoke heavy but you, you should make light from upon them]
12:10	xrzf		rc://*/ta/man/translate/figs-metaphor	אָבִ֨י⁠ךָ֙ הִכְבִּ֣יד אֶת־עֻלֵּ֔⁠נוּ וְ⁠אַתָּ֖ה הָקֵ֣ל מֵ⁠עָלֵ֑י⁠נוּ	1	See how you translated the similar expression in [12:4](../12/04.md). Alternate translation: [Your father made us work very hard, but you, make us work less hard]
12:10	m00z		rc://*/ta/man/translate/writing-pronouns	הָקֵ֣ל מֵ⁠עָלֵ֑י⁠נוּ	1	The people were stating the pronoun **you** explicitly in order to draw a contrast between what Solomon had done and what they wanted Rehoboam to do. See how you translated the similar expression in [12:4](../12/04.md). Alternate translation: [but for your part, make light from upon us] or [but for your part, make us work less hard]
12:10	te73		rc://*/ta/man/translate/figs-quotesinquotes	כֹּ֚ה תְּדַבֵּ֣ר אֲלֵי⁠הֶ֔ם קָֽטָנִּ֥⁠י עָבָ֖ה מִ⁠מָּתְנֵ֥י אָבִֽ⁠י	1	If it would be clearer in your language, you could translate this so that there is not a quotation within a quotation. Alternate translation: [You should tell them that your little finger is thicker than the loins of your father]
12:10	t3zm		rc://*/ta/man/translate/figs-metaphor	קָֽטָנִּ֥⁠י עָבָ֖ה מִ⁠מָּתְנֵ֥י אָבִֽ⁠י	1	Here, Rehoboam is speaking as if his **little finger** were actually **thicker** than his father’s **loins** (his hips, the widest part of his body). He means that he has much greater power and authority than his father did. Your language may have a comparable expression that you can use in your translation, or you could state the meaning plainly. Alternate translation: [I have much greater power and authority than my father did]
12:11	q99n		rc://*/ta/man/translate/grammar-connect-words-phrases	וְ⁠עַתָּ֗ה	1	See how you translated the similar expression in [1:12](../01/12.md).
12:11	dhv9		rc://*/ta/man/translate/figs-metaphor	אָבִ⁠י֙ הֶעְמִ֤יס עֲלֵי⁠כֶם֙ עֹ֣ל כָּבֵ֔ד וַ⁠אֲנִ֖י אוֹסִ֣יף עַֽל־עֻלְּ⁠כֶ֑ם	1	See how you translated the similar expression in [12:4](../12/04.md). Alternate translation: [my father made you work hard, but I, I will make you work even harder]
12:11	y8m7		rc://*/ta/man/translate/writing-pronouns	וַ⁠אֲנִ֖י אוֹסִ֣יף עַֽל־עֻלְּ⁠כֶ֑ם & וַ⁠אֲנִ֕י אֲיַסֵּ֥ר אֶתְ⁠כֶ֖ם בָּ⁠עַקְרַבִּֽים	1	See how you translated the similar expression in [12:4](../12/04.md). Alternate translation: [but for my part, I will add to your yoke … but for my part, I will discipline you with scorpions] or [but for my part, I will make you work even harder … but for my part, I will discipline you even more severely]
12:11	l9xa		rc://*/ta/man/translate/figs-explicit	בָּ⁠עַקְרַבִּֽים	1	The young men want Rehoboam to use the term **scorpions** within an image to mean that he would discipline the Israelites more severely than his father did. If you decide to retain the image in your translation, you could show what this term means. The term **scorpions** could be: (1) the name of whips that had cutting objects in their ends such as iron points, hooks, or thorns. Alternate translation: [with barbed whips] or (2) a reference to actual scorpions, insects that have very painful stingers in their tails. Alternate translation: [by having scorpions sting you]
12:12	k3yp		rc://*/ta/man/translate/figs-explicit	בַּ⁠יּ֣וֹם הַ⁠שְּׁלִישִׁ֑י & בַּ⁠יּ֥וֹם הַ⁠שְּׁלִישִֽׁי	1	See how you translated the similar expression in [12:5](../12/05.md). Alternate translation: [two days after their first meeting with him … the day after tomorrow]
12:13	u57x		rc://*/ta/man/translate/figs-events	וַ⁠יַּ֧עַן הַ⁠מֶּ֛לֶךְ אֶת־הָ⁠עָ֖ם קָשָׁ֑ה וַֽ⁠יַּעֲזֹ֛ב אֶת־עֲצַ֥ת הַ⁠זְּקֵנִ֖ים אֲשֶׁ֥ר יְעָצֻֽ⁠הוּ	1	The author is describing one event before describing another event that preceded it. If it would be helpful in your language, you may wish to relate these events in the order in which they happened, as in the UST. Alternate translation: [And the king forsook the counsel of the elders that they had counseled him, and he answered the people harshly]
12:13	n03w		rc://*/ta/man/translate/writing-poetry	אֶת־עֲצַ֥ת הַ⁠זְּקֵנִ֖ים אֲשֶׁ֥ר יְעָצֻֽ⁠הוּ	1	See how you translated the similar expression in [12:8](../12/08.md). Alternate translation: [the counsel that the elders had given him]
12:14	qsm3		rc://*/ta/man/translate/figs-metaphor	אָבִ⁠י֙ הִכְבִּ֣יד אֶֽת־עֻלְּ⁠כֶ֔ם וַ⁠אֲנִ֖י אֹסִ֣יף עַֽל־עֻלְּ⁠כֶ֑ם אָבִ֗⁠י יִסַּ֤ר אֶתְ⁠כֶם֙ בַּ⁠שּׁוֹטִ֔ים וַ⁠אֲנִ֕י אֲיַסֵּ֥ר אֶתְ⁠כֶ֖ם בָּ⁠עַקְרַבִּֽים	1	See how you translated the similar expression in [12:11](../12/11.md). Alternate translation: [My father made you work hard, but for my part, I will make you work even harder. My father disciplined you severely, but for my part, I will discipline you even more severely]
12:15	lc7a		rc://*/ta/man/translate/figs-explicit	וְ⁠לֹֽא־שָׁמַ֥ע הַ⁠מֶּ֖לֶךְ אֶל־הָ⁠עָ֑ם	1	See how you translated the similar expression in [5:8](../05/08.md). Alternate translation: [And the king did not agree to do what the people had requested]
12:15	n745		rc://*/ta/man/translate/figs-idiom	סִבָּה֙	1	The author is saying **the turn** as a common expression of his culture to mean “this turn of events” or “this occurrence.” If this phrase does not have that meaning in your language, you could use a comparable expression from your language that does have that meaning, or you could state the meaning plainly. Alternate translation: [this turn of events] or [this occurrence]
12:15	bz4a		rc://*/ta/man/translate/figs-metaphor	לְמַ֜עַן הָקִ֣ים אֶת־דְּבָר֗⁠וֹ	1	See how you translated the similar expression in [2:4](../02/04.md). Alternate translation: [so that he might make happen the things that he said]
12:15	hemq		rc://*/ta/man/translate/writing-pronouns	דִּבֶּ֤ר יְהוָה֙	1	Since the author has already used the name Yahweh earlier in this sentence, it may be more natural in your language to use a pronoun here. Alternate translation: [he had spoken]
12:15	nyla		rc://*/ta/man/translate/figs-metonymy	בְּ⁠יַד֙	1	See how you translated the similar expression in [8:53](../08/53.md). Alternate translation: [through the agency of]
12:16	d9zz		rc://*/ta/man/translate/figs-hyperbole	כָּל־יִשְׂרָאֵ֗ל	1	See how you translated the similar expression in [12:1](../12/01.md). Alternate translation: [the representatives of the Israelite tribes]
12:16	l0ye		rc://*/ta/man/translate/figs-explicit	לֹֽא־שָׁמַ֣ע & אֲלֵי⁠הֶם֒	1	See how you translated the similar expression in [5:8](../05/08.md). Alternate translation: [would not agree to do what they had asked]
12:16	d2v5		rc://*/ta/man/translate/figs-metonymy	וַ⁠יָּשִׁ֣בוּ הָ⁠עָ֣ם אֶת־הַ⁠מֶּ֣לֶךְ דָּבָ֣ר	1	Here, **a word** represents what the people said by using words. If it would be clearer in your language, you could state the meaning plainly. Alternate translation: [and the people spoke in response to the king]
12:16	d771		rc://*/ta/man/translate/figs-metonymy	מַה־לָּ⁠נוּ֩ חֵ֨לֶק בְּ⁠דָוִ֜ד וְ⁠לֹֽא־נַחֲלָ֣ה בְּ⁠בֶן־יִשַׁ֗י	1	Here, **David** represents a kingdom ruled by descendants of David, and **the son of Jesse** represents the dynasty of Jesse’s son. If it would be helpful in your language, you could use an equivalent expression or plain language. Alternate translation: [What portion is to us in a kingdom ruled by descendants of David? And no inheritance in the dynasty of the son of Jesse]
12:16	u0bc		rc://*/ta/man/translate/figs-parallelism	מַה־לָּ⁠נוּ֩ חֵ֨לֶק בְּ⁠דָוִ֜ד וְ⁠לֹֽא־נַחֲלָ֣ה בְּ⁠בֶן־יִשַׁ֗י	1	These two phrases mean basically the same thing. The second emphasizes the meaning of the first by repeating the same idea with different words. If it would be helpful to your readers, you could combine them and express the emphasis in another way. If you have already translated the book of 1 Samuel, see how you translated the similar expression in [1 Samuel 20:1](../1sa/20/01.md). Alternate translation: [We will inherit no portion of the kingdom of David, the son of Jesse]
12:16	f86i		rc://*/ta/man/translate/figs-metaphor	מַה־לָּ⁠נוּ֩ חֵ֨לֶק בְּ⁠דָוִ֜ד וְ⁠לֹֽא־נַחֲלָ֣ה בְּ⁠בֶן־יִשַׁ֗י	1	The Israelite leaders are speaking as if David were actually land or property of which the Israelites could have a **portion** that they would receive as an **inheritance**. If it would be helpful in your language, you could state the meaning plainly. Alternate translation: [We want nothing to do with the kingdom of David son of Jesse]
12:16	tgxf		rc://*/ta/man/translate/figs-rquestion	מַה־לָּ⁠נוּ֩ חֵ֨לֶק בְּ⁠דָוִ֜ד	1	The people are using the question form **What portion is to us in David?** to emphasize that they have no share or inheritance with David’s dynasty. If a speaker of your language would not use the question form for that purpose, you could translate this as a statement or as an exclamation. Alternate translation: [We have no portion in David!]
12:16	si5x		rc://*/ta/man/translate/figs-ellipsis	וְ⁠לֹֽא־נַחֲלָ֣ה בְּ⁠בֶן־יִשַׁ֗י	1	The people are leaving out some of the words that in many languages a sentence would need in order to be complete. You can supply these words from the context if that would be clearer in your language. Alternate translation: [And we have no inheritance in the son of Jesse]
12:16	ejcr		rc://*/ta/man/translate/figs-synecdoche	לְ⁠אֹהָלֶ֨י⁠ךָ֙ & לְ⁠אֹהָלָֽי⁠ו	1	See how you translated the similar expression in [8:66](../08/66.md). Alternate translation: [To your homes … to their homes]
12:16	gq26		rc://*/ta/man/translate/figs-ellipsis	לְ⁠אֹהָלֶ֨י⁠ךָ֙	1	The people are leaving out some of the words that in many languages a sentence would need in order to be complete. You can supply these words from the context if that would be clearer in your language. Alternate translation: [Return to your tents] or [Return to your homes]
12:16	e53u		rc://*/ta/man/translate/figs-idiom	רְאֵ֥ה בֵיתְ⁠ךָ֖	1	The people are using **see your house** as a common expression of their culture to mean “take care of your own affairs” or “rule only your own tribe.” If this phrase does not have that meaning in your language, you could use a comparable expression from your language that does have that meaning, or you could state the meaning plainly. Alternate translation: [see to your own house] or [be the king of your own tribe]
12:16	e52g		rc://*/ta/man/translate/figs-metonymy	דָּוִ֑ד	1	Here, **David** represents the royal dynasty of David, in which Rehoboam is the current king. If it would be helpful in your language, you could use an equivalent expression or state the meaning plainly. Alternate translation: [Rehoboam] or [you descendant of David]
12:17	htty		rc://*/ta/man/translate/writing-background	וּ⁠בְנֵ֣י יִשְׂרָאֵ֔ל הַ⁠יֹּשְׁבִ֖ים בְּ⁠עָרֵ֣י יְהוּדָ֑ה וַ⁠יִּמְלֹ֥ךְ עֲלֵי⁠הֶ֖ם רְחַבְעָֽם	1	As background information, the author is describing what happened as a result of this event even before he has finished telling the story of the event. He is doing that in order to clarify that the term “Israel” in the previous verse, meaning the Israelite people, does not include the members of the tribe of Judah. In your translation, present this information in a way that would be natural in your own language and culture.
12:17	h5qg		rc://*/ta/man/translate/figs-metaphor	וּ⁠בְנֵ֣י יִשְׂרָאֵ֔ל	1	See how you translated the similar expression in [6:1](../06/01.md). Alternate translation: [But the Israelites]
12:17	sgd6		rc://*/ta/man/translate/figs-explicit	בְּ⁠עָרֵ֣י יְהוּדָ֑ה	1	See how you translated the similar expression in [11:13](../11/13.md). Alternate translation: [the cities of Judah and Benjamin]
12:17	sdfj		rc://*/ta/man/translate/figs-metonymy	בְּ⁠עָרֵ֣י יְהוּדָ֑ה	1	Here, **the cities of Judah** represents the territory of the united tribe of Judah and Benjamin. If it would be helpful in your language, you could use an equivalent expression or state the meaning plainly. Alternate translation: [within the territory of the united tribe of Judah and Benjamin]
12:18	x14i		rc://*/ta/man/translate/figs-ellipsis	וַ⁠יִּשְׁלַ֞ח הַ⁠מֶּ֣לֶךְ רְחַבְעָ֗ם אֶת־אֲדֹרָם֙ אֲשֶׁ֣ר עַל־הַ⁠מַּ֔ס	1	The author is leaving out some of the words that in many languages a sentence would need in order to be complete. You can supply these words from the context if that would be clearer in your language. Alternate translation: [And King Rehoboam sent Adoram, who was over the forced labor, to reassert his authority]
12:18	opgq		rc://*/ta/man/translate/translate-names	אֶת־אֲדֹרָם֙	1	**Adoram** seems to be a variant spelling of the name “Adoniram,” whom the author says similarly in [5:14](../05/14.md) was “over the forced labor” during the reign of Solomon. If it would be helpful to your readers, you could use the name “Adoniram” here.
12:18	nd3i		rc://*/ta/man/translate/writing-poetry	וַ⁠יִּרְגְּמ֨וּ כָל־יִשְׂרָאֵ֥ל בּ֛⁠וֹ אֶ֖בֶן	1	The author is using a construction in which a verb and its object come from the same root. You may be able to use the same construction in your language to express the meaning here. Alternatively, your language may have another way of saying this. Alternate translation: [but all of Israel violently stoned him]
12:18	m6a8		rc://*/ta/man/translate/figs-hyperbole	כָל־יִשְׂרָאֵ֥ל	1	The author says **all of Israel** as a generalization for emphasis. If it would be clearer in your language, you could express the emphasis in a different way. Alternate translation: [the Israelites who had come to Shechem]
12:18	w12u		rc://*/ta/man/translate/figs-idiom	וְ⁠הַ⁠מֶּ֣לֶךְ רְחַבְעָ֗ם הִתְאַמֵּץ֙	1	The author is using **strengthened himself** as a common expression of the culture to mean “summoned all his strength” or “made a desperate effort.” If this phrase does not have that meaning in your language, you could use a comparable expression from your language that does have that meaning, or you could state the meaning plainly. Alternate translation: [And King Rehoboam made a desperate effort]
12:19	gt2z		rc://*/ta/man/translate/figs-metaphor	בְּ⁠בֵ֣ית דָּוִ֔ד	1	To translate this expression and in the next verse, see how you translated the similar expression in [2:24](../02/24.md). Alternate translation: [against the dynasty of David]
12:19	pyi3		rc://*/ta/man/translate/figs-explicit	עַ֖ד הַ⁠יּ֥וֹם הַ⁠זֶּֽה	1	See how you translated the similar expression in [8:8](../08/08.md). Alternate translation: [right up to the time of this writing]
12:20	reef		rc://*/ta/man/translate/writing-newevent	וַ⁠יְהִ֞י	1	See how you translated the phrase “And it happened” in [8:10](../08/10.md), where it similarly introduces a new development.
12:20	s009		rc://*/ta/man/translate/figs-ellipsis	וַֽ⁠יִּשְׁלְח֗וּ	1	See how you translated the similar expression in [12:3](../12/03.md). Alternate translation: [that they sent messengers]
12:20	kdo5		rc://*/ta/man/translate/grammar-connect-exceptions	לֹ֤א הָיָה֙ אַחֲרֵ֣י בֵית־דָּוִ֔ד זוּלָתִ֥י שֵֽׁבֶט־יְהוּדָ֖ה לְ⁠בַדּֽ⁠וֹ	1	If it would appear in your language that the author was making a statement and then contradicting it, you could reword this as a positive statement. Alternate translation: [Only the tribe of Judah by itself was after the house of David]
12:20	foa5		rc://*/ta/man/translate/figs-ellipsis	לֹ֤א הָיָה֙	1	The author is leaving out some of the words that in many languages a sentence would need in order to be complete. You can supply these words from the context if that would be clearer in your language. Alternate translation: [One tribe was not] or [No tribe was]
12:20	quwm		rc://*/ta/man/translate/figs-idiom	לֹ֤א הָיָה֙ אַחֲרֵ֣י בֵית־דָּוִ֔ד	1	The author is using **was after the house of David** as a common expression of his culture to mean “was loyal to the house of David” or “remained subject to the house of David.” If this phrase does not have that meaning in your language, you could use a comparable expression from your language that does have that meaning, or you could state the meaning plainly. Alternate translation: [One was not loyal to the house of David] or [One did not remain subject to the house of David]
12:20	v407		rc://*/ta/man/translate/figs-explicit	שֵֽׁבֶט־יְהוּדָ֖ה	1	See how you translated the similar expression in [11:13](../11/13.md). Alternate translation: [the united tribe of Judah and Benjamin]
12:21	khah		rc://*/ta/man/translate/writing-pronouns	ו⁠יבאו רְחַבְעָם֮ & לִ⁠רְחַבְעָ֖ם בֶּן־שְׁלֹמֹֽה	1	Since the author uses the name **Rehoboam** at the start of this sentence, it may be more natural in your language to use a pronoun at the end of the sentence. If you decide to do that, you could give the full form of his name at the beginning of the sentence. Alternate translation: [And Rehoboam, the son of Solomon, entered … to him]
12:21	chy4		rc://*/ta/man/translate/figs-metaphor	בֵּ֨ית יְהוּדָ֜ה וְ⁠אֶת־שֵׁ֣בֶט בִּנְיָמִ֗ן & בֵּ֣ית יִשְׂרָאֵ֔ל	1	The author is using the term **house** to mean “army.” If it would be helpful to your readers, you could state the meaning plainly. Alternate translation: [the army of the united tribe of Judah and Benjamin … the army of the northern Israelite tribes]
12:21	ieq5		rc://*/ta/man/translate/figs-activepassive	בָּח֖וּר עֹשֵׂ֣ה מִלְחָמָ֑ה	1	The term **chosen** is a passive verbal form. If your language would not use that form, you could express the idea in active form or in another way that is natural in your language. Alternate translation: [makers of war whom he chose]
12:21	d7sv		rc://*/ta/man/translate/figs-possession	עֹשֵׂ֣ה מִלְחָמָ֑ה	1	The author is using the possessive form to describe men who are characterized by their ability to make war. If a speaker of your language would not use the possessive form for this, you could express this idea in another way. Alternate translation: [warriors]
12:22	vkcw		rc://*/ta/man/translate/figs-idiom	וַ⁠יְהִי֙ דְּבַ֣ר הָֽ⁠אֱלֹהִ֔ים אֶל־שְׁמַעְיָ֥ה	1	See how you translated the similar expression in [6:11](../06/11.md). Alternate translation: [But God spoke a message to Shemaiah]
12:22	k031		rc://*/ta/man/translate/figs-possession	אִישׁ־הָ⁠אֱלֹהִ֖ים	1	The author is using this possessive form to describe a **man** who was characterized by having a special mission from **God**, specifically, to be a prophet. (The author does not mean “a godly man,” although true prophets also were godly people.) If a speaker of your language would not use the possessive form for this, you could express this idea in another way. Alternate translation: [the prophet]
12:23-24	mdkd		rc://*/ta/man/translate/figs-quotesinquotes	אֱמֹ֗ר אֶל־רְחַבְעָ֤ם בֶּן־שְׁלֹמֹה֙ מֶ֣לֶךְ יְהוּדָ֔ה וְ⁠אֶל־כָּל־בֵּ֥ית יְהוּדָ֖ה וּ⁠בִנְיָמִ֑ין וְ⁠יֶ֥תֶר הָ⁠עָ֖ם לֵ⁠אמֹֽר׃ כֹּ֣ה אָמַ֣ר יְהוָ֡ה לֹֽא־תַעֲלוּ֩ וְ⁠לֹא־תִלָּ֨חֲמ֜וּ⁠ן עִם־אֲחֵי⁠כֶ֣ם בְּנֵֽי־יִשְׂרָאֵ֗ל שׁ֚וּבוּ אִ֣ישׁ לְ⁠בֵית֔⁠וֹ כִּ֧י מֵ⁠אִתִּ֛⁠י נִהְיָ֖ה הַ⁠דָּבָ֣ר הַ⁠זֶּ֑ה	1	If it would be clearer in your language, you could translate this so that there are not quotations within quotations. Alternate translation: [Speak to Rehoboam, the son of Solomon, the king of Judah, and to all of the house of Judah and Benjamin and the rest of the people and tell them that I say that they should not go up and fight with their brothers, the sons of Israel. Instead, a man should return to his house, for this thing has been from with me]
12:23	j447		rc://*/ta/man/translate/translate-names	מֶ֣לֶךְ יְהוּדָ֔ה	1	Since **king of Judah** was an actual title that Rehoboam and his successors held, it would not be appropriate to translate it as “king of the united tribe of Judah and Benjamin,” even if you have been representing the term “Judah” that way elsewhere in your translation.
12:23	e1hc		rc://*/ta/man/translate/figs-metaphor	בֵּ֥ית	1	See how you translated the similar expression in [12:21](../12/21.md). Alternate translation: [the soldiers of] or [the army of]
12:23	hnka		rc://*/ta/man/translate/figs-explicit	וְ⁠יֶ֥תֶר הָ⁠עָ֖ם	1	By **the rest of the people**, the author means the people of Rehoboam’s kingdom who were not warriors. You could indicate this explicitly in your translation if that would be helpful to your readers. Alternate translation: [and the civilian population]
12:24	r89y		rc://*/ta/man/translate/figs-quotemarks	כֹּ֣ה אָמַ֣ר יְהוָ֡ה לֹֽא־תַעֲלוּ֩ וְ⁠לֹא־תִלָּ֨חֲמ֜וּ⁠ן עִם־אֲחֵי⁠כֶ֣ם בְּנֵֽי־יִשְׂרָאֵ֗ל שׁ֚וּבוּ אִ֣ישׁ לְ⁠בֵית֔⁠וֹ כִּ֧י מֵ⁠אִתִּ֛⁠י נִהְיָ֖ה הַ⁠דָּבָ֣ר הַ⁠זֶּ֑ה	1	There are three levels of quotation here. The author is quoting what Yahweh said to Shemaiah (level 1), continuing from the previous verse. At the start of this verse, Yahweh is speaking directly to Shemaiah (level 2). Yahweh then tells Shemaiah what he wants him to say to Rehoboam and the people with him (level 3). Use the appropriate punctuation in your language to mark these levels of quotation. Alternatively, you could translate this so that there are not second-level or third-level quotations.
12:24	m5qf		rc://*/ta/man/translate/figs-explicitinfo	לֹֽא־תַעֲלוּ֩	1	See how you translated the similar expression in [1:25](../01/25.md). Yahweh is speaking of travel to a higher elevation, specifically, from Judah to “Shechem in the hill country of Ephraim,” which Jeroboam made his capital, as the author explains in the next verse. Alternate translation: [You shall not go]
12:24	y877		rc://*/ta/man/translate/figs-metaphor	אֲחֵי⁠כֶ֣ם	1	Yahweh is speaking as if the people of the northern tribes were actually **brothers** to the people of Judah. He means that they are all descendants of the same ancestor, Jacob. Your language may have a comparable expression that you can use in your translation, or you could state the meaning plainly. Alternate translation: [your kinsmen]
12:24	uhqu		rc://*/ta/man/translate/figs-idiom	שׁ֚וּבוּ אִ֣ישׁ לְ⁠בֵית֔⁠וֹ	1	Yahweh is using **a man to his house** as a common expression of this culture to mean that the soldiers should not continue this military campaign. Instead, each one should go back to his home and family. If this phrase does not have that meaning in your language, you could use a comparable expression from your language that does have that meaning, or you could state the meaning plainly. If you have already translated the book of 2 Samuel, see how you translated the similar expression “a man to his tent” in [2 Samuel 18:17](../2sa/18/17.md), which similarly refers to a cessation of military activities. Alternate translation: [Each of you, leave the army and return home]
12:24	cyir		rc://*/ta/man/translate/figs-metonymy	אֶת־דְּבַ֣ר יְהוָ֔ה & כִּ⁠דְבַ֥ר יְהוָֽה	1	The author is using the term **word** to represent what Yahweh said by using words. If it would be clearer in your language, you could state the meaning plainly. Alternate translation: [what Yahweh had said to them … just as Yahweh had told them to do]
12:24	uiks		rc://*/ta/man/translate/figs-ellipsis	וַ⁠יָּשֻׁ֥בוּ לָ⁠לֶ֖כֶת	1	The author is leaving out some of the words that in many languages a sentence would need in order to be complete. You can supply these words from the context if that would be clearer in your language. Alternate translation: [and they returned from the military campaign in order to go home]
12:25	d797		rc://*/ta/man/translate/figs-explicit	וַ⁠יִּ֨בֶן יָרָבְעָ֧ם אֶת־שְׁכֶ֛ם & וַ⁠יִּ֖בֶן אֶת־פְּנוּאֵֽל	1	The implication is that Jeroboam **built** fortifications around these cities to strengthen them as military and administrative centers for his new kingdom. You could include this information if that would be helpful to your readers. Alternate translation: [And Jeroboam built up Shechem … and he built up Penuel] or [And Jeroboam fortified Shechem … and he fortified Penuel]
12:25	pw89		rc://*/ta/man/translate/figs-synecdoche	וַ⁠יִּ֨בֶן יָרָבְעָ֧ם אֶת־שְׁכֶ֛ם & וַ⁠יִּ֖בֶן אֶת־פְּנוּאֵֽל	1	See how you translated the similar expression in [6:1](../06/01.md). Alternate translation: [And Jeroboam had his workers fortify Shechem … and he had his workers fortify Penuel]
12:26	xki4		rc://*/ta/man/translate/figs-metaphor	וַ⁠יֹּ֥אמֶר יָרָבְעָ֖ם בְּ⁠לִבּ֑⁠וֹ	1	The author is using Jeroboam’s **heart** to represent his thoughts. If it would be helpful in your language, you could state the meaning plainly. Alternate translation: [And Jeroboam thought]
12:26	y9sn		rc://*/ta/man/translate/figs-personification	תָּשׁ֥וּב הַ⁠מַּמְלָכָ֖ה לְ⁠בֵ֥ית דָּוִֽד	1	Jeroboam is speaking of his **kingdom**, the Israelite tribes that he rules, as if it were a living thing that could **return** to David’s descendants and become their subject again. If it would be helpful in your language, you could state the meaning plainly. Alternate translation: [the house of David will rule the kingdom once again]
12:26	catc		rc://*/ta/man/translate/figs-metaphor	לְ⁠בֵ֥ית דָּוִֽד	1	See how you translated the similar expression in [2:24](../02/24.md). Alternate translation: [to the dynasty of David]
12:27	or86		rc://*/ta/man/translate/figs-explicitinfo	יַעֲלֶ֣ה ׀ הָ⁠עָ֣ם הַ⁠זֶּ֗ה	1	See how you translated the similar expression in [1:25](../01/25.md). Alternate translation: [this people goes]
12:27	thtn		rc://*/ta/man/translate/figs-metaphor	בְּ⁠בֵית־יְהוָה֙	1	See how you translated the similar expression in [3:1](../03/01.md). Alternate translation: [in the temple of Yahweh]
12:27	ljnw		rc://*/ta/man/translate/figs-metaphor	וְ֠⁠שָׁב לֵ֣ב הָ⁠עָ֤ם הַ⁠זֶּה֙ אֶל־אֲדֹ֣נֵי⁠הֶ֔ם	1	Jeroboam is using the **heart** of the people to represent their feelings, specifically their feelings of loyalty. Your language may have a comparable expression that you can use in your translation, or you could state the meaning plainly. Alternate translation: [then this people will become loyal once again to their master]
12:27	cb42		rc://*/ta/man/translate/figs-metaphor	וְ⁠שָׁ֖בוּ אֶל	1	Jeroboam is speaking as if the people would actually **return** physically to where Rehoboam was. He means that they will become subjects of Rehoboam again and obey him as their king. Your language may have a comparable expression that you can use in your translation, or you could state the meaning plainly. Alternate translation: [and they will agree to be subjects once again of]
12:27	fj1z		rc://*/ta/man/translate/writing-pronouns	רְחַבְעָ֖ם מֶ֣לֶךְ יְהוּדָ֑ה	1	Since Jeroboam has already used the name and title **Rehoboam, the king of Judah** earlier in this verse, it may be more natural in your language to use a pronoun here. Alternate translation: [him]
12:28	pica		rc://*/ta/man/translate/writing-pronouns	וַ⁠יֹּ֣אמֶר אֲלֵ⁠הֶ֗ם	1	The pronoun **he** refers to Jeroboam, and the pronoun **them** refers to the people who were his subjects. It may be helpful to clarify this for your readers. Alternate translation: [And he said to his subjects]
12:28	rze7		rc://*/ta/man/translate/figs-metaphor	הִנֵּ֤ה אֱלֹהֶ֨י⁠ךָ֙	1	See how you translated the similar expression in [1:14](../01/14.md). Alternate translation: [Here are your gods]
12:28	vvyz		rc://*/ta/man/translate/figs-explicit	הִנֵּ֤ה אֱלֹהֶ֨י⁠ךָ֙	1	By **your gods**, Jeroboam means that these golden calves represent the God of Israel who brought the people out of Egypt. You could indicate this explicitly in your translation if that would be helpful to your readers. Alternate translation: [These represent your God]
12:28	vwmp		rc://*/ta/man/translate/figs-metonymy	הֶעֱל֖וּ⁠ךָ	1	Jeroboam is using the current generation of Israelites, addressing them as **you**, to represent the Israelite people and specifically the earlier generation of them whom Yahweh rescued from slavery in Egypt. If it would be helpful in your language, you could use an equivalent expression or plain language. Alternate translation: [brought our ancestors up] or [brought us Israelite people up]
12:29	vngn		rc://*/ta/man/translate/figs-ellipsis	אֶת־הָ⁠אֶחָ֖ד & הָ⁠אֶחָ֖ד	1	The author is leaving out some of the words that in many languages a sentence would need in order to be complete. You can supply these words from the context if that would be clearer in your language. Alternate translation: [one of the calves … the other one]
12:30	tfgr		rc://*/ta/man/translate/figs-explicit	וַ⁠יְהִ֛י הַ⁠דָּבָ֥ר הַ⁠זֶּ֖ה לְ⁠חַטָּ֑את	1	The author is using the term **sin** to mean “an occasion for sin” or “something that caused the people to sin.” You could indicate that explicitly if that would be helpful to your readers. Alternate translation: [And this thing became an occasion for sin]
12:30	jf73		rc://*/ta/man/translate/figs-metonymy	לִ⁠פְנֵ֥י הָ⁠אֶחָ֖ד עַד־דָּֽן	1	Here, **to the face of** represents being “in the presence of.” If it would be helpful in your language, you could use an equivalent expression or plain language. Alternate translation: [as far as Dan to be in the presence of the one] or [as far as Dan to where one of them was]
12:31	q5v4		rc://*/ta/man/translate/grammar-collectivenouns	אֶת־בֵּ֣ית בָּמ֑וֹת	1	In this verse, the word **house** is singular in form, but it refers to as a group to all of the “houses” or shrines that Jeroboam eventually built on **high places** or hilltops throughout his kingdom. If it would be helpful in your language, you could use the plural form of “house,” or you could express the meaning in another way. Alternate translation: [houses of high places] or [shrines for worship on high places]
12:31	gq37		rc://*/ta/man/translate/figs-merism	מִ⁠קְצ֣וֹת הָ⁠עָ֔ם	1	The author is using the term **extremities** to mean everything between the outer limits of the Israelite population, that is, the entire population. If it would be helpful in your language, you could state the meaning plainly. If you have already translated the book of Judges, see how you translated the similar expression “from the borders” in [Judges 18:2](../jdg/18/02.md). Alternate translation: [men throughout the Israelite population]
12:31	gxuf		rc://*/ta/man/translate/figs-metaphor	מִ⁠בְּנֵ֥י לֵוִֽי	1	The author is speaking as if the descendants of **Levi** were actually his **sons**. Your language may have a comparable expression that you can use in your translation, or you could state the meaning plainly. Alternate translation: [the descendants of Levi] or [the tribe of Levi]
12:32	wbq5		rc://*/ta/man/translate/translate-ordinal	בַּ⁠חֹ֣דֶשׁ הַ⁠שְּׁמִינִ֣י בַּ⁠חֲמִשָּֽׁה־עָשָׂר֩ י֨וֹם ׀ לַ⁠חֹ֜דֶשׁ	1	If your language would not represent a number in a form such as **eighth** or **fifteenth**, you could represent those numbers in a form that your language would use. Alternate translation: [on day fifteen of month eight]
12:32	uqj6		rc://*/ta/man/translate/translate-hebrewmonths	בַּ⁠חֹ֣דֶשׁ הַ⁠שְּׁמִינִ֣י	1	This **eighth month** of the Hebrew calendar occurred during the rainy season, when people plowed their fields and sowed seed. It is during the last part of October and the first part of November on Western calendars. You could convert the Hebrew day and month into an approximate date on the calendar that your culture uses. However, the Jews used a lunar calendar, so if you use a solar calendar, the date will be different every year, and the translation will not be entirely accurate. So you may just want to give the number of the day and the name of the month on the Hebrew calendar and say in a footnote approximately what time of year that is on your calendar.
13:intro	abcd				0	# 1 Kings 13 Chapter Introduction\n\n## Structure and Formatting\n\nThis chapter continues the story of how the kingdom of David and Solomon was split into two kingdoms, Israel in the north and Judah in the south. It focuses on how Yahweh sent a “man of God” from Judah to the altar at Bethel in Israel to tell Jeroboam that because he had made calf idols, Yahweh would destroy his royal dynasty.\n\n  1. A man of God warns Jeroboam (13:1–10)\n  2. An older prophet deceives the man into disobeying Yahweh, and a lion kills him (13:11–24)\n  3. The older prophet buries the man and asks to be buried with him when he dies (13:25–32)\n  4. Jeroboam ignores the man’s warning (13:33–34)\n\n## Religious and Cultural Concepts in This Chapter\n\n### Why did the older prophet in Bethel deceive the man of God into disobeying Yahweh?\n\nThere are several aspects of the story that this chapter tells that are puzzling to readers and interpreters of the Bible. Why did the old prophet want the man of God from Judah to come to his home for a meal? When the man of God refused, why did the prophet lie to him to get him to come? And how could Yahweh have then spoken a true prophecy through a man who had just spoken a false prophecy? The answers to these questions are uncertain, but here are some possibilities.\n\nThe older prophet may have wanted the man of God from Judah to come to his house for a meal for one of a number of reasons, or perhaps from a mixture of motives. These may have included curiosity, jealousy, a misguided attempt at hospitality, a desire to test the man’s genuineness, or a desire to associate with someone who had just powerfully demonstrated God’s authority. When the man of God refused, the old prophet lied, pretending that he had gotten a new message from an angel. He did this possibly out of envy, confusion, or the wish to test the man of God. Nevertheless, Yahweh then spoke a true prophecy through the deceitful old prophet in order to deliver a message of judgment to the disobedient man of God. This demonstrated that God’s power and purpose are not dependent on the character of the messenger. It also underscored the seriousness of obeying God’s commands above all else.\n\nWhile these are all possibilities, the story remains puzzling. Since the author does not answer specifically the questions that it raises, we suggest that you do not try to do that in your translation. Translate the story as it has come down to us in the Bible, and allow readers and interpreters to work at understanding it themselves.\n\n### Why did the older prophet ask to be buried in the same grave as the man of God?\n\nIn [13:31](../13/31.md), the older prophet tells his sons, “When I die, then you shall bury me in the grave in which the man of God is buried.” Asking to be buried in the same grave as the man of God was a symbolic action by which the old prophet expressed his confidence that what the man had predicted would certainly happen (as he says in the next verse). Specifically, the man of God had said that human bones would be burned on the altar at Bethel ([13:2](../13/02.md)). The old prophet was hoping that when someone collected human bones from graves in the area to burn on the altar, he would spare the bones of the prophet who had predicted this action and any other bones that were also in his grave. As the story continues, the account in [2 Kings 23:16–18](../2ki/23/16.md) shows that this is just what happened. If it would be helpful to your readers, you could explain the significance of this action in the text or in a footnote.\n\n## Translation Issues in This Chapter\n\n### “Bread” meaning “food” and “water” meaning “a drink”\n\nIn several places in verses 8–23, characters use one kind of food, bread, to mean food in general, and they use one kind of drink, water, to mean drinks in general. If it would be helpful in your language, in all of these instances, you could use an equivalent expression from your culture, or you could state the meaning plainly. (See: [[rc://*/ta/man/translate/figs-synecdoche]])
13:1	qxld		rc://*/ta/man/translate/figs-metaphor	וְ⁠הִנֵּ֣ה	1	The author is using the term **behold** to focus his listeners’ attention on what he is about to say. Your language may have a comparable expression that you can use in your translation. See how you translated the similar expression in [1:14](../01/14.md).
13:1	r3sk		rc://*/ta/man/translate/writing-newevent	וְ⁠הִנֵּ֣ה	1	The author is using the phrase **And behold** to introduce a new event in the story. Use a word, phrase, or other method in your language that is natural for introducing a new event.
13:1	bfgj		rc://*/ta/man/translate/figs-possession	אִ֣ישׁ אֱלֹהִ֗ים	1	See how you translated the similar expression in [12:22](../12/22.md). Alternate translation: [a prophet]
13:1	rc9k		rc://*/ta/man/translate/figs-metonymy	בִּ⁠דְבַ֥ר יְהוָ֖ה	1	Here, **word** represents a command that Yahweh gave by using words. If it would be clearer in your language, you could state the meaning plainly. Alternate translation: [at the command of Yahweh]
13:2	chpj		rc://*/ta/man/translate/writing-quotations	וַ⁠יִּקְרָ֤א & וַ⁠יֹּ֨אמֶר֙	1	See whether you chose to represent the expression “and said” in your translation in [1:28](../01/28.md) and similar contexts.
13:2	mpsf		rc://*/ta/man/translate/figs-metonymy	בִּ⁠דְבַ֣ר יְהוָ֔ה	1	The author is using the term **word** to represent what Yahweh told the prophet to say by using words. If it would be clearer in your language, you could state the meaning plainly. Alternate translation: [saying what Yahweh had told him to say]
13:2	dkzq		rc://*/ta/man/translate/figs-apostrophe	מִזְבֵּ֣חַ מִזְבֵּ֔חַ כֹּ֖ה אָמַ֣ר יְהוָ֑ה	1	The man of God is speaking to something that he knows cannot hear him, the **Altar** at Bethel. He is doing this to communicate to the people who can hear him that Yahweh feels very strongly about how they are disobeying him by worshiping at this altar. If it would be helpful in your language, you could translate these words as if the man of God were telling the people directly what Yahweh has to say about the altar. Alternate translation: [You Israelites who are worshiping at this altar, listen to what Yahweh says about it]
13:2	uf73		rc://*/ta/man/translate/figs-quotesinquotes	כֹּ֖ה אָמַ֣ר יְהוָ֑ה הִנֵּֽה־בֵ֞ן נוֹלָ֤ד	1	If it would be clearer in your language, you could translate this so that there is not a quotation within a quotation. Alternate translation: [Yahweh says that behold, a son will be born]
13:2	iqzf		rc://*/ta/man/translate/figs-metaphor	בֵ֞ן נוֹלָ֤ד לְ⁠בֵית־דָּוִד֙	1	See how you translated the similar expression in [2:27](../02/27.md). Alternate translation: [a son will be born among the descendants of David]
13:2	jntw		rc://*/ta/man/translate/figs-activepassive	בֵ֞ן נוֹלָ֤ד לְ⁠בֵית־דָּוִד֙	1	The expression **will be born** is a passive verbal form. If your language would not use that form, you could express the idea in active form or in another way that is natural in your language. Alternate translation: [David will have a male descendant]
13:2	cavi		rc://*/ta/man/translate/figs-explicit	אֶת־כֹּהֲנֵ֤י הַ⁠בָּמוֹת֙	1	The phrase **the priests of the high places** refers to the entire class of priests that Jeroboam appointed to serve at hilltop shrines, as the author describes in [12:31](../12/31.md) and [13:33](../13/33.md). In this context, however, it refers specifically to the priests who served at the shrine at Bethel. It may be helpful to clarify that for your readers. Alternate translation: [the priests of this high place]
13:2	h9my		rc://*/ta/man/translate/figs-metonymy	הַ⁠מַּקְטִרִ֣ים עָלֶ֔י⁠ךָ	1	Here, **burning incense** represents offering sacrifices more generally. If it would be helpful in your language, you could use an equivalent expression or state the meaning plainly. Alternate translation: [the ones offering unlawful sacrifices on you]
13:2	j709		rc://*/ta/man/translate/figs-genericnoun	וְ⁠עַצְמ֥וֹת אָדָ֖ם יִשְׂרְפ֥וּ עָלֶֽי⁠ךָ	1	Yahweh is not referring to a specific **human**. He means humans in general. If it would be helpful to your readers, you could use an expression that would be more natural in your language. Alternate translation: [And they will burn human bones on you]
13:2	vi71		rc://*/ta/man/translate/writing-pronouns	וְ⁠עַצְמ֥וֹת אָדָ֖ם יִשְׂרְפ֥וּ עָלֶֽי⁠ךָ	1	Yahweh is using the pronoun **they** in a general sense, not to refer to specific people. Use an expression for this that would be natural in your language. Alternate translation: [And people will burn human bones on you] or [And human bones will be burned on you]
13:2	h42f		rc://*/ta/man/translate/translate-symaction	וְ⁠עַצְמ֥וֹת אָדָ֖ם יִשְׂרְפ֥וּ עָלֶֽי⁠ךָ	1	Burning the bones of a human was a symbolic action by which someone completely desecrated and defiled a sacred place. If it would be helpful to your readers, you could explain the significance of this action in the text of your translation or in a footnote. Alternate translation: [And they will completely desecrate you by burning human bones on you]
13:3	g3du		rc://*/ta/man/translate/writing-quotations	לֵ⁠אמֹ֔ר	1	See how you translated the similar expression in [1:5](../01/05.md).
13:3	dfc1		rc://*/ta/man/translate/figs-quotesinquotes	זֶ֣ה הַ⁠מּוֹפֵ֔ת & דִּבֶּ֣ר יְהוָ֑ה הִנֵּ֤ה הַ⁠מִּזְבֵּ֨חַ֙ נִקְרָ֔ע & אֲשֶׁר	1	If it would be clearer in your language, you could translate this so that there is not a quotation within a quotation. Alternate translation: [This is the sign that Yahweh has spoken. Behold, the altar will be split open]
13:3	kqum		rc://*/ta/man/translate/figs-metaphor	הִנֵּ֤ה	1	See how you translated the similar expression in [1:14](../01/14.md). Alternate translation: [Now listen]
13:3	i11f		rc://*/ta/man/translate/figs-activepassive	אֲשֶׁ֖ר & הַ⁠מִּזְבֵּ֨חַ֙ נִקְרָ֔ע וְ⁠נִשְׁפַּ֖ךְ הַ⁠דֶּ֥שֶׁן & עָלָֽי⁠ו	1	The expressions **will be split open** and **will be poured out** are passive verbal forms. If your language would not use those forms, you could express the ideas in active form or in another way that is natural in your language. Alternate translation: [I will split open the altar so that the ash that is on it spills out]
13:4	yrm3		rc://*/ta/man/translate/figs-metonymy	אֶת־דְּבַ֣ר אִישׁ־הָ⁠אֱלֹהִ֗ים אֲשֶׁ֨ר קָרָ֤א	1	Here the term **word** represents what the man of God said by using words. If it would be clearer in your language, you could state the meaning plainly. Alternate translation: [what the man of God said when he had cried out]
13:4	veaz		rc://*/ta/man/translate/writing-newevent	וַ⁠יְהִי֩	1	See how you translated the phrase “And it happened” in [8:10](../08/10.md), where it similarly introduces a new development.
13:4	avq7		rc://*/ta/man/translate/figs-idiom	וַ⁠יִּשְׁלַ֨ח יָרָבְעָ֧ם אֶת־יָד֛⁠וֹ מֵ⁠עַ֥ל הַ⁠מִּזְבֵּ֖חַ & יָד⁠וֹ֙ אֲשֶׁ֣ר שָׁלַ֣ח עָלָ֔י⁠ו	1	The author is using **stretched out his hand** as a common expression of the culture to mean “pointed at him.” If this phrase does not have that meaning in your language, you could use a comparable expression from your language that does have that meaning, or you could state the meaning plainly. Alternate translation: [that Jeroboam pointed at him, using his hand that had been over the altar … the hand that he had used to point at him]
13:4	khqz		rc://*/ta/man/translate/figs-yousingular	תִּפְשֻׂ֑⁠הוּ	1	The implied “you” in the imperative **Seize** is plural here because Jeroboam is giving a command to several of his officials or soldiers who are present. So use the plural form in your translation if your language marks that distinction.
13:4	g5yz		rc://*/ta/man/translate/figs-metaphor	וַ⁠תִּיבַ֤שׁ יָד⁠וֹ֙ אֲשֶׁ֣ר שָׁלַ֣ח עָלָ֔י⁠ו	1	The author is speaking of the king’s arm as if it were actually a plant that had lost its moisture and become stiff. Your language may have a comparable expression that you can use in your translation, or you could state the meaning plainly. Alternate translation: [And his hand that he had stretched out against him became stiff] or [And the hand with which he was pointing suddenly became immobilized]
13:4	wsl3		rc://*/ta/man/translate/figs-metonymy	וַ⁠תִּיבַ֤שׁ יָד⁠וֹ֙	1	As the context indicates, the author is using Jeroboam’s **hand** to represent his entire arm. Alternate translation: [And his arm]
13:5	rmek		rc://*/ta/man/translate/figs-activepassive	וְ⁠הַ⁠מִּזְבֵּ֣חַ נִקְרָ֔ע וַ⁠יִּשָּׁפֵ֥ךְ הַ⁠דֶּ֖שֶׁן מִן־הַ⁠מִּזְבֵּ֑חַ	1	See how you translated the similar expression in [13:3](../13/03.md). Alternate translation: [And Yahweh split open the altar so that the ash that was on it spilled out]
13:5	bpy7		rc://*/ta/man/translate/figs-metonymy	אֲשֶׁ֥ר נָתַ֛ן אִ֥ישׁ הָ⁠אֱלֹהִ֖ים בִּ⁠דְבַ֥ר יְהוָֽה	1	This could mean: (1) that Yahweh had announced this **sign** and the man of God had reported what Yahweh announced. Alternate translation: [that the man of God had told the people that Yahweh had announced] (2) that the man of God gave this sign because Yahweh had commanded him to do that. Alternate translation: [that the man of God had given at the command of Yahweh]
13:6	sqn8		rc://*/ta/man/translate/writing-quotations	וַ⁠יַּ֨עַן הַ⁠מֶּ֜לֶךְ וַ⁠יֹּ֣אמֶר ׀ אֶל־אִ֣ישׁ הָ⁠אֱלֹהִ֗ים	1	The **king** was not answering something that the **man of God** had said to him. He was responding to the situation. It may be helpful to clarify that for your readers. If you have already translated the book of 1 Samuel, see how you translated the similar expression in [1 Samuel 14:28](../1sa/14/28.md). Alternate translation: [And the king responded to the man of God]
13:6	pyuj		rc://*/ta/man/translate/figs-synecdoche	חַל־נָ֞א אֶת־פְּנֵ֨י יְהוָ֤ה & אֶת־פְּנֵ֣י יְהוָ֔ה	1	Jeroboam is using one part of Yahweh, his **face**, to represent all of him in the act of being entreated. If it would be helpful in your language, you could state the meaning plainly. If you have already translated the book of 1 Samuel, see how you translated the similar expression in [1 Samuel 13:12](../1sa/13/12.md). Alternate translation: [Please entreat Yahweh … Yahweh]
13:6	rvk8		rc://*/ta/man/translate/figs-personification	וְ⁠תָשֹׁ֥ב יָדִ֖⁠י אֵלָ֑⁠י & וַ⁠תָּ֤שָׁב יַד־הַ⁠מֶּ֨לֶךְ֙ אֵלָ֔י⁠ו	1	Jeroboam and the author are speaking of his **hand** as if it were a living thing that could **return** to him. If it would be helpful in your language, you could state the meaning plainly. Alternate translation: [that I may be able to pull my hand back … and the king was able to pull his hand back] or [that I may be able to lower my arm … and the king was able to lower his arm]
13:6	nniq		rc://*/ta/man/translate/figs-events	וַ⁠תָּ֤שָׁב יַד־הַ⁠מֶּ֨לֶךְ֙ אֵלָ֔י⁠ו וַ⁠תְּהִ֖י כְּ⁠בָ⁠רִֽאשֹׁנָֽה	1	The author is describing one event, the king’s hand being restored, before describing another event that preceded it, the king pulling his hand back. If it would be helpful in your language, you may wish to relate these events in the order in which they happened. Alternate translation: [and the hand of the king became like at the first, and he was able to pull it back]
13:8	xwkm		rc://*/ta/man/translate/figs-synecdoche	בֵיתֶ֔⁠ךָ	1	The prophet is using one part of Jeroboam’s possessions, his **house** to represent all of his possessions. If it would be helpful in your language, you could use an equivalent expression from your culture or state the meaning plainly. Alternate translation: [your possessions]
13:8	k032		rc://*/ta/man/translate/figs-go	לֹ֥א אָבֹ֖א עִמָּ֑⁠ךְ	1	In a context such as this, your language might say “go” instead of **come**. Alternate translation: [I would not go with you]
13:8	l93s		rc://*/ta/man/translate/figs-synecdoche	לֶ֨חֶם֙ & מַּ֔יִם	1	See the discussion in the introduction to this chapter of how, throughout verses 8–23, characters use the words **bread** and **water** to mean “food” and “a beverage.”
13:9	rfrj		rc://*/ta/man/translate/grammar-connect-words-phrases	כִּֽי	1	Here the word **For** introduces not a reason but an explanation. Alternate translation: [I say this because]
13:9	qta0		rc://*/ta/man/translate/writing-pronouns	צִוָּ֣ה אֹתִ֗⁠י בִּ⁠דְבַ֤ר יְהוָה֙	1	It may be more natural in your language to use the name of Yahweh as the subject of this sentence and to use a pronoun later in the sentence. Alternate translation: [Yahweh has commanded me by his word]
13:9	esvf		rc://*/ta/man/translate/figs-metonymy	כֵ֣ן ׀ צִוָּ֣ה אֹתִ֗⁠י בִּ⁠דְבַ֤ר יְהוָה֙	1	Here, **word** represents what Yahweh said by using words. If it would be clearer in your language, you could state the meaning plainly. Alternate translation: [this is the command that Yahweh has spoken to me]
13:9	cgg1		rc://*/ta/man/translate/figs-quotesinquotes	לֵ⁠אמֹ֔ר לֹא־תֹ֥אכַל לֶ֖חֶם וְ⁠לֹ֣א תִשְׁתֶּה־מָּ֑יִם וְ⁠לֹ֣א תָשׁ֔וּב בַּ⁠דֶּ֖רֶךְ אֲשֶׁ֥ר הָלָֽכְתָּ	1	If it would be clearer in your language, you could translate this so that there is not a quotation within a quotation. It may be helpful to begin a new sentence here. Alternate translation: [He told me that I should not eat bread, and I should not drink water, and I should not return by the road by which I went]
13:9	ndpz		rc://*/ta/man/translate/translate-symaction	לֹא־תֹ֥אכַל לֶ֖חֶם וְ⁠לֹ֣א תִשְׁתֶּה־מָּ֑יִם	1	Refusing to accept any hospitality was a symbolic action by which the man of God expressed total separation from the people of the northern kingdom and their religious practices. This clearly signaled Yahweh’s disapproval of the corrupt worship that Jeroboam had introduced. If it would be helpful to your readers, you could explain the significance of this action in the text or in a footnote. Alternate translation: [To show that I want nothing to do with this corrupt worship, you shall not eat bread, and you shall not drink water]
13:9	fn36		rc://*/ta/man/translate/translate-symaction	וְ⁠לֹ֣א תָשׁ֔וּב בַּ⁠דֶּ֖רֶךְ אֲשֶׁ֥ר הָלָֽכְתָּ	1	The prophet returning to Judah by a different road seems also to have been a symbolic action. The purpose of this action could have been: (1) so that anyone who had seen him coming who heard about the events at the altar would not recognize him on his return trip and detain him. As a result, he would spend as little time as possible in the northern kingdom, showing further that Yahweh wanted nothing to do with the corrupt worship there. Alternate translation: [and so that no one in that corrupt kingdom detains you on your way home, you shall not return by the road by which you went] or (2) to use the **road** as a symbol of a course of action in life. Taking a different road would have depicted how the people of the northern kingdom should stop worshiping at the shrines at Bethel and Dan and worship at the temple in Jerusalem once again. Alternate translation: [and to show that these people should worship in the Jerusalem temple and not in these shrines, you shall not return by the road by which you went]
13:9	t0l7		rc://*/ta/man/translate/figs-go	הָלָֽכְתָּ	1	In a context such as this, your language might say “came” instead of **went**. Alternate translation: [you came]
13:11	utp7		rc://*/ta/man/translate/writing-participants	וְ⁠נָבִ֤יא אֶחָד֙ זָקֵ֔ן יֹשֵׁ֖ב בְּ⁠בֵֽית־אֵ֑ל	1	The author is introducing this **old prophet** as a new participant in the story. Your language may have its own way of introducing new participants that you can use in your translation. Alternate translation: [Now there was a certain old prophet who lived in Bethel]
13:11	ttxv		rc://*/ta/man/translate/figs-synecdoche	וַ⁠יָּב֣וֹא בְנ֡⁠וֹ וַ⁠יְסַפֶּר	1	The author is using one **son**, one person who was involved in this action, to represent everyone who was involved, which the context shows included some of his other sons. If it would be helpful in your language, you could use an equivalent expression from your culture or state the meaning plainly. Alternate translation: [and his sons came, and one of them recounted]
13:11	usmp		rc://*/ta/man/translate/grammar-collectivenouns	אֶת־כָּל־הַ⁠מַּעֲשֶׂ֣ה אֲשֶׁר־עָשָׂה֩ אִישׁ־הָ⁠אֱלֹהִ֨ים	1	In this verse, the word **deed** is singular in form, but it refers to all of the deeds that the man of God did. If it would be helpful in your language, you could use a plural form in your translation. You could also use plain language. Alternate translation: [all of the deeds that the man of God had done] or [everything that the man of God had done]
13:11	i23m		rc://*/ta/man/translate/figs-metonymy	אֶת־הַ⁠דְּבָרִים֙ אֲשֶׁ֣ר דִּבֶּ֣ר	1	Here, **words** represents what the prophet said by using words. If it would be clearer in your language, you could state the meaning plainly. Alternate translation: [What he had said]
13:12	pch6		rc://*/ta/man/translate/figs-explicit	וַ⁠יִּרְא֣וּ בָנָ֗י⁠ו אֶת־הַ⁠דֶּ֨רֶךְ֙ אֲשֶׁ֤ר הָלַךְ֙ אִ֣ישׁ הָ⁠אֱלֹהִ֔ים אֲשֶׁר־בָּ֖א מִ⁠יהוּדָֽה	1	By **his sons had seen the road**, the author means that his sons had watched the man of God leave and had seen which road he took when he departed from Bethel. As a result, they were able to tell this information to their father. You could indicate this explicitly in your translation if that would be helpful to your readers. Alternate translation: [Now his sons had seen the road that the man of God had walked who had come from Judah, so they were able to tell him]
13:13	bltw		rc://*/ta/man/translate/figs-explicit	חִבְשׁוּ־לִ֖⁠י הַ⁠חֲמ֑וֹר וַ⁠יַּחְבְּשׁוּ & הַ⁠חֲמ֔וֹר	1	It becomes clear in [13:27–28](../13/27.md) that the old prophet owns more than one donkey. It may be helpful to your readers to clarify that here. Alternate translation: [“Saddle one of my donkeys for me.” And they saddled one of his donkeys]
13:13	zc1z		rc://*/ta/man/translate/figs-synecdoche	חִבְשׁוּ־לִ֖⁠י הַ⁠חֲמ֑וֹר	1	The old prophet is using the action of saddling his donkey to represent putting all the necessary equipment on the donkey to prepare it for riding, including a saddle and bridle. If it would be helpful in your language, you could use an equivalent expression from your culture or state the meaning plainly. Alternate translation: [Put the saddle and bridle on the donkey so that I can ride it]
13:14	cwp8		rc://*/ta/man/translate/figs-ellipsis	אָֽנִי	1	The prophet from Judah is leaving out some of the words that in many languages a sentence would need in order to be complete. You can supply these words from the context if that would be clearer in your language. Alternate translation: [Yes, I am that man]
13:17	gkoc		rc://*/ta/man/translate/grammar-connect-words-phrases	כִּֽי	1	Here the word **For** introduces not a reason but an explanation. Alternate translation: [I say this because]
13:17	bl70		rc://*/ta/man/translate/figs-quotesinquotes	דָבָ֤ר אֵלַ⁠י֙ בִּ⁠דְבַ֣ר יְהוָ֔ה לֹֽא־תֹאכַ֣ל לֶ֔חֶם וְ⁠לֹֽא־תִשְׁתֶּ֥ה שָׁ֖ם מָ֑יִם לֹא־תָשׁ֣וּב לָ⁠לֶ֔כֶת בַּ⁠דֶּ֖רֶךְ אֲשֶׁר־הָלַ֥כְתָּ בָּֽ⁠הּ	1	If it would be clearer in your language, you could translate this so that there is not a quotation within a quotation. Alternate translation: [when Yahweh spoke to me, he commanded me not to eat bread and not to drink water here. He also told me not to return home by the road by which I came]
13:17	gxri		rc://*/ta/man/translate/figs-metonymy	דָבָ֤ר אֵלַ⁠י֙ בִּ⁠דְבַ֣ר יְהוָ֔ה	1	Here, the term **word** represents in the first instance a command that Yahweh gave by using words, and it represents in the second instance the words that Yahweh spoke when he gave that command. If it would be clearer in your language, you could state the meaning plainly. Alternate translation: [Yahweh gave me this command when he spoke to me]
13:17	rt9r		rc://*/ta/man/translate/figs-go	הָלַ֥כְתָּ	1	In a context such as this, your language might say “came” instead of **went**. Alternate translation: [you came]
13:18	cnnu		rc://*/ta/man/translate/writing-pronouns	וַ⁠יֹּ֣אמֶר ל֗⁠וֹ	1	The pronoun **he** refers to the old prophet, while the pronoun **him** refers to the man of God from Judah. It may be helpful to clarify this for your readers. Alternate translation: [And the old prophet said to the man of God]
13:18	pbvm		rc://*/ta/man/translate/figs-metonymy	בִּ⁠דְבַ֨ר יְהוָ֜ה	1	Here, **word** represents a command that Yahweh supposedly gave to the angel. If it would be clearer in your language, you could state the meaning plainly. Alternate translation: [at the command of Yahweh]
13:18	dist		rc://*/ta/man/translate/figs-quotesinquotes	לֵ⁠אמֹ֗ר הֲשִׁבֵ֤⁠הוּ אִתְּ⁠ךָ֙ אֶל־בֵּיתֶ֔⁠ךָ וְ⁠יֹ֥אכַל לֶ֖חֶם וְ⁠יֵ֣שְׁתְּ מָ֑יִם	1	If it would be clearer in your language, you could translate this so that there is not a quotation within a quotation. Alternate translation: [and told me to bring you back with me to my house so that you could eat bread and drink water]
13:18	t816		rc://*/ta/man/translate/writing-background	כִּחֵ֖שׁ לֽ⁠וֹ	1	The author is providing background information about the old prophet’s deception to help readers understand what happens next in the story. In your translation, introduce this information in a way that would be natural in your own language and culture.
13:19	ec9y		rc://*/ta/man/translate/figs-infostructure	וַ⁠יֹּ֥אכַל לֶ֛חֶם בְּ⁠בֵית֖⁠וֹ וַ⁠יֵּ֥שְׁתְּ מָֽיִם	1	If it would be more natural in your language, you may want to put the information about the second action (**and drank water**) before the information about the location (**in his house**). Alternate translation: [and he ate bread and drank water in his house]
13:20	gn6u		rc://*/ta/man/translate/figs-metonymy	וַֽ⁠יְהִי֙ דְּבַר־יְהוָ֔ה	1	Here, **word** represents a message that Yahweh gave by using words. If it would be clearer in your language, you could state the meaning plainly. Alternate translation: [that Yahweh spoke a message]
13:21	alwb		rc://*/ta/man/translate/figs-quotesinquotes	כֹּ֖ה אָמַ֣ר יְהוָ֑ה יַ֗עַן כִּ֤י מָרִ֨יתָ֙	1	If it would be clearer in your language, you could translate this so that there is not a quotation within a quotation. Alternate translation: [Yahweh says that because you have disobeyed]
13:21	an68		rc://*/ta/man/translate/figs-metonymy	פִּ֣י יְהוָ֔ה	1	Here, **mouth of Yahweh** represents what Yahweh said by using his mouth. If it would be clearer in your language, you could state the meaning plainly. Alternate translation: [what Yahweh told you to do]
13:21	yj68		rc://*/ta/man/translate/writing-poetry	וְ⁠לֹ֤א שָׁמַ֨רְתָּ֙ אֶת־הַ⁠מִּצְוָ֔ה אֲשֶׁ֥ר צִוְּ⁠ךָ֖ יְהוָ֥ה אֱלֹהֶֽי⁠ךָ	1	Yahweh, speaking through the old prophet, is using a construction in which a verb and its object come from the same root. You may be able to use the same construction in your language to express the meaning here. Alternatively, your language may have another way of saying this. Alternate translation: [you have not done what Yahweh your God commanded you to do]
13:22	d3bi		rc://*/ta/man/translate/figs-quotemarks	וַ⁠תָּ֗שָׁב וַ⁠תֹּ֤אכַל לֶ֨חֶם֙ וַ⁠תֵּ֣שְׁתְּ מַ֔יִם בַּ⁠מָּקוֹם֙ אֲשֶׁ֣ר דִּבֶּ֣ר אֵלֶ֔י⁠ךָ אַל־תֹּ֥אכַל לֶ֖חֶם וְ⁠אַל־תֵּ֣שְׁתְּ מָ֑יִם לֹֽא־תָב֥וֹא נִבְלָתְ⁠ךָ֖ אֶל־קֶ֥בֶר אֲבֹתֶֽי⁠ךָ	1	There are three levels of quotation here. The author is quoting what the old prophet said to the man of God (level 1), continuing from the previous verse. The old prophet is continuing to quote what Yahweh told him to tell the man of God (level 2). And in the middle of the verse, Yahweh quotes what he told the man of God earlier (level 3). Use the appropriate punctuation in your language to mark these levels of quotation. Alternatively, you could translate this so that there are not second-level or third-level quotations.
13:22	eqs1		rc://*/ta/man/translate/figs-quotesinquotes	וַ⁠תָּ֗שָׁב וַ⁠תֹּ֤אכַל לֶ֨חֶם֙ וַ⁠תֵּ֣שְׁתְּ מַ֔יִם בַּ⁠מָּקוֹם֙ אֲשֶׁ֣ר דִּבֶּ֣ר אֵלֶ֔י⁠ךָ אַל־תֹּ֥אכַל לֶ֖חֶם וְ⁠אַל־תֵּ֣שְׁתְּ מָ֑יִם לֹֽא־תָב֥וֹא נִבְלָתְ⁠ךָ֖ אֶל־קֶ֥בֶר אֲבֹתֶֽי⁠ךָ	1	If you translated the previous verse so that there would not be a quotation within a quotation, you could continue doing that here. Alternate translation: [and because you have returned and you have eaten bread and you have drunk water in the place about which he told you that you were not to eat bread or drink water there, your corpse will not enter into the grave of your fathers]
13:22	m18p		rc://*/ta/man/translate/figs-personification	וְ⁠אַל & תָב֥וֹא נִבְלָתְ⁠ךָ֖ אֶל־קֶ֥בֶר אֲבֹתֶֽי⁠ךָ	1	Yahweh is speaking of the man’s **corpse** as if it were a living thing that could **enter** a place. If it would be helpful in your language, you could state the meaning plainly. Alternate translation: [you will not be buried in the same plot as your fathers]
13:22	lkwn		rc://*/ta/man/translate/figs-metaphor	אֲבֹתֶֽי⁠ךָ	1	See how you translated the term “fathers” in [1:21](../01/21.md). Alternate translation: [your ancestors]
13:23	zna1		rc://*/ta/man/translate/writing-pronouns	אַחֲרֵ֛י אָכְל֥⁠וֹ לֶ֖חֶם וְ⁠אַחֲרֵ֣י שְׁתוֹת֑⁠וֹ וַ⁠יַּחֲבָשׁ־ל֣⁠וֹ הַ⁠חֲמ֔וֹר	1	The pronouns **his** and **him** refer to the man of God from Judah, while the pronoun **he** refers to the old prophet. (What the author says in the rest of the verse is to clarify this.) It may be helpful to clarify this in your translation for your readers. Alternate translation: [after the man of God had eaten bread and after he had drunk something that the old prophet saddled the donkey for him]
13:23	lekg		rc://*/ta/man/translate/figs-synecdoche	וַ⁠יַּחֲבָשׁ־ל֣⁠וֹ הַ⁠חֲמ֔וֹר	1	The author is using the old prophet, one person who was involved in this action, to represent everyone who was involved. If it would be helpful in your language, you could state the meaning plainly. Alternate translation: [that he told his sons to saddle the donkey for him]
13:24	hwae		rc://*/ta/man/translate/figs-explicit	וַ⁠יִּמְצָאֵ֧⁠הוּ אַרְיֵ֛ה	1	See how you translated the similar expression in [11:29](../11/29.md). Alternate translation: [and a lion met him]
13:24	gvwf		rc://*/ta/man/translate/figs-activepassive	וַ⁠תְּהִ֤י נִבְלָת⁠וֹ֙ מֻשְׁלֶ֣כֶת בַּ⁠דֶּ֔רֶךְ	1	The expression **was thrown** is a passive verbal form. If your language would not use that form, you could express the idea in active form or in another way that is natural in your language. Alternate translation: [And his corpse fell onto the road]
13:24	e817		rc://*/ta/man/translate/writing-pronouns	וְ⁠הַ⁠חֲמוֹר֙ עֹמֵ֣ד אֶצְלָ֔⁠הּ	1	Here the pronoun **it** refers to the man’s **corpse**, not to the **road** or to the **lion**. It may be helpful to clarify this for your readers. Alternate translation: [and the donkey was standing beside the corpse]
13:24	sg3c		rc://*/ta/man/translate/figs-explicitinfo	וְ⁠הָ֣⁠אַרְיֵ֔ה עֹמֵ֖ד אֵ֥צֶל הַ⁠נְּבֵלָֽה	1	It might seem that this expression contains extra information that would not be natural to express in your language. If so, you could shorten it. Alternate translation: [and so was the lion]
13:25	bygr		rc://*/ta/man/translate/figs-activepassive	מֻשְׁלֶ֣כֶת בַּ⁠דֶּ֔רֶךְ	1	The term **thrown** is a passive verbal form. If your language would not use that form, you could express the idea in active form or in another way that is natural in your language, here and in verse 28. Alternate translation: [lying on the road]
13:26	e2b0		rc://*/ta/man/translate/figs-metonymy	אֶת־פִּ֣י יְהוָ֑ה	1	See how you translated the similar expression in [13:21](../13/21.md). Alternate translation: [what Yahweh told him to do]
13:26	g0mm		rc://*/ta/man/translate/figs-metaphor	וַ⁠יִּתְּנֵ֨⁠הוּ יְהוָ֜ה לָ⁠אַרְיֵ֗ה	1	The old prophet is speaking as if Yahweh literally **gave** the prophet from Judah to the lion. He means that Yahweh caused or allowed the lion to kill the prophet. Your language may have a comparable expression that you can use in your translation, or you could state the meaning plainly. Alternate translation: [And Yahweh allowed the lion to kill him] or [And Yahweh sent the lion to attack him]
13:26	qxm4		rc://*/ta/man/translate/figs-metonymy	כִּ⁠דְבַ֥ר יְהוָ֖ה אֲשֶׁ֥ר דִּבֶּר־לֽ⁠וֹ	1	Here, **word** represents what Yahweh said by using words. If it would be clearer in your language, you could state the meaning plainly. Alternate translation: [according to what Yahweh said when he spoke to him]
13:27	ler1		rc://*/ta/man/translate/figs-synecdoche	חִבְשׁוּ־לִ֖⁠י אֶֽת־הַ⁠חֲמ֑וֹר	1	See how you translated the expression “Saddle” in [13:13](../13/13.md). Alternate translation: [Put the saddle and bridle on the donkey so that I can ride it]
13:27	wyqj		rc://*/ta/man/translate/figs-explicit	חִבְשׁוּ־לִ֖⁠י אֶֽת־הַ⁠חֲמ֑וֹר וַֽ⁠יַּחֲבֹֽשׁוּ	1	See how you translated the expression “the donkey” in [13:13](../13/13.md). Alternate translation: [“Saddle another of my donkeys for me.” And they saddled another one]
13:29	d6a3		rc://*/ta/man/translate/writing-pronouns	וַ⁠יָּבֹ֗א אֶל־עִיר֙ הַ⁠נָּבִ֣יא הַ⁠זָּקֵ֔ן	1	The pronoun **he** refers to the old prophet. It may be helpful to clarify this for your readers by putting the description of him at the start of this sentence and using a pronoun later in the sentence. Alternate translation: [And the old prophet entered into his city]
13:30	qpck		rc://*/ta/man/translate/writing-pronouns	וַ⁠יַּנַּ֥ח אֶת־נִבְלָת֖⁠וֹ בְּ⁠קִבְר֑⁠וֹ	1	The pronoun **he** refers to the old prophet, while the pronoun **his** refers to the man of God from Judah. It may be helpful to clarify this for your readers. Alternate translation: [And the old prophet laid the corpse of the man of God in his own grave]
13:30	uclt		rc://*/ta/man/translate/writing-pronouns	וַ⁠יִּסְפְּד֥וּ עָלָ֖י⁠ו	1	The author is using the pronoun **they** in a general sense, not to refer to specific people. Use an expression for this that would be natural in your language. Alternate translation: [And people mourned over him] or [And he was mourned as people said]
13:30	j12m		rc://*/ta/man/translate/figs-apostrophe	ה֥וֹי אָחִֽ⁠י	1	The people are speaking to the dead prophet even though they know that he cannot hear them. They are doing this to communicate to the people who can hear them that they feel very strongly about the man’s death. If it would be helpful in your language, you could translate these words as if they were speaking directly to the people who could hear them about how they feel. Alternate translation: [We are very sad that this brother of ours has died]
13:30	gkoy		rc://*/ta/man/translate/figs-metaphor	ה֥וֹי אָחִֽ⁠י	1	The people are speaking as if the dead prophet were actually their **brother**. They are using that term to describe a fellow Israelite. Your language may have a comparable expression that you can use in your translation, or you could state the meaning plainly. Alternate translation: [Alas, my kinsman] or [We are very sad that this kinsman of ours has died]
13:31	sz7g		rc://*/ta/man/translate/figs-parallelism	וּ⁠קְבַרְתֶּ֣ם אֹתִ֔⁠י בַּ⁠קֶּ֕בֶר אֲשֶׁ֛ר אִ֥ישׁ הָ⁠אֱלֹהִ֖ים קָב֣וּר בּ֑⁠וֹ אֵ֚צֶל עַצְמֹתָ֔י⁠ו הַנִּ֖יחוּ אֶת־עַצְמֹתָֽ⁠י	1	These two phrases mean basically the same thing. The second emphasizes the meaning of the first by repeating the same idea with different words. If it would be helpful to your readers, you could combine them and express the emphasis in another way. Alternate translation: [then you shall bury my bones in this same grave right next to those of the man of God]
13:31	f6bm		rc://*/ta/man/translate/figs-synecdoche	אֵ֚צֶל עַצְמֹתָ֔י⁠ו הַנִּ֖יחוּ אֶת־עַצְמֹתָֽ⁠י	1	The old prophet is using the **bones** of people to represent their entire bodies or the remains of them. If it would be helpful in your language, you could use an equivalent expression from your culture or state the meaning plainly. Alternate translation: [Lay my body beside his remains]
13:32	tq46		rc://*/ta/man/translate/grammar-connect-words-phrases	כִּי֩	1	Here the word **For** introduces not a reason but an explanation. Alternate translation: [I ask this because]
13:32	v4gt		rc://*/ta/man/translate/figs-metonymy	הַ⁠דָּבָ֗ר אֲשֶׁ֤ר קָרָא֙ בִּ⁠דְבַ֣ר יְהוָ֔ה	1	Here, **the word** represents the message that the prophet proclaimed by using words. If it would be helpful in your language, you could use an equivalent expression or state the meaning plainly. Alternate translation: [the message that he cried out by the command of Yahweh]
13:32	k8n8		rc://*/ta/man/translate/translate-names	שֹׁמְרֽוֹן	1	**Samaria** is the name of the city that Omri, a later king of the northern kingdom of Israel, built as his capital several decades after this. People then began using the name of that city to represent this kingdom, and that is what the author is doing here. He is using a name that his readers would recognize in order to convey the old prophet’s meaning. If it would be helpful to your readers, you could use the name of the kingdom instead. Alternate translation: [the kingdom of Israel]
13:32	m8m4		rc://*/ta/man/translate/figs-reduplication	הָיֹ֨ה יִהְיֶ֜ה	1	The old prophet is repeating forms of the verb **happen** in order to intensify his expression of the idea that it conveys. If your language can repeat words for intensification, it would be appropriate to do that here in your translation. If not, your language may have another way of expressing the intensification. Alternate translation: [it will certainly happen]
13:33	or57		rc://*/ta/man/translate/writing-endofstory	אַחַר֙ הַ⁠דָּבָ֣ר הַ⁠זֶּ֔ה לֹֽא־שָׁ֥ב יָרָבְעָ֖ם מִ⁠דַּרְכּ֣⁠וֹ הָ⁠רָעָ֑ה וַ֠⁠יָּשָׁב	1	In this verse and the next one, the author is describing what happened after this story as a result of the events within the story itself. This signals the end of a story. Use the natural form in your language for expressing the conclusion of a story.
13:33	k003		rc://*/ta/man/translate/figs-metaphor	לֹֽא־שָׁ֥ב יָרָבְעָ֖ם מִ⁠דַּרְכּ֣⁠וֹ הָ⁠רָעָ֑ה	1	The author is speaking as if Jeroboam had actually been walking along a path in one direction and did not turn around and walk in a different direction. He means that Jeroboam did not stop doing evil things. If it would be helpful in your language, you could state the meaning plainly. Alternate translation: [Jeroboam continued these evil practices]
13:33	nnra		rc://*/ta/man/translate/figs-idiom	וַ֠⁠יָּשָׁב וַ⁠יַּ֜עַשׂ	1	The author is using **returned and made** as a common expression of the culture to mean “once again made” or “went back to making.” If this phrase does not have that meaning in your language, you could use a comparable expression from your language that does have that meaning, or you could state the meaning plainly. Alternate translation: [but he once again made]
13:33	jbfs		rc://*/ta/man/translate/figs-merism	מִ⁠קְצ֤וֹת הָ⁠עָם֙	1	See how you translated the similar expression in [12:31](../12/31.md). Alternate translation: [from throughout the population]
13:33	x5de		rc://*/ta/man/translate/figs-idiom	יְמַלֵּ֣א אֶת־יָד֔⁠וֹ	1	The author is using a common expression of his culture to mean that Jeroboam appointed these men to be priests. If it would be helpful in your language, you could state the meaning plainly. If you have already translated the book of Judges, see how you translated the similar expression in [Judges 17:5](../jdg/17/05.md). Alternate translation: [he would appoint him]
13:33	k033		rc://*/ta/man/translate/translate-plural	וִ⁠יהִ֖י כֹּהֲנֵ֥י בָמֽוֹת	1	Here the author is using the singular pronoun **he** with the plural object **priests**. He means that such a person became one of the priests. It may be helpful to clarify this for your readers. Alternate translation: [and he became one of the priests of the high places]
13:34	ipz6		rc://*/ta/man/translate/figs-metaphor	בֵּ֣ית יָרָבְעָ֑ם	1	See how you translated the similar expression in [2:24](../02/24.md). Alternate translation: [the dynasty of Jeroboam]
13:34	m3ay		rc://*/ta/man/translate/figs-doublet	וּ⁠לְ⁠הַכְחִיד֙ וּ⁠לְ⁠הַשְׁמִ֔יד	1	The terms **annihilate** and **destroy** mean similar things. The author is using the two terms together for emphasis. If it would be clearer for your readers, you could express the emphasis with a single phrase. Alternate translation: [to destroy completely]
13:34	hbhx		rc://*/ta/man/translate/grammar-connect-logic-result	וּ⁠לְ⁠הַכְחִיד֙ וּ⁠לְ⁠הַשְׁמִ֔יד	1	In this second part of this sentence, the author is indicating the result of what he describes in the first part of the sentence. Use a word or phrase in your language that will make it clear that this is a description of a result. Alternate translation: [causing it to be completely destroyed] or [leading Yahweh to destroy it completely]
13:34	twkn		rc://*/ta/man/translate/figs-metonymy	מֵ⁠עַ֖ל פְּנֵ֥י הָ⁠אֲדָמָֽה	1	See how you translated the similar expression in [4:20](../04/20.md). Alternate translation: [from the surface of the earth]
14:intro	abce				0	# 1 Kings 14 Chapter Introduction\n\n## Structure and Formatting\n\nThis chapter concludes the story of how the kingdom of David and Solomon was split into two kingdoms, Israel in the north and Judah in the south. It tells what happened during the rest of the reigns of the first king of Israel, Jeroboam, and the first king of Judah, Rehoboam.\n  1. Ahijah prophesies that Jeroboam’s son will die (14:1–18)\n  2. Conclusion of the reign of Jeroboam (14:19–20)\n  3. Rehoboam introduces foreign worship, and his kingdom is diminished (14:21–28)\n  4. Conclusion of the reign of Rehoboam (14:29–31)\n\n## Translation Issues in This Chapter\n\n### Phrases that the author uses to introduce accounts of kings’ reigns\n\nIn 14:21, the author tells how old Rehoboam was when he began to reign as king of Judah. He says who Rehoboam’s father and mother were, how long he reigned, and in what city. This is the first instance in the book of these phrases that the author will use regularly to introduce the account of a king’s reign. So that your readers will appreciate their role, be careful to translate these phrases consistently in each of their occurrences.\n\n### Long quotation within quotation\n\nThe prophet Ahijah speaks a long message from Yahweh to Jeroboam’s wife in 14:7–16. Most of it is a quotation within a quotation, in which Ahijah tells his wife what to say to him. That long part of the message contains a further quotation of a specific warning in Yahweh’s own words. If it would be clearer in your language, you could translate this so that there are not quotations within quotations. For example, Ahijah tells Jeroboam’s wife in 14:7, “Go, say to Jeroboam, ‘Thus says Yahweh, the God of Israel, “Because I raised you up from the midst of the people and made you a leader over my people Israel …”’” You could translate this as, “Go and tell Jeroboam that Yahweh, the God of Israel, says that because he raised him up from the midst of the people and made him a leader over his people Israel ….” You can continue to translate the message that way in subsequent verses. For example, in 14:8, Ahijah continues, “and I tore the kingdom away from the house of David and I gave it to you, but you are not like my servant David, who kept my commandments and who walked after me with all of his heart, to do only the right in my eyes.” You could translate that as, “and he tore the kingdom away from the house of David and he gave it to him, but he are not like his servant David, who kept his commandments and who walked after him with all of his heart, to do only the right in his eyes.” (See: [[rc://*/ta/man/translate/figs-quotesinquotes]])\n\n### Was Rehoboam’s son named Abijam or Abijah?\n\nIn [14:31](../14/31.md), the author describes how Rehoboam’s son succeeded him as king after he died. The author gives Abijam as this son’s name. However, in the parallel passage in [2 Chronicles 12:16](../2ch/12/16.md), this kings name is given as “Abijah,” and that is what he is called throughout the account of his reign in 2 Chronicles 13. To make clear that this is the same king, some versions use the name Abijam here in 1 Kings as well. However, we do not recommend that you change the name either here or in 2 Chronicles to make the accounts in both books match. The reason for the difference in spelling is not clear, but we recommend that you simply translate the names as they appear in each text and not try to harmonize them. If it would be helpful to your readers, you could explain in a footnote that Abijam of 1 Kings is the same man as Abijah of 2 Chronicles.
14:1	oxn1		rc://*/ta/man/translate/writing-newevent	בָּ⁠עֵ֣ת הַ⁠הִ֔יא חָלָ֖ה אֲבִיָּ֥ה בֶן־יָרָבְעָֽם	1	The author is using the phrase **At that time** to introduce a new event in the story. Use a word, phrase, or other method in your language that is natural for introducing a new event.
14:2	gk93		rc://*/ta/man/translate/figs-explicit	ק֤וּמִי	1	See how you translated the similar expression in [1:13](../01/13.md). Alternate translation: [Take action]
14:2	a80f		rc://*/ta/man/translate/writing-pronouns	וְ⁠לֹ֣א יֵֽדְע֔וּ	1	Here Jeroboam is using the pronoun **they** in a general sense, not to refer to specific people. Use an expression for this that would be natural in your language. Alternate translation: [so no one will know] or [so it will not be known]
14:2	kwgz		rc://*/ta/man/translate/writing-pronouns	אֵ֣שֶׁת יָרָבְעָ֑ם	1	Since Jeroboam is the speaker, it may be more natural in your language to use a pronoun here. Alternate translation: [my wife]
14:2	b7ub		rc://*/ta/man/translate/figs-metaphor	הִנֵּה	1	See how you translated the similar expression in [1:14](../01/14.md).
14:2	l9lr		rc://*/ta/man/translate/writing-pronouns	הֽוּא־דִבֶּ֥ר	1	Jeroboam is stating the pronoun **He** separately, even though the verb translated as **he spoke** already includes this meaning. He is doing that to emphasize the personal role of Ahijah in having said that Jeroboam would become king. If a speaker of your language would use an explicit pronoun for the same purpose, you may want to use that construction in your translation. If not, your language may have other ways of showing the meaning here. Alternate translation: [He was the one who spoke]
14:3	brij		rc://*/ta/man/translate/figs-synecdoche	בְּ֠⁠יָדֵ⁠ךְ	1	See the discussion in the introduction to 1 Kings of how the author and characters sometimes use one part of a person, his **hand**, to mean all of him in the act of conveying something. If it would be helpful in your language, you could state the meaning plainly. Alternate translation: [with you]
14:3	zxkl		rc://*/ta/man/translate/translate-unknown	וְ⁠נִקֻּדִ֛ים	1	The word translated as **cakes** as a description of a kind of food occurs only here in the Old Testament, so its meaning is not entirely certain. The context suggests that it means some kind of small, baked good. One ancient version adds an explanation that these were a gift for Ahijah’s children. In your translation, you could use the name of a similar food item that your readers would recognize. You could also use a general expression, as the UST does. Alternate translation: [and biscuits] or [and cookies]
14:3	c6j3		rc://*/ta/man/translate/writing-pronouns	ה֚וּא יַגִּ֣יד	1	Jeroboam is stating the pronoun **He** separately, even though the verb translated as **he will declare** already includes this meaning. He is doing that in order to emphasize the contrast between what he wants his wife to do and what he expects Ahijah to do. If a speaker of your language would use an explicit pronoun for the same purpose, you may want to use that construction in your translation. If not, your language may have other ways of showing the meaning here. See how you translated the similar expression “he, he cursed” in [2:8](../02/08.md). Alternate translation: [And for his part, he will declare]
14:4	b5xa		rc://*/ta/man/translate/writing-background	וַ⁠אֲחִיָּ֨הוּ֙ לֹֽא־יָכֹ֣ל לִ⁠רְא֔וֹת כִּ֛י קָ֥מוּ עֵינָ֖י⁠ו מִ⁠שֵּׂיבֽ⁠וֹ	1	The author is providing background information about Ahijah’s blindness to help readers understand what happens next in the story. In your translation, introduce this information in a way that would be natural in your own language and culture.
14:4	ffqh		rc://*/ta/man/translate/grammar-connect-logic-result	וַ⁠אֲחִיָּ֨הוּ֙ לֹֽא־יָכֹ֣ל לִ⁠רְא֔וֹת כִּ֛י קָ֥מוּ עֵינָ֖י⁠ו מִ⁠שֵּׂיבֽ⁠וֹ	1	If it would be more natural in your language, you could reverse the order of these phrases, since the second phrase gives the reason for the result that the first phrase describes. Alternate translation: [Now since Ahijah’s eyes had set because of his age, he was not able to see]
14:4	ukvf		rc://*/ta/man/translate/figs-explicit	קָ֥מוּ עֵינָ֖י⁠ו	1	The author is using the phrase **his eyes had set** to describe an eye condition that was most likely cataracts. He means that these cataracts had advanced to the point where Ahijah could no longer use his eyes. If it would be helpful to your readers, you could name this condition explicitly in your translation. You could also use a general expression, as the UST does. If you have already translated the book of 1 Samuel, see how you translated the similar expression in [1 Samuel 4:15](../1sa/04/15.md). Alternate translation: [he had severe cataracts]
14:5	vn3l		rc://*/ta/man/translate/grammar-connect-logic-result	אֵ֣שֶׁת יָרָבְעָ֡ם בָּאָ֣ה לִ⁠דְרֹשׁ֩ דָּבָ֨ר מֵ⁠עִמְּ⁠ךָ֤ אֶל־בְּנָ⁠הּ֙ כִּֽי־חֹלֶ֣ה ה֔וּא	1	If it would be more natural in your language, you could reverse the order of these phrases, since the second phrase gives the reason for the result that the first phrase describes. Alternate translation: [since the son of the wife of Jeroboam is sick, she is coming to seek a word from you about him]
14:5	zefa		rc://*/ta/man/translate/figs-metonymy	לִ⁠דְרֹשׁ֩ דָּבָ֨ר מֵ⁠עִמְּ⁠ךָ֤	1	Here, **word** represents a response from Yahweh. If it would be helpful in your language, you could use an equivalent expression or state the meaning plainly. Alternate translation: [to seek an answer from you] or [to ask you a question]
14:5	ewp8		rc://*/ta/man/translate/figs-infostructure	כָּ⁠זֹ֥ה וְ⁠כָ⁠זֶ֖ה תְּדַבֵּ֣ר אֵלֶ֑י⁠הָ וִ⁠יהִ֣י כְ⁠בֹאָ֔⁠הּ וְ⁠הִ֖יא מִתְנַכֵּרָֽה	1	If it would be more natural in your language, you may want to put the information about Jeroboam’s wife **disguising herself** before the information about what Ahijah should say to her. Alternate translation: [And it will happen when she comes that she will be disguising herself. Like this and like this you shall speak to her]
14:5	k7o3		rc://*/ta/man/translate/figs-quotations	כָּ⁠זֹ֥ה וְ⁠כָ⁠זֶ֖ה תְּדַבֵּ֣ר אֵלֶ֑י⁠הָ	1	Yahweh did not actually say the words **Like this and like this**. The author is using that expression to summarize what Yahweh told Ahijah to say to Jeroboam’s wife. If it would be more natural in your language, you could express this as an indirect quotation. You could stop the direct quotation at the end of the previous sentence and begin it again at the start of the next sentence. If you have already translated the book of 2 Samuel, see what you decided to do in the case of the same expression in [2 Samuel 17:15](../2sa/17/15.md). Alternate translation: [Yahweh told Ahijah what to say to Jeroboam’s wife. Then he continued,]
14:5	jn1r		rc://*/ta/man/translate/figs-idiom	כָּ⁠זֹ֥ה וְ⁠כָ⁠זֶ֖ה תְּדַבֵּ֣ר אֵלֶ֑י⁠הָ	1	The author is using **Like this and like this** as a common expression of his culture. If you decide to translate everything Yahweh says here as a direct quotation, your language may have a comparable expression that you can use in your translation. Alternate translation: [You shall speak to her in such-and-such a way]
14:6	rgqs		rc://*/ta/man/translate/writing-newevent	וַ⁠יְהִי֩	1	See how you translated the phrase “And it happened” in [8:10](../08/10.md), where it similarly introduces a new development.
14:6	po62		rc://*/ta/man/translate/figs-rquestion	לָ֣⁠מָּה זֶּ֗ה אַ֚תְּ מִתְנַכֵּרָ֔ה	1	Ahijah is using the question form for emphasis. If a speaker of your language would not use the question form for that purpose, you could translate this as a statement or as an exclamation. Alternate translation: [There is no reason for you to be disguising yourself] or [It is useless for you to disguise yourself]
14:6	wtqb		rc://*/ta/man/translate/figs-metaphor	וְ⁠אָ֣נֹכִ֔י שָׁל֥וּחַ אֵלַ֖יִ⁠ךְ קָשָֽׁה	1	Ahijah is speaking here as if Yahweh had actually sent him to Jeroboam’s wife in a harsh way. He means that Yahweh has given him a harsh message to deliver to her. Your language may have a comparable expression that you can use in your translation, or you could state the meaning plainly. Alternate translation: [Now Yahweh has given me a harsh message to speak to you]
14:7	k034		rc://*/ta/man/translate/figs-quotemarks	לְכִ֞י אִמְרִ֣י לְ⁠יָרָבְעָ֗ם כֹּֽה־אָמַ֤ר יְהוָה֙ אֱלֹהֵ֣י יִשְׂרָאֵ֔ל יַ֛עַן אֲשֶׁ֥ר הֲרִימֹתִ֖י⁠ךָ מִ⁠תּ֣וֹךְ הָ⁠עָ֑ם וָ⁠אֶתֶּנְ⁠ךָ֣ נָגִ֔יד עַ֖ל עַמִּ֥⁠י יִשְׂרָאֵֽל	1	There are three levels of quotation here. At the start, the author is quoting what Ahijah said to Jeroboam’s wife (level 1), continuing from the previous verse. Ahijah then tells her what he wants her to say to Jeroboam (level 2). Within this message, there is a quotation from Yahweh (level 3). Use the appropriate punctuation in your language to mark these levels of quotation. Alternatively, you could translate this so that there are not second-level or third-level quotations.
14:7	z39j		rc://*/ta/man/translate/figs-quotesinquotes	לְכִ֞י אִמְרִ֣י לְ⁠יָרָבְעָ֗ם כֹּֽה־אָמַ֤ר יְהוָה֙ אֱלֹהֵ֣י יִשְׂרָאֵ֔ל יַ֛עַן אֲשֶׁ֥ר הֲרִימֹתִ֖י⁠ךָ מִ⁠תּ֣וֹךְ הָ⁠עָ֑ם וָ⁠אֶתֶּנְ⁠ךָ֣ נָגִ֔יד עַ֖ל עַמִּ֥⁠י יִשְׂרָאֵֽל	1	See the discussion in the introduction to this chapter of how you can translate Yahweh’s message to Jeroboam’s wife in verses 7–11 in such a way that there will not be quotations within quotations. Here is an example of what you might say in this verse. Alternate translation: [Go and tell Jeroboam that Yahweh, the God of Israel, says that because he raised him up from the midst of the people and made him a leader over his people Israel]
14:7	k004		rc://*/ta/man/translate/figs-metaphor	הֲרִימֹתִ֖י⁠ךָ	1	Yahweh is speaking as if he had physically **raised up** Jeroboam, that is, as if he had lifted him up into the air or to an elevated location. In contexts such as this, this expression describes making a person powerful or giving a person a powerful position. See how you represented this image in [11:14](../11/14.md). Alternate translation: [I brought you to power]
14:8	hfip		rc://*/ta/man/translate/figs-metaphor	וָ⁠אֶקְרַ֤ע אֶת־הַ⁠מַּמְלָכָה֙	1	See how you translated the similar expression in [11:11](../11/11.md). Alternate translation: [and I took the kingdom away]
14:8	e8em		rc://*/ta/man/translate/figs-metaphor	מִ⁠בֵּ֣ית דָּוִ֔ד	1	See how you translated the similar expression in [12:19](../12/19.md). Alternate translation: [the dynasty of David] or [David’s descendants]
14:8	f06l		rc://*/ta/man/translate/figs-metaphor	וַ⁠אֲשֶׁר־הָלַ֤ךְ אַחֲרַ⁠י֙	1	See how you translated the similar expression in [3:6](../03/06.md). Alternate translation: [and who lived as I want people to live]
14:8	gvya		rc://*/ta/man/translate/figs-metaphor	בְּ⁠כָל־לְבָב֔⁠וֹ	1	See how you translated the similar expression in [8:23](../08/23.md). Alternate translation: [in complete devotion]
14:8	fs5i		rc://*/ta/man/translate/figs-nominaladj	הַ⁠יָּשָׁ֥ר בְּ⁠עֵינָֽ⁠י	1	Yahweh is using the adjective **right** as a noun to mean things that are right. Your language may use adjectives in the same way. If not, you can translate this adjective with an equivalent phrase. Alternate translation: [things that are right in my eyes]
14:8	okbh		rc://*/ta/man/translate/figs-idiom	הַ⁠יָּשָׁ֥ר בְּ⁠עֵינָֽ⁠י	1	See how you translated the similar expression in [11:33](../11/33.md). Alternate translation: [things that are right in my judgment]
14:9	kgem		rc://*/ta/man/translate/figs-hendiadys	וַ⁠תָּ֣רַע לַ⁠עֲשׂ֔וֹת	1	Together, the verbal phrase **you have been evil** and the infinitive **to do** express a single idea. They indicate that Jeroboam has done what is evil. If it would be more natural in your language, you could express this meaning in a different way. Alternate translation: [and you have done evil]
14:9	ch2o		rc://*/ta/man/translate/figs-metonymy	אֲשֶׁר־הָי֣וּ לְ⁠פָנֶ֑י⁠ךָ	1	Yahweh is using the expression **to your face** to mean “before you” or “previous to you.” He is referring specifically to earlier kings of Israel. If it would be helpful in your language, you could state the meaning plainly. Alternate translation: [who ruled Israel before you]
14:9	y1d3		rc://*/ta/man/translate/figs-hendiadys	אֱלֹהִ֨ים אֲחֵרִ֤ים וּ⁠מַסֵּכוֹת֙	1	The expressions **other gods** and **molded images** together express a single idea. The phrase **molded images** tells in what form Jeroboam made these **other gods**. If it would be more natural in your language, you could express this meaning in a different way. Alternate translation: [molded images of other gods]
14:9	th7s		rc://*/ta/man/translate/figs-idiom	וְ⁠אֹתִ֥⁠י הִשְׁלַ֖כְתָּ אַחֲרֵ֥י גַוֶּֽ⁠ךָ	1	Here Yahweh is using a common expression of this culture to mean that Jeroboam has completely disregarded him. If this phrase does not have that meaning in your language, you could use a comparable expression from your language that does have that meaning, or you could state the meaning plainly. Alternate translation: [and you have turned your back on me] or [and you have completely disregarded me]
14:10	rjxa		rc://*/ta/man/translate/figs-idiom	הִנְ⁠נִ֨י מֵבִ֤יא רָעָה֙	1	Yahweh is using **behold me, bringing** as a common expression of his culture to mean “I am about to bring.” If this phrase does not have that meaning in your language, you could use a comparable expression from your language that does have that meaning, or you could state the meaning plainly. Alternate translation: [I am about to bring harm]
14:10	r65f		rc://*/ta/man/translate/figs-metaphor	בֵּ֣ית יָרָבְעָ֔ם	1	This could mean: (1) the family of Jeroboam. What the author says about this prophecy in [15:29](../15/29.md) supports this interpretation. Alternate translation: [the family of Jeroboam] or (2) the dynasty of Jeroboam, as in the similar expression [the house of David] in verse 8. Alternate translation: [the dynasty of Jeroboam]
14:10	koqq		rc://*/ta/man/translate/figs-metaphor	וְ⁠הִכְרַתִּ֤י לְ⁠יָֽרָבְעָם֙ מַשְׁתִּ֣ין בְּ⁠קִ֔יר	1	See how you translated the similar expression “cut off” in [11:16](../11/16.md). Alternate translation: [and I will cause someone to kill every one of Jeroboam’s family members who pisses against a wall]
14:10	tddj		rc://*/ta/man/translate/figs-metonymy	מַשְׁתִּ֣ין בְּ⁠קִ֔יר	1	Yahweh is referring to the males in Jeroboam’s household. To emphasize how angry he is at Jeroboam’s serious sins and what severe punishment he deserves, Yahweh is using a vivid expression that might be considered vulgar in some cultures. If it would not be appropriate for your readers if you reproduced this exact expression, you could use an equivalent one that would reflect Yahweh’s anger. You could also use plain language. If you have already translated the book of 1 Samuel, see how you translated the similar expression in [1 Samuel 25:22](../1sa/25/22.md). Alternate translation: [every single one of the men]
14:10	llqb		rc://*/ta/man/translate/figs-merism	עָצ֥וּר וְ⁠עָז֖וּב	1	Yahweh is referring to all of Jeroboam’s male descendants by naming the two main categories of them, **one restrained** (legal slaves) and **one set free** (legal free men). If it would be helpful in your language, you could use an equivalent expression or plain language. Alternate translation: [all male descendants] or [every male descendant]
14:10	efwv		rc://*/ta/man/translate/figs-metaphor	וּ⁠בִֽעַרְתִּי֙ אַחֲרֵ֣י בֵית־יָרָבְעָ֔ם	1	Yahweh is speaking as if Jeroboam’s family and dynasty were actually a **house** that he would **burn**. If it would be helpful in your language, you could state the meaning plainly. Alternate translation: [And I will destroy Jeroboam’s descendants]
14:10	nc7j		rc://*/ta/man/translate/figs-explicit	וּ⁠בִֽעַרְתִּי֙ אַחֲרֵ֣י בֵית־יָרָבְעָ֔ם	1	In this context, the word **after** adds intensity and completeness to the idea of **burn**. Your language may have a comparable expression that you can use in your translation if you decide to retain the image of burning. You could also use plain language. Alternate translation: [And I will burn up the house of Jeroboam] or [And I will destroy all of Jeroboam’s descendants]
14:10	b7v7		rc://*/ta/man/translate/figs-simile	כַּ⁠אֲשֶׁ֛ר יְבַעֵ֥ר הַ⁠גָּלָ֖ל עַד־תֻּמּֽ⁠וֹ	1	The point of this comparison is that just as **dung burns** completely, so Yahweh will completely destroy Jeroboam’s descendants. If it would be helpful in your language, you could make this point explicitly. Alternate translation: [as completely as dung burns until the finishing of it]
14:11	pm3e		rc://*/ta/man/translate/figs-metonymy	בַּ⁠שָּׂדֶ֔ה	1	Here, **in the field** represents any place outside of a city or town. If it would be helpful in your language, you could use an equivalent expression or plain language. Alternate translation: [out in the open]
14:11	m8z2		rc://*/ta/man/translate/grammar-connect-words-phrases	כִּ֥י יְהוָ֖ה דִּבֵּֽר	1	Ahijah is using this statement to conclude his direct quotation of what Yahweh told him to tell Jeroboam’s wife. In verse 7, he started the quotation by also mentioning that Yahweh had said this. Ahijah begins and ends the message with these statements in order to mark it as something he has spoken by Yahweh’s authority and that will surely happen. In your translation, use a natural way in your language of showing at the end of a quotation that someone has spoken it who has the power and authority to declare it and make it happen.
14:12	djdu		rc://*/ta/man/translate/writing-pronouns	וְ⁠אַ֥תְּ ק֖וּמִי לְכִ֣י	1	Ahijah is stating the pronoun **you** separately, even though the imperative verbs translated as **arise** and **go** already include this meaning. He is doing that because, after describing what will happen to all of the males in Jeroboam’s family, he is now describing what Jeroboam’s wife is to do. See how you translated the similar expression “you, now make” in [12:4](../12/04.md), which similarly emphasizes a contrast. Alternate translation: [Now for your part, arise, go] or [And as for you, arise, go]
14:12	nb2n		rc://*/ta/man/translate/figs-synecdoche	בְּ⁠בֹאָ֥ה רַגְלַ֛יִ⁠ךְ הָ⁠עִ֖ירָ⁠ה	1	Here the prophet is using one part of Jeroboam’s wife, her **feet**, to mean all of her in the act of entering the city. If it would be helpful in your language, you could state the meaning plainly. Alternate translation: [When you enter the city] or [As soon as you walk into the city]
14:13	d373		rc://*/ta/man/translate/figs-hyperbole	וְ⁠סָֽפְדוּ־ל֤⁠וֹ כָל־יִשְׂרָאֵל֙	1	Ahijah says that **all of Israel** will mourn for Jeroboam’s son as a generalization for emphasis. If it would be clearer in your language, you could express the emphasis in a different way. Alternate translation: [And the Israelites will mourn greatly for him]
14:13	ysj0		rc://*/ta/man/translate/writing-pronouns	וְ⁠קָבְר֣וּ אֹת֔⁠וֹ	1	Here Ahijah is using the pronoun **they** in a general sense, not to refer to specific people. Use an expression for this that would be natural in your language. Alternate translation: [and he will be buried]
14:13	gngh		rc://*/ta/man/translate/grammar-connect-logic-result	זֶ֣ה לְ⁠בַדּ֔⁠וֹ יָבֹ֥א לְ⁠יָרָבְעָ֖ם אֶל־קָ֑בֶר יַ֣עַן נִמְצָא־ב֞⁠וֹ דָּבָ֣ר ט֗וֹב אֶל־יְהוָ֛ה אֱלֹהֵ֥י יִשְׂרָאֵ֖ל בְּ⁠בֵ֥ית יָרָבְעָֽם	1	If it would be more natural in your language, you could reverse the order of these phrases, since the second phrase gives the reason for the result that the first phrase describes. Alternate translation: [because a good thing was found in him for Yahweh, the God of Israel, in the house of Jeroboam, this one alone from Jeroboam will enter into a grave]
14:13	za4j		rc://*/ta/man/translate/figs-idiom	נִמְצָא־ב֞⁠וֹ דָּבָ֣ר ט֗וֹב	1	Ahijah is using the term **found** in a way characteristic of his language and culture to mean that this **good thing** could be found, that is, that it could be seen to be present in the life and conduct of Abijah. If it would be helpful in your language, you could state the meaning plainly. Alternate translation: [there was something good in his life]
14:13	fy15		rc://*/ta/man/translate/figs-metaphor	בְּ⁠בֵ֥ית יָרָבְעָֽם	1	Ahijah is speaking of Jeroboam’s family as if it were actually a **house**. If it would be helpful in your language, you could use a comparable expression or state the meaning plainly. Alternate translation: [in Jeroboam’s family] or [among the descendants of Jeroboam]
14:14	gzgv		rc://*/ta/man/translate/figs-metaphor	וְ⁠הֵקִים֩ יְהוָ֨ה ל֥⁠וֹ מֶ֨לֶךְ֙	1	See how you translated the similar expression in [14:7](../14/07.md). Alternate translation: [And Yahweh by himself will bring a king to power]
14:14	t3lp		rc://*/ta/man/translate/figs-metaphor	יַכְרִ֛ית אֶת־בֵּ֥ית יָרָבְעָ֖ם	1	Ahijah is speaking as if this king were going to literally **cut off** Jeroboam’s family, as if they were a plant, and the king would use a sharp tool to remove them. He means that the king will kill all of Jeroboam’s descendants. Your language may have a comparable expression that you can use in your translation, or you could state the meaning plainly. Alternate translation: [will kill all of Jeroboam’s family]
14:14	dyrk		rc://*/ta/man/translate/figs-metaphor	זֶ֣ה הַ⁠יּ֑וֹם	1	Ahijah is using the expression **this day** to refer to a specific time. If it would be helpful in your language, you could state the meaning plainly. Alternate translation: [at this time] or [very soon]
14:14	ycdt		rc://*/ta/man/translate/figs-ellipsis	וּ⁠מֶ֖ה גַּם־עָֽתָּה	1	Ahijah is leaving out some of the words that in many languages a sentence would need in order to be complete. You can supply these words from the context if that would be clearer in your language. Alternate translation: [But what am I saying, ‘will raise up’? This is happening even now]
14:15	a24k		rc://*/ta/man/translate/figs-metaphor	וְ⁠הִכָּ֨ה יְהוָ֜ה אֶת־יִשְׂרָאֵ֗ל	1	Ahijah is speaking of Yahweh’s judgment as if Yahweh were going to **strike** Israel physically. This image portrays Yahweh’s punishment as a decisive blow. Your language may have a comparable expression that you can use in your translation, or you could state the meaning plainly. Alternate translation: [And Yahweh will decisively punish Israel]
14:15	nrof		rc://*/ta/man/translate/figs-ellipsis	כַּ⁠אֲשֶׁ֨ר יָנ֣וּד הַ⁠קָּנֶה֮ בַּ⁠מַּיִם֒	1	Ahijah is leaving out some of the words that in many languages a sentence would need in order to be complete. You can supply these words from the context if that would be clearer in your language. Alternate translation: [so that it will sway just as a reed sways in the waters]
14:15	zsqr		rc://*/ta/man/translate/figs-simile	כַּ⁠אֲשֶׁ֨ר יָנ֣וּד הַ⁠קָּנֶה֮ בַּ⁠מַּיִם֒	1	The point of this comparison is that just as a **reed** that **sways in the waters** is unstable and has no firm foundation, so Israel will be unstable and have no secure place to live. If it would be helpful in your language, you could make this point explicitly. Alternate translation: [so that it will not have a settled place to live, just as a reed sways and ultimately comes loose as the waters of a river tug at it]
14:15	glc0		rc://*/ta/man/translate/figs-metaphor	וְ⁠נָתַ֣שׁ אֶת־יִשְׂרָאֵ֗ל	1	Ahijah is speaking of Yahweh removing Israel from the land as if Yahweh were actually going to **uproot** a plant. Your language may have a comparable expression that you can use in your translation, or you could state the meaning plainly. Alternate translation: [and he will remove Israel]
14:15	n2rb		rc://*/ta/man/translate/figs-metaphor	לַ⁠אֲב֣וֹתֵי⁠הֶ֔ם	1	See how you translated the term “fathers” in [1:21](../01/21.md). Alternate translation: [to their ancestors]
14:15	eg6x		rc://*/ta/man/translate/grammar-connect-logic-result	וְ⁠זֵרָ֖⁠ם מֵ⁠עֵ֣בֶר לַ⁠נָּהָ֑ר יַ֗עַן אֲשֶׁ֤ר עָשׂוּ֙ אֶת־אֲשֵׁ֣רֵי⁠הֶ֔ם מַכְעִיסִ֖ים אֶת־יְהוָֽה	1	If it would be more natural in your language, you could reverse the order of these phrases, since the second phrase gives the reason for the result that the first phrase describes. Alternate translation: [And because they made their Asherahs, provoking Yahweh, he will scatter them beyond the River]
14:15	wycx		rc://*/ta/man/translate/translate-names	לַ⁠נָּהָ֑ר	1	By **the River**, Ahijah means the Euphrates River. Alternate translation: [the Euphrates River]
14:16	i27y		rc://*/ta/man/translate/writing-poetry	חַטֹּ֤אות יָֽרָבְעָם֙ אֲשֶׁ֣ר חָטָ֔א וַ⁠אֲשֶׁ֥ר הֶחֱטִ֖יא אֶת־יִשְׂרָאֵֽל	1	Ahijah is using a construction in which a verb and its object come from the same root. You may be able to use the same construction in your language to express the meaning here. Alternatively, your language may have another way of saying this. Alternate translation: [the sins that Jeroboam committed and that he caused Israel to commit]
14:18	khyf		rc://*/ta/man/translate/writing-pronouns	וַ⁠יִּקְבְּר֥וּ אֹת֛⁠וֹ	1	See how you translated the similar expression in [14:13](../14/13.md). Alternate translation: [And people buried him] or [And he was buried]
14:18	r99e		rc://*/ta/man/translate/figs-hyperbole	וַ⁠יִּסְפְּדוּ־ל֖⁠וֹ כָּל־יִשְׂרָאֵ֑ל	1	See how you translated the similar expression in [14:13](../14/13.md). Alternate translation: [and the Israelites mourned greatly for him]
14:18	j6l3		rc://*/ta/man/translate/figs-metonymy	כִּ⁠דְבַ֤ר יְהוָה֙ אֲשֶׁ֣ר דִּבֶּ֔ר	1	Here, **word** represents the message that Yahweh announced through Ahijah by using words. If it would be clearer in your language, you could state the meaning plainly. Alternate translation: [according to the message that Yahweh had spoken]
14:18	zva1		rc://*/ta/man/translate/figs-metonymy	בְּ⁠יַד	1	See how you translated the similar expression in [8:53](../08/53.md). Alternate translation: [through the agency of]
14:19	k035		rc://*/ta/man/translate/writing-endofstory	וְ⁠יֶ֨תֶר֙ דִּבְרֵ֣י יָֽרָבְעָ֔ם אֲשֶׁ֥ר נִלְחַ֖ם וַ⁠אֲשֶׁ֣ר מָלָ֑ךְ הִנָּ֣⁠ם כְּתוּבִ֗ים עַל־סֵ֛פֶר דִּבְרֵ֥י הַ⁠יָּמִ֖ים לְ⁠מַלְכֵ֥י יִשְׂרָאֵֽל	1	In this verse and the next verse, the author is using phrases that he regularly uses to conclude the account of kings’ reigns. See how you translated the phrases in [11:41–43](../11/41.md) that are similar to the ones in verses 19 and 20 here. Alternate translation: [Now you can read about the rest of the matters of Jeroboam, how he fought and how he reigned, in the book of the matters of the days of the kings of Israel]
14:20	bhbp		rc://*/ta/man/translate/figs-metonymy	וְ⁠הַ⁠יָּמִים֙ אֲשֶׁ֣ר מָלַ֣ךְ יָרָבְעָ֔ם עֶשְׂרִ֥ים וּ⁠שְׁתַּ֖יִם שָׁנָ֑ה	1	The author is using the term **days** to refer to a period of time. If it would be helpful in your language, you could state the meaning plainly. Alternate translation: [And the time that Jeroboam reigned was 22 years]
14:20	f0pj		rc://*/ta/man/translate/figs-euphemism	וַ⁠יִּשְׁכַּב֙ עִם־אֲבֹתָ֔י⁠ו	1	See how you translated the similar expression in [1:21](../01/21.md). Alternate translation: [And he passed away]
14:21	k036		rc://*/ta/man/translate/writing-participants	וּ⁠רְחַבְעָם֙ בֶּן־שְׁלֹמֹ֔ה מָלַ֖ךְ בִּֽ⁠יהוּדָ֑ה בֶּן־אַרְבָּעִ֣ים וְ⁠אַחַ֣ת שָׁנָה֩ רְחַבְעָ֨ם בְּ⁠מָלְכ֜⁠וֹ וּֽ⁠שֲׁבַ֨ע עֶשְׂרֵ֥ה שָׁנָ֣ה ׀ מָלַ֣ךְ בִּ⁠ירוּשָׁלִַ֗ם הָ֠⁠עִיר אֲשֶׁר־בָּחַ֨ר יְהוָ֜ה לָ⁠שׂ֨וּם אֶת־שְׁמ֥⁠וֹ שָׁם֙ מִ⁠כֹּל֙ שִׁבְטֵ֣י יִשְׂרָאֵ֔ל וְ⁠שֵׁ֣ם אִמּ֔⁠וֹ נַעֲמָ֖ה הָ⁠עַמֹּנִֽית	1	In this verse, the author is reintroducing Rehoboam as a participant in the story. He was first introduced briefly in [11:43](../11/43.md) as Solomon’s son and successor. The author is now reintroducing him formally as the king of Judah. Your language may have its own way of reintroducing participants that you can use in your translation. See the discussion in the introduction to this chapter of how the author introduces his accounts of the reigns of kings.
14:21	qhos		rc://*/ta/man/translate/figs-idiom	בֶּן־אַרְבָּעִ֣ים וְ⁠אַחַ֣ת שָׁנָה֩	1	The author is using **a son of 41 years** as a common expression of the culture to mean “41 years old.” If this phrase does not have that meaning in your language, you could use a comparable expression from your language that does have that meaning, or you could state the meaning plainly. Alternate translation: [was 41 years old]
14:21	zhe6		rc://*/ta/man/translate/figs-explicitinfo	הָ֠⁠עִיר אֲשֶׁר־בָּחַ֨ר יְהוָ֜ה לָ⁠שׂ֨וּם אֶת־שְׁמ֥⁠וֹ שָׁם֙	1	It might seem that this expression contains extra information that would not be natural to express in your language. If so, you could shorten it. Alternate translation: [the city where Yahweh had chosen to put his name]
14:21	o54u		rc://*/ta/man/translate/figs-metonymy	לָ⁠שׂ֨וּם אֶת־שְׁמ֥⁠וֹ שָׁם֙	1	See how you translated the similar expression in [11:36](../11/36.md). Alternate translation: [as a place where people would worship him] or [as a place where his reputation would be made known]
14:21	ksf3		rc://*/ta/man/translate/figs-metonymy	מִ⁠כֹּל֙ שִׁבְטֵ֣י יִשְׂרָאֵ֔ל	1	See how you translated the similar expression in [8:16](../08/16.md). Alternate translation: [of all possible locations within the territory of Israel]
14:22	dv1x		rc://*/ta/man/translate/figs-metonymy	יְהוּדָ֛ה	1	Here, **Judah** represents the people of Judah. If it would be helpful in your language, you could use an equivalent expression or plain language. Alternate translation: [the people of Judah]
14:22	rpot		rc://*/ta/man/translate/figs-abstractnouns	הָ⁠רַ֖ע	1	If your language does not use an abstract noun for the idea of **evil**, you could express the same idea in another way. Alternate translation: [what was evil]
14:22	ihj7		rc://*/ta/man/translate/figs-idiom	בְּ⁠עֵינֵ֣י יְהוָ֑ה	1	See how you translated the similar expression in [3:10](../03/10.md). Alternate translation: [in the judgment of Yahweh]
14:22	p7ot		rc://*/ta/man/translate/writing-poetry	בְּ⁠חַטֹּאתָ֖⁠ם אֲשֶׁ֥ר חָטָֽאוּ	1	The author is using a construction in which a verb and its object come from the same root. You may be able to use the same construction in your language to express the meaning here. Alternatively, your language may have another way of saying this. Alternate translation: [by the sins that they committed]
14:23	o0on		rc://*/ta/man/translate/figs-hyperbole	עַ֚ל כָּל־גִּבְעָ֣ה גְבֹהָ֔ה וְ⁠תַ֖חַת כָּל־עֵ֥ץ רַעֲנָֽן	1	The author is referring to **every** high hill and **every** green tree as a generalization for emphasis. If it would be clearer in your language, you could express the emphasis in a different way. Alternate translation: [on high hills and under green trees throughout their territory]
14:23	k037		rc://*/ta/man/translate/writing-pronouns	גַם־הֵ֧מָּה	1	The author is stating the pronoun **they** separately, even though the verb translated as **they built** already includes this meaning. He is doing that to emphasize that the people of Judah should have known better than to build these **high places and pillars and Asherahs**, since they had Yahweh’s temple and its influence within their territory in Jerusalem. If a speaker of your language would use an explicit pronoun for the same purpose, you may want to use that construction in your translation. If not, your language may have other ways of showing the meaning here. See how you translated the similar expression “you, you know” in [2:5](../02/05.md). Alternate translation: [even they, who should have known better]
14:24	bl7s		rc://*/ta/man/translate/grammar-collectivenouns	קָדֵ֖שׁ הָיָ֣ה בָ⁠אָ֑רֶץ	1	In this verse, the term **cultic prostitute** is singular in form, but it refers to cultic prostitutes as a group. If it would be helpful in your language, you could use a plural form in your translation. Alternate translation: [cultic prostitutes were in the land]
14:24	a56g		rc://*/ta/man/translate/writing-pronouns	עָשׂ֗וּ	1	The pronoun **They** refers to the people of Judah. It may be helpful to clarify this for your readers. Alternate translation: [The Judeans did]
14:24	h89a		rc://*/ta/man/translate/figs-idiom	מִ⁠פְּנֵ֖י	1	The author is using **from the face of** as a common expression of the culture to mean “because of” or “on account of.” If this phrase does not have that meaning in your language, you could use a comparable expression from your language that does have that meaning, or you could state the meaning plainly. Alternate translation: [on account of] or [for the sake of]
14:24	a93v		rc://*/ta/man/translate/figs-metaphor	בְּנֵ֥י יִשְׂרָאֵֽל	1	See how you translated the similar expression in [6:1](../06/01.md). Alternate translation: [the Israelites]
14:25	k038		rc://*/ta/man/translate/writing-newevent	וַ⁠יְהִ֛י	1	See how you translated the phrase “And it happened” in [2:39](../02/39.md), where it similarly introduces a new event.
14:25	hz17		rc://*/ta/man/translate/figs-explicitinfo	עָלָ֛ה & עַל	1	It might seem that including the word **up** in this phrase would be to state extra information that would not be natural to express in your language. If so, you could shorten it. Alternate translation: [came against] or [attacked]
14:26	olli		rc://*/ta/man/translate/figs-metaphor	בֵּית־יְהוָ֗ה & בֵּ֣ית הַ⁠מֶּ֔לֶךְ	1	The author is speaking here of the temple of Yahweh as if it were a **house** in which he lived. Similarly, he is speaking of the king’s palace as if it were a **house**. Your language may have a comparable expression that you can use in your translation, or you could state the meaning plainly. See how you translated the similar expression “the house of Yahweh and the house of the king” in [9:10](../09/10.md). Alternate translation: [the temple of Yahweh … the palace of the king]
14:26	ab73		rc://*/ta/man/translate/figs-hyperbole	הַ⁠כֹּ֖ל & וַ⁠יִּקַּח֙	1	The author says **everything** as a generalization for emphasis. If it would be clearer in your language, you could express the emphasis in a different way. Alternate translation: [And he took everything else of value that he could capture]
14:27	agk1		rc://*/ta/man/translate/figs-metonymy	יַד֙	1	Here, **hand** represents the control or custody of a person. If it would be helpful in your language, you could use an equivalent expression or state the meaning plainly. Alternate translation: [the custody of]
14:28	vjk8		rc://*/ta/man/translate/figs-explicit	וֶ⁠הֱשִׁיב֖וּ⁠ם	1	The author assumes that readers will know that Rehoboam’s servants **brought** these shields **back** to their chamber after he had left the temple. You could say that explicitly if that would be helpful to your readers. Alternate translation: [and once he was gone, they brought them back]
14:29	v25y		rc://*/ta/man/translate/writing-endofstory	וְ⁠יֶ֛תֶר דִּבְרֵ֥י רְחַבְעָ֖ם וְ⁠כָל־אֲשֶׁ֣ר עָשָׂ֑ה הֲ⁠לֹא־הֵ֣מָּה כְתוּבִ֗ים עַל־סֵ֛פֶר דִּבְרֵ֥י הַ⁠יָּמִ֖ים לְ⁠מַלְכֵ֥י יְהוּדָֽה	1	In this verse and the next two verses, the author is using phrases that he regularly uses to conclude the account of kings’ reigns. See how you translated the phrases in [11:41–43](../11/41.md) and [14:19–20](../14/19.md) that are similar to the ones in verses 29–31 here. Alternate translation: [Now you can read about the rest of the matters of Rehoboam and all that he did in the book of the matters of the days of the kings of Judah]
14:29	jb02		rc://*/ta/man/translate/figs-activepassive	וְ⁠יֶ֛תֶר דִּבְרֵ֥י רְחַבְעָ֖ם וְ⁠כָל־אֲשֶׁ֣ר עָשָׂ֑ה הֲ⁠לֹא־הֵ֣מָּה כְתוּבִ֗ים עַל־סֵ֛פֶר דִּבְרֵ֥י הַ⁠יָּמִ֖ים לְ⁠מַלְכֵ֥י יְהוּדָֽה	1	See how you translated the similar expression in [14:19](../14/19.md).
14:29	c99x		rc://*/ta/man/translate/figs-hyperbole	וְ⁠כָל־אֲשֶׁ֣ר עָשָׂ֑ה	1	The author says **all that he did** as a generalization for emphasis. If it would be clearer in your language, you could express the emphasis in a different way. Alternate translation: [and other significant things that he did]
14:29	ygjv		rc://*/ta/man/translate/figs-doublet	וְ⁠יֶ֛תֶר דִּבְרֵ֥י רְחַבְעָ֖ם וְ⁠כָל־אֲשֶׁ֣ר עָשָׂ֑ה	1	The terms **the rest of the matters of Rehoboam** and **all that he did** mean similar things. The author is using the two terms together for emphasis. If it would be clearer for your readers, you could express the emphasis with a single phrase. Alternate translation: [Now other significant things that Rehoboam did that are not recorded here]
14:30	k039		rc://*/ta/man/translate/figs-metonymy	כָּל־הַ⁠יָּמִֽים	1	The author is using the term **days** to refer to a specific time. If it would be helpful in your language, you could state the meaning plainly. Alternate translation: [for the whole time that they both reigned]
14:31	ft8v		rc://*/ta/man/translate/figs-euphemism	וַ⁠יִּשְׁכַּ֨ב רְחַבְעָ֜ם עִם־אֲבֹתָ֗י⁠ו	1	See how you translated the similar expression in [1:21](../01/21.md). Alternate translation: [And Rehoboam passed away]
14:31	wgh2		rc://*/ta/man/translate/figs-activepassive	וַ⁠יִּקָּבֵ֤ר	1	The expression **he was buried** is a passive verbal form. If your language would not use that form, you could express the idea in active form or in another way that is natural in your language. Alternate translation: [and the Israelites buried him]
14:31	k041		rc://*/ta/man/translate/translate-names	אֲבִיָּ֥ם	1	See the discussion in the introduction to this chapter of the name of this king, who is called “Abijah” in the parallel passage in 2 Chronicles. We recommend that you use the name **Abijam** in your translation here and not try to harmonize the name with the form in 2 Chronicles.
15:intro	abcf				0	# 1 Kings 15 Chapter Introduction\n\n## Structure and Formatting\n\nThis chapter alternately tells the stories of the kings of the two kingdoms into which the kingdom of David and Solomon was split, Israel in the north and Judah in the south.\n\n  1. Abijam, king of Judah (15:1–8)\n  2. Asa, king of Judah (15:9–24)\n  3. Nadab, king of Israel (15:25–32)\n  4. Baasha, king of Israel (15:33–34)\n\n## Translation Issues in This Chapter\n\n### Further phrases that the author uses to introduce accounts of kings’ reigns\n\nIn 15:1–2, the author uses some the same phrases to introduce his account of Abijam’s reign that he used to introduce his account of Rehoboam’s reign in 14:21. For example, he says for how many years Abijam ruled as king, where he reigned, and who his mother was. However, he begins by making an additional statement, that Abijam began to reign “in year 18 of King Jeroboam.” This is the first instance of this kind of reference to a year in the reign of another king, but after this the author will make such a reference regularly as he introduces his accounts of kings’ reigns. So that your readers will appreciate the role of this reference, be careful to translate it consistently in each of its occurrences.
15:1	oj8a		rc://*/ta/man/translate/writing-participants	וּ⁠בִ⁠שְׁנַת֙ שְׁמֹנֶ֣ה עֶשְׂרֵ֔ה לַ⁠מֶּ֖לֶךְ יָרָבְעָ֣ם בֶּן־נְבָ֑ט מָלַ֥ךְ אֲבִיָּ֖ם עַל־יְהוּדָֽה	1	In this verse and the next verse, the author is introducing **Abijam** as a participant in the story as the new king of **Judah**. Your language may have its own way of introducing participants that you can use in your translation. See the discussion in the introduction to this chapter of how the author is, for the first time in the book, referring here to a year in the reign of the king of one kingdom in order to identify when the king of another kingdom began to reign.
15:1	o6va		rc://*/ta/man/translate/translate-ordinal	וּ⁠בִ⁠שְׁנַת֙ שְׁמֹנֶ֣ה עֶשְׂרֵ֔ה לַ⁠מֶּ֖לֶךְ יָרָבְעָ֣ם	1	If your language would not represent a number in a form such as **the year of 18**, you could represent this number in a form that your language would use. Alternate translation: [Now in the eighteenth year of King Jeroboam]
15:1	fxwg		rc://*/ta/man/translate/translate-names	אֲבִיָּ֖ם	1	See the discussion in the introduction to chapter 14 of the form of this name. We recommend that you use the name **Abijam** in your translation here and not try to harmonize it with the form “Abijah” that appears in 2 Chronicles.
15:3	gq3u		rc://*/ta/man/translate/figs-metaphor	וַ⁠יֵּ֕לֶךְ בְּ⁠כָל־חַטֹּ֥אות אָבִ֖י⁠ו	1	See how you translated the similar expression “to walk in his ways” in [2:3](../02/03.md). Alternate translation: [And he committed the same sins that his father had committed]
15:3	w1hm		rc://*/ta/man/translate/figs-metonymy	לְ⁠פָנָ֑י⁠ו	1	See how you translated the similar expression in [14:9](../14/09.md). Alternate translation: [when he ruled Israel before him]
15:3	gi9y		rc://*/ta/man/translate/figs-metaphor	וְ⁠לֹא־הָיָ֨ה לְבָב֤⁠וֹ שָׁלֵם֙ עִם־יְהוָ֣ה אֱלֹהָ֔י⁠ו כִּ⁠לְבַ֖ב דָּוִ֥ד אָבִֽי⁠ו	1	See how you translated the similar expression in [8:61](../08/61.md). Alternate translation: [And he was not completely devoted to Yahweh his God like David his father]
15:3	y8ci		rc://*/ta/man/translate/figs-metaphor	אָבִ֖י⁠ו	1	See how you translated the similar expression in [1:21](../01/21.md). Alternate translation: [his ancestor]
15:4	ew1c		rc://*/ta/man/translate/figs-metaphor	נִ֖יר	1	See how you translated the similar expression in [11:36](../11/36.md). Alternate translation: [a successor]
15:4	cm27		rc://*/ta/man/translate/figs-metaphor	לְ⁠הָקִ֤ים אֶת־בְּנ⁠וֹ֙	1	See how you translated the similar expression in [14:7](../14/07.md). Alternate translation: [by bringing his son to power] or [by allowing his son to rule as king]
15:4	ooxr		rc://*/ta/man/translate/figs-metaphor	וּֽ⁠לְ⁠הַעֲמִ֖יד אֶת־יְרוּשָׁלִָֽם	1	The author is speaking of Jerusalem as if it had actually been a building or some other structure that Yahweh could have made **stand**. The author means that Yahweh kept Jerusalem secure. Your language may have a comparable expression that you can use in your translation, or you could state the meaning plainly. Alternate translation: [and by making Jerusalem secure] or [and by protecting Jerusalem]
15:5	jgg4		rc://*/ta/man/translate/figs-abstractnouns	אֶת־הַ⁠יָּשָׁ֖ר	1	If your language does not use an abstract noun for the idea of **right**, you could express the same idea in another way. Alternate translation: [what was right]
15:5	tmvc		rc://*/ta/man/translate/figs-idiom	בְּ⁠עֵינֵ֣י יְהוָ֑ה	1	See how you translated the similar expression in [3:10](../03/10.md). Alternate translation: [in the judgment of Yahweh]
15:5	b3q5		rc://*/ta/man/translate/figs-metaphor	וְ⁠לֹֽא־סָ֞ר מִ⁠כֹּ֣ל אֲשֶׁר־צִוָּ֗⁠הוּ	1	The author is speaking as if David could actually have **turned** from Yahweh’s commands, as if he had been walking in one direction but then turned to walk in a different direction. The author means that David did not disobey Yahweh’s commands. If it would be helpful in your language, you could state the meaning plainly. Alternate translation: [and he had not disobeyed anything that he had commanded him.]
15:5	xf8s		rc://*/ta/man/translate/figs-metonymy	כֹּ֚ל יְמֵ֣י חַיָּ֔י⁠ו	1	The author is using the term **days** to refer to a specific time, the lifetime of David. If it would be helpful in your language, you could state the meaning plainly. Alternate translation: [during his whole lifetime]
15:6	sumd		rc://*/ta/man/translate/translate-textvariants	רְחַבְעָ֛ם	1	Some ancient manuscripts read “Rehoboam.” The ULT follows that reading. Other ancient manuscripts read “Abijam.” If a translation of the Bible exists in your region, you may wish to use the reading that it uses. If a translation of the Bible does not exist in your region, you may wish to use the reading of the ULT.
15:7	y4cr		rc://*/ta/man/translate/writing-endofstory	וְ⁠יֶ֨תֶר דִּבְרֵ֤י אֲבִיָּם֙ וְ⁠כָל־אֲשֶׁ֣ר עָשָׂ֔ה הֲ⁠לֽוֹא־הֵ֣ם כְּתוּבִ֗ים עַל־סֵ֛פֶר דִּבְרֵ֥י הַ⁠יָּמִ֖ים לְ⁠מַלְכֵ֣י יְהוּדָ֑ה	1	In this verse and the next verse, the author is using phrases that he regularly uses to conclude accounts of kings’ reigns. See how you translated the similar phrases in [11:41–43](../11/41.md), [14:19–20](../14/19.md), and [14:29–31](../14/29.md). Alternate translation: [Now you can read about the rest of the matters of Abijam and all that he did in the book of the matters of the days of the kings of Judah]
15:8	itu3		rc://*/ta/man/translate/figs-euphemism	וַ⁠יִּשְׁכַּ֤ב אֲבִיָּם֙ עִם־אֲבֹתָ֔י⁠ו	1	See how you translated the similar expression in [1:21](../01/21.md). Alternate translation: [And Abijam passed away]
15:8	pl97		rc://*/ta/man/translate/writing-pronouns	וַ⁠יִּקְבְּר֥וּ אֹת֖⁠וֹ	1	See how you translated the similar expression in [14:13](../14/13.md). Alternate translation: [and people buried him] or [and he was buried]
15:9	fed2		rc://*/ta/man/translate/writing-participants	וּ⁠בִ⁠שְׁנַ֣ת עֶשְׂרִ֔ים לְ⁠יָרָבְעָ֖ם מֶ֣לֶךְ יִשְׂרָאֵ֑ל מָלַ֥ךְ אָסָ֖א מֶ֥לֶךְ יְהוּדָֽה	1	In this verse and the next verse, the author is introducing **Asa** as a participant in the story as the new king of **Judah**. See how you translated the similar phrases in [15:1–2](../15/01.md).
15:9	mkss		rc://*/ta/man/translate/translate-ordinal	וּ⁠בִ⁠שְׁנַ֣ת עֶשְׂרִ֔ים לְ⁠יָרָבְעָ֖ם	1	If your language would not represent a number in a form such as **in the year of 20**, you could represent this number in a form that your language would use. Alternate translation: [Now in the twentieth year of Jeroboam]
15:10	k4wu		rc://*/ta/man/translate/translate-kinship	אִמּ֔⁠וֹ	1	It is clear from [15:2](../15/02.md) that **Maacah** was the mother of Asa’s father, Abijam. Your language may have its own term or expression for this relationship that you can use here and in verse 13. Alternate translation: [his grandmother]
15:11	l49d		rc://*/ta/man/translate/figs-abstractnouns	הַ⁠יָּשָׁ֖ר	1	If your language does not use an abstract noun for the idea of **right**, you could express the same idea in another way. Alternate translation: [what was right]
15:11	ylim		rc://*/ta/man/translate/figs-idiom	בְּ⁠עֵינֵ֣י יְהוָ֑ה	1	See how you translated the similar expression in [3:10](../03/10.md). Alternate translation: [in the judgment of Yahweh]
15:13	vvjz		rc://*/ta/man/translate/figs-abstractnouns	מִפְלֶ֖צֶת	1	If your language does not use an abstract noun for the idea of **horror**, you could express the same idea in another way. Alternate translation: [a horrid image]
15:13	yd2g		rc://*/ta/man/translate/figs-synecdoche	וַ⁠יִּכְרֹ֤ת אָסָא֙ אֶת־מִפְלַצְתָּ֔⁠הּ וַ⁠יִּשְׂרֹ֖ף	1	The author is using one person who was involved in this action, **Asa**, to mean everyone who was involved, including Asa’s servants. If it would be helpful in your language, you could state the meaning plainly. Alternate translation: [And Asa ordered his servants to cut down her horror and burn it]
15:14	k9vv		rc://*/ta/man/translate/writing-pronouns	וְ⁠הַ⁠בָּמ֖וֹת לֹא־סָ֑רוּ	1	The author is using the pronoun **they** in a general sense, not to refer to specific people. Use an expression for this that would be natural in your language. Alternate translation: [But no one removed the high places] or [But the high places were not removed]
15:14	ns3m		rc://*/ta/man/translate/figs-metaphor	לְבַב־אָסָ֗א הָיָ֥ה שָׁלֵ֛ם עִם־יְהוָ֖ה	1	See how you translated the similar expression in [8:61](../08/61.md). Alternate translation: [Asa was completely devoted to Yahweh]
15:14	ywti		rc://*/ta/man/translate/figs-metonymy	כָּל־יָמָֽי⁠ו	1	The author is using the term **days** to refer to a specific time, the lifetime of Asa. If it would be helpful in your language, you could state the meaning plainly. Alternate translation: [throughout his lifetime]
15:15	odhr		rc://*/ta/man/translate/figs-metaphor	בֵּ֣ית יְהוָ֑ה	1	See how you translated the similar expression in [3:1](../03/01.md). Alternate translation: [the temple of Yahweh]
15:17	ahke		rc://*/ta/man/translate/figs-explicitinfo	וַ⁠יַּ֨עַל בַּעְשָׁ֤א מֶֽלֶךְ־יִשְׂרָאֵל֙ עַל	1	See how you translated **went up against** in [14:25](../14/25.md). Alternate translation: [And Baasha, the king of Israel, attacked]
15:17	zxle		rc://*/ta/man/translate/figs-explicit	וַ⁠יִּ֖בֶן אֶת־הָ⁠רָמָ֑ה	1	See how you translated the similar expression in [12:25](../12/25.md). Alternate translation: [and he built up Ramah]
15:18	k042		rc://*/ta/man/translate/figs-explicit	הַֽ⁠נּוֹתָרִ֣ים ׀ בְּ⁠אוֹצְר֣וֹת בֵּית־יְהוָ֗ה וְ⁠אֶת־אֽוֹצְרוֹת֙ בֵּ֣ית מלך	1	The author assumes that his listeners will understand that by the term **remaining**, he means all of the silver and gold articles that were in these storerooms after Shishak had taken the greatest treasures from them, as [14:26](../14/26.md) describes. This would include the articles that Asa put in the storerooms after Shishak raided them, as [15:15](../15/15.md) describes. Express this meaning in a way that would be natural in your language. Alternate translation: [that were then in the storerooms of the house of Yahweh and the storerooms of the house of the king]
15:18	xs0k		rc://*/ta/man/translate/figs-explicit	בֵּ֣ית מלך	1	See how you translated the similar expression in [7:1](../07/01.md). Alternate translation: [his royal palace]
15:18	n80q		rc://*/ta/man/translate/figs-synecdoche	וַֽ⁠יִּתְּנֵ֖⁠ם בְּ⁠יַד־עֲבָדָ֑י⁠ו	1	The author is using one part these servants, their **hand**, to mean all of them in the act of conveying these silver and gold articles. If it would be helpful in your language, you could state the meaning plainly. Alternate translation: [and he gave them to his servants to convey]
15:18	blsb		rc://*/ta/man/translate/grammar-collectivenouns	בְּ⁠יַד	1	In this verse, the word **hand** is singular in form, but it refers to the hands of all of Asa’s servants. If it would be helpful in your language, if you retain the term “hand,” you could use its plural form. Alternate translation: [the hands of]
15:18	e6lv		rc://*/ta/man/translate/writing-pronouns	וַ⁠יִּשְׁלָחֵ֞⁠ם הַ⁠מֶּ֣לֶךְ אָסָ֗א	1	The pronoun **them** refers to the silver and gold articles that Asa took from the temple and palace storerooms. It may be helpful to clarify this for your readers. Alternate translation: [And King Asa sent those articles of silver and gold]
15:19	tg0e		rc://*/ta/man/translate/figs-ellipsis	בְּרִית֙ בֵּינִ֣⁠י וּ⁠בֵינֶ֔⁠ךָ בֵּ֥ין אָבִ֖⁠י וּ⁠בֵ֣ין אָבִ֑י⁠ךָ	1	Asa is leaving out some of the words that in many languages a sentence would need in order to be complete. You can supply these words from the context if that would be clearer in your language. Alternate translation: [Let there be a covenant between me and between you, as there was between my father and between your father]
15:19	nndh		rc://*/ta/man/translate/figs-metaphor	הִנֵּה֩	1	See how you translated the similar expression in [1:14](../01/14.md). Alternate translation: [Listen]
15:19	mr57		rc://*/ta/man/translate/figs-explicit	לֵ֣ךְ הָפֵ֗רָ⁠ה	1	Asa is not telling Ben Hadad to **Go** somewhere. He is encouraging him to do what he is suggesting. Your language may have a comparable expression that you can use in your translation. See how you translated the similar expression “come” in [1:12](../01/12.md). Alternate translation: [Go ahead and break]
15:19	itj7		rc://*/ta/man/translate/figs-explicitinfo	וְ⁠יַעֲלֶ֖ה מֵ⁠עָלָֽ⁠י	1	See how you translated the similar expression in [15:17](../15/17.md). Alternate translation: [that he may stop attacking me]
15:20	k76g		rc://*/ta/man/translate/figs-explicit	וַ⁠יִּשְׁמַ֨ע בֶּן־הֲדַ֜ד אֶל־הַ⁠מֶּ֣לֶךְ אָסָ֗א	1	See how you translated the similar expression in [5:8](../05/08.md). Alternate translation: [And Ben Hadad agreed to do what King Asa had requested]
15:20	n3b1		rc://*/ta/man/translate/figs-explicit	וַ⁠יַּךְ֙	1	See the discussion in the introduction to 1 Kings of this sense of the word “struck.” Alternate translation: [And he attacked]
15:22	c6mr		rc://*/ta/man/translate/figs-explicit	וְ⁠הַ⁠מֶּ֨לֶךְ אָסָ֜א הִשְׁמִ֤יעַ אֶת־כָּל־יְהוּדָה֙	1	In this context, the sense of the word **hear** is that King Asa required all the people of Judah to participate in the work of dismantling Ramah and using its materials to fortify other cities. You could include this information if that would be helpful to your readers. Alternate translation: [And King Asa made all of Judah obey] or [And King Asa required all of Judah to work]
15:22	l8yi		rc://*/ta/man/translate/figs-metonymy	וְ⁠הַ⁠מֶּ֨לֶךְ אָסָ֜א הִשְׁמִ֤יעַ אֶת־כָּל־יְהוּדָה֙	1	Here, **all of Judah** represents all the men of Judah who were able to work. If it would be helpful in your language, you could use an equivalent expression or state the meaning plainly. Alternate translation: [And King Asa required the men of Judah to work]
15:23	wimx		rc://*/ta/man/translate/writing-endofstory	וְ⁠יֶ֣תֶר כָּל־דִּבְרֵֽי־אָ֠סָא וְ⁠כָל־גְּב֨וּרָת֜⁠וֹ וְ⁠כָל־אֲשֶׁ֣ר עָשָׂ֗ה וְ⁠הֶֽ⁠עָרִים֙ אֲשֶׁ֣ר בָּנָ֔ה הֲ⁠לֹֽא־הֵ֣מָּה כְתוּבִ֗ים עַל־סֵ֛פֶר דִּבְרֵ֥י הַ⁠יָּמִ֖ים לְ⁠מַלְכֵ֣י יְהוּדָ֑ה	1	In this verse and the next verse, the author is using phrases that he regularly uses to conclude accounts of kings’ reigns. See how you translated the similar phrases in [11:41–43](../11/41.md) and other comparable contexts in the book. Alternate translation: [Now you can read in the book of the matters of the days of the kings of Israel about the rest of all of the matters of Asa and all of his might and all that he did and the cities that he built]
15:24	w6cu		rc://*/ta/man/translate/figs-euphemism	וַ⁠יִּשְׁכַּ֤ב אָסָא֙ עִם־אֲבֹתָ֔י⁠ו	1	See how you translated the similar expression in [1:21](../01/21.md). Alternate translation: [And Asa passed away]
15:24	s37i		rc://*/ta/man/translate/figs-activepassive	וַ⁠יִּקָּבֵר֙	1	The expression **he was buried** is a passive verbal form. If your language would not use that form, you could express the idea in active form or in another way that is natural in your language. Alternate translation: [and people buried him]
15:25	k4dv		rc://*/ta/man/translate/writing-participants	וְ⁠נָדָ֣ב בֶּן־יָרָבְעָ֗ם מָלַךְ֙ עַל־יִשְׂרָאֵ֔ל בִּ⁠שְׁנַ֣ת שְׁתַּ֔יִם לְ⁠אָסָ֖א מֶ֣לֶךְ יְהוּדָ֑ה וַ⁠יִּמְלֹ֥ךְ עַל־יִשְׂרָאֵ֖ל שְׁנָתָֽיִם	1	In this verse, the author is introducing **Nadab** as a participant in the story as the new king of **Israel**. See how you translated the similar phrases in [15:1–2](../15/01.md) and [15:9–10](../15/09.md).
15:25	lnay		rc://*/ta/man/translate/translate-ordinal	בִּ⁠שְׁנַ֣ת שְׁתַּ֔יִם	1	If your language would not represent a number in a form such as **in year two**, you could represent this number in a form that your language would use. Alternate translation: [in the second year]
15:26	rqfj		rc://*/ta/man/translate/figs-abstractnouns	הָ⁠רַ֖ע	1	If your language does not use an abstract noun for the idea of **evil**, you could express the same idea in another way. Alternate translation: [what was evil]
15:26	kz8d		rc://*/ta/man/translate/figs-idiom	בְּ⁠עֵינֵ֣י יְהוָ֑ה	1	See how you translated the similar expression in [3:10](../03/10.md). Alternate translation: [in the judgment of Yahweh]
15:26	lxa3		rc://*/ta/man/translate/figs-metaphor	וַ⁠יֵּ֨לֶךְ֙ בְּ⁠דֶ֣רֶךְ אָבִ֔י⁠ו	1	See how you translated the similar expression in [2:3](../02/03.md). Alternate translation: [And he lived as his father had lived]
15:26	qv10		rc://*/ta/man/translate/writing-poetry	וּ֨⁠בְ⁠חַטָּאת֔⁠וֹ אֲשֶׁ֥ר הֶחֱטִ֖יא אֶת־יִשְׂרָאֵֽל	1	See how you translated the similar expression in [14:16](../14/16.md). Alternate translation: [and he continued to commit the sin by which he had led the Israelites to sin]
15:27	jcxu		rc://*/ta/man/translate/figs-infostructure	וַ⁠יִּקְשֹׁ֨ר עָלָ֜י⁠ו בַּעְשָׁ֤א בֶן־אֲחִיָּה֙ לְ⁠בֵ֣ית יִשָּׂשכָ֔ר וַ⁠יַּכֵּ֣⁠הוּ בַעְשָׁ֔א בְּ⁠גִבְּת֖וֹן אֲשֶׁ֣ר לַ⁠פְּלִשְׁתִּ֑ים וְ⁠נָדָב֙ וְ⁠כָל־יִשְׂרָאֵ֔ל צָרִ֖ים עַֽל־גִּבְּתֽוֹן	1	If it would be more natural in your language, you may want to put the information that **Nadab and all of Israel were besieging against Gibbethon** before the information that **Baasha … conspired against** Nadab. Alternate translation: [Now Nadab and all of Israel were besieging against Gibbethon, which is to the Philistines. And Baasha, the son of Ahijah, from the house of Issachar, conspired against him, and Baasha struck him at Gibbethon]
15:27	yme2		rc://*/ta/man/translate/writing-participants	וַ⁠יִּקְשֹׁ֨ר & בַּעְשָׁ֤א בֶן־אֲחִיָּה֙ לְ⁠בֵ֣ית יִשָּׂשכָ֔ר	1	The author is introducing **Baasha** as a new participant in the story. Your language may have its own way of introducing new participants that you can use in your translation. Alternate translation: [There was a man named Baasha, the son of Ahijah, from the house of Issachar, and he conspired]
15:27	cb23		rc://*/ta/man/translate/figs-metaphor	לְ⁠בֵ֣ית יִשָּׂשכָ֔ר	1	The author is speaking of the tribe of Issachar as if it were actually a **house**. Your language may have a comparable expression that you can use in your translation, or you could state the meaning plainly. Alternate translation: [from the tribe of Issachar]
15:27	ymzp		rc://*/ta/man/translate/figs-explicit	וַ⁠יַּכֵּ֣⁠הוּ בַעְשָׁ֔א	1	See how you translated the similar expression in [11:15](../11/15.md). Alternate translation: [and Baasha killed him]
15:28	lzya		rc://*/ta/man/translate/translate-ordinal	בִּ⁠שְׁנַ֣ת שָׁלֹ֔שׁ	1	If your language would not represent a number in a form such as **in year three**, you could represent this number in a form that your language would use. Alternate translation: [in the third year]
15:28	qvb1		rc://*/ta/man/translate/writing-pronouns	וַ⁠יִּמְלֹ֖ךְ תַּחְתָּֽי⁠ו	1	The pronoun **he** refers to Baasha, and the pronoun **his** refers to Nadab. It may be helpful to clarify this for your readers. Alternate translation: [And Baasha reigned in place of Nadab]
15:29	h0fh		rc://*/ta/man/translate/figs-metaphor	בֵּ֣ית יָרָבְעָ֔ם	1	The author is speaking of all the people descended from Jeroboam as **the house of Jeroboam**. He is envisioning them as if they were one household living together. Your language may have a comparable expression that you can use in your translation, or you could state the meaning plainly. Alternate translation: [the descendants of Jeroboam]
15:29	y9ky		rc://*/ta/man/translate/grammar-connect-logic-result	לֹֽא־הִשְׁאִ֧יר כָּל־נְשָׁמָ֛ה לְ⁠יָרָבְעָ֖ם עַד־הִשְׁמִד֑⁠וֹ	1	The word **until** indicates that what follows gives the result of what came before. Use a connector in your language that makes this clear. Alternate translation: [He did not leave any breathing one to Jeroboam, and as a result, he destroyed him]
15:29	y595		rc://*/ta/man/translate/figs-metonymy	כִּ⁠דְבַ֣ר יְהוָ֔ה אֲשֶׁ֣ר דִּבֶּ֔ר	1	The author is using the term **word** to represent what Yahweh said by using words. If it would be clearer in your language, you could state the meaning plainly. Alternate translation: [according to what Yahweh said when he spoke]
15:29	ovfe		rc://*/ta/man/translate/figs-metonymy	בְּ⁠יַד	1	See how you translated the similar expression in [8:53](../08/53.md). Alternate translation: [through the agency of]
15:30	kc8g		rc://*/ta/man/translate/writing-poetry	חַטֹּ֤אות יָרָבְעָם֙ אֲשֶׁ֣ר חָטָ֔א וַ⁠אֲשֶׁ֥ר הֶחֱטִ֖יא אֶת־יִשְׂרָאֵ֑ל	1	See how you translated the similar expression in [14:16](../14/16.md). Alternate translation: [the sins that Jeroboam committed and caused Israel to commit]
15:30	msjq		rc://*/ta/man/translate/writing-poetry	בְּ⁠כַעְס֕⁠וֹ אֲשֶׁ֣ר הִכְעִ֔יס אֶת־יְהוָ֖ה	1	The author is using a construction in which a verb and its object come from the same root. You may be able to use the same construction in your language to express the meaning here. Alternatively, your language may have another way of saying this. Alternate translation: [by which he severely provoked Yahweh]
15:31	h4ed		rc://*/ta/man/translate/writing-endofstory	וְ⁠יֶ֛תֶר דִּבְרֵ֥י נָדָ֖ב וְ⁠כָל־אֲשֶׁ֣ר עָשָׂ֑ה הֲ⁠לֹא־הֵ֣ם כְּתוּבִ֗ים עַל־סֵ֛פֶר דִּבְרֵ֥י הַ⁠יָּמִ֖ים לְ⁠מַלְכֵ֥י יִשְׂרָאֵֽל	1	In this verse and the next verse, the author is using phrases that he regularly uses to conclude accounts of kings’ reigns. See how you translated the similar phrases in [11:41–43](../11/41.md) and other comparable contexts in the book. Alternate translation: [Now you can read about the rest of the matters of Nadab and all that he did in the book of the matters of the days of the kings of Israel]
15:32	zu2a		rc://*/ta/man/translate/figs-metonymy	כָּל־יְמֵי⁠הֶֽם	1	The author is using the term **days** to refer to a specific time, the time when both of these kings were reigning. If it would be helpful in your language, you could state the meaning plainly. Alternate translation: [the whole time they both reigned]
15:33	wacz		rc://*/ta/man/translate/writing-participants	בִּ⁠שְׁנַ֣ת שָׁלֹ֔שׁ לְ⁠אָסָ֖א מֶ֣לֶךְ יְהוּדָ֑ה מָ֠לַךְ בַּעְשָׁ֨א בֶן־אֲחִיָּ֤ה עַל־כָּל־יִשְׂרָאֵל֙ בְּ⁠תִרְצָ֔ה עֶשְׂרִ֥ים וְ⁠אַרְבַּ֖ע שָׁנָֽה	1	In this verse, the author is reintroducing **Baasha** as a participant in the story, now as the new king of **Israel**. See how you translated the similar phrases in [15:1–2](../15/01.md) and other comparable contexts in the book.
15:33	d5p2		rc://*/ta/man/translate/translate-ordinal	בִּ⁠שְׁנַ֣ת שָׁלֹ֔שׁ	1	If your language would not represent a number in a form such as **in year three**, you could represent this number in a form that your language would use. Alternate translation: [in the third year]
15:34	s99u		rc://*/ta/man/translate/figs-abstractnouns	הָ⁠רַ֖ע	1	If your language does not use an abstract noun for the idea of **evil**, you could express the same idea in another way. Alternate translation: [what was evil]
15:34	l4ee		rc://*/ta/man/translate/figs-idiom	בְּ⁠עֵינֵ֣י יְהוָ֑ה	1	See how you translated the similar expression in [3:10](../03/10.md). Alternate translation: [in the judgment of Yahweh]
15:34	im9u		rc://*/ta/man/translate/figs-metaphor	וַ⁠יֵּ֨לֶךְ֙ בְּ⁠דֶ֣רֶךְ יָרָבְעָ֔ם וּ֨⁠בְ⁠חַטָּאת֔⁠וֹ אֲשֶׁ֥ר הֶחֱטִ֖יא אֶת־יִשְׂרָאֵֽל	1	See how you translated the similar expression in [15:26](../15/26.md). Alternate translation: [And he lived the way Jeroboam had lived, and he continued to commit the sin by which Jeroboam had led the Israelites to sin]
16:intro	abcg				0	# 1 Kings 16 Chapter Introduction\n\n## Structure and Formatting\n\nThis chapter continues to tell alternately the stories of the kings of the northern kingdom of Israel and the southern kingdom of Judah.\n\n  1. Baasha, king of Israel, continued (16:1–7)\n  2. Elah, king of Israel (16:8–14)\n  3. Zimri, king of Israel (16:15–20)\n  4. Omri, king of Israel (16:21–28)\n  5. Ahab, king of Israel (16:29–34)\n\n## Religious and Cultural Concepts in This Chapter\n\n### Why was Yahweh angry with Baasha for killing Nadab (and the rest of Jeroboam’s family) if this fulfilled prophesy?\n\nIn 14:7–11, the prophet Ahijah told Jeroboam’s wife that Yahweh would ensure that his whole family would be killed. In 15:27–30, the author describes how Baasha killed all of Jeroboam’s family, and the author says that this happened “according to the word of Yahweh that he had spoken by the hand of his servant Ahijah the Shilonite.” But in 16:1–4, the author describes how Yahweh told the prophet Jehu to tell Baasha that he and his family would be destroyed in the same way because he worshiped idols as Jeroboam had, and the author adds in 16:7 that Yahweh also punished Baasha in this way because he had “struck” or killed Jeroboam and his family. If what Baasha did fulfilled a prophesy from Yahweh, why was Yahweh angry with him for doing it? The explanation seems to be that while Yahweh had said that someone would do this, he had not commissioned Baasha to do it, unlike the way Elisha later sent a prophet to tell Jehu to destroy Ahab and his family for killing the prophets of Yahweh in [2 Kings 9:1–10](../2ki/09/01.md). Instead, Baasha killed Jeroboam and his family out of his own ambition and desire for power. If it would be helpful to your readers, you could explain this in a footnote.
16:1	fxie		rc://*/ta/man/translate/figs-idiom	וַ⁠יְהִ֤י דְבַר־יְהוָה֙ אֶל־יֵה֣וּא	1	See how you translated the similar expression in [6:11](../06/11.md). Alternate translation: [And Yahweh spoke a message to Jehu]
16:2	vfag		rc://*/ta/man/translate/figs-metaphor	הֲרִימֹתִ֨י⁠ךָ֙	1	See how you translated the similar expression in [14:7](../14/07.md). Alternate translation: [I brought you to power]
16:2	m2lk		rc://*/ta/man/translate/figs-metaphor	מִן־הֶ֣⁠עָפָ֔ר	1	Yahweh is speaking as if Baasha had literally been in **the dust** when he raised him up to be king. He means that Baasha was in a humble or lowly position. Your language may have a comparable expression that you can use in your translation, or you could state the meaning plainly. Alternate translation: [from a humble situation] or [from a lowly origin]
16:2	nv41		rc://*/ta/man/translate/figs-metaphor	וַ⁠תֵּ֣לֶךְ ׀ בְּ⁠דֶ֣רֶךְ יָרָבְעָ֗ם וַֽ⁠תַּחֲטִא֙ אֶת־עַמִּ֣⁠י יִשְׂרָאֵ֔ל	1	See how you translated the similar expression in [15:26](../15/26.md). Alternate translation: [but you lived as Jeroboam lived, and you led the Israelites to sin]
16:3	g5zc		rc://*/ta/man/translate/figs-idiom	הִנְ⁠נִ֥י מַבְעִ֛יר אַחֲרֵ֥י בַעְשָׁ֖א וְ⁠אַחֲרֵ֣י בֵית֑⁠וֹ	1	See how you translated the similar expression in [5:5](../05/05.md). Alternate translation: [I am about to burn after Baasha and after his house]
16:3	lsu7		rc://*/ta/man/translate/figs-explicit	הִנְ⁠נִ֥י מַבְעִ֛יר אַחֲרֵ֥י בַעְשָׁ֖א וְ⁠אַחֲרֵ֣י בֵית֑⁠וֹ	1	See how you translated the similar expression “I will burn after the house of Jeroboam” in [14:10](../14/10.md). Alternate translation: [I am about to burn up Baasha and his house]
16:3	g6mk		rc://*/ta/man/translate/figs-metaphor	הִנְ⁠נִ֥י מַבְעִ֛יר אַחֲרֵ֥י בַעְשָׁ֖א וְ⁠אַחֲרֵ֣י בֵית֑⁠וֹ	1	See how you translated the term “house” in the similar context in [14:10](../14/10.md). Alternate translation: [I am going to destroy Baasha and his family]
16:3	sspz		rc://*/ta/man/translate/figs-123person	הִנְ⁠נִ֥י מַבְעִ֛יר אַחֲרֵ֥י בַעְשָׁ֖א וְ⁠אַחֲרֵ֣י בֵית֑⁠וֹ	1	Yahweh is speaking of **Baasha** in the third person, even though he is addressing him directly. He is doing that because he is making a solemn declaration. If it would be helpful in your language, you could translate this in the second person. Alternate translation: [I am going to destroy you and your family]
16:3	cpo1		rc://*/ta/man/translate/figs-metaphor	וְ⁠נָֽתַתִּי֙ אֶת־בֵּ֣יתְ⁠ךָ֔ כְּ⁠בֵ֖ית יָרָבְעָ֥ם בֶּן־נְבָֽט	1	Yahweh is speaking of Baasha’s family as if it were **a house**. Your language may have a comparable expression that you can use in your translation, or you could state the meaning plainly. Alternate translation: [And I will make your family like the family of Jeroboam, the son of Nebat.]
16:3	nqhp		rc://*/ta/man/translate/figs-simile	כְּ⁠בֵ֖ית יָרָבְעָ֥ם	1	The point of this comparison is that just as **the house of Jeroboam** was completely destroyed, so Baasha’s house (that is, his family) will be completely destroyed. If it would be helpful in your language, you could make this point explicitly. Alternate translation: [completely desolate, like the house of Jeroboam] or [completely desolate, like the family of Jeroboam]
16:4	hjep		rc://*/ta/man/translate/figs-123person	הַ⁠מֵּ֤ת לְ⁠בַעְשָׁא֙ & וְ⁠הַ⁠מֵּ֥ת ל⁠וֹ֙	1	Yahweh is speaking of **Baasha** in the third person even though he is addressing him directly. He is doing that because he is making a solemn declaration. If it would be helpful in your language, you could translate this in the second person. Alternate translation: [the one who belongs to you who dies … the one who belongs to you who dies]
16:4	x0xx		rc://*/ta/man/translate/figs-metonymy	בַּ⁠שָּׂדֶ֔ה	1	See how you translated the similar expression in [14:11](../14/11.md). Alternate translation: [out in the open]
16:5	bw6x		rc://*/ta/man/translate/writing-endofstory	וְ⁠יֶ֨תֶר דִּבְרֵ֥י בַעְשָׁ֛א וַ⁠אֲשֶׁ֥ר עָשָׂ֖ה וּ⁠גְבֽוּרָת֑⁠וֹ הֲ⁠לֹא־הֵ֣ם כְּתוּבִ֗ים עַל־סֵ֛פֶר דִּבְרֵ֥י הַ⁠יָּמִ֖ים לְ⁠מַלְכֵ֥י יִשְׂרָאֵֽל	1	In this verse and the next two verses, the author is using phrases that he regularly uses to conclude accounts of kings’ reigns. See how you translated the similar phrases in [11:41–43](../11/41.md) and other comparable contexts in the book. Alternate translation: [Now you can read about the rest of the matters of Baasha and what he did and his might in the book of the matters of the days of the kings of Israel]
16:6	q04u		rc://*/ta/man/translate/figs-euphemism	וַ⁠יִּשְׁכַּ֤ב בַּעְשָׁא֙ עִם־אֲבֹתָ֔י⁠ו	1	See how you translated the similar expression in [1:21](../01/21.md). Alternate translation: [And Baasha passed away]
16:6	zite		rc://*/ta/man/translate/figs-activepassive	וַ⁠יִּקָּבֵ֖ר	1	The expression **he was buried** is a passive verbal form. If your language would not use that form, you could express the idea in active form or in another way that is natural in your language. Alternate translation: [and people buried him]
16:7	ai2b		rc://*/ta/man/translate/figs-metonymy	בְּ⁠יַד	1	See how you translated the similar expression in [8:53](../08/53.md). Alternate translation: [through the agency of]
16:7	ii6w		rc://*/ta/man/translate/figs-idiom	דְּבַר־יְהוָ֡ה הָיָה֩	1	See how you translated the similar expression in [6:11](../06/11.md). Alternate translation: [Yahweh spoke a message]
16:7	v1ln		rc://*/ta/man/translate/figs-abstractnouns	הָ⁠רָעָ֣ה	1	If your language does not use an abstract noun for the idea of **evil**, you could express the same idea in another way. Alternate translation: [the evil things]
16:7	mb5n		rc://*/ta/man/translate/figs-idiom	בְּ⁠עֵינֵ֣י יְהוָ֗ה	1	See how you translated the similar expression in [3:10](../03/10.md). Alternate translation: [in the judgment of Yahweh]
16:7	e6qs		rc://*/ta/man/translate/figs-synecdoche	בְּ⁠מַעֲשֵׂ֣ה יָדָ֔י⁠ו	1	The author is using one part of Baasha, his **hands** to represent all of him in doing these **evil** things. If it would be helpful in your language, you could use an equivalent expression from your culture or state the meaning plainly. Alternate translation: [by the things he did]
16:7	pryy		rc://*/ta/man/translate/figs-metaphor	כְּ⁠בֵ֣ית יָרָבְעָ֑ם	1	The author is speaking of the dynasty or royal line of Jeroboam as if it were a **house**. If it would be helpful in your language, you could state the meaning plainly. Alternate translation: [the kings who were descendants of Jeroboam]
16:7	gigp		rc://*/ta/man/translate/figs-explicit	הִכָּ֖ה אֹתֽ⁠וֹ	1	See how you translated the similar expression in [11:15](../11/15.md). Alternate translation: [he had killed him]
16:7	clfr		rc://*/ta/man/translate/writing-pronouns	הִכָּ֖ה אֹתֽ⁠וֹ	1	The pronoun **him** refers to Nadab. It may be helpful to clarify this for your readers. Alternate translation: [he had struck Nadab] or [he had killed Nadab]
16:8	jrw2		rc://*/ta/man/translate/writing-participants	בִּ⁠שְׁנַ֨ת עֶשְׂרִ֤ים וָ⁠שֵׁשׁ֙ שָׁנָ֔ה לְ⁠אָסָ֖א מֶ֣לֶךְ יְהוּדָ֑ה מָ֠לַךְ אֵלָ֨ה בֶן־בַּעְשָׁ֧א עַל־יִשְׂרָאֵ֛ל בְּ⁠תִרְצָ֖ה שְׁנָתָֽיִם	1	In this verse, the author is introducing **Elah** as a participant in the story as the new king of **Israel**. See how you translated the similar phrases in [15:1–2](../15/01.md) and other comparable contexts in the book.
16:8	ds9m		rc://*/ta/man/translate/translate-ordinal	בִּ⁠שְׁנַ֨ת עֶשְׂרִ֤ים וָ⁠שֵׁשׁ֙ שָׁנָ֔ה לְ⁠אָסָ֖א	1	If your language would not represent a number in a form such as **the year of 26**, you could represent this number in a form that your language would use. Alternate translation: [In the twenty-sixth year of Asa]
16:8	xibh		rc://*/ta/man/translate/figs-ellipsis	שְׁנָתָֽיִם	1	The author is leaving out some of the words that in many languages a sentence would need in order to be complete. You can supply these words from the context if that would be clearer in your language. Alternate translation: [and he reigned for two years]
16:8	psty		rc://*/ta/man/translate/figs-explicit	שְׁנָתָֽיִם	1	In this culture, people described the length of a king’s reign not by its duration but by the number of different years it included, in whole or in part, in the reign of another king that they were using for reference. In your translation, describe these days as your language and culture naturally would, considering that Elah began to reign during the twenty-sixth year of Asa and was killed during the twenty-seventh year of Asa. Alternate translation: [and he reigned for parts of two years] or [and he reigned for about one year]
16:9	ud45		rc://*/ta/man/translate/writing-background	וְ⁠ה֤וּא בְ⁠תִרְצָה֙ שֹׁתֶ֣ה שִׁכּ֔וֹר בֵּ֣ית אַרְצָ֔א אֲשֶׁ֥ר עַל־הַ⁠בַּ֖יִת בְּ⁠תִרְצָֽה	1	The author is providing background information about where Elah was and what he was doing when Zimri conspired against him. This information helps readers understand how Zimri was able to carry out his plot successfully. In your translation, introduce this information in a way that would be natural in your own language and culture.
16:9	qs8a		rc://*/ta/man/translate/figs-explicit	אֲשֶׁ֥ר עַל־הַ⁠בַּ֖יִת	1	See how you translated the term “house” in the similar context in [4:6](../04/06.md). Alternate translation: [who was over the palace]
16:9	yanc		rc://*/ta/man/translate/figs-idiom	אֲשֶׁ֥ר עַל־הַ⁠בַּ֖יִת	1	The author is using the phrase **over the house** as a common expression of his culture to mean “in charge of the palace” or “the administrator of the palace.” If this phrase does not have that meaning in your language, you could use a comparable expression from your language that does have that meaning, or you could state the meaning plainly. Alternate translation: [who was in charge of the palace] or [who was the administrator of the palace]
16:10	it02		rc://*/ta/man/translate/figs-explicit	וַ⁠יַּכֵּ֣⁠הוּ	1	See how you translated the similar expression in [15:20](../15/20.md). Alternate translation: [and he attacked him]
16:10	wasq		rc://*/ta/man/translate/translate-ordinal	בִּ⁠שְׁנַת֙ עֶשְׂרִ֣ים וָ⁠שֶׁ֔בַע לְ⁠אָסָ֖א	1	If your language would not represent a number in a form such as **in the year of 27 to Asa**, you could represent this number in a form that your language would use. Alternate translation: [in the twenty-seventh year of Asa]
16:11	sber		rc://*/ta/man/translate/figs-metonymy	כְּ⁠שִׁבְתּ֣⁠וֹ עַל־כִּסְא֗⁠וֹ	1	The author is using Zimri’s **throne** to represent his royal power and authority. If it would be helpful in your language, you could use an equivalent expression or state the meaning plainly. Alternate translation: [as soon as he had seized royal power]
16:11	zbpb		rc://*/ta/man/translate/figs-explicit	הִכָּה֙	1	See how you translated the similar expression in [11:15](../11/15.md). Alternate translation: [he killed]
16:11	emt5		rc://*/ta/man/translate/figs-metaphor	בֵּ֣ית בַּעְשָׁ֔א	1	See how you translated the term “house” in the similar context in [16:3](../16/03.md). Alternate translation: [the family of Baasha]
16:11	ig0h		rc://*/ta/man/translate/figs-metonymy	מַשְׁתִּ֣ין בְּ⁠קִ֑יר וְ⁠גֹאֲלָ֖י⁠ו וְ⁠רֵעֵֽ⁠הוּ	1	See how you translated the similar expression in [14:10](../14/10.md). Alternate translation: [any male, either among his kinsmen or his friends]
16:11	o9rq		rc://*/ta/man/translate/grammar-collectivenouns	וְ⁠רֵעֵֽ⁠הוּ	1	In this verse, the word **friend** is singular in form, but it refers to all of Baasha’s friends as a group. If it would be helpful in your language, you could use the plural form of “friend.” Alternate translation: [his friends]
16:12	mhgj		rc://*/ta/man/translate/figs-metonymy	כִּ⁠דְבַ֤ר יְהוָה֙ אֲשֶׁ֣ר דִּבֶּ֣ר	1	See how you translated the similar expression in [15:29](../15/29.md). Alternate translation: [according to what Yahweh said when he spoke]
16:12	zqcs		rc://*/ta/man/translate/figs-metonymy	בְּ⁠יַ֖ד	1	See how you translated the similar expression in [8:53](../08/53.md). Alternate translation: [through the agency of]
16:13	yhp0		rc://*/ta/man/translate/writing-poetry	אֶ֚ל כָּל־חַטֹּ֣אות בַּעְשָׁ֔א וְ⁠חַטֹּ֖אות אֵלָ֣ה בְנ֑⁠וֹ אֲשֶׁ֣ר חָטְא֗וּ	1	The author is using a construction in which a verb and its object come from the same root. You may be able to use the same construction in your language to express the meaning here. Alternatively, your language may have another way of saying this. Alternate translation: [concerning all of the sins that Baasha and his son Elah committed]
16:13	m26r		rc://*/ta/man/translate/figs-metaphor	בְּ⁠הַבְלֵי⁠הֶֽם	1	The author is speaking of idols as if they were actually **vapors**. The author is emphasizing how worthless and insubstantial idols are by comparing them to something that quickly disappears. If it would be helpful in your language, you could state the meaning plainly. Alternate translation: [with their idols]
16:14	evsk		rc://*/ta/man/translate/writing-endofstory	וְ⁠יֶ֛תֶר דִּבְרֵ֥י אֵלָ֖ה וְ⁠כָל־אֲשֶׁ֣ר עָשָׂ֑ה הֲ⁠לֽוֹא־הֵ֣ם כְּתוּבִ֗ים עַל־סֵ֛פֶר דִּבְרֵ֥י הַ⁠יָּמִ֖ים לְ⁠מַלְכֵ֥י יִשְׂרָאֵֽל	1	In this verse, the author is using phrases that he regularly uses to conclude accounts of kings’ reigns. See how you translated the similar phrases in [11:41–43](../11/41.md) and other comparable contexts in the book. Alternate translation: [Now you can read about the rest of the matters of Elah and all that he did in the book of the matters of the days of the kings of Israel]
16:15	mnza		rc://*/ta/man/translate/writing-participants	בִּ⁠שְׁנַת֩ עֶשְׂרִ֨ים וָ⁠שֶׁ֜בַע שָׁנָ֗ה לְ⁠אָסָא֙ מֶ֣לֶךְ יְהוּדָ֔ה מָלַ֥ךְ זִמְרִ֛י שִׁבְעַ֥ת יָמִ֖ים בְּ⁠תִרְצָ֑ה	1	In this verse, the author is reintroducing **Zimri** as a participant in the story, now as the new king of Israel. See how you translated the similar phrases in [15:1–2](../15/01.md) and other comparable contexts in the book.
16:15	jyyw		rc://*/ta/man/translate/translate-ordinal	בִּ⁠שְׁנַת֩ עֶשְׂרִ֨ים וָ⁠שֶׁ֜בַע שָׁנָ֗ה לְ⁠אָסָא֙	1	If your language would not represent a number in a form such as **the year of 27**, you could represent this number in a form that your language would use. Alternate translation: [in the twenty-seventh year of Asa]
16:15	gkxh		rc://*/ta/man/translate/writing-background	וְ⁠הָ⁠עָ֣ם חֹנִ֔ים עַֽל־גִּבְּת֖וֹן אֲשֶׁ֥ר לַ⁠פְּלִשְׁתִּֽים	1	The author is providing background information to help readers understand what happens next in the story. In your translation, introduce this information in a way that would be natural in your own language and culture.
16:15	w6ku		rc://*/ta/man/translate/figs-explicit	וְ⁠הָ⁠עָ֣ם חֹנִ֔ים	1	The author assumes that readers will know that by **the people**, he means the Israelite army. You could say that explicitly if that would be helpful to your readers. Alternate translation: [Now the Israelite army was encamped]
16:16	p8ai		rc://*/ta/man/translate/writing-quotations	וַ⁠יִּשְׁמַ֤ע הָ⁠עָם֙ הַ⁠חֹנִ֣ים לֵ⁠אמֹ֔ר	1	The term **saying** introduces a direct quotation. In your translation, use a natural way of introducing direct quotations in your language. It may not be necessary to represent this term explicitly. Alternate translation: [And someone reported to the soldiers in the camp]
16:17	mvqi		rc://*/ta/man/translate/figs-explicitinfo	וַ⁠יַּעֲלֶ֥ה עָמְרִ֛י & מִֽ⁠גִּבְּת֑וֹן	1	See how you translated the similar expression in [1:25](../01/25.md). Alternate translation: [And Omri went from Gibbethon]
16:17	vfeu		rc://*/ta/man/translate/figs-go	וַ⁠יַּעֲלֶ֥ה עָמְרִ֛י & מִֽ⁠גִּבְּת֑וֹן	1	In a context such as this, your language might say “came” instead of **went**. Alternate translation: [And Omri came from Gibbethon]
16:17	eutp		rc://*/ta/man/translate/figs-metonymy	וְ⁠כָל־יִשְׂרָאֵ֥ל עִמּ֖⁠וֹ	1	Here, **all of Israel** represents the entire Israelite army. If it would be helpful in your language, you could use an equivalent expression or plain language. Alternate translation: [and the whole Israelite army with him]
16:18	wwxr		rc://*/ta/man/translate/figs-activepassive	נִלְכְּדָ֣ה הָ⁠עִ֔יר	1	The expression **the city had been taken** is a passive verbal form. If your language would not use that form, you could express the idea in active form or in another way that is natural in your language. Alternate translation: [Omri’s soldiers had captured the city]
16:18	gg6v		rc://*/ta/man/translate/figs-explicitinfo	וַ⁠יִּשְׂרֹ֨ף עָלָ֧י⁠ו אֶת־בֵּֽית־מֶ֛לֶךְ בָּ⁠אֵ֖שׁ	1	It might seem that the expression **burned … with fire** contains extra information that would not be natural to express in your language. If so, you could shorten it. Alternate translation: [And he burned down the house of the king over himself]
16:18	keqx		rc://*/ta/man/translate/figs-idiom	עָלָ֧י⁠ו	1	The author is using **over himself** as a common expression of the culture to indicate “while he was in it.” If this phrase does not have that meaning in your language, you could use a comparable expression from your language that does have that meaning, or you could state the meaning plainly. Alternate translation: [while he was in it]
16:19	gkjt		rc://*/ta/man/translate/writing-poetry	חטאת⁠ו אֲשֶׁ֣ר חָטָ֔א	1	See how you translated the similar expression in [14:16](../14/16.md). Alternate translation: [the sin that he committed]
16:19	mwnh		rc://*/ta/man/translate/figs-abstractnouns	הָ⁠רַ֖ע	1	If your language does not use an abstract noun for the idea of **evil**, you could express the same idea in another way. Alternate translation: [what was evil]
16:19	jhyg		rc://*/ta/man/translate/figs-idiom	בְּ⁠עֵינֵ֣י יְהוָ֑ה	1	See how you translated the similar expression in [3:10](../03/10.md). Alternate translation: [in the judgment of Yahweh]
16:19	gj53		rc://*/ta/man/translate/figs-metaphor	לָ⁠לֶ֨כֶת֙ בְּ⁠דֶ֣רֶךְ יָרָבְעָ֔ם וּ⁠בְ⁠חַטָּאת⁠וֹ֙ אֲשֶׁ֣ר עָשָׂ֔ה	1	See how you translated the similar expression in [15:26](../15/26.md). Alternate translation: [by living as Jeroboam had lived and sinning as he had sinned]
16:20	jqit		rc://*/ta/man/translate/writing-endofstory	וְ⁠יֶ֨תֶר֙ דִּבְרֵ֣י זִמְרִ֔י וְ⁠קִשְׁר֖⁠וֹ אֲשֶׁ֣ר קָשָׁ֑ר הֲ⁠לֹֽא־הֵ֣ם כְּתוּבִ֗ים עַל־סֵ֛פֶר דִּבְרֵ֥י הַ⁠יָּמִ֖ים לְ⁠מַלְכֵ֥י יִשְׂרָאֵֽל	1	In this verse, the author is using phrases that he regularly uses to conclude accounts of kings’ reigns. See how you translated the similar phrases in [11:41–43](../11/41.md) and other comparable contexts in the book. Alternate translation: [Now you can read about the rest of the matters of Zimri and his conspiracy that he conspired in the book of the matters of the days of the kings of Israel]
16:20	nvhy		rc://*/ta/man/translate/writing-poetry	וְ⁠קִשְׁר֖⁠וֹ אֲשֶׁ֣ר קָשָׁ֑ר	1	The author is using a construction in which a verb and its object come from the same root. You may be able to use the same construction in your language to express the meaning here. Alternatively, your language may have another way of saying this. Alternate translation: [and the conspiracy that he led]
16:21	amh5		rc://*/ta/man/translate/figs-explicit	אָ֧ז יֵחָלֵ֛ק הָ⁠עָ֥ם יִשְׂרָאֵ֖ל לַ⁠חֵ֑צִי חֲצִ֨י הָ⁠עָ֜ם	1	See how you translated the similar expression in [16:15](../16/15.md). Alternate translation: [Then the army of Israel was divided in half. Half of the soldiers]
16:21	fyum		rc://*/ta/man/translate/figs-activepassive	אָ֧ז יֵחָלֵ֛ק הָ⁠עָ֥ם יִשְׂרָאֵ֖ל לַ⁠חֵ֑צִי	1	The expression **were divided** is a passive verbal form. If your language would not use that form, you could express the idea in active form or in another way that is natural in your language. Alternate translation: [This divided the people of Israel in half] or [Then the Israelite soldiers took two sides]
16:21	o80k		rc://*/ta/man/translate/figs-idiom	חֲצִ֨י הָ⁠עָ֜ם הָ֠יָה אַחֲרֵ֨י תִבְנִ֤י & וְ⁠הַ⁠חֲצִ֖י אַחֲרֵ֥י עָמְרִֽי	1	See how you translated the similar expression “helped after Adonijah” in [1:7](../01/07.md). Alternate translation: [Half of the soldiers supported Tibni … and half supported Omri]
16:23	c6ol		rc://*/ta/man/translate/writing-participants	בִּ⁠שְׁנַת֩ שְׁלֹשִׁ֨ים וְ⁠אַחַ֜ת שָׁנָ֗ה לְ⁠אָסָא֙ מֶ֣לֶךְ יְהוּדָ֔ה מָלַ֤ךְ עָמְרִי֙ עַל־יִשְׂרָאֵ֔ל שְׁתֵּ֥ים עֶשְׂרֵ֖ה שָׁנָ֑ה בְּ⁠תִרְצָ֖ה מָלַ֥ךְ שֵׁשׁ־שָׁנִֽים	1	In this verse, the author is reintroducing **Omri** as a participant in the story, now as the new king of **Israel**. See how you translated the similar phrases in [15:1–2](../15/01.md) and other comparable contexts in the book.
16:23	rwtj		rc://*/ta/man/translate/translate-ordinal	בִּ⁠שְׁנַת֩ שְׁלֹשִׁ֨ים וְ⁠אַחַ֜ת שָׁנָ֗ה לְ⁠אָסָא֙	1	If your language would not represent a number in a form such as **In the year of 31**, you could represent this number in a form that your language would use. Alternate translation: [in the thirty-first year of Asa]
16:24	zuf9		rc://*/ta/man/translate/translate-bweight	בְּ⁠כִכְּרַ֣יִם כָּ֑סֶף	1	See how you decided in [9:14](../09/14.md) to describe weights that the biblical author expresses in terms of **kikkars**.
16:24	cf78		rc://*/ta/man/translate/figs-synecdoche	וַ⁠יִּ֨בֶן֙	1	The author is using one person who was involved in this action, Omri, to mean everyone who was involved, including his workers. If it would be helpful in your language, you could state the meaning plainly. Alternate translation: [And he had his workers build]
16:24	ibxp		rc://*/ta/man/translate/figs-explicitinfo	וַ⁠יִּקְרָ֗א אֶת־שֵׁ֤ם הָ⁠עִיר֙	1	It might seem that this expression contains extra information that would not be natural to express in your language. If so, you could shorten it. Alternate translation: [and he named the city]
16:25	ch1q		rc://*/ta/man/translate/figs-abstractnouns	הָ⁠רַ֖ע	1	If your language does not use an abstract noun for the idea of **evil**, you could express the same idea in another way. Alternate translation: [what was evil]
16:25	m14k		rc://*/ta/man/translate/figs-idiom	בְּ⁠עֵינֵ֣י יְהוָ֑ה	1	See how you translated the similar expression in [3:10](../03/10.md). Alternate translation: [in the judgment of Yahweh]
16:25	gdrj		rc://*/ta/man/translate/figs-abstractnouns	וַ⁠יָּ֕רַע	1	If your language does not use an abstract noun for the idea of **evil**, you could express the same idea in another way. Alternate translation: [and he did evil things]
16:25	cz0w		rc://*/ta/man/translate/figs-metonymy	אֲשֶׁ֥ר לְ⁠פָנָֽי⁠ו	1	The author is using the expression **to his face** to mean “before him” or “previous to him.” If it would be helpful in your language, you could state the meaning plainly. Alternate translation: [who reigned before him]
16:26	to38		rc://*/ta/man/translate/figs-metaphor	וַ⁠יֵּ֗לֶךְ בְּ⁠כָל־דֶּ֨רֶךְ֙ יָרָבְעָ֣ם בֶּן־נְבָ֔ט ו⁠ב⁠חטאתי⁠ו אֲשֶׁ֥ר הֶחֱטִ֖יא אֶת־יִשְׂרָאֵ֑ל	1	See how you translated the similar expression in [15:26](../15/26.md). Alternate translation: [And he lived as Jeroboam had lived, and he continued to commit the sins by which he had led the Israelites to sin]
16:26	nr3s		rc://*/ta/man/translate/figs-metaphor	בְּ⁠הַבְלֵי⁠הֶֽם	1	See how you translated the similar expression in [16:13](../16/13.md). Alternate translation: [with their idols]
16:27	bf10		rc://*/ta/man/translate/writing-endofstory	וְ⁠יֶ֨תֶר דִּבְרֵ֤י עָמְרִי֙ אֲשֶׁ֣ר עָשָׂ֔ה וּ⁠גְבוּרָת֖⁠וֹ אֲשֶׁ֣ר עָשָׂ֑ה הֲ⁠לֹֽא־הֵ֣ם כְּתוּבִ֗ים עַל־סֵ֛פֶר דִּבְרֵ֥י הַ⁠יָּמִ֖ים לְ⁠מַלְכֵ֥י יִשְׂרָאֵֽל	1	In this verse and the next verse, the author is using phrases that he regularly uses to conclude accounts of kings’ reigns. See how you translated the similar phrases in [11:41–43](../11/41.md) and other comparable contexts in the book. Alternate translation: [Now you can read about the rest of the matters of Omri, what he did and his might that he did, in the book of the matters of the days of the kings of Israel]
16:28	nn38		rc://*/ta/man/translate/figs-euphemism	וַ⁠יִּשְׁכַּ֤ב עָמְרִי֙ עִם־אֲבֹתָ֔י⁠ו	1	See how you translated the similar expression in [1:21](../01/21.md). Alternate translation: [And Omri passed away]
16:28	ovir		rc://*/ta/man/translate/figs-activepassive	וַ⁠יִּקָּבֵ֖ר	1	The expression **he was buried** is a passive verbal form. If your language would not use that form, you could express the idea in active form or in another way that is natural in your language. Alternate translation: [and people buried him]
16:29	fm9z		rc://*/ta/man/translate/writing-participants	וְ⁠אַחְאָ֣ב בֶּן־עָמְרִ֗י מָלַךְ֙ עַל־יִשְׂרָאֵ֔ל בִּ⁠שְׁנַ֨ת שְׁלֹשִׁ֤ים וּ⁠שְׁמֹנֶה֙ שָׁנָ֔ה לְ⁠אָסָ֖א מֶ֣לֶךְ יְהוּדָ֑ה	1	In this verse, the author is introducing **Ahab** as a participant in the story as the new king of **Israel**. See how you translated the similar phrases in [15:1–2](../15/01.md) and other comparable contexts in the book.
16:29	r4z0		rc://*/ta/man/translate/translate-ordinal	בִּ⁠שְׁנַ֨ת שְׁלֹשִׁ֤ים וּ⁠שְׁמֹנֶה֙ שָׁנָ֔ה לְ⁠אָסָ֖א	1	If your language would not represent a number in a form such as **in the year of 38**, you could represent this number in a form that your language would use. Alternate translation: [in the thirty-eighth year of Asa]
16:30	rdg1		rc://*/ta/man/translate/figs-abstractnouns	הָ⁠רַ֖ע	1	If your language does not use an abstract noun for the idea of **evil**, you could express the same idea in another way. Alternate translation: [what was evil]
16:30	dqw7		rc://*/ta/man/translate/figs-idiom	בְּ⁠עֵינֵ֣י יְהוָ֑ה	1	See how you translated the similar expression in [3:10](../03/10.md). Alternate translation: [in the judgment of Yahweh]
16:30	zamg		rc://*/ta/man/translate/figs-metonymy	אֲשֶׁ֥ר לְ⁠פָנָֽי⁠ו	1	The author is using the expression **to his face** to mean “before” or “previous to.” If it would be helpful in your language, you could state the meaning plainly. Alternate translation: [who reigned before him]
16:31	a971		rc://*/ta/man/translate/figs-aside	וַ⁠יְהִי֙ הֲ⁠נָקֵ֣ל לֶכְתּ֔⁠וֹ בְּ⁠חַטֹּ֖אות יָרָבְעָ֣ם בֶּן־נְבָ֑ט וַ⁠יִּקַּ֨ח אִשָּׁ֜ה אֶת־אִיזֶ֗בֶל	1	The author has been relating the history of the kings of Israel in a steady narrative, but in this verse he pauses to speak directly to his audience about this particular king, Ahab. The author does this to indicate in a strong way his thoughts and feelings about Ahab and how he acted. If a storyteller in your culture would not pause in the middle of a story to address the audience directly and express an opinion about one of the characters, you can translate this in a way that would be natural in your language and culture. Alternate translation: [And as if walking in the sins of Jeroboam, the son of Nebat, was not bad enough, he took a wife, Jezebel]
16:31	l8fl		rc://*/ta/man/translate/writing-participants	אֶת־אִיזֶ֗בֶל בַּת־אֶתְבַּ֨עַל֙ מֶ֣לֶךְ צִידֹנִ֔ים	1	The author is introducing **Jezebel** as a new participant in the story. Your language may have its own way of introducing new participants that you can use in your translation.
16:31	b0dn		rc://*/ta/man/translate/figs-explicit	וַ⁠יֵּ֨לֶךְ֙ וַֽ⁠יַּעֲבֹ֣ד אֶת־הַ⁠בַּ֔עַל	1	See how you translated the similar expression “and you go and serve other gods” in [9:6](../09/06.md). Alternate translation: [And he took action to worship Baal]
16:31	jy39		rc://*/ta/man/translate/translate-symaction	וַ⁠יִּשְׁתַּ֖חוּ לֽ⁠וֹ	1	See how you translated the similar expression in [9:6](../09/06.md). Alternate translation: [and he committed himself to Baal by bowing down to him]
16:32	skp1		rc://*/ta/man/translate/figs-events	וַ⁠יָּ֥קֶם מִזְבֵּ֖חַ לַ⁠בָּ֑עַל בֵּ֣ית הַ⁠בַּ֔עַל אֲשֶׁ֥ר בָּנָ֖ה בְּ⁠שֹׁמְרֽוֹן	1	The author is describing one event before describing another event that preceded it. If it would be helpful in your language, you may wish to relate these events in the order in which they happened. Alternate translation: [And he built a house of Baal in Samaria, and he set up an altar for Baal there]
16:32	nshf		rc://*/ta/man/translate/figs-metaphor	בֵּ֣ית הַ⁠בַּ֔עַל	1	The author is speaking of the temple of Baal as if it were a **house** in which Baal lived. Your language may have a comparable expression that you can use in your translation, or you could state the meaning plainly. Alternate translation: [in the temple of Baal]
16:33	f1o9		rc://*/ta/man/translate/figs-idiom	וַ⁠יּ֨וֹסֶף אַחְאָ֜ב לַ⁠עֲשׂ֗וֹת	1	The author is using **added to do** as a common expression of his culture to mean “did more things.” If this phrase does not have that meaning in your language, you could use a comparable expression from your language that does have that meaning, or you could state the meaning plainly. Alternate translation: [and Ahab did yet more] or [and Ahab did more things]
16:34	m6vb		rc://*/ta/man/translate/figs-metonymy	בְּ⁠יָמָ֞י⁠ו	1	The author is using the term **days** to refer to a specific time, the time when Ahab was king. If it would be helpful in your language, you could use an equivalent expression or state the meaning plainly. Alternate translation: [During his reign]
16:34	bfmn		rc://*/ta/man/translate/figs-explicit	בָּנָ֥ה	1	The implication is that Hiel rebuilt Jericho, which the Israelites had destroyed earlier. You could indicate this in your translation if that would be helpful to your readers. Alternate translation: [rebuilt]
16:34	f4qv		rc://*/ta/man/translate/figs-explicit	בַּ⁠אֲבִירָ֨ם בְּכֹר֜⁠וֹ יִסְּדָ֗⁠הּ ו⁠ב⁠שגיב צְעִיר⁠וֹ֙ הִצִּ֣יב דְּלָתֶ֔י⁠הָ	1	In both of these cases, the term **By … by** indicates that the action the author describes (**founded … set up**) came at the cost or loss to Hiel of the son he names. Alternate translation: [At the cost of Abiram, his firstborn, he founded it, and at the cost of Segub, his youngest, he set up its doors]
16:34	cbtp		rc://*/ta/man/translate/figs-nominaladj	בְּכֹר֜⁠וֹ & צְעִיר⁠וֹ֙	1	The author is using the adjectives **firstborn** and **youngest** as nouns to mean certain sons. Your language may use adjectives in the same way. If not, you can translate these adjectives with equivalent phrases. Alternate translation: [his firstborn son … his youngest son]
16:34	lv10		rc://*/ta/man/translate/figs-metonymy	בְּ⁠יַ֖ד	1	See how you translated the similar expression in [8:53](../08/53.md). Alternate translation: [through the agency of]
17:intro	abch				0	# 1 Kings 17 Chapter Introduction\n\n## Structure and Formatting\n\nWithin the overall story of the kings of Israel and Judah, the author describes in detail how prophets challenged the kings and people of those kingdoms to stop worshiping idols and to become devoted to Yahweh once again. This chapter begins the story of one of those prophets, Elijah.\n\n  1. Elijah tells Ahab that Yahweh will punish Israel with drought (17:1)\n  2. Elijah stays for safety by the wadi of Cherith, and ravens feed him (17:2–7)\n  3. Elijah stays for safety with a widow in Zarephath, and he multiplies her food (17:8–16)\n  4. The widow’s son dies, but Elijah raises him back to life (17:17–24)\n\n## Religious and Cultural Concepts in This Chapter\n\n### Why did Yahweh punish Israel with drought for worshiping Baal?\n\nAhab had led the Israelites to worship of Baal, and people thought that Baal was a god who caused rain. When Elijah identified himself as a prophet and servant of Yahweh and said that it would not rain until he said it would, and then it did not rain for three years, this proved that Yahweh was the true God and that Baal really had no power at all.\n\n### Why did Elijah stretch himself over the widow’s child three times?\n\nThe author says in 17:21 that when Elijah raised the widow’s child from the dead, just before he called out to Yahweh, “he stretched himself out over the child three times.” It is not certain why Elijah did this, but one possibility is that the number three represented completeness and divine action. It may have emphasized Elijah’s complete reliance on God to restore the child’s life. While the text itself does not explicitly state the meaning of Elijah stretching himself out three times, the possible symbolic significance is supported by the wider biblical use of the number three and the context of divine miracles. The threefold action may serve to emphasize the power of God, the earnestness of Elijah’s prayer, and the completeness of the miraculous restoration of life.
17:1	wirk		rc://*/ta/man/translate/writing-participants	וַ⁠יֹּאמֶר֩ אֵלִיָּ֨הוּ הַ⁠תִּשְׁבִּ֜י מִ⁠תֹּשָׁבֵ֣י גִלְעָד֮	1	The author is introducing **Elijah** as a new participant in the story. Your language may have its own way of introducing new participants that you can use in your translation.
17:1	jd4o		rc://*/ta/man/translate/writing-oathformula	חַי־יְהוָ֞ה אֱלֹהֵ֤י יִשְׂרָאֵל֙ אֲשֶׁ֣ר עָמַ֣דְתִּי לְ⁠פָנָ֔י⁠ו אִם־יִהְיֶ֛ה הַ⁠שָּׁנִ֥ים הָ⁠אֵ֖לֶּה טַ֣ל וּ⁠מָטָ֑ר כִּ֖י אִם־לְ⁠פִ֥י דְבָרִֽ⁠י	1	In order to make a solemn proclamation, following the custom of his culture, Elijah is swearing an oath by stating the first part of a condition (“if”) but not the second part (“then”). Use a natural way in your language to express an oath. In a context such as this, it may be natural to express just the first part of the condition as a negative statement. See how you translated the similar expression “if he will kill his servant” in [1:51](../01/51.md). Alternate translation: [I swear by Yahweh, the God of Israel, to whose face I stand, that there will not be dew or rain these years except by the mouth of my word]
17:1	jypp		rc://*/ta/man/translate/figs-metonymy	אֲשֶׁ֣ר עָמַ֣דְתִּי לְ⁠פָנָ֔י⁠ו	1	Here, **face** represents the presence of Yahweh. Elijah is speaking as if he stood in Yahweh’s presence, the way servants stood in the presence of a king, in order to indicate that he serves Yahweh rather than Baal, whom Ahab worshiped. If it would be helpful in your language, you could use an equivalent expression or plain language. Alternate translation: [whose servant I am]
17:1	od82		rc://*/ta/man/translate/grammar-connect-exceptions	אִם־יִהְיֶ֛ה הַ⁠שָּׁנִ֥ים הָ⁠אֵ֖לֶּה טַ֣ל וּ⁠מָטָ֑ר כִּ֖י אִם־לְ⁠פִ֥י דְבָרִֽ⁠י	1	If, in your language, it would appear that Elijah was making a statement here and then contradicting it, you could reword this as a positive statement. Alternate translation: [only by the mouth of my word will there be dew or rain these years]
17:1	pgjq		rc://*/ta/man/translate/figs-metonymy	כִּ֖י אִם־לְ⁠פִ֥י דְבָרִֽ⁠י	1	The phrase **by the mouth of my words** represents what Elijah would say by using his mouth to speak words. If it would be clearer in your language, you could state the meaning plainly. Alternate translation: [unless I say that there will be]
17:2	bwjg		rc://*/ta/man/translate/figs-idiom	וַ⁠יְהִ֥י דְבַר־יְהוָ֖ה אֵלָ֥י⁠ו	1	See how you translated the similar expression in [6:11](../06/11.md). Alternate translation: [And Yahweh spoke a message to him]
17:3	wbsb		rc://*/ta/man/translate/figs-explicit	לֵ֣ךְ מִ⁠זֶּ֔ה וּ⁠פָנִ֥יתָ לְּ⁠ךָ֖ קֵ֑דְמָ⁠ה	1	The phrase **for yourself** indicates that this action would be for Elijah’s benefit. The implication is that Elijah should go eastward for his own safety, since he has just angered King Ahab by declaring a drought. You could include this information if that would be helpful to your readers. Alternate translation: [For your own safety, go from here and travel eastward]
17:3	z04e		rc://*/ta/man/translate/figs-metonymy	עַל־פְּנֵ֥י הַ⁠יַּרְדֵּֽן	1	Here, **on the face of** represents being “near” or “beside” the Jordan River. If it would be helpful in your language, you could use an equivalent expression or plain language, here and in verse 5. Alternate translation: [near the Jordan River]
17:5	plb7		rc://*/ta/man/translate/figs-explicit	וַ⁠יֵּ֥לֶךְ וַ⁠יַּ֖עַשׂ & וַ⁠יֵּ֗לֶךְ וַ⁠יֵּ֨שֶׁב֙	1	See how you translated the similar expression in [9:6](../09/06.md). Alternate translation: [And he took action and did … And he took action and dwelled]
17:6	qyfq		rc://*/ta/man/translate/figs-explicitinfo	ל֜⁠וֹ לֶ֤חֶם וּ⁠בָשָׂר֙ בַּ⁠בֹּ֔קֶר וְ⁠לֶ֥חֶם וּ⁠בָשָׂ֖ר בָּ⁠עָ֑רֶב	1	It might seem that repeating the phrase **bread and meat** would be to express extra information in a way that would not be natural in your language. If so, you could represent the phrase only once in your translation. Alternate translation: [bread and meat to him in the morning and in the evening]
17:7	u9w8		rc://*/ta/man/translate/figs-metonymy	יָמִ֖ים	1	The author is using the term **days** to refer to time. If it would be helpful in your language, you could state the meaning plainly. Alternate translation: [some time]
17:7	ud69		rc://*/ta/man/translate/grammar-connect-logic-result	וַ⁠יִּיבַ֣שׁ הַ⁠נָּ֑חַל כִּ֛י לֹֽא־הָיָ֥ה גֶ֖שֶׁם בָּ⁠אָֽרֶץ	1	If it would be more natural in your language, you could reverse the order of these phrases, since the second phrase gives the reason for the result that the first phrase describes. Alternate translation: [that because no rain was in the land, the wadi dried up]
17:8	u2l7		rc://*/ta/man/translate/figs-idiom	וַ⁠יְהִ֥י דְבַר־יְהוָ֖ה אֵלָ֥י⁠ו	1	See how you translated the similar expression in [6:11](../06/11.md). Alternate translation: [And Yahweh spoke a message to him]
17:9	b3va		rc://*/ta/man/translate/figs-explicit	ק֣וּם	1	To translate the term **Arise** here and the term “arose” in the next verse, how you translated the term “arose” in [1:50](../01/50.md). Alternate translation: [Take action]
17:9	cc2z		rc://*/ta/man/translate/figs-metaphor	הִנֵּ֨ה	1	See how you translated the similar expression in [1:14](../01/14.md). Alternate translation: [Listen]
17:9	hpzb		rc://*/ta/man/translate/figs-explicit	צִוִּ֥יתִי שָׁ֛ם אִשָּׁ֥ה אַלְמָנָ֖ה לְ⁠כַלְכְּלֶֽ⁠ךָ	1	Yahweh does not mean that he has spoken to this widow and **commanded** her to provide food for Elijah. He means that he has commanded for this to happen and will arrange it. You could include this information if that would be helpful to your readers. Alternate translation: [I have commanded that a woman, a widow, there is to sustain you]
17:9	q5yy		rc://*/ta/man/translate/writing-participants	שָׁ֛ם אִשָּׁ֥ה אַלְמָנָ֖ה	1	The author is introducing this **woman** as a new participant in the story. Your language may have its own way of introducing new participants that you can use in your translation. Alternate translation: [a certain woman who is a widow who lives there]
17:10	o87d		rc://*/ta/man/translate/writing-quotations	וַ⁠יֹּאמַ֔ר	1	The expression **and said** introduces a direct quotation. In your translation, use a natural way of introducing direct quotations in your language. It may not be necessary to represent this term explicitly. See how you translated the same expression in [1:28](../01/28.md) and comparable contexts.
17:10	l30e		rc://*/ta/man/translate/figs-go	קְחִי	1	In a context such as this, a speaker of your language might say “bring” instead of **take** (and similarly in the next verse). Alternate translation: [bring]
17:10	gsbo		rc://*/ta/man/translate/translate-tense	וְ⁠אֶשְׁתֶּֽה	1	Elijah describing the purpose for which he is asking the woman to bring him **a little water**. Use a verb form in your language that will make this clear. Alternate translation: [so that I can drink]
17:11	rlr6		rc://*/ta/man/translate/writing-politeness	פַּת־לֶ֖חֶם	1	Elijah, using the courteous hospitality language of this culture, is understating what he is requesting. Use a comparable way of speaking from your own language and culture. If you have already translated the book of 1 Samuel, see how you translated the similar expression in [1 Samuel 28:22](../1sa/28/22.md). Alternate translation: [a little bit to eat]
17:11	oqj6		rc://*/ta/man/translate/figs-explicit	בְּ⁠יָדֵֽ⁠ךְ	1	By saying **in your hand**, Elijah is specifically requesting the woman’s hospitality, as a guest in a foreign country. Your language may have a comparable expression that you can use here in your translation.
17:12	czjx		rc://*/ta/man/translate/writing-oathformula	חַי־יְהוָ֤ה אֱלֹהֶ֨י⁠ךָ֙ אִם־יֶשׁ־לִ֣⁠י מָע֔וֹג	1	Following the custom of her culture, the woman is swearing an oath by stating the first part of a condition (“if”) but not the second part (“then”). Use a natural way in your language to express an oath. In a context such as this, it may be natural to express just the first part of the condition as a negative statement. See how you translated the similar expression “if he will kill his servant” in [1:51](../01/51.md). Alternate translation: [I swear by Yahweh your God that there is not to me a bread-cake] or [I swear by Yahweh your God that I do not have even so much as a bread-cake]
17:12	g4yg		rc://*/ta/man/translate/figs-idiom	וְ⁠הִנְ⁠נִ֨י מְקֹשֶׁ֜שֶׁת שְׁנַ֣יִם עֵצִ֗ים	1	See how you translated the similar expression in [5:5](../05/05.md). Alternate translation: [And I am about to gather two sticks]
17:12	a4ug		rc://*/ta/man/translate/figs-idiom	שְׁנַ֣יִם עֵצִ֗ים	1	The widow is using **two sticks** as a common expression of her culture to mean “a few sticks” or “just enough sticks to make a small fire.” If this phrase does not have that meaning in your language, you could use a comparable expression from your language that does have that meaning, or you could state the meaning plainly. Alternate translation: [some sticks]
17:12	k6jt		rc://*/ta/man/translate/figs-explicit	וָ⁠מָֽתְנוּ	1	By **we will die**, the woman does not mean that there is something wrong with the food she has left and it will therefore kill her. She means that she and her son will die of starvation after eating this last meal. Be sure that this is clear in your translation. Alternate translation: [and after that we will have nothing to eat, so we will die of starvation]
17:13	h22l		rc://*/ta/man/translate/figs-explicit	בֹּ֖אִי	1	Elijah is not asking the woman to **Come** somewhere. He is using the term **Come** to encourage her to do what he suggests. Your language may have a comparable expression that you can use in your translation. Alternate translation: [Go ahead]
17:13	wuen		rc://*/ta/man/translate/figs-metonymy	כִ⁠דְבָרֵ֑⁠ךְ	1	Here, **word** represents what the widow said by using words. If it would be clearer in your language, you could state the meaning plainly. Alternate translation: [what you have said]
17:13	uic3		rc://*/ta/man/translate/figs-explicit	מִ֠⁠שָּׁם	1	By **from there**, Elijah means from the flour and oil that the widow has in her containers. You could indicate this explicitly in your translation if that would be helpful to your readers. Alternate translation: [from that flour and oil]
17:14	hz6c		rc://*/ta/man/translate/figs-quotesinquotes	כִּ֣י כֹה֩ אָמַ֨ר יְהוָ֜ה אֱלֹהֵ֣י יִשְׂרָאֵ֗ל כַּ֤ד הַ⁠קֶּ֨מַח֙ לֹ֣א תִכְלָ֔ה וְ⁠צַפַּ֥חַת הַ⁠שֶּׁ֖מֶן לֹ֣א תֶחְסָ֑ר עַ֠ד י֧וֹם תתן־יְהוָ֛ה גֶּ֖שֶׁם עַל־פְּנֵ֥י הָ⁠אֲדָמָֽה	1	If it would be clearer in your language, you could translate this so that there is not a quotation within a quotation. Alternate translation: [For Yahweh, the God of Israel, says that the jar of flour will not finish and the jug of oil will not lack up to the day he gives rain on the face of the ground]
17:14	vhci		rc://*/ta/man/translate/figs-idiom	פְּנֵ֥י הָ⁠אֲדָמָֽה	1	See how you translated the similar expression in [8:40](../08/40.md). Alternate translation: [the surface of the ground]
17:15	cof6		rc://*/ta/man/translate/figs-metonymy	כִּ⁠דְבַ֣ר אֵלִיָּ֑הוּ	1	Here, **word** represents what Elijah said by using words. If it would be clearer in your language, you could state the meaning plainly. Alternate translation: [what Elijah had told her to do]
17:15	duu7		rc://*/ta/man/translate/figs-metaphor	וּ⁠בֵיתָ֖⁠הּ	1	The author is speaking of the people who lived with this widow as if they were her **house**. If it would be helpful in your language, you could state the meaning plainly. Alternate translation: [and her family] or [and her son]
17:15	ta1l		rc://*/ta/man/translate/figs-metonymy	יָמִֽים	1	The author is using the term **days** to refer to a long period of time. If it would be helpful in your language, you could state the meaning plainly. Alternate translation: [for a long time]
17:16	am47		rc://*/ta/man/translate/figs-metonymy	בְּ⁠יַ֥ד	1	See how you translated the similar expression in [8:53](../08/53.md). Alternate translation: [through the agency of]
17:17	gas9		rc://*/ta/man/translate/writing-newevent	וַ⁠יְהִ֗י אַחַר֙ הַ⁠דְּבָרִ֣ים הָ⁠אֵ֔לֶּה	1	The author is using the phrase **And it happened** to introduce a new event in the story. Use a word, phrase, or other method in your language that is natural for introducing a new event.
17:17	k045		rc://*/ta/man/translate/figs-euphemism	לֹא־נֽוֹתְרָה־בּ֖⁠וֹ נְשָׁמָֽה	1	The author is referring to death in a mild way by using this phrase. Depending on what is helpful in your language, you could use a polite way of referring to this in your language, or you could state this plainly. Alternate translation: [he passed away] or [he died]
17:18	mqsq		rc://*/ta/man/translate/figs-idiom	מַה & וָ⁠לָ֖⁠ךְ אִ֣ישׁ הָ⁠אֱלֹהִ֑ים & אֵלַ֛⁠י	1	The widow is using **What to me and to you** as a common expression of her culture to mean “What do you have against me?” or “What dispute do we have?” If this phrase does not have that meaning in your language, you could use a comparable expression from your language that does have that meaning, or you could state the meaning plainly. Alternate translation: [What do you have against me, man of God]
17:18	oz12		rc://*/ta/man/translate/figs-rquestion	מַה & וָ⁠לָ֖⁠ךְ אִ֣ישׁ הָ⁠אֱלֹהִ֑ים & אֵלַ֛⁠י	1	The woman is using the question form for emphasis. If a speaker of your language would not use the question form for that purpose, you could translate this as a statement or as an exclamation. Alternate translation: [I have done nothing wrong to you, man of God!]
17:18	or22		rc://*/ta/man/translate/figs-rquestion	לִּ֥⁠י & בָּ֧אתָ & לְ⁠הַזְכִּ֥יר אֶת־עֲוֺנִ֖⁠י וּ⁠לְ⁠הָמִ֥ית אֶת־בְּנִֽ⁠י	1	The widow is using the question form for emphasis. If a speaker of your language would not use the question form for that purpose, you could translate this as a statement or as an exclamation. Alternate translation: [It seems that you came to me to bring my iniquity to remembrance and to kill my son!]
17:18	vwyx		rc://*/ta/man/translate/figs-explicit	לְ⁠הַזְכִּ֥יר אֶת־עֲוֺנִ֖⁠י וּ⁠לְ⁠הָמִ֥ית אֶת־בְּנִֽ⁠י	1	By this expression, the woman could be speaking of: (1) Elijah bringing her **iniquity** to Yahweh’s **remembrance**. Alternate translation: [so that Yahweh would remember my iniquity and punish me by killing my son] or (2) Elijah bringing her **iniquity** to her own **remembrance**. Alternate translation: [to remind me of my iniquity so that I would realize why Yahweh was punishing me by killing my son]
17:19	i0hg		rc://*/ta/man/translate/figs-explicitinfo	אֲשֶׁר־הוּא֙ יֹשֵׁ֣ב שָׁ֔ם	1	It might seem that the expression **where he was dwelling there** contains extra information that would not be natural to express in your language. If so, you could shorten it. Alternate translation: [where he was dwelling]
17:20	fmca		rc://*/ta/man/translate/figs-rquestion	יְהוָ֣ה אֱלֹהָ֔⁠י הֲ֠⁠גַם עַל־הָ⁠אַלְמָנָ֞ה אֲשֶׁר־אֲנִ֨י מִתְגּוֹרֵ֥ר עִמָּ֛⁠הּ הֲרֵע֖וֹתָ לְ⁠הָמִ֥ית אֶת־בְּנָֽ⁠הּ	1	Elijah is using the question form for emphasis. If a speaker of your language would not use the question form for that purpose, you could translate this as a statement or as an exclamation. Alternate translation: [Yahweh my God, you should not have harmed even the widow with whom I am sojourning, by killing her son!]
17:21	gcrx		rc://*/ta/man/translate/translate-symaction	וַ⁠יִּתְמֹדֵ֤ד עַל־הַ⁠יֶּ֨לֶד֙ שָׁלֹ֣שׁ פְּעָמִ֔ים	1	See the discussion in the introduction to this chapter of the significance of Elijah stretching himself over the child **three times**.
17:22	hauv		rc://*/ta/man/translate/figs-explicit	וַ⁠יִּשְׁמַ֥ע יְהוָ֖ה בְּ⁠ק֣וֹל אֵלִיָּ֑הוּ	1	See how you translated the similar expression in [5:8](../05/08.md). Alternate translation: [And Yahweh did what Elijah asked]
17:24	twnv		rc://*/ta/man/translate/figs-metonymy	וּ⁠דְבַר־יְהוָ֥ה בְּ⁠פִ֖י⁠ךָ	1	The woman is using **the word of Yahweh** to represent messages from Yahweh, and she is using Elijah’s **mouth** to represent him speaking those messages. If it would be helpful in your language, you could use an equivalent expression or state the meaning plainly. Alternate translation: [and the messages from Yahweh that you speak]
17:24	cj0s		rc://*/ta/man/translate/figs-abstractnouns	אֱמֶֽת	1	If your language does not use an abstract noun for the idea of **truth**, you could express the same idea in another way. Alternate translation: [is true]
18:intro	abci				0	# 1 Kings 18 Chapter Introduction\n\n## Structure and Formatting\n\nIn this chapter, the author continues to describe in detail how one of the great Israelite prophets, Elijah, challenged the king and people of Israel to stop worshiping idols and to become devoted to Yahweh once again. This chapter relates a great contest on Mount Carmel in which Elijah defeated and completely discredited the prophets of Baal.\n\n  1. Elijah returns to Israel (18:1–19)\n  2. Elijah defeats the prophets of Baal in a contest on Mount Carmel (18:20–40)\n  3. Elijah prays for rain, and Yahweh sends a great storm (18:41–46)\n\n## Religious and Cultural Concepts in This Chapter\n\n### Where would the people have gotten so much water during a severe drought?\n\nIn 18:34, during his contest with the prophets of Baal, Elijah tells the people to douse the altar of Yahweh thoroughly with water. They use twelve large jars full of water to do that. But this was during a severe drought. It had not rained in Israel for three years. So where would the people have gotten all that water? One likely source is the Mediterranean Sea. Mount Carmel, the site of the contest, was on the seacoast. Some interpreters also note that there is a shaded spring on Mount Carmel that continues to have water even in dry conditions. So those are two good possibilities. The availability of all that water is not a contradiction or inconsistency in the text.
18:1	ifd8		rc://*/ta/man/translate/figs-metonymy	וַ⁠יְהִי֙ יָמִ֣ים רַבִּ֔ים	1	Here, **many days** represents a long period of time. If it would be helpful in your language, you could use an equivalent expression or plain language. Alternate translation: [And it was a long time] or [And a long time passed]
18:1	lrxr		rc://*/ta/man/translate/figs-idiom	וּ⁠דְבַר־יְהוָ֗ה הָיָה֙ אֶל־אֵ֣לִיָּ֔הוּ	1	See how you translated the similar expression in [6:11](../06/11.md). Alternate translation: [and Yahweh spoke a message to Elijah]
18:1	gwt1		rc://*/ta/man/translate/translate-ordinal	בַּ⁠שָּׁנָ֥ה הַ⁠שְּׁלִישִׁ֖ית	1	If your language would not represent a number in a form such as **in the third year**, you could represent this number in a form that your language would use. Alternate translation: [after three years]
18:1	qd2o		rc://*/ta/man/translate/figs-idiom	עַל־פְּנֵ֥י הָ⁠אֲדָמָֽה	1	See how you translated the similar expression in [17:14](../17/14.md). Alternate translation: [on the surface of the earth]
18:2	eov8		rc://*/ta/man/translate/writing-background	וְ⁠הָ⁠רָעָ֖ב חָזָ֥ק בְּ⁠שֹׁמְרֽוֹן	1	The author is providing background information about the severity of the famine to help readers understand what happens next in the story. In your translation, introduce this information in a way that would be natural in your own language and culture.
18:3	e9ky		rc://*/ta/man/translate/writing-participants	עֹבַדְיָ֖הוּ אֲשֶׁ֣ר עַל־הַ⁠בָּ֑יִת וְ⁠עֹבַדְיָ֗הוּ הָיָ֥ה יָרֵ֛א אֶת־יְהוָ֖ה מְאֹֽד	1	in this verse and the next verse, the author is introducing **Obadiah** as a new participant in the story. Your language may have its own way of introducing new participants that you can use in your translation.
18:3	o41a		rc://*/ta/man/translate/figs-idiom	אֲשֶׁ֣ר עַל־הַ⁠בָּ֑יִת	1	See how you translated the similar expression in [16:9](../16/09.md). Alternate translation: [who was in charge of the palace] or [the administrator of his palace]
18:4	yl7t		rc://*/ta/man/translate/figs-metaphor	בְּ⁠הַכְרִ֣ית אִיזֶ֔בֶל אֵ֖ת נְבִיאֵ֣י יְהוָ֑ה	1	See how you translated the similar expression in [11:6](../11/06.md). Alternate translation: [when Jezebel killed the prophets of Yahweh]
18:4	c0rr		rc://*/ta/man/translate/figs-idiom	חֲמִשִּׁ֥ים אִישׁ֙ בַּ⁠מְּעָרָ֔ה	1	The author is using **50 men in the cave** as a common expression of his culture to mean that Obadiah hid 50 men in each of two caves. If this phrase does not have that meaning in your language, you could use a comparable expression from your language that does have that meaning, or you could state the meaning plainly. Alternate translation: [by fifties in each of two caves]
18:4	tugx		rc://*/ta/man/translate/figs-synecdoche	לֶ֥חֶם	1	The author is using one kind of food, **bread**, to mean food in general. If it would be helpful in your language, you could state the meaning plainly, and in verse 13. Alternate translation: [with food]
18:5	uk7g		rc://*/ta/man/translate/grammar-collectivenouns	ס֣וּס וָ⁠פֶ֔רֶד	1	In this verse, the terms **horse** and **mule** are singular in form, but they refer to several horses and mules that might be kept alive. If it would be helpful in your language, you could use the plural forms in your translation. Alternate translation: [some of the horses and mules]
18:5	nrba		rc://*/ta/man/translate/figs-metaphor	וְ⁠ל֥וֹא נַכְרִ֖ית מֵ⁠הַ⁠בְּהֵמָֽה	1	Ahab is speaking as if they might actually **cut off** the cattle, as if they were part of a plant or tree. Your language may have a comparable expression that you can use in your translation, or you could state the meaning plainly. Alternate translation: [and we will not have to kill any of the cattle]
18:6	hbm3		rc://*/ta/man/translate/figs-explicitinfo	אַחְאָ֞ב הָלַ֨ךְ בְּ⁠דֶ֤רֶךְ אֶחָד֙ לְ⁠בַדּ֔⁠וֹ וְ⁠עֹֽבַדְיָ֛הוּ הָלַ֥ךְ בְּ⁠דֶרֶךְ־אֶחָ֖ד לְ⁠בַדּֽ⁠וֹ	1	It might seem that repeating the expression **by himself** would be to express extra information in a way that would not be natural in your language. If so, you could represent this expression only once. Alternate translation: [Each of them went in a separate way by himself]
18:7	vf22		rc://*/ta/man/translate/figs-metaphor	וְ⁠הִנֵּ֥ה אֵלִיָּ֖הוּ	1	See the discussion in the Introduction to 1 Kings of this sense of the word **behold**. Alternate translation: [and suddenly Elijah]
18:7	lkhk		rc://*/ta/man/translate/writing-pronouns	וַ⁠יַּכִּרֵ֨⁠הוּ֙ וַ⁠יִּפֹּ֣ל עַל־פָּנָ֔י⁠ו	1	In each instance, the pronoun **he** refers to Obadiah. The pronoun **him** refers to Elijah. It may be helpful to clarify this for your readers. Alternate translation: [And Obadiah recognized Elijah, and Obadiah fell on his face]
18:7	ggem		rc://*/ta/man/translate/translate-symaction	וַ⁠יִּפֹּ֣ל עַל־פָּנָ֔י⁠ו	1	Be sure that it is clear in your translation that Obadiah did not fall down accidentally. He knelt down in front of Elijah, pressing his face to the ground, as a gesture to honor him. If it would be helpful to your readers, you could explain the significance of this action. Alternate translation: [and he knelt down and pressed his face to the ground in front of Elijah in order to show him great honor]
18:8	woq3		rc://*/ta/man/translate/figs-quotesinquotes	לֵ֛ךְ אֱמֹ֥ר לַ⁠אדֹנֶ֖י⁠ךָ הִנֵּ֥ה אֵלִיָּֽהוּ	1	If it would be clearer in your language, you could translate this so that there is not a quotation within a quotation. Alternate translation: [Go and tell your master that I have returned]
18:8	koyz		rc://*/ta/man/translate/figs-ellipsis	אֵלִיָּֽהוּ	1	If Obadiah said exactly this, he would leaving out some of the words that in many languages a sentence would need in order to be complete. You can supply these words from the context if that would be clearer in your language. Alternate translation: [Elijah has returned]
18:9	iv1m		rc://*/ta/man/translate/figs-rquestion	מֶ֣ה חָטָ֑אתִי כִּֽי־אַתָּ֞ה נֹתֵ֧ן אֶֽת־עַבְדְּ⁠ךָ֛ בְּ⁠יַד־אַחְאָ֖ב לַ⁠הֲמִיתֵֽ⁠נִי	1	Obadiah is using the question form for emphasis. If a speaker of your language would not use the question form for that purpose, you could translate this as a statement or as an exclamation. Alternate translation: [I have not sinned, that you should put your servant into the hand of Ahab to kill me!]
18:9	a81s		rc://*/ta/man/translate/figs-metonymy	כִּֽי־אַתָּ֞ה נֹתֵ֧ן אֶֽת־עַבְדְּ⁠ךָ֛ בְּ⁠יַד־אַחְאָ֖ב לַ⁠הֲמִיתֵֽ⁠נִי	1	Here, **hand** represents the power or control of a person. If it would be helpful in your language, you could use an equivalent expression or state the meaning plainly. Alternate translation: [that you are giving Ahab the occasion to use his power to kill me, your servant]
18:9	jfjk		rc://*/ta/man/translate/figs-123person	אֶֽת־עַבְדְּ⁠ךָ֛	1	Obadiah is speaking of himself in the third person as **your servant** to show humility. If it would be helpful in your language, you could translate this in a humble form in the first person. Alternate translation: [me, your servant,]
18:10	d49s		rc://*/ta/man/translate/writing-oathformula	חַ֣י ׀ יְהוָ֣ה אֱלֹהֶ֗י⁠ךָ אִם־יֶשׁ־גּ֤וֹי וּ⁠מַמְלָכָה֙ אֲ֠שֶׁר לֹֽא־שָׁלַ֨ח אֲדֹנִ֥⁠י שָׁם֙ לְ⁠בַקֶּשְׁ⁠ךָ֔	1	Following the custom of his culture, Obadiah is swearing an oath by stating the first part of a condition (“if”) but not the second part (“then”). Use a natural way in your language to express an oath. In a context such as this, it may be natural to express just the first part of the condition as a negative statement. See how you translated the similar expression “if he will kill his servant” in [1:51](../01/51.md). Alternate translation: [I swear by Yahweh your God that there is not a nation or kingdom where my master has not sent to seek you there]
18:10	td37		rc://*/ta/man/translate/figs-explicitinfo	אֲ֠שֶׁר לֹֽא־שָׁלַ֨ח אֲדֹנִ֥⁠י שָׁם֙ לְ⁠בַקֶּשְׁ⁠ךָ֔	1	It might seem that this expression contains extra information that would not be natural to express in your language. If so, you could shorten it. Alternate translation: [where my master has not sent to seek you]
18:10	avcb		rc://*/ta/man/translate/figs-quotesinquotes	וְ⁠אָמְר֖וּ אָ֑יִן	1	If it would be clearer in your language, you could translate this so that there is not a quotation within a quotation. Alternate translation: [If they said that you were not there]
18:10	fu0y		rc://*/ta/man/translate/figs-ellipsis	אָ֑יִן	1	Obadiah, in summarizing the replies of leaders to Ahab, is leaving out some of the words that in many languages a sentence would need in order to be complete. You can supply these words from the context if that would be clearer in your language. Alternate translation: [He is not here]
18:10	e4u6		rc://*/ta/man/translate/figs-metonymy	אֶת־הַ⁠מַּמְלָכָה֙ וְ⁠אֶת־הַ⁠גּ֔וֹי	1	Here, **the kingdom or the nation** represents the ruler of a kingdom or nation. If it would be helpful in your language, you could use an equivalent expression or plain language. Alternate translation: [the leader of the kingdom or the nation]
18:11	a7ve		rc://*/ta/man/translate/figs-quotemarks	וְ⁠עַתָּ֖ה אַתָּ֣ה אֹמֵ֑ר לֵ֛ךְ אֱמֹ֥ר לַ⁠אדֹנֶ֖י⁠ךָ הִנֵּ֥ה אֵלִיָּֽהוּ	1	There are three levels of quotation here. The author is quoting what Obadiah said, continuing from the previous two verses (level 1). Obadiah is quoting what Elijah said (level 2). This includes something that Elijah wanted Obadiah to tell Ahab (level 3). Use the appropriate punctuation in your language to mark these levels of quotation. Alternatively, you could translate this so that there is not a second-level or third-level quotation.
18:11	bgh4		rc://*/ta/man/translate/figs-quotesinquotes	וְ⁠עַתָּ֖ה אַתָּ֣ה אֹמֵ֑ר לֵ֛ךְ אֱמֹ֥ר לַ⁠אדֹנֶ֖י⁠ךָ הִנֵּ֥ה אֵלִיָּֽהוּ	1	If it would be clearer in your language, you could translate this so that there are not quotations within quotations. Alternate translation: [And now you are telling me to go and say to my master that you are here]
18:12	qskr		rc://*/ta/man/translate/writing-pronouns	אֲנִ֣י ׀ אֵלֵ֣ךְ מֵ⁠אִתָּ֗⁠ךְ	1	Obadiah is stating the pronoun **I** separately, even though the verb translated as **I will go** already includes this meaning. He is doing that in order to emphasize a contrast between what he will do and what he expects the **Spirit of Yahweh** will do. If a speaker of your language would use an explicit pronoun for the same purpose, you may want to use that construction in your translation. If not, your language may have other ways of showing the meaning here. Alternate translation: [For my part, I will go from with you]
18:13	xwbg		rc://*/ta/man/translate/figs-rquestion	הֲ⁠לֹֽא־הֻגַּ֤ד לַֽ⁠אדֹנִ⁠י֙ אֵ֣ת אֲשֶׁר־עָשִׂ֔יתִי בַּ⁠הֲרֹ֣ג אִיזֶ֔בֶל אֵ֖ת נְבִיאֵ֣י יְהוָ֑ה וָ⁠אַחְבִּא֩ מִ⁠נְּבִיאֵ֨י יְהוָ֜ה מֵ֣אָה אִ֗ישׁ חֲמִשִּׁ֨ים חֲמִשִּׁ֥ים אִישׁ֙ בַּ⁠מְּעָרָ֔ה וָ⁠אֲכַלְכְּלֵ֖⁠ם לֶ֥חֶם וָ⁠מָֽיִם	1	Obadiah is using the question form for emphasis. If a speaker of your language would not use the question form for that purpose, you could translate this as a statement or as an exclamation. Alternate translation: [Certainly it has been declared to my master what I did when Jezebel killed the prophets of Yahweh, that I hid 100 men from the prophets of Yahweh, 50, 50 men in the cave, and I sustained them with bread and water!]
18:13	v3co		rc://*/ta/man/translate/figs-123person	לַֽ⁠אדֹנִ⁠י֙	1	Even though Obadiah is addressing Elijah directly, he is speaking of him in the third person as **my lord** to show respect. If it would be helpful in your language, you could translate this in a respectful form in the second person. Alternate translation: [to you, my lord,]
18:13	onef		rc://*/ta/man/translate/figs-idiom	חֲמִשִּׁ֨ים חֲמִשִּׁ֥ים אִישׁ֙ בַּ⁠מְּעָרָ֔ה	1	See how you translated the similar expression in [18:4](../18/04.md). Alternate translation: [by fifties in each of two caves]
18:14	jk01		rc://*/ta/man/translate/figs-quotemarks	וְ⁠עַתָּה֙ אַתָּ֣ה אֹמֵ֔ר לֵ֛ךְ אֱמֹ֥ר לַֽ⁠אדֹנֶ֖י⁠ךָ הִנֵּ֣ה אֵלִיָּ֑הוּ וַ⁠הֲרָגָֽ⁠נִי	1	See how you punctuated the similar sentence in [8:11](../08/11.md).
18:14	aixo		rc://*/ta/man/translate/figs-quotesinquotes	וְ⁠עַתָּה֙ אַתָּ֣ה אֹמֵ֔ר לֵ֛ךְ אֱמֹ֥ר לַֽ⁠אדֹנֶ֖י⁠ךָ הִנֵּ֣ה אֵלִיָּ֑הוּ	1	You may have chosen to translate the similar sentence in [8:11](../08/11.md) so that there would not be quotations within quotations. If so, you can do the same thing here. Alternate translation: [And now you are telling me to go and say to my master that you are here]
18:15	rny0		rc://*/ta/man/translate/writing-oathformula	חַ֚י יְהוָ֣ה צְבָא֔וֹת	1	Following the custom of his culture, Elijah is swearing an oath and guaranteeing it by something that he holds sacred. **The life of Yahweh of Armies** is a way of swearing by Yahweh himself, indicating that Elijah is making a solemn promise that he considers binding and sacred. Alternate translation: [I swear by Yahweh of Armies]
18:15	pd2u		rc://*/ta/man/translate/figs-metonymy	אֲשֶׁ֥ר עָמַ֖דְתִּי לְ⁠פָנָ֑י⁠ו	1	See how you translated the similar expression in [17:1](../17/01.md). Alternate translation: [whose servant I am]
18:18	pt3n		rc://*/ta/man/translate/figs-ellipsis	כִּ֥י אִם־אַתָּ֖ה וּ⁠בֵ֣ית אָבִ֑י⁠ךָ	1	Elijah is leaving out some of the words that in many languages a sentence would need in order to be complete. You can supply these words from the context if that would be clearer in your language. Alternate translation: [but rather you and the house of your father have troubled Israel]
18:18	e4xl		rc://*/ta/man/translate/translate-kinship	וּ⁠בֵ֣ית אָבִ֑י⁠ךָ	1	See how you translated the similar expression in [2:31](../02/31.md). Alternate translation: [your extended family]
18:18	hq8m		rc://*/ta/man/translate/figs-idiom	וַ⁠תֵּ֖לֶךְ אַחֲרֵ֥י	1	See how you translated the similar expression in [11:5](../11/05.md). Alternate translation: [and worshiping]
18:18	kkwr		rc://*/ta/man/translate/translate-plural	הַ⁠בְּעָלִֽים	1	Elijah is probably using the plural term **Baals** because the Israelites were worshiping multiple manifestations or representations of Baal. Various places had their own shrines or temples in which they worshiped local representations, such as Baal of Tyre, Baal of Peor, etc. Since the name is singular in the rest of the book, if it would be helpful to your readers, you could use the singular here as well. Alternate translation: [Baal]
18:19	sg4i		rc://*/ta/man/translate/grammar-connect-words-phrases	וְ⁠עַתָּ֗ה	1	**And now** was an expression that speakers in this culture commonly used to introduce their main topic. See how you have been translating it in contexts such as [1:12](../01/12.md) and [2:16](../02/16.md).
18:19	i3wy		rc://*/ta/man/translate/figs-ellipsis	שְׁלַ֨ח קְבֹ֥ץ	1	Elijah is leaving out some of the words that in many languages a sentence would need in order to be complete. You can supply these words from the context if that would be clearer in your language. Alternate translation: [send messengers and gather]
18:19	psf3		rc://*/ta/man/translate/figs-hyperbole	אֶת־כָּל־יִשְׂרָאֵ֖ל	1	Elijah is saying **all Israel** as a generalization for emphasis. If it would be clearer in your language, you could express the emphasis in a different way. Alternate translation: [representatives from throughout Israel]
18:19	qp5z		rc://*/ta/man/translate/figs-metonymy	אֹכְלֵ֖י שֻׁלְחַ֥ן אִיזָֽבֶל	1	Here, **eaters at the table of Jezebel** represents prophets whom Jezebel supported. If it would be helpful in your language, you could use an equivalent expression or plain language. Alternate translation: [whom Jezebel supports] or [for whom Jezebel provides from the royal treasury]
18:20	je0o		rc://*/ta/man/translate/figs-ellipsis	וַ⁠יִּשְׁלַ֥ח אַחְאָ֖ב בְּ⁠כָל־בְּנֵ֣י יִשְׂרָאֵ֑ל	1	The author is leaving out some of the words that in many languages a sentence would need in order to be complete. You can supply these words from the context if that would be clearer in your language. Alternate translation: [And Ahab sent messengers among all of the sons of Israel to summon their leaders]
18:20	c346		rc://*/ta/man/translate/figs-metaphor	בְּנֵ֣י יִשְׂרָאֵ֑ל	1	See how you translated the similar expression in [6:1](../06/01.md). Alternate translation: [the Israelites]
18:21	eyiv		rc://*/ta/man/translate/figs-rquestion	עַד־מָתַ֞י אַתֶּ֣ם פֹּסְחִים֮ עַל־שְׁתֵּ֣י הַ⁠סְּעִפִּים֒	1	Elijah is using the question form to challenge and rebuke the people of Israel. If a speaker of your language would not use the question form for that purpose, you could translate this as a statement or as an exclamation. Alternate translation: [You have been limping on two opinions for long enough!] or [You should not be limping on two opinions any longer!]
18:21	yfg3		rc://*/ta/man/translate/figs-metaphor	אַתֶּ֣ם פֹּסְחִים֮ עַל־שְׁתֵּ֣י הַ⁠סְּעִפִּים֒	1	Elijah is speaking as if the people were actually **limping** on these **opinions**, shifting their weight back and forth between them as a limping person does with his legs. He means that they are being indecisive about whether to worship Yahweh or Baal. Your language may have a comparable expression that you can use in your translation, or you could state the meaning plainly. Alternate translation: [will you be wavering back and forth between two faiths]
18:21	gmjx		rc://*/ta/man/translate/figs-idiom	לְכ֣וּ אַחֲרָ֔י⁠ו & לְכ֣וּ אַחֲרָ֑י⁠ו	1	See how you translated the similar expression in [18:18](../18/18.md). Alternate translation: [worship him … worship him]
18:21	tedb		rc://*/ta/man/translate/figs-metonymy	וְ⁠לֹֽא־עָנ֥וּ הָ⁠עָ֛ם אֹת֖⁠וֹ דָּבָֽר	1	Here, **a word** represents something the people might have said by using words. If it would be helpful in your language, you could use an equivalent expression or plain language. Alternate translation: [But the people did not say anything in response to him]
18:22	vao4		rc://*/ta/man/translate/writing-pronouns	אֲנִ֞י נוֹתַ֧רְתִּי נָבִ֛יא לַ⁠יהוָ֖ה	1	Elijah is stating the pronoun **I** separately in order to emphasize a contrast between himself and the prophets of Baal. To translate this expression and the similar ones in the next two verses, see how you translated the expression “I, I will go” in [18:12](../18/12.md), which similarly emphasizes a contrast. Alternate translation: [For my part, I remain a prophet of Yahweh]
18:23	igru		rc://*/ta/man/translate/writing-pronouns	וְ⁠יִתְּנוּ־לָ֜⁠נוּ שְׁנַ֣יִם פָּרִ֗ים	1	Elijah is using the pronoun **they** in a general sense, not to refer to specific people. Use an expression for this that would be natural in your language. Alternate translation: [Now let two bulls be given to us]
18:23	f3jo		rc://*/ta/man/translate/writing-pronouns	וְ⁠יִבְחֲר֣וּ	1	The pronoun **them** refers to the prophets of Baal. It may be helpful to clarify this for your readers. Alternate translation: [and let the prophets of Baal choose]
18:24	r119		rc://*/ta/man/translate/figs-idiom	וּ⁠קְרָאתֶ֞ם בְּ⁠שֵׁ֣ם אֱלֹֽהֵי⁠כֶ֗ם וַֽ⁠אֲנִי֙ אֶקְרָ֣א בְ⁠שֵׁם־יְהוָ֔ה	1	Elijah is using **call on the name of** as a common expression of his culture to mean “pray to by name.” If this phrase does not have that meaning in your language, you could use a comparable expression from your language that does have that meaning, or you could state the meaning plainly. Alternate translation: [And you will call upon your god by name, and for my part, I will call upon Yahweh by name] or [And you will pray to your god by name, and for my part, I will pray to Yahweh by name here and in the next verse]
18:24	h66b		rc://*/ta/man/translate/writing-pronouns	וּ⁠קְרָאתֶ֞ם	1	Elijah had been speaking to the gathered Israelite leaders, but here he turns to address the prophets of Baal, so the pronoun **you** refers to them. It may be helpful to clarify this for your readers. Alternate translation: [And you prophets of Baal will call]
18:24	fyzc		rc://*/ta/man/translate/figs-metonymy	ט֥וֹב הַ⁠דָּבָֽר	1	Here, **word** represents what Elijah said by using words. If it would be clearer in your language, you could state the meaning plainly. Alternate translation: [What you have said is good]
18:25	nw99		rc://*/ta/man/translate/grammar-connect-logic-result	בַּחֲר֨וּ לָ⁠כֶ֜ם הַ⁠פָּ֤ר הָֽ⁠אֶחָד֙ וַ⁠עֲשׂ֣וּ רִאשֹׁנָ֔ה כִּ֥י אַתֶּ֖ם הָ⁠רַבִּ֑ים	1	If it would be more natural in your language, you could reverse the order of these phrases, since the second phrase gives the reason for the result that the first phrase describes. Alternate translation: [Since you are many, choose for yourselves one bull, and prepare it first]
18:26	h1ag		rc://*/ta/man/translate/figs-explicit	אֲשֶׁר־נָתַ֣ן לָ⁠הֶם֮	1	The author that readers will know that he means someone **gave** this **bull** to the prophets of Baal when they chose it. An important aspect of this contest was allowing those prophets every advantage. No one chose a bull for them and **gave** it to them. You could indicate this explicitly in your translation if that would be helpful to your readers. Alternate translation: [that one gave to them when they chose it]
18:26	n5hb		rc://*/ta/man/translate/writing-pronouns	אֲשֶׁר־נָתַ֣ן לָ⁠הֶם֮	1	The author is using the pronoun **one** in a general sense, not to refer to a specific person. Use an expression for this that would be natural in your language. Alternate translation: [that was given to them]
18:26	a975		rc://*/ta/man/translate/figs-infostructure	וְ⁠אֵ֥ין ק֖וֹל וְ⁠אֵ֣ין עֹנֶ֑ה וַֽ⁠יְפַסְּח֔וּ עַל־הַ⁠מִּזְבֵּ֖חַ אֲשֶׁ֥ר עָשָֽׂה	1	If it would be more natural in your language, you may want to put the information that **they limped beside the altar** before the information that there was **no voice, and no answering**, since these prophets were limping around the altar as they **called** to Baal. Alternate translation: [And they limped beside the altar that one had made. But there was no voice, and there was no answering]
18:26	ysu6		rc://*/ta/man/translate/figs-metonymy	וְ⁠אֵ֥ין ק֖וֹל וְ⁠אֵ֣ין עֹנֶ֑ה	1	Here, **voice** represents someone speaking or responding. If it would be helpful in your language, you could use an equivalent expression or plain language. Alternate translation: [But no one said anything or did anything in response]
18:26	k046		rc://*/ta/man/translate/figs-explicit	וַֽ⁠יְפַסְּח֔וּ	1	In this context, the word **limped** probably describes an ecstatic, rhythmic, and jerky or hopping dance that was part of the worship ritual of the prophets of Baal. You could indicate this explicitly in your translation if that would be helpful to your readers. Alternate translation: [And they danced jerkily]
18:26	bxoe		rc://*/ta/man/translate/translate-textvariants	עָשָֽׂה	1	Some ancient manuscripts read “one had made.” The ULT follows that reading. Other ancient manuscripts read “they had made.” If a translation of the Bible exists in your region, you may wish to use the reading that it uses. If a translation of the Bible does not exist in your region, you may wish to use the reading of the ULT.
18:27	g14c		rc://*/ta/man/translate/grammar-connect-logic-result	קִרְא֤וּ בְ⁠קוֹל־גָּדוֹל֙ כִּֽי־אֱלֹהִ֣ים ה֔וּא	1	If it would be more natural in your language, you could reverse the order of these phrases, since the second phrase gives the reason for the result that the first phrase describes. Alternate translation: [Since he is a god, call out with a great voice]
18:27	lg6s		rc://*/ta/man/translate/figs-irony	כִּֽי־אֱלֹהִ֣ים ה֔וּא	1	Elijah actually means to communicate the opposite of the literal meaning of what he is saying. He does not believe that Baal is really a god, and he is mocking the prophets for thinking that he is. If a speaker of your language would not say the opposite of what he meant for such a purpose, you could translate the meaning plainly. Alternate translation: [since you think that he is a god]
18:27	nucs		rc://*/ta/man/translate/figs-abstractnouns	שִׂ֧יחַ	1	If your language does not use an abstract noun for the idea of **contemplation**, you could express the same idea in another way. Alternate translation: [he is contemplating something]
18:27	l4z3		rc://*/ta/man/translate/figs-euphemism	שִׂ֛יג ל֖⁠וֹ	1	Elijah is using this phrase as a polite way of referring to an activity that is done in private. Your language may have a similar expression that you can use in your translation. Alternate translation: [he is going to the bathroom]
18:27	onvl		rc://*/ta/man/translate/figs-metonymy	דֶ֣רֶךְ ל֑⁠וֹ	1	Here, **a way** represents “a journey.” If it would be helpful in your language, you could use an equivalent expression or plain language. Alternate translation: [he is on a journey]
18:29	u36e		rc://*/ta/man/translate/figs-explicit	וַ⁠יִּֽתְנַבְּא֔וּ	1	In this context, the word **prophesied** does not indicate that these prophets of Baal said things that Baal inspired them to say. Instead, the word describes people being in a raving state in which they are not in full control of their actions. If you have already translated the book of 1 Samuel, see how you translated the same term in [1 Samuel 18:10](../1sa/18/10.md), where it describes Saul attempting to use violence against David while out of control. Alternate translation: [that they raved]
18:29	un3z		rc://*/ta/man/translate/figs-metonymy	עַ֖ד לַ⁠עֲל֣וֹת הַ⁠מִּנְחָ֑ה	1	Here, **the offering of the grain offering** represents the time when the grain offering was customarily made. If it would be helpful in your language, you could use an equivalent expression or state the meaning plainly. Alternate translation: [until the time when it was customary to offer the grain offering]
18:29	dlv4		rc://*/ta/man/translate/figs-explicit	עַ֖ד לַ⁠עֲל֣וֹת הַ⁠מִּנְחָ֑ה	1	The author assumes that readers will know that the time when the daily grain offering was made was in the middle of the afternoon. You could say that explicitly if that would be helpful to your readers. Alternate translation: [until the middle of the afternoon]
18:29	ytje		rc://*/ta/man/translate/figs-metonymy	וְ⁠אֵֽין־ק֥וֹל וְ⁠אֵין־עֹנֶ֖ה וְ⁠אֵ֥ין קָֽשֶׁב	1	See how you translated the similar expression in [18:26](../18/26.md). Alternate translation: [But no one said anything or did anything or paid any attention in response]
18:30	cuph		rc://*/ta/man/translate/figs-activepassive	אֶת־מִזְבַּ֥ח יְהוָ֖ה הֶ⁠הָרֽוּס	1	The term **broken-down** is a passive verbal form. If your language would not use that form, you could express the idea in active form or in another way that is natural in your language. Alternate translation: [the altar of Yahweh that people had broken down]
18:31	qsfd		rc://*/ta/man/translate/figs-idiom	אֲשֶׁר֩ הָיָ֨ה דְבַר־יְהוָ֤ה אֵלָי⁠ו֙	1	See how you translated the similar expression in [6:11](../06/11.md). Alternate translation: [to whom Yahweh had spoken a message]
18:32	y6so		rc://*/ta/man/translate/figs-metonymy	בְּ⁠שֵׁ֣ם יְהוָ֑ה	1	See how you translated the similar expression in [3:2](../03/02.md). Alternate translation: [for the worship of Yahweh]
18:32	kowt		rc://*/ta/man/translate/figs-idiom	כְּ⁠בֵית֙ סָאתַ֣יִם זֶ֔רַע	1	The author is using **like the house of two seahs of seed** as a common expression of his culture to mean that this trench was big enough to hold two seahs of seed. If this phrase does not have that meaning in your language, you could use a comparable expression from your language that does have that meaning, or you could state the meaning plainly. Alternate translation: [big enough to hold two seahs of seed]
18:32	hisn		rc://*/ta/man/translate/translate-bvolume	סָאתַ֣יִם זֶ֔רַע	1	Each of these **seahs** was equivalent to nearly eight liters or about a quarter of a bushel. In your translation, you could use the ancient measurement and spell the word “seah” the way it sounds in your language. You could also use the metric measurement given in the UST or use the measurement that your language and culture customarily use. Alternatively, you could use the ancient measurement and put a modern measurement in parentheses in the text or in a footnote.
18:34	lvar		rc://*/ta/man/translate/figs-explicit	וְ⁠עַל־הָ⁠עֵצִ֑ים	1	The implication is that the people obeyed Elijah’s command and poured the water on the sacrifice and on the wood. You could include this information if that would be helpful to your readers. Alternate translation: [and on the wood.” And they did]
18:34	da7l		rc://*/ta/man/translate/writing-pronouns	וַ⁠יִּשְׁנ֔וּ	1	The author is using the pronoun **they** in a general sense, not to refer to specific people. Use an expression for this that would be natural in your language. Alternate translation: [And someone did that a second time] or [and that was done again]
18:36	e6s0		rc://*/ta/man/translate/figs-metonymy	בַּ⁠עֲל֣וֹת הַ⁠מִּנְחָ֗ה	1	See how you translated the similar expression in [18:29](../18/29.md). Alternate translation: [at the time when it was customary to offer the grain offering]
18:36	nh11		rc://*/ta/man/translate/figs-activepassive	יִוָּדַ֗ע	1	The expression **let it be known** is a passive verbal form. If your language would not use that form, you could express the idea in active form or in another way that is natural in your language. If you need to say who does the action, the context indicates that it is Yahweh. Alternate translation: [make known]
18:36	hlpz		rc://*/ta/man/translate/figs-metonymy	ו⁠ב⁠דברי⁠ך	1	Here, **word** represents what God had commanded by using words. If it would be clearer in your language, you could state the meaning plainly. Alternate translation: [and at your command]
18:37	ji77		rc://*/ta/man/translate/figs-imperative	עֲנֵ֤⁠נִי	1	This is an imperative, but it communicates a polite request rather than a command. Use a form in your language that communicates a polite request. It may be helpful to add an expression such as “please” to make this clear. Alternate translation: [Please answer me]
18:37	f16i		rc://*/ta/man/translate/writing-pronouns	וְ⁠אַתָּ֛ה הֲסִבֹּ֥תָ אֶת־לִבָּ֖⁠ם אֲחֹרַנִּֽית	1	Elijah is stating the pronoun **you** separately, even though the verb translated as **you have turned** already includes this meaning. He is doing that to emphasize the personal role of Yahweh in turning the **heart** of the **people** back to himself. If a speaker of your language would use an explicit pronoun for the same purpose, you may want to use that construction in your translation. If not, your language may have other ways of showing the meaning here. See how you translated the similar expression “you, you swore” in [1:17](../01/17.md). Alternate translation: [you are the one who has turned their heart back]
18:37	bclo		rc://*/ta/man/translate/translate-tense	וְ⁠אַתָּ֛ה הֲסִבֹּ֥תָ אֶת־לִבָּ֖⁠ם אֲחֹרַנִּֽית	1	Elijah is using the past tense to describe something that is ongoing in the present. He is doing that in order to show that it will certainly be accomplished. If it would be clearer in your language, you could use a different tense. Alternate translation: [you are the one who is turning their heart back]
18:37	cb8j		rc://*/ta/man/translate/figs-metaphor	וְ⁠אַתָּ֛ה הֲסִבֹּ֥תָ אֶת־לִבָּ֖⁠ם אֲחֹרַנִּֽית	1	Elijah is speaking as if Yahweh had actually **turned the heart** of the people in a different direction, as if the heart were an object that could be physically rotated. He means that God has caused the people to trust in him again. If it would be helpful in your language, you could state the meaning plainly. Alternate translation: [and you have caused them to trust in you again] or [and you are the one who is causing them to trust in you again]
18:37	lewm		rc://*/ta/man/translate/grammar-collectivenouns	אֶת־לִבָּ֖⁠ם	1	In this verse, the word **heart** is singular in form, but it refers to the hearts of all the people. If it would be helpful in your language, if you decide to retain this image, you could use the plural form of “heart.” Alternate translation: [their hearts]
18:38	djkr		rc://*/ta/man/translate/figs-metaphor	וְ⁠אֶת & לִחֵֽכָה	4	The author is speaking as if the fire actually **licked up** the water. The image suggests that the fire consumed the water completely, just as an animal might lick up liquid. Your language may have a comparable expression that you can use in your translation, or you could state the meaning plainly. Alternate translation: [And it evaporated]
18:39	kspr		rc://*/ta/man/translate/translate-symaction	וַֽ⁠יִּפְּל֖וּ עַל־פְּנֵי⁠הֶ֑ם	1	See how you translated the similar expression in [18:7](../18/07.md). Alternate translation: [and they knelt down and pressed their faces to the ground in order to show Yahweh great honor]
18:39	cf0u		rc://*/ta/man/translate/figs-explicit	יְהוָה֙ ה֣וּא הָ⁠אֱלֹהִ֔ים יְהוָ֖ה ה֥וּא הָ⁠אֱלֹהִֽים	1	The author is repeating the phrase **Yahweh, he is God!** to depict people throughout the crowd of Israelites coming to this realization and shouting it out. The people are not chanting the quoted phrase all at the same time, but rather one after another in the crowd is shouting it. If the repetition would instead suggest to your readers that the people were chanting this repeatedly, you could express the meaning in another way. The UST models one way to do that.
18:40	rqc6		rc://*/ta/man/translate/figs-synecdoche	וַ⁠יִּשְׁחָטֵ֖⁠ם שָֽׁם	1	The author is using one person who was involved in this action, Elijah, calling him **he**, to represent everyone who was involved. The people seized and killed the prophets, but Elijah, as the one who ordered this, is credited with the action. If it would be helpful in your language, you could state the meaning plainly. Alternate translation: [and he had the people slaughter them there]
18:41	jj0p		rc://*/ta/man/translate/grammar-connect-logic-result	עֲלֵ֖ה אֱכֹ֣ל וּ⁠שְׁתֵ֑ה כִּי־ק֖וֹל הֲמ֥וֹן הַ⁠גָּֽשֶׁם	1	If it would be more natural in your language, you could reverse the order of these phrases, since the second phrase gives the reason for the result that the first phrase describes. Alternate translation: [Since there is the sound of the roar of a shower, go up, eat and drink]
18:42	donf		rc://*/ta/man/translate/figs-idiom	רֹ֤אשׁ הַ⁠כַּרְמֶל֙	1	The author is using the term **head** to mean the “top” of Mount **Carmel**. If this term does not have that meaning in your language, you could use a comparable expression from your language that does have that meaning, or you could state the meaning plainly. Alternate translation: [the top of Mount Carmel]
18:42	jgbu		rc://*/ta/man/translate/translate-symaction	וַ⁠יִּגְהַ֣ר אַ֔רְצָ⁠ה וַ⁠יָּ֥שֶׂם פָּנָ֖י⁠ו בֵּ֥ין ברכ⁠ו	1	Elijah **bowed down to the ground** and **put his face between his knees** as a symbolic action by which he showed humility and earnestness in prayer before Yahweh while waiting for rain. If it would be helpful to your readers, you could explain the significance of this action in the text of your translation or in a footnote. Alternate translation: [and he bowed down low in earnest prayer, not even looking around]
18:43	cqgu		rc://*/ta/man/translate/writing-pronouns	וַ⁠יֹּ֕אמֶר שֻׁ֖ב	1	The pronoun **he** refers to Elijah. It may be helpful to clarify this for your readers. Alternate translation: [And Elijah said, “Return,”]
18:44	ed9m		rc://*/ta/man/translate/translate-ordinal	בַּ⁠שְּׁבִעִ֔ית	1	If your language would not represent a number in a form such as **the seventh time**, you could represent this number in a form that your language would use. Alternate translation: [on time seven] or [on the last time]
18:44	lrnk		rc://*/ta/man/translate/figs-explicit	עֹלָ֣ה מִ⁠יָּ֑ם	1	The implication is that the cloud was appearing at the distant horizon where the sea met the sky, so it appeared to be **coming up from the sea**. You could include this information if that would be helpful to your readers. Alternate translation: [is now visible just above the horizon]
18:44	qius		rc://*/ta/man/translate/figs-quotesinquotes	עֲלֵ֨ה אֱמֹ֤ר אֶל־אַחְאָב֙ אֱסֹ֣ר וָ⁠רֵ֔ד וְ⁠לֹ֥א יַעַצָרְ⁠כָ֖ה הַ⁠גָּֽשֶׁם	1	If it would be clearer in your language, you could translate this so that there is not a quotation within a quotation. Alternate translation: [Go up and tell Ahab to harness and go down so the rain does not stop him]
18:44	kvfc		rc://*/ta/man/translate/grammar-connect-logic-result	אֱסֹ֣ר וָ⁠רֵ֔ד וְ⁠לֹ֥א יַעַצָרְ⁠כָ֖ה הַ⁠גָּֽשֶׁם	1	If it would be more natural in your language, you could reverse the order of these phrases, since the second phrase gives the reason for the result that the first phrase describes. Alternate translation: [So the rain does not stop you, harness and go down]
18:44	ce18		rc://*/ta/man/translate/figs-ellipsis	אֱסֹ֣ר	1	Elijah is leaving out some of the words that in many languages a sentence would need in order to be complete. You can supply these words from the context if that would be clearer in your language. Alternate translation: [Harness your horses to your chariot]
18:44	k047		rc://*/ta/man/translate/figs-imperative	אֱסֹ֣ר	1	This is an imperative, but it communicates a respectful recommendation rather than a command. Use a form in your language that communicates a respectful recommendation. Alternate translation: [You should harness your horses to your chariot] or [You should have your servants harness your horses to your chariot]
18:45	vqy8		rc://*/ta/man/translate/figs-idiom	עַד־כֹּ֣ה וְ⁠עַד־כֹּ֗ה	1	The author is using **to thus and to thus** as a common expression of his culture to mean that what he describes happened very quickly. If this phrase does not have that meaning in your language, you could use a comparable expression from your language that does have that meaning, or you could state the meaning plainly. Alternate translation: [very quickly]
18:45	uu3f		rc://*/ta/man/translate/figs-hendiadys	עָבִ֣ים וְ⁠ר֔וּחַ	1	The phrase **clouds and wind** expresses a single idea. The word **wind** tells more about these **clouds**, specifically, that the wind drove them in from the sea. If it would be more natural in your language, you could express this meaning in a different way. Alternate translation: [with wind-driven clouds]
18:45	ixoq		rc://*/ta/man/translate/figs-ellipsis	וַ⁠יִּרְכַּ֥ב אַחְאָ֖ב	1	The author is leaving out some of the words that in many languages a sentence would need in order to be complete. You can supply these words from the context if that would be clearer in your language. Alternate translation: [And Ahab rode in his chariot]
18:46	voio		rc://*/ta/man/translate/figs-metonymy	וְ⁠יַד־יְהוָ֗ה	1	Here, **hand** represents the power of a person. If it would be helpful in your language, you could use an equivalent expression or state the meaning plainly. Alternate translation: [And the power of Yahweh]
18:46	pkmy		rc://*/ta/man/translate/figs-metaphor	הָֽיְתָה֙ אֶל־אֵ֣לִיָּ֔הוּ	1	The author is speaking as if the hand of Yahweh was actually **on** Elijah. He means that Yahweh gave Elijah supernatural strength and power. Your language may have a comparable expression that you can use in your translation, or you could state the meaning plainly. Alternate translation: [empowered Elijah]
18:46	xfbu		rc://*/ta/man/translate/figs-metonymy	לִ⁠פְנֵ֣י אַחְאָ֔ב	1	Here, **to the face of** represents being in front of Ahab. If it would be helpful in your language, you could use an equivalent expression or plain language. Alternate translation: [ahead of Ahab]
18:46	i729		rc://*/ta/man/translate/figs-idiom	עַד־בֹּאֲ⁠כָ֖ה יִזְרְעֶֽאלָ⁠ה	1	The author is using **your coming to Jezreel** as a common expression of his culture to mean “the entrance of Jezreel.” If this phrase does not have that meaning in your language, you could use a comparable expression from your language that does have that meaning, or you could state the meaning plainly. Alternate translation: [to the entrance of Jezreel]
19:intro	abcj				0	# 1 Kings 19 Chapter Introduction\n\n## Structure and Formatting\n\nIn this chapter, the author describes how Elijah had to flee for his life to escape from Jezebel, Ahab’s queen, who refused to stop worshiping Baal even after Elijah defeated all the prophets of Baal. Elijah went to Mount Horeb (also known as Mount Sinai), where Yahweh had made a covenant with the Israelites, to report that they had broken his covenant. But Yahweh reassured Elijah that many Israelites were still faithful, and he told him to appoint various leaders who would accomplish his purposes.\n\n  1. Elijah flees for his life from Jezebel (19:1–8)\n  2. Elijah speaks with Yahweh at Mount Horeb (19:9–18)\n  3. Elijah appoints Elisha as his successor (19:19–21)\n\n## Religious and Cultural Concepts in This Chapter\n\n### Why did Elijah not anoint the people whom Yahweh told him to anoint?\n\nIn 19:15–16, Yahweh tells Elijah to anoint Hazael as king of Aram, Jehu as king over Israel, and Elisha as his own successor. Elijah first goes to see Elisha, but he does not anoint him. Instead, he throws his cloak over him. And the subsequent narrative does not record Elijah anointing Hazael or Jehu either. Instead, somewhat later, Elisha speaks with Hazael, and he sends a messenger to speak with Jehu. So it might appear that Elijah did not obey what Yahweh told him to do. However, it seems best to understand the term “anoint” to represent the idea of “appoint.” Yahweh was not so much specifying a specific way in which Elijah was to appoint these new leaders as he was simply telling him to appoint them. The new kings would punish those who had worshiped idols, and Elisha would carry on the prophetic ministry of Elijah.\n\n## Translation Issues in This Chapter\n\n### “bread-cake” and “jug”\n\nIn 19:6, when the angel awakens Elijah and tells him to have some food and drink to strengthen himself for his journey, Elijah discovers that there is a “bread-cake” and a “jug” of water by his head. These are the same two terms that the widow in Zarephath used in 17:12 when she told Elijah that she did not have so much as a bread-cake, only a handful of flour and a little bit of oil in a jug. These details seem to be significant. They illustrate how Yahweh provided for Elijah, and for other people through Elijah, throughout his ministry. To show this to your readers, we recommend that you use the same words for “bread-cake” and “jug” in this chapter as in chapter 17.
19:1	f028		rc://*/ta/man/translate/figs-idiom	וְ⁠אֵ֨ת כָּל־אֲשֶׁ֥ר הָרַ֛ג	1	The author is using **all that he had killed** as a common expression of his culture to mean “all about how he had killed.” If this phrase does not have that meaning in your language, you could use a comparable expression from your language that does have that meaning, or you could state the meaning plainly. Alternate translation: [and all about how he had killed]
19:1	r0hz		rc://*/ta/man/translate/figs-synecdoche	הָרַ֛ג	1	See how you translated the similar expression in [18:40](../18/40.md). Alternate translation: [and had had the people kill]
19:2	zqo5		rc://*/ta/man/translate/writing-oathformula	כֹּֽה־יַעֲשׂ֤וּ⁠ן אֱלֹהִים֙ וְ⁠כֹ֣ה יוֹסִפ֔וּ⁠ן כִּֽי־כָ⁠עֵ֤ת מָחָר֙ אָשִׂ֣ים אֶֽת־נַפְשְׁ⁠ךָ֔ כְּ⁠נֶ֖פֶשׁ אַחַ֥ד מֵ⁠הֶֽם	1	Following the custom of this culture, Jezebel is swearing an oath by stating a condition and the consequence she is asking the gods to make happen if the condition is met. She is stating the consequence before the condition. If it would be helpful to your readers, in your translation, you could state the condition before the consequence. Alternate translation: [Unless I have made your life like the life of one from them by this time tomorrow, thus may the gods do, and thus may they add]
19:2	ktwo		rc://*/ta/man/translate/figs-idiom	וְ⁠כֹ֣ה יוֹסִפ֔וּ⁠ן	1	See how you translated the similar expression “and thus may he add” in [2:23](../02/23.md). Alternate translation: [and may they do even worse]
19:3	bhid		rc://*/ta/man/translate/translate-textvariants	וַ⁠יַּ֗רְא	1	Some ancient manuscripts read “And he saw.” The ULT follows that reading. Other ancient manuscripts read “And he was afraid.” If a translation of the Bible exists in your region, you may wish to use the reading that it uses. If a translation of the Bible does not exist in your region, you may wish to use the reading of the ULT.
19:3	w0vn		rc://*/ta/man/translate/figs-metaphor	וַ⁠יַּ֗רְא	1	The author is speaking as if Elijah actually **saw** something. He means that Elijah realized something. Your language may have a comparable expression that you can use in your translation, or you could state the meaning plainly. Alternate translation: [And he saw how things stood] or [And he realized what would happen if he stayed in Israel]
19:3	chl6		rc://*/ta/man/translate/figs-explicit	וַ⁠יָּ֨קָם֙	1	See how you translated the similar expression in [2:40](../02/40.md). Alternate translation: [and he took action]
19:3	upba		rc://*/ta/man/translate/figs-idiom	וַ⁠יֵּ֣לֶךְ אֶל־נַפְשׁ֔⁠וֹ	1	The author is using **went for his life** as a common expression of his culture to mean “fled to save his life” or “ran away to avoid being killed.” If this phrase does not have that meaning in your language, you could use a comparable expression from your language that does have that meaning, or you could state the meaning plainly. Alternate translation: [and ran for his life] or [and fled for safety]
19:3	j6cc		rc://*/ta/man/translate/writing-background	אֲשֶׁ֣ר לִֽ⁠יהוּדָ֑ה	1	The author is providing background information to help readers understand what happens next in the story. He is specifying that Beersheba was within the kingdom of **Judah**, not within Jezebel’s kingdom of Israel, to help readers understand that Elijah knew his servant would be safe if he left him there. In your translation, introduce this information in a way that would be natural in your own language and culture.
19:4	ar5s		rc://*/ta/man/translate/writing-pronouns	וְ⁠הֽוּא־הָלַ֤ךְ	1	See how you translated the similar expression in [2:8](../02/08.md). Alternate translation: [And for his part, he went]
19:4	lxwr		rc://*/ta/man/translate/figs-exclamations	רַ֗ב	1	Elijah is using a phrase that expresses a strong feeling of despair and exhaustion. There may be an equivalent word or phrase in your language that you can use in your translation to convey this feeling. If not, you could say what Elijah was feeling, or you could say what made him feel despair and exhaustion. Alternate translation: [I am as tired and discouraged as I can bear]
19:4	eqx9		rc://*/ta/man/translate/grammar-connect-logic-result	עַתָּ֤ה יְהוָה֙ קַ֣ח נַפְשִׁ֔⁠י כִּֽי־לֹא־ט֥וֹב אָנֹכִ֖י מֵ⁠אֲבֹתָֽ⁠י	1	If it would be more natural in your language, you could reverse the order of these phrases, since the second phrase gives the reason for the result that the first phrase describes. Alternate translation: [since I am not better than my fathers, take my life]
19:4	fnci		rc://*/ta/man/translate/figs-metaphor	לֹא־ט֥וֹב אָנֹכִ֖י מֵ⁠אֲבֹתָֽ⁠י	1	Elijah could be using the term **fathers** to mean: (1) his ancestors. Since they have died, he accepts that a time will come for him to die too, and it may as well be now. Alternate translation: [I do not need to keep living; after all, my ancestors have all died] or (2) the prophets who came before him, who had not gotten the people of Israel to worship Yahweh any more than he apparently had. (In [2 Kings 2:12](../2ki/02/12.md), Elisha calls Elijah “my father,” suggesting that this was a term that prophets used to describe their predecessors.) Alternate translation: [I have been no more successful than the prophets who came before me]
19:5	s8eu		rc://*/ta/man/translate/figs-metaphor	וְ⁠הִנֵּֽה־זֶ֤ה מַלְאָךְ֙ נֹגֵ֣עַ בּ֔⁠וֹ	1	See how you translated the comparable expression “behold” in [18:7](../18/07.md), where it similarly indicates that something happened suddenly. Alternate translation: [And suddenly an angel was touching him]
19:6	lhjd		rc://*/ta/man/translate/figs-metaphor	וְ⁠הִנֵּ֧ה	1	In this context, the author is using the term **behold** to focus the attention of his audience on what he is about to say. See how you translated the similar expression in [1:14](../01/14.md).
19:6	z4jj		rc://*/ta/man/translate/figs-possession	עֻגַ֥ת רְצָפִ֖ים	1	The author is using the possessive form to describe a **bread-cake** that someone, probably the angel, had baked on **hot stones**. If a speaker of your language would not use the possessive form for this, you could express this idea in another way. Alternate translation: [was a bread-cake baked on hot stones]
19:6	m7ap		rc://*/ta/man/translate/figs-hendiadys	וַ⁠יָּ֖שָׁב וַ⁠יִּשְׁכָּֽב	1	The phrase **returned and lay down** expresses a single idea. The word **returned** indicates in what way Elijah **lay down**. If it would be more natural in your language, you could express this meaning in a different way. Alternate translation: [and he lay down again]
19:7	vr8q		rc://*/ta/man/translate/figs-explicitinfo	וַ⁠יָּשָׁב֩ מַלְאַ֨ךְ יְהוָ֤ה ׀ שֵׁנִית֙	1	It might seem that the expression **returned a second time** contains extra information that would not be natural to express in your language. If so, you could shorten it. Alternate translation: [And the angel of Yahweh returned] [And the angel of Yahweh came a second time]
19:7	bxqh		rc://*/ta/man/translate/grammar-connect-logic-result	ק֣וּם אֱכֹ֑ל כִּ֛י רַ֥ב מִמְּ⁠ךָ֖ הַ⁠דָּֽרֶךְ	1	If it would be more natural in your language, you could reverse the order of these phrases, since the second phrase gives the reason for the result that the first phrase describes. Alternate translation: [Since the journey will be too much for you, arise, eat!]
19:7	wvrz		rc://*/ta/man/translate/figs-explicit	רַ֥ב מִמְּ⁠ךָ֖ הַ⁠דָּֽרֶךְ	1	The angel means that the journey will require more strength than Elijah has if he does not eat something more. You could include this information if that would be helpful to your readers. Alternate translation: [the journey will be too much for you if you do not eat something more]
19:9	q1qb		rc://*/ta/man/translate/figs-idiom	דְבַר־יְהוָה֙ אֵלָ֔י⁠ו	1	See how you translated the similar expression in [6:11](../06/11.md). Alternate translation: [Yahweh spoke a message to him]
19:9	cq4a		rc://*/ta/man/translate/figs-idiom	מַה־לְּ⁠ךָ֥ פֹ֖ה	1	Yahweh is using **What to you here** as a common expression of his culture to mean “What are you doing here?” or “Why have you come here?” If this phrase does not have that meaning in your language, you could use a comparable expression from your language that does have that meaning, or you could state the meaning plainly. Alternate translation: [What are you doing here] or [Why have you come here]
19:10	d8b8		rc://*/ta/man/translate/grammar-connect-logic-result	קַנֹּ֨א קִנֵּ֜אתִי לַ⁠יהוָ֣ה ׀ אֱלֹהֵ֣י צְבָא֗וֹת כִּֽי־עָזְב֤וּ בְרִֽיתְ⁠ךָ֙ בְּנֵ֣י יִשְׂרָאֵ֔ל אֶת־מִזְבְּחֹתֶ֣י⁠ךָ הָרָ֔סוּ וְ⁠אֶת־נְבִיאֶ֖י⁠ךָ הָרְג֣וּ בֶ⁠חָ֑רֶב	1	If it would be more natural in your language, you could reverse the order of these phrases, since the second phrase gives the reason for the result that the first phrase describes. Alternate translation: [Because the sons of Israel have forsaken your covenant, torn down your altars, and killed your prophets with the sword, being jealous, I have been jealous for Yahweh, the God of Armies]
19:10	pxmg		rc://*/ta/man/translate/figs-reduplication	קַנֹּ֨א קִנֵּ֜אתִי	1	Elijah is repeating forms of a verb that means “to be jealous” in order to intensify his expression of the idea that it conveys. If your language can repeat words for intensification, it would be appropriate to do that here in your translation. If not, your language may have another way of expressing the intensification. Alternate translation: [I have been very jealous]
19:10	ffuc		rc://*/ta/man/translate/figs-123person	לַ⁠יהוָ֣ה	1	Even though Elijah is speaking to Yahweh directly, he is speaking of him in the third person to show respect. If it would be helpful in your language, you could translate this with a respectful form in the second person. Alternate translation: [you, Yahweh]
19:10	ei58		rc://*/ta/man/translate/figs-metaphor	בְּנֵ֣י יִשְׂרָאֵ֔ל	1	See how you translated the similar expression in [6:1](../06/01.md). Alternate translation: [the Israelites]
19:10	nykf		rc://*/ta/man/translate/writing-pronouns	וָֽ⁠אִוָּתֵ֤ר אֲנִי֙ לְ⁠בַדִּ֔⁠י	1	Elijah is stating the pronoun **I** separately, even though the verb translated as **I am left** already includes this meaning. He is doing that to emphasize that he feeling isolated. If a speaker of your language would use an explicit pronoun for the same purpose, you may want to use that construction in your translation. If not, your language may have other ways of showing the meaning here. Alternate translation: [And I am the only one who is left]
19:11	a6mp		rc://*/ta/man/translate/figs-quotations	צֵ֣א וְ⁠עָמַדְתָּ֣ בָ⁠הָר֮ לִ⁠פְנֵ֣י יְהוָה֒ וְ⁠הִנֵּ֧ה יְהוָ֣ה עֹבֵ֗ר וְ⁠ר֣וּחַ גְּדוֹלָ֡ה וְ⁠חָזָ֞ק	1	The direct quotation from Yahweh may continue through the expression **passing by**. Alternate translation: [“Go out, and you shall stand on the mountain to the face of Yahweh, for behold, Yahweh will be passing by.” And a great and strong wind]
19:11	rl1d		rc://*/ta/man/translate/figs-metonymy	לִ⁠פְנֵ֣י & יְהוָ֣ה	1	Here, **to the face of** represents being in the presence of Yahweh. If it would be helpful in your language, you could use an equivalent expression or plain language. Alternate translation: [in the presence of Yahweh]
19:11	ogsc		rc://*/ta/man/translate/figs-123person	לִ⁠פְנֵ֣י & יְהוָ֣ה	1	Yahweh is speaking of himself in the third person, probably because he is giving an authoritative command. If it would be helpful in your language, you could translate this in the first person. Alternate translation: [in my presence]
19:11	v7qz		rc://*/ta/man/translate/figs-doublet	וְ⁠ר֣וּחַ גְּדוֹלָ֡ה וְ⁠חָזָ֞ק	1	The terms **great** and **strong** mean similar things. The author is using the two terms together for emphasis. If it would be clearer for your readers, you could express the emphasis with a single phrase. Alternate translation: [a very strong wind]
19:11	jrla		rc://*/ta/man/translate/figs-metonymy	לִ⁠פְנֵ֣י יְהוָ֔ה	1	Here, **to the face of** represents being in front of Yahweh. If it would be helpful in your language, you could use an equivalent expression or plain language. Alternate translation: [in front of Yahweh] or [as Yahweh approached]
19:12	txsj		rc://*/ta/man/translate/figs-abstractnouns	ק֖וֹל דְּמָמָ֥ה דַקָּֽה	1	If your language does not use an abstract noun for the idea of **stillness**, you could express the same idea in another way. Alternate translation: [there was a still, small voice] or [there was a soft, quiet voice]
19:13	tyaj		rc://*/ta/man/translate/translate-symaction	וַ⁠יָּ֤לֶט פָּנָי⁠ו֙ בְּ⁠אַדַּרְתּ֔⁠וֹ	1	Wrapping his face in his cloak was a symbolic action by which Elijah showed reverence and humility before God. He did not consider himself holy enough or worthy enough to look directly at Yahweh while Yahweh was speaking to him. (At the burning bush, Moses similarly hid his face and did not look at God, [Exodus 3:6](../exo/03/06.md).) If it would be helpful to your readers, you could explain the significance of this action in the text of your translation or in a footnote. Alternate translation: [that he reverently covered his face with his cloak]
19:13	ugww		rc://*/ta/man/translate/figs-idiom	מַה־לְּ⁠ךָ֥ פֹ֖ה	1	See how you translated the similar expression in [19:9](../19/09.md). Alternate translation: [What are you doing here] or [Why have you come here]
19:14	bt85		rc://*/ta/man/translate/figs-reduplication	קַנֹּ֨א קִנֵּ֜אתִי	1	What Elijah says here is identical to what he says in verse 10. See how you translated this expression and the rest of this statement there. Alternate translation: [I have been very jealous]
19:17	h57y		rc://*/ta/man/translate/figs-metonymy	מֵ⁠חֶ֥רֶב חֲזָאֵ֖ל & מֵ⁠חֶ֥רֶב יֵה֖וּא	1	Here, the **sword** of a person represents their attempt to kill someone. If it would be helpful in your language, you could use an equivalent expression or state the meaning plainly. Alternate translation: [from Hazael’s attempt to kill him … from Jehu’s attempt to kill him]
19:18	oddq		rc://*/ta/man/translate/figs-ellipsis	שִׁבְעַ֣ת אֲלָפִ֑ים	1	The author is leaving out some of the words that in many languages a sentence would need in order to be complete. You can supply these words from the context if that would be clearer in your language. Alternate translation: [7,000 people]
19:18	mtzt		rc://*/ta/man/translate/translate-numbers	שִׁבְעַ֣ת אֲלָפִ֑ים	1	This may be a rounded or symbolic number. It was conventional in this culture to use the number seven and multiples of ten to indicate completeness. However, rather than represent the number **7,000** in your translation with a phrase such as “a full number of people,” we recommend that you express the number and explain its possible symbolic meaning in a footnote.
19:18	c0of		rc://*/ta/man/translate/figs-synecdoche	כָּל־הַ⁠בִּרְכַּ֗יִם אֲשֶׁ֤ר לֹֽא־כָֽרְעוּ֙ לַ⁠בַּ֔עַל וְ⁠כָ֨ל־הַ⁠פֶּ֔ה אֲשֶׁ֥ר לֹֽא־נָשַׁ֖ק לֽ⁠וֹ	1	Yahweh is using part of people, their **knees** and **mouth**, to represent all of them in the action of remaining faithful to him and not worshiping Baal. If it would be helpful in your language, you could use an equivalent expression from your culture or state the meaning plainly. Alternate translation: [all of the people who have not bowed their knees to Baal and everyone who has not kissed him with his mouth]
19:18	t59x		rc://*/ta/man/translate/translate-symaction	כָּל־הַ⁠בִּרְכַּ֗יִם אֲשֶׁ֤ר לֹֽא־כָֽרְעוּ֙ לַ⁠בַּ֔עַל וְ⁠כָ֨ל־הַ⁠פֶּ֔ה אֲשֶׁ֥ר לֹֽא־נָשַׁ֖ק לֽ⁠וֹ	1	When people **bowed** to Baal and **kissed** his statue, these were symbolic actions by which they were expressing worship and devotion to Baal. If it would be helpful to your readers, you could explain the significance of these actions in the text of your translation or in a footnote. Alternate translation: [all of the people who have not bowed down to worship Baal and everyone who has not kissed his statue as an act of devotion]
19:19	ca2o		rc://*/ta/man/translate/figs-synecdoche	וְ⁠ה֣וּא חֹרֵ֔שׁ	1	The author is using one person who was involved in this **plowing**, Elisha, to represent him and everyone else who was involved. The context suggests that the others were servants and Elisha was directing them. If it would be helpful in your language, you could state the meaning plainly. Alternate translation: [And he was directing the plowing]
19:19	zg7v		rc://*/ta/man/translate/figs-ellipsis	שְׁנֵים־עָשָׂ֤ר צְמָדִים֙	1	The author is leaving out some of the words that in many languages a sentence would need in order to be complete. You can supply these words from the context if that would be clearer in your language. Alternate translation: [with 12 pairs of oxen]
19:19	plbi		rc://*/ta/man/translate/figs-metonymy	לְ⁠פָנָ֔י⁠ו	1	Here, **to his face** represents the other people who were plowing being in front of Elisha, where he could see them and supervise them. If it would be helpful in your language, you could use an equivalent expression or plain language. Alternate translation: [in front of him] or [under his supervision]
19:19	j1ok		rc://*/ta/man/translate/translate-symaction	וַ⁠יַּשְׁלֵ֥ךְ אַדַּרְתּ֖⁠וֹ אֵלָֽי⁠ו	1	When Elijah **threw his cloak** on Elisha, this was a symbolic action by which he showed that he was appointing Elisha to be his successor as a prophet. If it would be helpful to your readers, you could explain the significance of this action in the text of your translation or in a footnote. Alternate translation: [and he threw his cloak on him to show that he was appointing him as his successor]
19:20	f73w		rc://*/ta/man/translate/figs-synecdoche	אֶשְּׁקָה & לְ⁠אָבִ֣⁠י וּ⁠לְ⁠אִמִּ֔⁠י	1	Elisha is using one action that would be part of a ceremonial goodbye, a **kiss**, to represent the entire action of saying a proper goodbye to his parents. (The context shows that this involved a ceremonial meal.) If it would be helpful in your language, you could use an equivalent expression from your culture or state the meaning plainly. Alternate translation: [let me say a proper goodbye to my father and my mother]
19:20	jjnv		rc://*/ta/man/translate/grammar-connect-words-phrases	לֵ֣ךְ שׁ֔וּב כִּ֥י	1	Here the word **for** introduces not a reason but an explanation. Alternate translation: [Go, return. After all,]
19:20	gmp9		rc://*/ta/man/translate/figs-rquestion	מֶה־עָשִׂ֖יתִי לָֽ⁠ךְ	1	Elijah is using the question form for emphasis. If a speaker of your language would not use the question form for that purpose, you could translate this as a statement or as an exclamation. Alternate translation: [I have done nothing to you that would prevent that]
19:21	z6j8		rc://*/ta/man/translate/figs-explicit	וּ⁠בִ⁠כְלִ֤י הַ⁠בָּקָר֙ בִּשְּׁלָ֣⁠ם	1	The implication is that Elisha used the wooden plowing **equipment** to make a fire, on which he could put a pot of water and boil the meat from the oxen. You could include this information if that would be helpful to your readers. Alternate translation: [with the equipment of the oxen he made a fire and boiled them]
19:21	l2wi		rc://*/ta/man/translate/figs-possession	בִּשְּׁלָ֣⁠ם הַ⁠בָּשָׂ֔ר	1	The author is first indicating generally that Elisha boiled the oxen, and he is then indicating specifically what part of them he boiled. It may be natural in your language to use a possessive form here. Alternate translation: [their flesh]
20:intro	abck				0	# 1 Kings 20 Chapter Introduction\n\n## Structure and Formatting\n\nIn this chapter, the author relates how King Ben Hadad of Aram twice invaded the kingdom of Israel and how Yahweh enabled the Israelites to defeat him both times, even though they were greatly outnumbered. In the first battle, Yahweh had the youngest and least experienced Israelite soldiers lead the attack, and he enabled the Israelites to defeat the Arameans anyway. Yahweh did this to continue to show Ahab that he was the true God. But Ahab nevertheless disobeyed Yahweh and made a treaty with Ben Hadad.\n\n  1. Ben Hadad besieges the city of Samaria but is defeated (20:1–21)\n  2. Ben Hadad attacks Israel in the Valley of Aphek and is defeated again (20:22–30)\n  3. Ahab spares Ben Hadad’s life and makes a treaty with him (20:31–43)\n\n## Religious and Cultural Concepts in This Chapter\n\n### Why did Ben Hadad say to seize alive the Israelites who were coming out of Samaria?\n\nIn 20:18, after receiving a report that some Israelite men are coming out of the besieged city of Samaria, Ben Hadad tells his soldiers to capture them alive, whether they are coming out to negotiate for peace or to start an attack. Both of these things would not have been usual. Ancient armies respected messengers who were negotiating for peace. They allowed them to travel back and forth between opposing armies. So making these Israelites prisoners, if they were peace negotiators, would have violated the standards of this culture. But Ahab had already refused Ben Hadad’s demands, mocking his overconfidence (20:11), so Ben Hadad apparently would not conduct any further negotiations. Telling his soldiers to capture the Israelites alive if they were coming out to fight imprudently put his soldiers at risk, as that would be much more difficult and dangerous than seeking to kill them. Ben Hadad may have wanted to interrogate the men and find out the conditions in Samaria. But both of these orders reflect Ben Hadad’s overconfidence and complacency, which are also evident from the way he is getting drunk at midday even with a battle looming. This illustrates what a great military advantage he knew he had over the Israelites, and so it also shows the greatness of Yahweh’s power, since he enabled the Israelites to defeat Ben Hadad and his army.
20:1	sllz		rc://*/ta/man/translate/figs-infostructure	אֶת־כָּל־חֵיל֔⁠וֹ וּ⁠שְׁלֹשִׁ֨ים וּ⁠שְׁנַ֥יִם מֶ֛לֶךְ אִתּ֖⁠וֹ וְ⁠ס֣וּס וָ⁠רָ֑כֶב	1	If it would be more natural in your language, you may want to put the information that Ben Hadad brought his horses and chariots with the information that he gathered **all of his army**. Alternate translation: [all of his army and horse and chariot, and 32 kings with him]
20:1	buoj		rc://*/ta/man/translate/figs-ellipsis	וּ⁠שְׁלֹשִׁ֨ים וּ⁠שְׁנַ֥יִם מֶ֛לֶךְ אִתּ֖⁠וֹ	1	The author is leaving out some of the words that in many languages a sentence would need in order to be complete. You can supply these words from the context if that would be clearer in your language. Alternate translation: [and there were 32 kings with him]
20:1	l1yn		rc://*/ta/man/translate/grammar-collectivenouns	וְ⁠ס֣וּס וָ⁠רָ֑כֶב	1	In this verse, the words **horse and chariot** are singular in form, but they refer to all of Ben Hadad’s horses and chariots as a group. If it would be helpful in your language, you could use plural forms in your translation. Alternate translation: [and horses and chariots]
20:1	gb7z		rc://*/ta/man/translate/figs-explicitinfo	וַ⁠יַּ֗עַל	1	See how you translated the similar expression “he has gone down” in [1:25](../01/25.md). Alternate translation: [And he went]
20:1	bzol		rc://*/ta/man/translate/figs-metonymy	וַ⁠יִּלָּ֖חֶם בָּֽ⁠הּ	1	While the pronoun **it** refers to the city of Samaria, the author is using that city to represent its defenders. If it would be helpful in your language, you could use an equivalent expression or plain language. Alternate translation: [and he fought with the Israelite soldiers who were defending it]
20:3	mibp		rc://*/ta/man/translate/figs-metonymy	וַ⁠יֹּ֣אמֶר ל֗⁠וֹ	1	Ben Hadad did not personally speak the words that follow. His messengers spoke them on his behalf. It may be more natural in your language to use a plural pronoun to indicate this. Alternate translation: [and they said to him]
20:3	h57b		rc://*/ta/man/translate/figs-quotesinquotes	כֹּ֚ה אָמַ֣ר בֶּן־הֲדַ֔ד כַּסְפְּ⁠ךָ֥ וּֽ⁠זְהָבְ⁠ךָ֖ לִֽ⁠י־ה֑וּא וְ⁠נָשֶׁ֧י⁠ךָ וּ⁠בָנֶ֛י⁠ךָ הַ⁠טּוֹבִ֖ים לִ⁠י־הֵֽם	1	If it would be clearer in your language, you could translate this so that there is not a quotation within a quotation. Alternate translation: [Ben Hadad says that your silver and your gold are his, and your best wives and sons are his]
20:3	hfga		rc://*/ta/man/translate/figs-explicit	כַּסְפְּ⁠ךָ֥ וּֽ⁠זְהָבְ⁠ךָ֖ לִֽ⁠י־ה֑וּא וְ⁠נָשֶׁ֧י⁠ךָ וּ⁠בָנֶ֛י⁠ךָ הַ⁠טּוֹבִ֖ים לִ⁠י־הֵֽם	1	Ben Hadad assumes that King Ahab will know that he is making a demand backed by the threat of military force. You could say that explicitly if that would be helpful to your readers. Alternate translation: [If you do not give me your silver and your gold and your best wives and sons, I will destroy this city]
20:3	ap2j		rc://*/ta/man/translate/figs-gendernotations	וּ⁠בָנֶ֛י⁠ךָ	1	Here the masculine term **sons** has a generic sense that includes both male and female children. If it would be helpful to your readers, here and in verses 5 and 7 you could use language in your translation that is clearly inclusive of both male and female children. Alternate translation: [and your sons and daughters] or [and your children]
20:4	hhw3		rc://*/ta/man/translate/writing-quotations	וַ⁠יַּ֤עַן & וַ⁠יֹּ֔אמֶר	1	See how you translated the similar expression in [1:28](../01/28.md). Alternate translation: [answered]
20:4	txqn		rc://*/ta/man/translate/figs-metonymy	כִּ⁠דְבָרְ⁠ךָ֖	1	Here, **word** represents what Ben Hadad said by using words. If it would be clearer in your language, you could state the meaning plainly. Alternate translation: [Just as you have said]
20:5	lyia		rc://*/ta/man/translate/figs-quotemarks	כֹּֽה־אָמַ֥ר בֶּן־הֲדַ֖ד לֵ⁠אמֹ֑ר כִּֽי־שָׁלַ֤חְתִּי אֵלֶ֨י⁠ךָ֙ לֵ⁠אמֹ֔ר כַּסְפְּ⁠ךָ֧ וּ⁠זְהָבְ⁠ךָ֛ וְ⁠נָשֶׁ֥י⁠ךָ וּ⁠בָנֶ֖י⁠ךָ לִ֥⁠י תִתֵּֽן	1	There are three levels of quotation here. The author is quoting what the messengers said (level 1). The messengers are quoting what Ben Hadad has told them to say (level 2). This includes a quotation of something that Ben Hadad said previously (level 3). Use the appropriate punctuation in your language to mark these levels of quotation. Alternatively, you could translate this so that there is not a second-level or third-level quotation.
20:5	j8bx		rc://*/ta/man/translate/figs-quotesinquotes	כֹּֽה־אָמַ֥ר בֶּן־הֲדַ֖ד לֵ⁠אמֹ֑ר כִּֽי־שָׁלַ֤חְתִּי אֵלֶ֨י⁠ךָ֙ לֵ⁠אמֹ֔ר כַּסְפְּ⁠ךָ֧ וּ⁠זְהָבְ⁠ךָ֛ וְ⁠נָשֶׁ֥י⁠ךָ וּ⁠בָנֶ֖י⁠ךָ לִ֥⁠י תִתֵּֽן	1	If it would be clearer in your language, you could translate this so that there is not a quotation within a quotation. Alternate translation: [Ben Hadad says that he indeed sent to you and told you that you were to give him your silver and your gold and your wives and your sons]
20:6	fzav		rc://*/ta/man/translate/figs-synecdoche	כָּל־מַחְמַ֣ד עֵינֶ֔י⁠ךָ	1	Ben Hadad is using one part of Ahab, his **eyes**, to mean all of him in the act of desiring valuable possessions. If it would be helpful in your language, you could state the meaning plainly. Alternate translation: [every desire of yours]
20:6	fkua		rc://*/ta/man/translate/figs-abstractnouns	כָּל־מַחְמַ֣ד עֵינֶ֔י⁠ךָ	1	If your language does not use an abstract noun for the idea of **desire**, you could express the same idea in another way. Alternate translation: [everything that you desire] or [everything in which you delight]
20:6	zvhi		rc://*/ta/man/translate/figs-metonymy	יָשִׂ֥ימוּ בְ⁠יָדָ֖⁠ם	1	Here, **hand** represents the power or control of a person. If it would be helpful in your language, you could use an equivalent expression or state the meaning plainly. Alternate translation: [they will take into their possession] or [they will seize]
20:7	j6tl		rc://*/ta/man/translate/figs-idiom	דְּעֽוּ & וּ⁠רְא֔וּ	1	Ahab is using **know and see** as a common expression of his culture to mean “consider carefully.” If this phrase does not have that meaning in your language, you could use a comparable expression from your language that does have that meaning, or you could state the meaning plainly. If you have already translated the book of 2 Samuel, see how you translated the similar expression in [2 Samuel 24:13](../2sa/24/13.md). Alternate translation: [consider carefully]
20:7	ddhu		rc://*/ta/man/translate/grammar-connect-words-phrases	כִּֽי	1	Here, the word **for** introduces not a reason but an explanation. Alternate translation: [After all,]
20:8	iy1e		rc://*/ta/man/translate/figs-doublet	אַל־תִּשְׁמַ֖ע וְ⁠ל֥וֹא תֹאבֶֽה	1	The terms **hear** and **consent** mean similar things, since in this context “hear” means “agree.” The elders and people are using the two terms together for emphasis. If it would be clearer for your readers, you could express the emphasis with a single phrase. Alternate translation: [Do not agree at all]
20:9	fach		rc://*/ta/man/translate/figs-quotesinquotes	אִמְר֞וּ לַֽ⁠אדֹנִ֤⁠י הַ⁠מֶּ֨לֶךְ֙ כֹּל֩ אֲשֶׁר־שָׁלַ֨חְתָּ אֶל־עַבְדְּ⁠ךָ֤ בָ⁠רִֽאשֹׁנָה֙ אֶעֱשֶׂ֔ה וְ⁠הַ⁠דָּבָ֣ר הַ⁠זֶּ֔ה לֹ֥א אוּכַ֖ל לַ⁠עֲשׂ֑וֹת	1	If it would be clearer in your language, you could translate this so that there is not a quotation within a quotation. Alternate translation: [Tell my lord the king that all he sent to his servant at first, I will do, but this thing I am not able to do]
20:9	ymr4		rc://*/ta/man/translate/figs-123person	עַבְדְּ⁠ךָ֤	1	Ahab is speaking of himself in the third person as **your servant** to show humility. If it would be helpful in your language, you could translate this in a humble form in the first person. Alternate translation: [me, your servant,]
20:9	khnr		rc://*/ta/man/translate/translate-ordinal	בָ⁠רִֽאשֹׁנָה֙	1	If your language would not represent a number in a form such as **first**, you could represent this number in a form that your language would use. Alternate translation: [originally]
20:9	juj8		rc://*/ta/man/translate/figs-metonymy	וַ⁠יְשִׁבֻ֖⁠הוּ דָּבָֽר	1	Here, **word** represents what the messengers said by using words. If it would be clearer in your language, you could state the meaning plainly. Alternate translation: [and reported to Ben Hadad what Ahab had said]
20:10	uica		rc://*/ta/man/translate/writing-oathformula	כֹּֽה־יַעֲשׂ֥וּ⁠ן לִ֛⁠י אֱלֹהִ֖ים וְ⁠כֹ֣ה יוֹסִ֑פוּ אִם־יִשְׂפֹּק֙ עֲפַ֣ר שֹׁמְר֔וֹן לִ⁠שְׁעָלִ֕ים לְ⁠כָל־הָ⁠עָ֖ם אֲשֶׁ֥ר בְּ⁠רַגְלָֽ⁠י	1	Following the custom of this culture, Ben Hadad is swearing an oath by stating a condition and the consequence he is asking the gods to make happen if the condition is met. He is stating the consequence before the condition. If it would be helpful to your readers, in your translation, you could state the condition before the consequence. See how you translated the similar expression in [19:2](../19/02.md). Alternate translation: [If the dust of Samaria is enough for handfuls for all of the people who are at my feet, thus may the gods do to me, and thus may they add]
20:10	ekej		rc://*/ta/man/translate/figs-idiom	וְ⁠כֹ֣ה יוֹסִ֑פוּ	1	See how you translated the similar expression “and thus may he add” in [2:23](../02/23.md). Alternate translation: [and may they do even worse]
20:10	m4en		rc://*/ta/man/translate/figs-explicit	הָ⁠עָ֖ם	1	In this context, the term **people** refers to the soldiers in Ahab’s army. It may be helpful to clarify this for your readers. Alternate translation: [the soldiers]
20:10	rdus		rc://*/ta/man/translate/figs-metonymy	אֲשֶׁ֥ר בְּ⁠רַגְלָֽ⁠י	1	Ben Hadad is using his **feet** to represent his soldiers walking where he has just walked. In other words, they are following him, and this represents that he is their military commander. Your language may have a comparable expression that you can use in your translation. If you have already translated the book of Judges, see how you translated the similar expression in [Judges 4:10](../jdg/04/10.md). Alternate translation: [who are under my command]
20:11	hkyu		rc://*/ta/man/translate/figs-quotesinquotes	דַּבְּר֔וּ אַל־יִתְהַלֵּ֥ל חֹגֵ֖ר כִּ⁠מְפַתֵּֽחַ	1	If it would be clearer in your language, you could translate this so that there is not a quotation within a quotation. Alternate translation: [Tell him that one girding should not boast like one ungirding]
20:11	bwkj		rc://*/ta/man/translate/figs-yousingular	דַּבְּר֔וּ	1	The implied “you” in the imperative **Tell** is plural here because Ahab is addressing the messengers of Ben Hadad. So use the plural form in your translation if your language marks that distinction.
20:12	zq83		rc://*/ta/man/translate/figs-metonymy	אֶת־הַ⁠דָּבָ֣ר הַ⁠זֶּ֔ה	1	Here, **this word** represents what Ahab had the messengers tell Ben Hadad said by using words. If it would be clearer in your language, you could state the meaning plainly. Alternate translation: [this reply]
20:12	sinm		rc://*/ta/man/translate/writing-background	וְ⁠ה֥וּא שֹׁתֶ֛ה ה֥וּא וְ⁠הַ⁠מְּלָכִ֖ים בַּ⁠סֻּכּ֑וֹת	1	The author is providing background information to help readers understand what happens next in the story. Ben Hadad’s overconfidence and complacency help lead to his defeat in this battle. In your translation, introduce this information in a way that would be natural in your own language and culture.
20:12	h4j2		rc://*/ta/man/translate/figs-ellipsis	שִׂ֔ימוּ וַ⁠יָּשִׂ֖ימוּ עַל־הָ⁠עִֽיר	1	Ben Hadad is leaving out some of the words that in many languages a sentence would need in order to be complete. You can supply these words from the context if that would be clearer in your language. Alternate translation: [“Set yourselves in array!” And they set themselves in array against the city] or [“Form battle lines!” And they formed battle lines against the city]
20:13	zbgv		rc://*/ta/man/translate/figs-metaphor	וְ⁠הִנֵּ֣ה	1	See how you translated the similar expression in [18:7](../18/07.md). Alternate translation: [And just then]
20:13	sd3k		rc://*/ta/man/translate/figs-quotesinquotes	כֹּ֚ה אָמַ֣ר יְהוָ֔ה הְֽ⁠רָאִ֔יתָ אֵ֛ת כָּל־הֶ⁠הָמ֥וֹן הַ⁠גָּד֖וֹל הַ⁠זֶּ֑ה הִנְ⁠נִ֨י נֹתְנ֤⁠וֹ בְ⁠יָֽדְ⁠ךָ֙ הַ⁠יּ֔וֹם וְ⁠יָדַעְתָּ֖ כִּֽי־אֲנִ֥י יְהוָֽה	1	If it would be clearer in your language, you could translate this so that there is not a quotation within a quotation. Alternate translation: [Yahweh says that though you have certainly seen all of this great multitude, behold him, giving it into your hand today, and you will know that he is Yahweh]
20:13	oa0i		rc://*/ta/man/translate/figs-rquestion	הְֽ⁠רָאִ֔יתָ אֵ֛ת כָּל־הֶ⁠הָמ֥וֹן הַ⁠גָּד֖וֹל הַ⁠זֶּ֑ה	1	The prophet is using the question form for emphasis. If a speaker of your language would not use the question form for that purpose, you could translate this as a statement or as an exclamation. Alternate translation: [You have certainly seen all of this great multitude]
20:13	r0kw		rc://*/ta/man/translate/figs-idiom	הִנְ⁠נִ֨י נֹתְנ֤⁠וֹ	1	See how you translated the similar expression “behold you, seeking” in [11:22](../11/22.md). Alternate translation: [I am about to give it]
20:13	scls		rc://*/ta/man/translate/figs-metonymy	בְ⁠יָֽדְ⁠ךָ֙	1	Here, **hand** represents the power or control of a person. If it would be helpful in your language, you could use an equivalent expression or state the meaning plainly. Alternate translation: [into your power]
20:14	dikw		rc://*/ta/man/translate/figs-ellipsis	בְּ⁠מִ֔י & בְּ⁠נַעֲרֵ֖י שָׂרֵ֣י הַ⁠מְּדִינ֑וֹת	1	Ahab and the prophet are leaving out some of the words that in many languages a sentence would need in order to be complete. You can supply these words from the context if that would be clearer in your language. Alternate translation: [By whom will Yahweh give this multitude into my hand … I will give it into your hand by the servants of the leaders of the districts]
20:14	nh9z		rc://*/ta/man/translate/figs-quotesinquotes	כֹּֽה־אָמַ֣ר יְהוָ֔ה בְּ⁠נַעֲרֵ֖י שָׂרֵ֣י הַ⁠מְּדִינ֑וֹת	1	If it would be clearer in your language, you could translate this so that there is not a quotation within a quotation. Alternate translation: [Yahweh says that he will do that by the servants of the leaders of the districts]
20:14	cbhw		rc://*/ta/man/translate/translate-symaction	בְּ⁠נַעֲרֵ֖י שָׂרֵ֣י הַ⁠מְּדִינ֑וֹת	1	Having the **servants of the leaders of the districts** lead the attack was a symbolic action that showed that Yahweh would win this battle for the Israelites, since these were the youngest and least experienced soldiers. If it would be helpful to your readers, you could explain the significance of this action in the text of your translation or in a footnote. Alternate translation: [By the young, inexperienced servants of the district leaders, so that it will be clear that I am winning this battle for you]
20:14	mxub		rc://*/ta/man/translate/figs-idiom	מִֽי־יֶאְסֹ֥ר הַ⁠מִּלְחָמָ֖ה	1	Ahab is using **Who will bind the battle** as a common expression of his culture to mean “Who will begin the battle” or “Who will start the attack.” If this phrase does not have that meaning in your language, you could use a comparable expression from your language that does have that meaning, or you could state the meaning plainly. Alternate translation: [Who will begin the engagement] or [Who will attack first]
20:15	xe21		rc://*/ta/man/translate/figs-metaphor	בְּנֵ֥י יִשְׂרָאֵ֖ל	1	See how you translated the same expression in [6:1](../06/01.md). In this case, the phrase refers specifically to Israelite soldiers, not to the Israelites generally. Alternate translation: [the Israelite soldiers]
20:17	lobr		rc://*/ta/man/translate/figs-ellipsis	וַ⁠יִּשְׁלַ֣ח בֶּן־הֲדַ֗ד	1	The author is leaving out some of the words that in many languages a sentence would need in order to be complete. You can supply these words from the context if that would be clearer in your language. Alternate translation: [And Ben Hadad sent men to investigate]
20:17	osns		rc://*/ta/man/translate/figs-go	אֲנָשִׁ֕ים יָצְא֖וּ מִ⁠שֹּׁמְרֽוֹן	1	In a context such as this, here and through verse 21, your language might say “came” instead of **gone**. Alternate translation: [Men have come out from Samaria]
20:20	kng5		rc://*/ta/man/translate/figs-idiom	וַ⁠יַּכּוּ֙ אִ֣ישׁ אִישׁ֔⁠וֹ	1	The author is using **a man his man** as a common expression of his culture to mean that each of the young Israelite soldiers killed an enemy soldier who confronted him. If this phrase does not have that meaning in your language, you could use a comparable expression from your language that does have that meaning, or you could state the meaning plainly. Alternate translation: [And each one struck his opponent]
20:20	i9pl		rc://*/ta/man/translate/figs-explicit	וַ⁠יַּכּוּ֙	1	See how you translated the similar expression in [11:15](../11/15.md). Alternate translation: [And they killed]
20:21	meyj		rc://*/ta/man/translate/grammar-collectivenouns	וַ⁠יַּ֥ךְ אֶת־הַ⁠סּ֖וּס וְ⁠אֶת־הָ⁠רָ֑כֶב	1	In this verse, the words **horse** and **chariot** are singular in form, but they refer to all of Ben Hadad’s horses and chariots. If it would be helpful in your language, you could use plural forms in your translation. Alternate translation: [and he struck the horses and the chariots]
20:21	rxa2		rc://*/ta/man/translate/writing-poetry	וְ⁠הִכָּ֥ה בַ⁠אֲרָ֖ם מַכָּ֥ה גְדוֹלָֽה	1	The author is using a construction in which a verb and its object come from the same root. You may be able to use the same construction in your language to express the meaning here. Alternatively, your language may have another way of saying this. See how you translated the term “struck” in [8:33](../08/33.md). Alternate translation: [And he inflicted a severe defeat on Aram]
20:22	zutb		rc://*/ta/man/translate/figs-explicit	הַ⁠נָּבִיא֙	1	The author assumes that readers will know **the prophet** refers to the same prophet who earlier told King Ahab how to defeat the Aramean army. You could say that explicitly if that would be helpful to your readers. Alternate translation: [the prophet who had spoken to Ahab earlier]
20:22	btbu		rc://*/ta/man/translate/figs-explicit	לֵ֣ךְ	1	See how you translated the similar expression in [1:13](../01/13.md). Alternate translation: [Take action]
20:22	agvt		rc://*/ta/man/translate/figs-idiom	וְ⁠דַ֥ע וּ⁠רְאֵ֖ה	1	See how you translated the similar expression in [20:7](../20/07.md). Alternate translation: [and consider carefully]
20:22	mmtf		rc://*/ta/man/translate/figs-idiom	לִ⁠תְשׁוּבַ֣ת הַ⁠שָּׁנָ֔ה	1	The prophet is using **at the return of the year** as a common expression of his culture to mean “in the spring” or “at the beginning of the new agricultural year.” If this phrase does not have that meaning in your language, you could use a comparable expression from your language that does have that meaning, or you could state the meaning plainly. Alternate translation: [next spring]
20:23	n58d		rc://*/ta/man/translate/figs-metonymy	חָזְק֣וּ מִמֶּ֑⁠נּוּ & נֶחֱזַ֖ק מֵ⁠הֶֽם	1	The servants are using these phrases to represent that the Israelites, supposedly because **gods of the hills** made them **stronger** than the Arameans, defeated them in the recent battle, but that if they fought on a **plain**, the Arameans would be **stronger** and so defeat them. If it would be helpful in your language, you could use an equivalent expression or plain language here and in verse 25. If you have already translated the book of 1 Samuel, see how you translated the similar expression in [1 Samuel 17:50](../1sa/17/50.md). Alternate translation: [they defeated us … we will defeat them]
20:24	i2qf		rc://*/ta/man/translate/figs-idiom	אִ֣ישׁ מִ⁠מְּקֹמ֔⁠וֹ	1	Ben Hadad’s officials are using **a man from his place** as a common expression of their culture to mean “each one from his position.” If this phrase does not have that meaning in your language, you could use a comparable expression from your language that does have that meaning, or you could state the meaning plainly. Alternate translation: [each one from his position]
20:25	k048		rc://*/ta/man/translate/writing-pronouns	וְ⁠אַתָּ֣ה תִֽמְנֶה	1	See how you translated the similar expression in [12:4](../12/04.md). Alternate translation: [And for your part, you shall muster`]
20:25	j1za		rc://*/ta/man/translate/figs-idiom	כַּ⁠חַיִל֩ הַ⁠נֹּפֵ֨ל מֵ⁠אוֹתָ֜⁠ךְ	1	The officials are speaking of Ben Hadad’s previous army as **having fallen** as a common expression of their culture to mean that this army was destroyed. If this phrase does not have that meaning in your language, you could use a comparable expression from your language that does have that meaning, or you could state the meaning plainly. Alternate translation: [like the army that you lost] or [like the army that the Israelites destroyed]
20:25	fw29		rc://*/ta/man/translate/figs-explicit	וַ⁠יִּשְׁמַ֥ע לְ⁠קֹלָ֖⁠ם	1	See how you translated the similar expression in [5:8](../05/08.md). Alternate translation: [And he agreed with what they said]
20:26	ane5		rc://*/ta/man/translate/writing-newevent	וַֽ⁠יְהִי֙	1	The author is using the phrase translated as **And it happened** to introduce a new event in the story. Use a word, phrase, or other method in your language that is natural for introducing a new event.
20:26	q36m		rc://*/ta/man/translate/figs-idiom	לִ⁠תְשׁוּבַ֣ת הַ⁠שָּׁנָ֔ה	1	See how you translated the similar expression in [20:22](../20/22.md). Alternate translation: [the next spring]
20:27	dk5q		rc://*/ta/man/translate/figs-activepassive	וּ⁠בְנֵ֣י יִשְׂרָאֵ֗ל הָתְפָּקְדוּ֙ וְ⁠כָלְכְּל֔וּ	1	The expressions **were mustered** and **were sustained** are passive verbal forms. If your language would not use those forms, you could express the ideas in active form or in another way that is natural in your language. Alternate translation: [And Ahab mustered the sons of Israel and sustained them]
20:27	dmbt		rc://*/ta/man/translate/figs-simile	כִּ⁠שְׁנֵי֙ חֲשִׂפֵ֣י עִזִּ֔ים	1	The point of this comparison is that just as **two little flocks of goats** are small in number, so the Israelite army was small in number compared to the large Aramean army. If it would be helpful in your language, you could make this point explicitly. Alternate translation: [in relatively small numbers, like two little flocks of goats]
20:27	r5b4		rc://*/ta/man/translate/figs-hyperbole	וַ⁠אֲרָ֖ם מִלְא֥וּ אֶת־הָ⁠אָֽרֶץ	1	The author says **Aram filled the land** as an overstatement for emphasis. If it would be helpful in your language, you could use a different way to express the emphasis. Alternate translation: [the Aramean army spread out over much of the land]
20:28	si0u		rc://*/ta/man/translate/figs-quotemarks	כֹּֽה־אָמַ֣ר יְהוָ֗ה יַ֠עַן אֲשֶׁ֨ר אָמְר֤וּ אֲרָם֙ אֱלֹהֵ֤י הָרִים֙ יְהוָ֔ה וְ⁠לֹֽא־אֱלֹהֵ֥י עֲמָקִ֖ים ה֑וּא וְ֠⁠נָתַתִּי אֶת־כָּל־הֶ⁠הָמ֨וֹן הַ⁠גָּ֤דוֹל הַ⁠זֶּה֙ בְּ⁠יָדֶ֔⁠ךָ וִֽ⁠ידַעְתֶּ֖ם כִּֽי־אֲנִ֥י יְהוָֽה	1	There are three levels of quotation here. The author is quoting what the **man of God** said to Ahab. (level 1). The man of God is quoting what Yahweh told him to tell Ahab. (level 2). This includes a quotation of something that the Arameans have said previously (level 3). Use the appropriate punctuation in your language to mark these levels of quotation. Alternatively, you could translate this so that there is not a second-level or third-level quotation.
20:28	gn2l		rc://*/ta/man/translate/figs-quotesinquotes	כֹּֽה־אָמַ֣ר יְהוָ֗ה יַ֠עַן אֲשֶׁ֨ר אָמְר֤וּ אֲרָם֙ אֱלֹהֵ֤י הָרִים֙ יְהוָ֔ה וְ⁠לֹֽא־אֱלֹהֵ֥י עֲמָקִ֖ים ה֑וּא וְ֠⁠נָתַתִּי אֶת־כָּל־הֶ⁠הָמ֨וֹן הַ⁠גָּ֤דוֹל הַ⁠זֶּה֙ בְּ⁠יָדֶ֔⁠ךָ וִֽ⁠ידַעְתֶּ֖ם כִּֽי־אֲנִ֥י יְהוָֽה	1	If it would be clearer in your language, you could translate this so that there is not a quotation within a quotation. Alternate translation: [Yahweh says that because Aram has said that he is a god of hills but not a god of valleys, he will give all of this great multitude into your hand, and you will know that he is Yahweh]
20:28	kgzn		rc://*/ta/man/translate/figs-metonymy	בְּ⁠יָדֶ֔⁠ךָ	1	Here, **hand** represents the power of a person. If it would be helpful in your language, you could use an equivalent expression or state the meaning plainly. Alternate translation: [into your power]
20:29	kjcb		rc://*/ta/man/translate/figs-idiom	וַֽ⁠יַּחֲנ֧וּ אֵ֦לֶּה נֹ֥כַח אֵ֖לֶּה שִׁבְעַ֣ת יָמִ֑ים	1	The author is using **these opposite these** as a common expression of his culture to mean “opposite each other” or “in opposing positions.” If this phrase does not have that meaning in your language, you could use a comparable expression from your language that does have that meaning, or you could state the meaning plainly. Alternate translation: [And they camped opposite each other for seven days]
20:29	gxk0		rc://*/ta/man/translate/translate-ordinal	בַּ⁠יּ֣וֹם הַ⁠שְּׁבִיעִ֗י	1	If your language would not represent a number in a form such as **seventh**, you could represent this number in a form that your language would use. Alternate translation: [on day seven] or [after seven days]
20:29	dkj2		rc://*/ta/man/translate/figs-idiom	וַ⁠תִּקְרַב֙ הַ⁠מִּלְחָמָ֔ה	1	The author is using **the battle approached** as a common expression of his culture to mean “the armies advanced against each other” or “the battle began.” If this phrase does not have that meaning in your language, you could use a comparable expression from your language that does have that meaning, or you could state the meaning plainly. Alternate translation: [that the battle was joined] or [that the armies advanced against each other]
20:29	xxfq		rc://*/ta/man/translate/figs-explicit	וַ⁠יַּכּ֨וּ	1	See how you translated the similar expression in [8:33](../08/33.md). Alternate translation: [defeated]
20:29	nrmq		rc://*/ta/man/translate/figs-ellipsis	מֵאָה־אֶ֥לֶף רַגְלִ֖י בְּ⁠י֥וֹם אֶחָֽד	1	The author is leaving out some of the words that in many languages a sentence would need in order to be complete. You can supply these words from the context if that would be clearer in your language. Alternate translation: [and they killed 100,000 foot soldiers in one day]
20:30	jbo8		rc://*/ta/man/translate/figs-ellipsis	חֶ֥דֶר בְּ⁠חָֽדֶר	1	The author is leaving out some of the words that in many languages a sentence would need in order to be complete. You can supply these words from the context if that would be clearer in your language. Alternate translation: [and he hid in a chamber in a chamber]
20:30	ekrm		rc://*/ta/man/translate/translate-unknown	חֶ֥דֶר בְּ⁠חָֽדֶר	1	The phrase **a chamber in a chamber** describes an inner room within another room, likely referring to the most secluded or private area of a building. If your readers would not be familiar with rooms that have other rooms inside them, you could use a more general term or explain the arrangement in a footnote. Alternate translation: [an inner room] or [a private room]
20:31	ijb5		rc://*/ta/man/translate/figs-abstractnouns	מַלְכֵ֥י חֶ֖סֶד	1	If your language does not use an abstract noun for the idea of **mercy**, you could express the same idea in another way. Alternate translation: [are merciful kings]
20:31	qrx3		rc://*/ta/man/translate/translate-symaction	נָשִׂ֣ימָה & שַׂקִּ֨ים בְּ⁠מָתְנֵ֜י⁠נוּ וַ⁠חֲבָלִ֣ים בְּ⁠רֹאשֵׁ֗⁠נוּ	1	Wearing **sackcloth** was a symbolic action by which Ben Hadad’s officials showed humility before the king of Israel. Putting **ropes** on their **heads** was a symbolic action by which they showed that they were willing to become his captives. If it would be helpful to your readers, you could explain the significance of this action in the text of your translation or in a footnote. Alternate translation: [let us put sackcloth on our loins to show humility and ropes on our heads to show that we are willing to become captives]
20:31	mf6k		rc://*/ta/man/translate/figs-synecdoche	יְחַיֶּ֥ה אֶת־נַפְשֶֽׁ⁠ךָ	1	The officials are using one part of Ben Hadad, his **soul**, to mean all of him in the act of having his life spared. If it would be helpful in your language, you could state the meaning plainly here and in the next verse. Alternate translation: [he will let you live]
20:32	z4tc		rc://*/ta/man/translate/figs-quotesinquotes	עַבְדְּ⁠ךָ֧ בֶן־הֲדַ֛ד אָמַ֖ר תְּחִֽי־נָ֣א נַפְשִׁ֑⁠י	1	If it would be clearer in your language, you could translate this so that there is not a quotation within a quotation. Alternate translation: [Your servant Ben Hadad asks you please to let his soul live]
20:32	mbz7		rc://*/ta/man/translate/figs-metaphor	אָחִ֥⁠י הֽוּא	1	See how you translated the similar expression in [9:13](../09/13.md). Alternate translation: [He is my fellow king] or [He is my ally]
20:33	catk		rc://*/ta/man/translate/figs-metaphor	וְ⁠הָ⁠אֲנָשִׁים֩ יְנַחֲשׁ֨וּ	1	The author is speaking of Ben Hadad’s officials as if they were actually **observing signs**, that is, trying to tell fortunes or see omens, when they were listening carefully to Ahab’s words to determine his attitude toward their king. Your language may have a comparable expression that you can use in your translation, or you could state the meaning plainly. Alternate translation: [And the men were watching Ahab closely]
20:33	nysz		rc://*/ta/man/translate/figs-hendiadys	וַֽ⁠יְמַהֲר֜וּ וַ⁠יַּחְלְט֣וּ	1	The phrase **hastened and caught** expresses a single idea. The word **hastened** tells in what way the officials **caught** or noticed and repeated what Ahab said. If it would be more natural in your language, you could express this meaning in a different way. Alternate translation: [and they quickly caught]
20:33	kph9		rc://*/ta/man/translate/figs-explicit	אָחִ֣י⁠ךָ & הֲדַ֔ד & בֶּן	1	The implication is that Ben Hadad’s officials are quickly correcting their earlier description of Ben Hadad as Ahab’s “servant” based on Ahab’s reference to him as his “brother.” You could include this information if that would be helpful to your readers. Alternate translation: [Yes, we meant your brother Ben Hadad]
20:33	u6kk		rc://*/ta/man/translate/figs-explicit	בֹּ֣אוּ	1	See how you translated the similar expression in [1:12](../01/12.md). Alternate translation: [Go ahead]
20:33	xsdf		rc://*/ta/man/translate/translate-symaction	וַֽ⁠יַּעֲלֵ֖⁠הוּ עַל־הַ⁠מֶּרְכָּבָֽה	1	Bringing Ben Hadad up onto his **chariot** was a symbolic action by which Ahab showed that he was treating Ben Hadad as an equal and an honored guest rather than as a defeated enemy. If it would be helpful to your readers, you could explain the significance of this action in the text of your translation or in a footnote. Alternate translation: [and he brought him up onto his chariot to welcome and honor him]
20:34	fcca		rc://*/ta/man/translate/writing-pronouns	וַ⁠יֹּ֣אמֶר אֵלָ֡י⁠ו	1	The pronoun **he** refers to Ben Hadad, while the pronoun **him** refers to Ahab. It may be helpful to clarify this for your readers. Alternate translation: [And Ben Hadad said to Ahab]
20:34	rnip		rc://*/ta/man/translate/writing-quotations	וַ⁠אֲנִ֖י בַּ⁠בְּרִ֣ית אֲשַׁלְּחֶ֑⁠ךָּ	1	This is a direct quotation of what Ahab said in response to Ben Hadad. In your translation, use a natural way of introducing direct quotations in your language. Alternate translation: [And Ahab replied, “And I, I will send you away with a covenant.”]
20:34	w2od		rc://*/ta/man/translate/writing-pronouns	וַ⁠אֲנִ֖י & אֲשַׁלְּחֶ֑⁠ךָּ	1	See how you translated the similar expression “I, I will do” in [5:8](../05/08.md). Alternate translation: [And for my part, I will send you away]
20:34	kn5z		rc://*/ta/man/translate/writing-pronouns	וַ⁠יִּכְרָת־ל֥⁠וֹ בְרִ֖ית וַֽ⁠יְשַׁלְּחֵֽ⁠הוּ	1	In the first clause, the pronoun **he** refers to Ben Hadad, while the pronoun **him** refers to Ahab. In the second clause, the pronoun **he** refers to Ahab, while the pronoun **him** refers to Ben Hadad. It may be helpful to clarify this for your readers. Alternate translation: [And Ben Hadad cut a covenant with Ahab, and Ahab sent Ben Hadad away]
20:34	ccg9		rc://*/ta/man/translate/figs-idiom	וַ⁠יִּכְרָת־ל֥⁠וֹ בְרִ֖ית	1	The author is using **cut a covenant** as a common expression of his culture to mean that Ben Hadad made a covenant with Ahab. If this phrase does not have that meaning in your language, you could use a comparable expression from your language that does have that meaning, or you could state the meaning plainly. See how you translated the similar expression in [5:12](../05/12.md). Alternate translation: [And he made a covenant with him]
20:35	wy4a		rc://*/ta/man/translate/translate-unknown	מִ⁠בְּנֵ֣י הַ⁠נְּבִיאִ֗ים	1	The phrase **sons of the prophets** refers to a group of young men whom experienced prophets were training to become prophets. If your readers would not be familiar with what this phrase means, you could use a more general term or explain it in a footnote. Alternate translation: [from a group of young prophets in training] or [from the prophetic community]
20:35	v617		rc://*/ta/man/translate/figs-quotations	אָמַ֧ר אֶל־רֵעֵ֛⁠הוּ בִּ⁠דְבַ֥ר יְהוָ֖ה הַכֵּ֣י⁠נִי נָ֑א	1	The direct quotation may begin after the word **Yahweh** rather than after the word **fellow**. Alternate translation: [said to his fellow by the word of Yahweh, “Strike me, please.”]
20:35	ifee		rc://*/ta/man/translate/figs-metonymy	בִּ⁠דְבַ֥ר יְהוָ֖ה	1	Here, **word** represents what Yahweh commanded by using words. If it would be clearer in your language, you could state the meaning plainly. Alternate translation: [By the command of Yahweh]
20:36	cuq4		rc://*/ta/man/translate/writing-pronouns	וַ⁠יֹּ֣אמֶר ל֗⁠וֹ	1	The pronoun **he** refers to the first prophet, while the pronoun **him** refers to the second prophet. It may be helpful to clarify this for your readers. Alternate translation: [And the first man said to the second man]
20:36	awow		rc://*/ta/man/translate/figs-explicit	לֹֽא־שָׁמַ֨עְתָּ֙ בְּ⁠ק֣וֹל יְהוָ֔ה	1	See how you translated the similar expression in [5:8](../05/08.md). Alternate translation: [you did not obey the voice of Yahweh]
20:36	rp4f		rc://*/ta/man/translate/figs-metonymy	לֹֽא־שָׁמַ֨עְתָּ֙ בְּ⁠ק֣וֹל יְהוָ֔ה	1	Here, **voice** represents what Yahweh commanded by using his voice to speak to the first prophet. If it would be helpful in your language, you could use an equivalent expression or plain language. Alternate translation: [you did not obey the command of Yahweh]
20:36	tddh		rc://*/ta/man/translate/figs-idiom	הִנְּ⁠ךָ֤ הוֹלֵךְ֙ מֵֽ⁠אִתִּ֔⁠י וְ⁠הִכְּ⁠ךָ֖ הָ⁠אַרְיֵ֑ה	1	See how you translated the similar expression in [11:22](../11/22.md). Alternate translation: [as you leave me, a lion will strike you]
20:36	l3bl		rc://*/ta/man/translate/figs-explicit	וְ⁠הִכְּ⁠ךָ֖ הָ⁠אַרְיֵ֑ה	1	See how you translated the similar expression in [11:15](../11/15.md). Alternate translation: [and a lion will kill you]
20:36	ajix		rc://*/ta/man/translate/figs-explicit	וַ⁠יִּמְצָאֵ֥⁠הוּ הָ⁠אַרְיֵ֖ה	1	See how you translated the similar expression in [11:29](../11/29.md). Alternate translation: [and a lion met him]
20:39	y0g1		rc://*/ta/man/translate/writing-pronouns	הַ⁠מֶּ֨לֶךְ֙ עֹבֵ֔ר וְ⁠ה֖וּא צָעַ֣ק	1	The author is stating the pronoun **he** separately, even though the verb translated as **he cried out** already includes this meaning. He is doing that to indicate that this action took place at the same time as **the king was passing by**. If a speaker of your language would use an explicit pronoun for the same purpose, you may want to use that construction in your translation. If not, your language may have other ways of showing the meaning here. Alternate translation: [and just as the king was passing by, he cried out]
20:39	m7xy		rc://*/ta/man/translate/figs-123person	עַבְדְּ⁠ךָ֣	1	The prophet is speaking of himself in the third person as **your servant** to show humility. If it would be helpful in your language, you could translate this in a humble form in the first person here and in the next verse. Alternate translation: [I, your servant,]
20:39	q3ej		rc://*/ta/man/translate/figs-quotesinquotes	וַ⁠יֹּ֨אמֶר֙ שְׁמֹר֙ אֶת־הָ⁠אִ֣ישׁ הַ⁠זֶּ֔ה אִם־הִפָּקֵד֙ יִפָּקֵ֔ד וְ⁠הָיְתָ֤ה נַפְשְׁ⁠ךָ֙ תַּ֣חַת נַפְשׁ֔⁠וֹ א֥וֹ כִכַּר־כֶּ֖סֶף תִּשְׁקֽוֹל	1	If it would be clearer in your language, you could translate this so that there is not a quotation within a quotation. Alternate translation: [And he told me to guard that man. He said that if missing, he was missing, then my life would be in place of his life, or I should pay a kikkar of silver.]
20:39	tx20		rc://*/ta/man/translate/figs-reduplication	אִם־הִפָּקֵד֙ יִפָּקֵ֔ד	1	In the story that the prophet is telling, the soldier is repeating forms of the verb **missing** in order to intensify his expression of the idea that it conveys. If your language can repeat words for intensification, it would be appropriate to do that here in your translation. If not, your language may have another way of expressing the intensification. Alternate translation: [If for any reason he is missing]
20:39	f39b		rc://*/ta/man/translate/figs-idiom	וְ⁠הָיְתָ֤ה נַפְשְׁ⁠ךָ֙ תַּ֣חַת נַפְשׁ֔⁠וֹ	1	The soldier in the story is using **your life will be in place of his life** as a common expression of his culture to mean that the prophet would forfeit his own life for allowing the prisoner to escape. If this phrase does not have that meaning in your language, you could use a comparable expression from your language that does have that meaning, or you could state the meaning plainly. Alternate translation: [then you will pay for that with your life] or [then we will execute you for letting him get away]
20:39	x9yi		rc://*/ta/man/translate/translate-bweight	כִכַּר־כֶּ֖סֶף	1	See how you chose to represent the term “kikkars” in [9:14](../09/14.md).
20:40	z2ri		rc://*/ta/man/translate/figs-idiom	עֹשֵׂ֥ה הֵ֛נָּה וָ⁠הֵ֖נָּה	1	The prophet is saying that he was **doing here and there** as a common expression of his culture to mean that he was “busy with various tasks” or “occupied with other matters.” If this phrase does not have that meaning in your language, you could use a comparable expression from your language that does have that meaning, or you could state the meaning plainly. Alternate translation: [was doing this and that] or [became preoccupied with other tasks]
20:40	epcv		rc://*/ta/man/translate/figs-explicit	כֵּ֥ן מִשְׁפָּטֶ֖⁠ךָ	1	By **Thus is your judgment**, the king means that the prophet has pronounced his own judgment by acknowledging that he did exactly what the soldier said would deserve punishment. You could indicate this explicitly in your translation if that would be helpful to your readers. Alternate translation: [I judge you guilty based on your own testimony]
20:40	xbfe		rc://*/ta/man/translate/writing-pronouns	אַתָּ֥ה חָרָֽצְתָּ	1	Ahab is stating the pronoun **you** separately, even though the verb translated as **you have decided** already includes this meaning. He is doing that to emphasize the personal role of this prophet in presenting the facts of the case in a way that shows he is guilty. If a speaker of your language would use an explicit pronoun for the same purpose, you may want to use that construction in your translation. If not, your language may have other ways of showing the meaning here. See how you translated the similar expression “you, you swore” in [1:17](../01/17.md). Alternate translation: [you are the one who has decided]
20:41	d4is		rc://*/ta/man/translate/figs-hendiadys	וַ⁠יְמַהֵ֕ר וַ⁠יָּ֨סַר֙	1	The phrase **hurried and removed** expresses a single idea. The word **hurried** in what way the prophet **removed** the covering from his eyes. If it would be more natural in your language, you could express this meaning in a different way. Alternate translation: [And he hurriedly removed]
20:42	i2jj		rc://*/ta/man/translate/figs-quotesinquotes	כֹּ֚ה אָמַ֣ר יְהוָ֔ה יַ֛עַן שִׁלַּ֥חְתָּ אֶת־אִישׁ־חֶרְמִ֖⁠י מִ⁠יָּ֑ד וְ⁠הָיְתָ֤ה נַפְשְׁ⁠ךָ֙ תַּ֣חַת נַפְשׁ֔⁠וֹ וְ⁠עַמְּ⁠ךָ֖ תַּ֥חַת עַמּֽ⁠וֹ	1	If it would be clearer in your language, you could translate this so that there is not a quotation within a quotation. Alternate translation: [Yahweh says that because you have sent away a man of his devotion from your hand, so it will be your life in place of his life and your people in place of his people]
20:42	gpbx		rc://*/ta/man/translate/figs-possession	אֶת־אִישׁ־חֶרְמִ֖⁠י	1	Yahweh, speaking through the prophet, is using this possessive form to mean a man whom he had devoted to destruction. It may be helpful to clarify this for your readers. Alternate translation: [a man whom I had devoted]
20:42	lsjl		rc://*/ta/man/translate/figs-explicit	אֶת־אִישׁ־חֶרְמִ֖⁠י	1	The word that the ULT translates as **devotion** was a specialized term that described the cultural practice of giving something over to Yahweh so that humans would no longer be able to use it. The context indicates that in this case, this was to be accomplished through the total destruction of this **man**. You could indicate this explicitly in your translation if that would be helpful to your readers. Alternate translation: [a man whom I wanted you to destroy]
20:42	hezh		rc://*/ta/man/translate/figs-metonymy	מִ⁠יָּ֑ד	1	Here, **hand** represents the power or control of a person. If it would be helpful in your language, you could use an equivalent expression or state the meaning plainly. Alternate translation: [when you had him in your power] or [when you had him as your prisoner]
20:42	q7kv		rc://*/ta/man/translate/figs-idiom	וְ⁠הָיְתָ֤ה נַפְשְׁ⁠ךָ֙ תַּ֣חַת נַפְשׁ֔⁠וֹ וְ⁠עַמְּ⁠ךָ֖ תַּ֥חַת עַמּֽ⁠וֹ	1	See how you translated the similar expression in [20:39](../20/39.md). Alternate translation: [so you will pay for that with your life, and your people will pay for that with their lives]
20:43	evjc		rc://*/ta/man/translate/figs-events	וַ⁠יֵּ֧לֶךְ מֶֽלֶךְ־יִשְׂרָאֵ֛ל עַל־בֵּית֖⁠וֹ סַ֣ר וְ⁠זָעֵ֑ף וַ⁠יָּבֹ֖א שֹׁמְרֽוֹנָ⁠ה	1	The author is describing one event, **the king of Israel went to his house**, before describing another event that preceded it, **he came to Samaria**. If it would be helpful in your language, you may wish to relate these events in the order in which they happened. Alternate translation: [And the king of Israel came to Samaria, and he went to his house sullen and angry]
21:intro	abcl				0	# 1 Kings 21 Chapter Introduction\n\n## Structure and Formatting\n\nThe story of Elijah continues in this chapter.\n\n  1. Naboth refuses to sell his vineyard to Ahab (21:1–4)\n  2. Jezebel has Naboth unjustly convicted and executed (21:5–16)\n  3. Elijah announces Yahweh’s judgment against Ahab and Jezebel (21:17–29)\n\n## Religious and Cultural Concepts in This Chapter\n\n### Why did Naboth refuse to sell his vineyard to Ahab or trade it for a better one?\n\nNaboth refused to sell or trade his vineyard to King Ahab because it was the inheritance from his ancestors, and according to the law of Moses, such land was not to be sold permanently or transferred out of the family or tribe. Leviticus 25:23 states, “The land must not be sold permanently, because the land is mine and you reside in my land as foreigners and strangers.” Numbers 36:7 commands, “No inheritance in Israel is to pass from one tribe to another.” So Naboth understood that parting with this land would be a violation of God’s commands. This shows that Naboth continued to honor and obey Yahweh. He was one of the faithful Israelites whom Yahweh described to Elijah in 19:18. Yahweh had been patient with Ahab and Jezebel, continually proving to them that he was the true God. But when Jezebel corrupted the Israelite process of justice in order to have Naboth convicted and executed so that Ahab could seize his vineyard, this showed that they were hardened in their resistance to Yahweh and his righteous ways. Yahweh then announced a judgment of destruction against Jezebel and Ahab.
21:1	ipqe		rc://*/ta/man/translate/figs-explicit	מֶ֖לֶךְ שֹׁמְרֽוֹן	1	The author assumes that readers will know that by **the king of Samaria**, he is not referring to a king who ruled the city of Samaria, but to Ahab, the king who ruled Israel from Samaria as his capital city. You could say that explicitly if that would be helpful to your readers. Alternate translation: [the king who ruled Israel from the city of Samaria]
21:2	rxgt		rc://*/ta/man/translate/figs-idiom	בְּ⁠עֵינֶ֔י⁠ךָ	1	Ahab is using **in your eyes** as a common expression of the culture to mean “in your judgment” or “in your opinion.” If this phrase does not have that meaning in your language, you could use a comparable expression from your language that does have that meaning, or you could state the meaning plainly. Alternate translation: [in your judgment]
21:2	k049		rc://*/ta/man/translate/grammar-connect-logic-result	תְּנָ⁠ה־לִּ֨⁠י אֶֽת־כַּרְמְ⁠ךָ֜ וִֽ⁠יהִי־לִ֣⁠י לְ⁠גַן־יָרָ֗ק כִּ֣י ה֤וּא קָרוֹב֙ אֵ֣צֶל בֵּיתִ֔⁠י	1	If it would be more natural in your language, you could reverse the order of these phrases, since the second phrase gives the reason for the result that the first phrase describes. Alternate translation: [Since your vineyard is near beside my house, give it to me, and it will be to me for a garden of vegetables]
21:3	s21k		rc://*/ta/man/translate/figs-idiom	חָלִ֤ילָ⁠ה לִּ⁠י֙ מֵֽ⁠יהוָ֔ה מִ⁠תִּתִּ֛⁠י	1	Naboth is using a common expression of this culture to express his horror at the idea that Ahab has just described. Your language may have a comparable expression that you can use in your translation. If you have already translated the book of 1 Samuel, see how you translated the similar expression in [1 Samuel 24:6](../1sa/24/06.md). Alternate translation: [Far be it from me to sin against Yahweh by giving]
21:3	w09d		rc://*/ta/man/translate/figs-metaphor	אֲבֹתַ֖⁠י	1	To translate this expression here and in the next verse, see how you translated the similar expression in [1:21](../01/21.md). Alternate translation: [my ancestors]
21:4	tu1z		rc://*/ta/man/translate/figs-metonymy	הַ⁠דָּבָר֙ אֲשֶׁר־דִּבֶּ֣ר אֵלָ֗י⁠ו נָבוֹת֙ הַ⁠יִּזְרְעֵאלִ֔י	1	Here, **the word** represents what Naboth said by using words. If it would be clearer in your language, you could state the meaning plainly. Alternate translation: [what Naboth the Jezreelite had said to him]
21:4	pszr		rc://*/ta/man/translate/figs-synecdoche	לָֽחֶם	1	The author is using one kind of food, **bread**, to mean food in general. If it would be helpful in your language, you could state the meaning plainly, here and in verses 5 and 7. Alternate translation: [food]
21:5	gb4h		rc://*/ta/man/translate/figs-idiom	מַה־זֶּה֙	1	Jezebel is using **What is this** as a common expression of her culture to ask Ahab to explain his conduct. If this phrase does not have that meaning in your language, you could use a comparable expression from your language that does have that meaning, or you could state the meaning plainly. Alternate translation: [What’s going on here?]
21:6	o277		rc://*/ta/man/translate/figs-ellipsis	כִּֽי	1	Ahab is leaving out some of the words that in many languages a sentence would need in order to be complete. You can supply these words from the context if that would be clearer in your language. Alternate translation: [I am sullen and not eating bread because]
21:6	hbyt		rc://*/ta/man/translate/figs-quotesinquotes	וָ⁠אֹ֣מַר ל֗⁠וֹ תְּנָ⁠ה־לִּ֤⁠י אֶֽת־כַּרְמְ⁠ךָ֙ בְּ⁠כֶ֔סֶף א֚וֹ אִם־חָפֵ֣ץ אַתָּ֔ה אֶתְּנָה־לְ⁠ךָ֥ כֶ֖רֶם תַּחְתָּ֑י⁠ו וַ⁠יֹּ֕אמֶר לֹֽא־אֶתֵּ֥ן לְ⁠ךָ֖ אֶת־כַּרְמִֽ⁠י	1	If it would be clearer in your language, you could translate this so that there is not a quotation within a quotation. Alternate translation: [and I asked him to give me his vineyard for silver and told him that if he preferred, I would give a vineyard to him in its place. But he said that he would not give his vineyard to me]
21:7	hf92		rc://*/ta/man/translate/writing-pronouns	אַתָּ֕ה & תַּעֲשֶׂ֥ה מְלוּכָ֖ה עַל־יִשְׂרָאֵ֑ל	1	Jezebel is repeating the pronoun **you** in order to stress Ahab’s personal role as king **over Israel**. See how you translated the similar expression “you, you swore” in [1:17](../01/17.md). Alternate translation: [you are the one who is king over Israel]
21:7	idzn		rc://*/ta/man/translate/figs-metaphor	וְ⁠יִטַ֣ב לִבֶּ֔⁠ךָ	1	Here, the **heart** represents a person’s feelings. If it would be helpful in your language, you could state the meaning plainly. Alternate translation: [and feel happy]
21:7	k100		rc://*/ta/man/translate/writing-pronouns	אֲנִי֙ אֶתֵּ֣ן לְ⁠ךָ֔ אֶת־כֶּ֖רֶם נָב֥וֹת	1	Jezebel is repeating the pronoun **I** in order to stress the personal role that she will take in getting **the vineyard of Naboth** for Ahab. Alternate translation: [I will personally get the vineyard of Naboth for you]
21:8	xawj		rc://*/ta/man/translate/figs-metonymy	בְּ⁠שֵׁ֣ם אַחְאָ֔ב	1	The statement that Jezebel wrote these letters **in the name of Ahab** indicates that she signed his name to them, but it also means more than that. Ahab’s **name** also represents his person, so the statement means that Jezebel wrote these letters as if Ahab had written them himself. If it would be helpful in your language, you could use an equivalent expression or state the meaning plainly. Alternate translation: [pretending that Ahab himself had written them]
21:8	d2bx		rc://*/ta/man/translate/figs-explicit	אֲשֶׁ֣ר בְּ⁠עִיר֔⁠וֹ הַ⁠יֹּשְׁבִ֖ים אֶת־נָבֽוֹת	1	The author is using these phrases to specify that Jezebel sent these letters specifically to the **elders** and **nobles** who lived in the same city as Naboth did, not to Israelite elders and nobles generally. You could indicate this explicitly in your translation if that would be helpful to your readers. Alternate translation: [who lived in the same city as Naboth did]
21:9	duc6		rc://*/ta/man/translate/translate-symaction	קִֽרְאוּ־צ֔וֹם	1	Proclaiming a **fast** was a symbolic action by which the leaders of a community called its members to attend to something that was very important, even more important than eating on that day. If it would be helpful to your readers, you could explain the significance of this action in the text of your translation or in a footnote. Alternate translation: [Proclaim that on a certain day the people of your city should not eat, because they have a very important matter to address]
21:9	ddv4		rc://*/ta/man/translate/figs-idiom	וְ⁠הוֹשִׁ֥יבוּ אֶת־נָב֖וֹת בְּ⁠רֹ֥אשׁ הָ⁠עָֽם	1	Jezebel was using the term **head** to mean the front of the crowd of **people** whom the elders and nobles would gather. If this term does not have that meaning in your language, you could use a comparable expression from your language that does have that meaning, or you could state the meaning plainly, here and in verse 12. Alternate translation: [and seat Naboth in front of the crowd of people you gather]
21:9	gl8w		rc://*/ta/man/translate/figs-explicit	וְ⁠הוֹשִׁ֥יבוּ אֶת־נָב֖וֹת בְּ⁠רֹ֥אשׁ הָ⁠עָֽם	1	Jezebel could mean: (1) that she wants the elders and nobles to put Naboth in the position of a criminal defendant. Alternate translation: [and seat Naboth in front of the crowd as an accused person] or (2) that she wants the elders and nobles to put Naboth in a seat of honor to suggest that, if not for the accusations that would then be brought against him, they would consider him a leading member of the community. In other words, this was to be a false show of impartiality. Alternate translation: [and seat Naboth in a place of honor to show that you have nothing against him personally]
21:10	f0j6		rc://*/ta/man/translate/figs-idiom	בְּנֵֽי־בְלִיַּעַל֮	1	To translate this expression here and in verse 13, see how you translated the similar expression in [1:52](../01/52.md). Alternate translation: [very wicked men]
21:10	v3qw		rc://*/ta/man/translate/figs-quotesinquotes	לֵ⁠אמֹ֔ר בֵּרַ֥כְתָּ אֱלֹהִ֖ים וָ⁠מֶ֑לֶךְ	1	If it would be clearer in your language, you could translate this so that there is not a quotation within a quotation. Alternate translation: [saying that he blessed God and the king]
21:10	gzc8		rc://*/ta/man/translate/translate-textvariants	בֵּרַ֥כְתָּ אֱלֹהִ֖ים וָ⁠מֶ֑לֶךְ	1	It is likely that the original reading here was “cursed” and that scribes changed it to **blessed** in order to avoid the uncomfortable language of a person cursing God. (It would not have been a capital crime if Naboth had blessed God and the king, but it would have been a capital crime if he had cursed them.) Many versions of the Bible read “cursed” here, since this is the kind of change that scribes are known to have made in similar cases. If a translation of the Bible exists in your region, you may wish to use the reading that it uses, here and in verse 13. If a translation of the Bible does not exist in your region, you may wish to use the reading of the ULT. Alternate translation: [You cursed God and the king]
21:11	buti		rc://*/ta/man/translate/figs-activepassive	כַּ⁠אֲשֶׁ֤ר כָּתוּב֙	1	The expression **was written** is a passive verbal form. If your language would not use that form, you could express the idea in active form or in another way that is natural in your language. Alternate translation: [just as she had written]
21:13	dm59		rc://*/ta/man/translate/figs-explicitinfo	וַ⁠יִּסְקְלֻ֥⁠הוּ בָ⁠אֲבָנִ֖ים	1	This expression may seem to contain extra information that would not be natural to express in your language. If so, you could shorten it. Alternate translation: [and they stoned him]
21:14	xmu6		rc://*/ta/man/translate/figs-activepassive	סֻקַּ֥ל נָב֖וֹת	1	The expression **has been stoned** is a passive verbal form. If your language would not use that form, you could express the idea in active form or in another way that is natural in your language. Alternate translation: [We have stoned Naboth]
21:15	q9js		rc://*/ta/man/translate/figs-activepassive	סֻקַּ֥ל נָב֖וֹת וַ⁠יָּמֹ֑ת	1	The expression **had been stoned** is a passive verbal form. If your language would not use that form, you could express the idea in active form or in another way that is natural in your language. Alternate translation: [the Jezreelites had stoned Naboth, and he had died]
21:15	yqlw		rc://*/ta/man/translate/figs-explicit	ק֣וּם	1	To translate this expression and the similar ones in verses 16 and 18, see how you translated the similar expression in [1:13](../01/13.md). Alternate translation: [Take action]
21:15	alar		rc://*/ta/man/translate/grammar-connect-logic-result	רֵ֞שׁ אֶת־כֶּ֣רֶם ׀ נָב֣וֹת הַ⁠יִּזְרְעֵאלִ֗י אֲשֶׁ֤ר מֵאֵן֙ לָ⁠תֶת־לְ⁠ךָ֣ בְ⁠כֶ֔סֶף כִּ֣י אֵ֥ין נָב֛וֹת חַ֖י כִּי־מֵֽת	1	If it would be more natural in your language, you could reverse the order of these phrases, since the second phrase gives the reason for the result that the first phrase describes. Alternate translation: [Since Naboth is not alive, but he is dead, possess the vineyard of Naboth the Jezreelite that he refused to give to you for silver]
21:15	e1m4		rc://*/ta/man/translate/figs-parallelism	אֵ֥ין נָב֛וֹת חַ֖י כִּי־מֵֽת	1	These two phrases mean basically the same thing. The second emphasizes the meaning of the first by repeating the same idea with different words. If it would be helpful to your readers, you could combine them and express the emphasis in another way. Alternate translation: [Naboth is certainly dead]
21:17	jqle		rc://*/ta/man/translate/figs-idiom	וַ⁠יְהִי֙ דְּבַר־יְהוָ֔ה אֶל־אֵלִיָּ֥הוּ	1	See how you translated the similar expression in [6:11](../06/11.md). Alternate translation: [Then Yahweh spoke a message to Elijah]
21:18	whru		rc://*/ta/man/translate/figs-explicit	מֶֽלֶךְ־יִשְׂרָאֵ֖ל אֲשֶׁ֣ר בְּ⁠שֹׁמְר֑וֹן	1	By **the king of Israel, who is in Samaria**, Yahweh means Ahab, who was the king of Israel and whose capital city was Samaria. He does not mean that Ahab is in Samaria at the time he is speaking to Elijah, since Ahab is in Jezreel at this time. You could indicate this explicitly in your translation if that would be helpful to your readers. Alternate translation: [the king who rules Israel from Samaria]
21:18	iglt		rc://*/ta/man/translate/figs-metaphor	הִנֵּה֙	1	See how you translated the similar expression in [1:14](../01/14.md). Alternate translation: [Listen]
21:18	cbrd		rc://*/ta/man/translate/figs-explicitinfo	אֲשֶׁר־יָ֥רַד שָׁ֖ם	1	See how you translated the similar expression in [1:25](../01/25.md). Alternate translation: [where he has gone]
21:19	pnwk		rc://*/ta/man/translate/figs-quotemarks	וְ⁠דִבַּרְתָּ֨ אֵלָ֜י⁠ו לֵ⁠אמֹ֗ר כֹּ֚ה אָמַ֣ר יְהוָ֔ה הֲ⁠רָצַ֖חְתָּ וְ⁠גַם־יָרָ֑שְׁתָּ וְ⁠דִבַּרְתָּ֨ אֵלָ֜י⁠ו לֵ⁠אמֹ֗ר כֹּ֚ה אָמַ֣ר יְהוָ֔ה בִּ⁠מְק֗וֹם אֲשֶׁ֨ר לָקְק֤וּ הַ⁠כְּלָבִים֙ אֶת־דַּ֣ם נָב֔וֹת יָלֹ֧קּוּ הַ⁠כְּלָבִ֛ים אֶת־דָּמְ⁠ךָ֖ גַּם־אָֽתָּה	1	There are three levels of quotation in each sentence here. The author is quoting what Yahweh said to Elijah (level 1), continuing from the previous verse. Yahweh tells Elijah what he wants him to say to Ahab (level 2). This includes direct quotations from Yahweh himself (level 3). Use the appropriate punctuation in your language to mark these levels of quotation. Alternatively, you could translate this so that there are not second-level or third-level quotations (see the Quotes within Quotes note).
21:19	vqn6		rc://*/ta/man/translate/figs-quotesinquotes	וְ⁠דִבַּרְתָּ֨ אֵלָ֜י⁠ו לֵ⁠אמֹ֗ר כֹּ֚ה אָמַ֣ר יְהוָ֔ה הֲ⁠רָצַ֖חְתָּ וְ⁠גַם־יָרָ֑שְׁתָּ וְ⁠דִבַּרְתָּ֨ אֵלָ֜י⁠ו לֵ⁠אמֹ֗ר כֹּ֚ה אָמַ֣ר יְהוָ֔ה בִּ⁠מְק֗וֹם אֲשֶׁ֨ר לָקְק֤וּ הַ⁠כְּלָבִים֙ אֶת־דַּ֣ם נָב֔וֹת יָלֹ֧קּוּ הַ⁠כְּלָבִ֛ים אֶת־דָּמְ⁠ךָ֖ גַּם־אָֽתָּה	1	If it would be clearer in your language, you could translate this so that there is not a quotation within a quotation. Alternate translation: [And you shall tell him that I say that he has murdered and also taken possession. And you shall tell him that I say that in the place where the dogs licked the blood of Naboth, the dogs will lick his blood, even his]
21:19	ec0t		rc://*/ta/man/translate/figs-rquestion	הֲ⁠רָצַ֖חְתָּ וְ⁠גַם־יָרָ֑שְׁתָּ	1	Yahweh is using the question form to express strong condemnation and accusation rather than to ask for information. If a speaker of your language would not use the question form for that purpose, you could translate this as a statement or as an exclamation. Alternate translation: [You have murdered and also taken possession!]
21:19	ncta		rc://*/ta/man/translate/figs-ellipsis	הֲ⁠רָצַ֖חְתָּ וְ⁠גַם־יָרָ֑שְׁתָּ	1	Yahweh is leaving out some of the words that in many languages a sentence would need in order to be complete. You can supply these words from the context if that would be clearer in your language. Alternate translation: [You have murdered a man and also taken possession of his property!]
21:19	jgyl		rc://*/ta/man/translate/figs-explicit	גַּם־אָֽתָּה	1	By **even you**, Yahweh is stressing to Ahab that the punishment he describes will indeed happen to him. One possible implication is that even though Ahab is a king, he will not escape this judgment. You could indicate this explicitly in your translation if that would be helpful to your readers. Alternate translation: [even though you are a king]
21:20	w2np		rc://*/ta/man/translate/figs-rquestion	הַֽ⁠מְצָאתַ֖⁠נִי אֹיְבִ֑⁠י	1	Ahab is using the question form for emphasis. If a speaker of your language would not use the question form for that purpose, you could translate this as a statement or as an exclamation. Alternate translation: [So, you have found me, my enemy!]
21:20	ja19		rc://*/ta/man/translate/figs-idiom	הַֽ⁠מְצָאתַ֖⁠נִי	1	Ahab is using **Have you found me** as a common expression of his culture to mean “So, you have caught me” or “You have discovered what I have done.” If this phrase does not have that meaning in your language, you could use a comparable expression from your language that does have that meaning, or you could state the meaning plainly. Alternate translation: [Have you apprehended me] or [Have you discovered what I did]
21:20	irgo		rc://*/ta/man/translate/figs-explicit	אֹיְבִ֑⁠י	1	Ahab is calling Elijah **my enemy** to mean that Elijah has come as the avenger of Ahab’s crime against Naboth. You could indicate this explicitly in your translation if that would be helpful to your readers. Alternate translation: [my avenger]
21:20	rz84		rc://*/ta/man/translate/figs-idiom	הִתְמַכֶּרְ⁠ךָ֔ לַ⁠עֲשׂ֥וֹת הָ⁠רַ֖ע	1	Elijah is using **you have sold yourself** as a common expression of his culture to mean that Ahab has allowed doing evil to take complete control of his life. If this phrase does not have that meaning in your language, you could use a comparable expression from your language that does have that meaning, or you could state the meaning plainly. Alternate translation: [you have surrendered yourself completely to doing evil] or [you have given in completely to doing evil]
21:20	h1dc		rc://*/ta/man/translate/figs-abstractnouns	הָ⁠רַ֖ע	1	If your language does not use an abstract noun for the idea of **evil**, you could express the same idea in another way. Alternate translation: [what is evil]
21:20	a2t5		rc://*/ta/man/translate/figs-idiom	בְּ⁠עֵינֵ֥י יְהוָֽה	1	See how you translated the similar expression in [3:10](../03/10.md). Alternate translation: [in the judgment of Yahweh]
21:21	z4zt		rc://*/ta/man/translate/writing-quotations	הִנְ⁠נִ֨י	1	This is the beginning of a direct quotation from Yahweh. In your translation, use a natural way of introducing direct quotations in your language. Alternate translation: [Thus says Yahweh, ‘Behold me]
21:21	vcud		rc://*/ta/man/translate/figs-idiom	הִנְ⁠נִ֨י מבי אֵלֶ֨י⁠ךָ֙ רָעָ֔ה וּ⁠בִעַרְתִּ֖י אַחֲרֶ֑י⁠ךָ וְ⁠הִכְרַתִּ֤י לְ⁠אַחְאָב֙ מַשְׁתִּ֣ין בְּ⁠קִ֔יר וְ⁠עָצ֥וּר וְ⁠עָז֖וּב בְּ⁠יִשְׂרָאֵֽל	1	See how you translated all of the similar expressions in [14:10](../14/10.md). Alternate translation: [I am about to bring harm on you, and I will destroy you completely, yes, I will cause someone to kill every single one of the men in your family]
21:21	ci0f		rc://*/ta/man/translate/figs-quotesinquotes	הִנְ⁠נִ֨י מבי אֵלֶ֨י⁠ךָ֙ רָעָ֔ה וּ⁠בִעַרְתִּ֖י אַחֲרֶ֑י⁠ךָ וְ⁠הִכְרַתִּ֤י לְ⁠אַחְאָב֙ מַשְׁתִּ֣ין בְּ⁠קִ֔יר וְ⁠עָצ֥וּר וְ⁠עָז֖וּב בְּ⁠יִשְׂרָאֵֽל	1	If it would be clearer in your language, you could translate this so that there is not a quotation within a quotation. Alternate translation: [Yahweh says that he is about to bring harm on you, and he will destroy you completely, yes, he will cause someone to kill every single one of the men in your family]
21:21	mx0d		rc://*/ta/man/translate/figs-123person	לְ⁠אַחְאָב֙	1	Yahweh is speaking of **Ahab** in the third person, even though he is addressing him directly through Elijah. Yahweh is doing that because he is making a solemn declaration. If it would be helpful in your language, you could translate this in the second person. Alternate translation: [from you]
21:22	uez8		rc://*/ta/man/translate/figs-quotesinquotes	וְ⁠נָתַתִּ֣י אֶת־בֵּיתְ⁠ךָ֗ כְּ⁠בֵית֙ יָרָבְעָ֣ם בֶּן־נְבָ֔ט וּ⁠כְ⁠בֵ֖ית בַּעְשָׁ֣א בֶן־אֲחִיָּ֑ה אֶל־הַ⁠כַּ֨עַס֙ אֲשֶׁ֣ר הִכְעַ֔סְתָּ וַֽ⁠תַּחֲטִ֖א אֶת־יִשְׂרָאֵֽל	1	If it would be clearer in your language, you could translate this so that there is not a quotation within a quotation. Alternate translation: [He says that he will make your house like the house of Jeroboam, the son of Nebat, and like the house of Baasha, the son of Ahijah, because of the provocation by which you have provoked him, and you have caused Israel to sin]
21:22	i2j1		rc://*/ta/man/translate/figs-metaphor	אֶת־בֵּיתְ⁠ךָ֗ כְּ⁠בֵית֙ יָרָבְעָ֣ם & וּ⁠כְ⁠בֵ֖ית בַּעְשָׁ֣א	1	Yahweh is speaking as if the families of Ahab, Jeroboam, and Baasha were each actually a **house**. If it would be helpful in your language, you could state the meaning plainly. Alternate translation: [your family like the family of Jeroboam … and like the family of Baasha]
21:22	i3pt		rc://*/ta/man/translate/writing-poetry	אֶל־הַ⁠כַּ֨עַס֙ אֲשֶׁ֣ר הִכְעַ֔סְתָּ	1	See how you translated the similar expression in [15:30](../15/30.md). Alternate translation: [because you have provoked me so severely]
21:23	u7fe		rc://*/ta/man/translate/figs-quotesinquotes	לֵ⁠אמֹ֑ר הַ⁠כְּלָבִ֛ים יֹאכְל֥וּ אֶת־אִיזֶ֖בֶל בְּ⁠חֵ֥ל יִזְרְעֶֽאל	1	If it would be clearer in your language, you could translate this so that there is not a quotation within a quotation. Alternate translation: [saying that dogs will eat Jezebel at the rampart of Jezreel]
21:24	kpxw		rc://*/ta/man/translate/figs-123person	הַ⁠מֵּ֤ת לְ⁠אַחְאָב֙	1	Yahweh is once again speaking of **Ahab** in the third person, even though he is addressing him directly, because he is making a solemn declaration. If it would be helpful in your language, you could translate this in the second person. Alternate translation: [the who belongs to you who dies]
21:24	echt		rc://*/ta/man/translate/figs-metonymy	בַּ⁠שָּׂדֶ֔ה	1	See how you translated this expression in [14:11](../14/11.md) and [16:4](../16/04.md). Alternate translation: [out in the open]
21:25	crda		rc://*/ta/man/translate/figs-idiom	אֲשֶׁ֣ר הִתְמַכֵּ֔ר לַ⁠עֲשׂ֥וֹת הָ⁠רַ֖ע בְּ⁠עֵינֵ֣י יְהוָ֑ה	1	See how you translated all of the similar expression in [21:20](../21/20.md). Alternate translation: [who surrendered himself completely to do what was evil in the judgment of Yahweh]
21:26	i9zf		rc://*/ta/man/translate/figs-metaphor	לָ⁠לֶ֖כֶת אַחֲרֵ֣י הַ⁠גִּלֻּלִ֑ים	1	See how you translated the similar expression in [2:3](../02/03.md). Alternate translation: [by living the way idol-worshipers live]
21:26	zliv		rc://*/ta/man/translate/grammar-collectivenouns	הָ⁠אֱמֹרִ֔י	1	In this verse, the word **Amorite** is singular in form, but it refers to all of the Amorites as a group. If it would be helpful in your language, you could use the plural form of “Amorite.” Alternate translation: [the Amorites]
21:26	j6fm		rc://*/ta/man/translate/figs-idiom	מִ⁠פְּנֵ֖י	1	See how you translated the similar expression in [14:24](../14/24.md). Alternate translation: [for the sake of]
21:26	kmuy		rc://*/ta/man/translate/figs-metaphor	בְּנֵ֥י יִשְׂרָאֵֽל	1	See how you translated the similar expression in [6:1](../06/01.md). Alternate translation: [the Israelites]
21:27	esup		rc://*/ta/man/translate/figs-metonymy	אֶת־הַ⁠דְּבָרִ֤ים הָ⁠אֵ֨לֶּה֙	1	Here, the expression **these words** represents what Elijah said by using words. If it would be clearer in your language, you could state the meaning plainly. Alternate translation: [what Elijah said]
21:27	st8m		rc://*/ta/man/translate/translate-symaction	וַ⁠יִּקְרַ֣ע בְּגָדָ֔י⁠ו וַ⁠יָּֽשֶׂם־שַׂ֥ק עַל־בְּשָׂר֖⁠וֹ וַ⁠יָּצ֑וֹם וַ⁠יִּשְׁכַּ֣ב בַּ⁠שָּׂ֔ק וַ⁠יְהַלֵּ֖ךְ אַֽט	1	Ahab’s actions of tearing his garments, wearing sackcloth day and night, fasting, and walking softly were symbolic actions by which he showed his repentance and mourning for his sins. If it would be helpful to your readers, you could explain the significance of these actions in the text of your translation or in a footnote. Alternate translation: [that to show his sorrow for his sins, he tore his garments, put sackcloth upon his flesh, fasted, lay down in sackcloth, and walked humbly]
21:28	okuj		rc://*/ta/man/translate/figs-idiom	וַֽ⁠יְהִי֙ דְּבַר־יְהוָ֔ה אֶל־אֵלִיָּ֥הוּ	1	See how you translated the similar expression in [6:11](../06/11.md). Alternate translation: [And Yahweh spoke a message to Elijah]
21:29	rvgy		rc://*/ta/man/translate/figs-rquestion	הֲֽ⁠רָאִ֔יתָ כִּֽי־נִכְנַ֥ע אַחְאָ֖ב מִ⁠לְּ⁠פָנָ֑⁠י	1	Here Yahweh is using the question form to draw Elijah’s attention to what has happened. If a speaker of your language would not use the question form for that purpose, you could translate this as a statement or as an exclamation. Alternate translation: [You must have seen that Ahab has humbled himself from to my face.]
21:29	fgja		rc://*/ta/man/translate/figs-idiom	מִ⁠לְּ⁠פָנָ֑⁠י & מִ⁠פָּנַ֗⁠י	1	Yahweh is using **from my face** as a common expression of the culture to mean “in my presence.” If this phrase does not have that meaning in your language, you could use a comparable expression from your language that does have that meaning, or you could state the meaning plainly. Alternate translation: [in my presence … in my presence]
21:29	d6qg		rc://*/ta/man/translate/figs-metonymy	בְּ⁠יָמָ֔י⁠ו בִּ⁠ימֵ֣י בְנ֔⁠וֹ	1	In each instance here, **days** represents a period of time, specifically the lifetime of a person. If it would be helpful in your language, you could use an equivalent expression or state the meaning plainly. Alternate translation: [during his lifetime. During the lifetime of his son]
21:29	rhrc		rc://*/ta/man/translate/figs-metaphor	בֵּיתֽ⁠וֹ	1	Here, **house** represents the family of Ahab. If it would be helpful in your language, you could state the meaning plainly. Alternate translation: [his family]
22:intro	abcm				0	# 1 Kings 22 Chapter Introduction\n\n## Structure and Formatting\n\nThis chapter describes the death of Ahab, whom the author had said in 21:25 was the worst of all the Israelite kings. Yahweh warned Ahab through the prophet Micaiah that if he went to battle against Ramoth Gilead, he would be killed there. But Ahab listened instead to the false prophets who promised he would win a great victory there. He attacked the city and was mortally wounded, bled profusely, and died. When his soldiers brought his chariot back to Samaria, the dogs licked up his blood, just as Yahweh had told Elijah to predict in 21:19. The chapter concludes with brief accounts of two other kings.\n\n  1. Micaiah predicts that Ahab will die at the battle of Ramoth Gilead (22:1–28)\n  2. Ahab is killed at the battle of Ramoth Gilead (22:29–40)\n  3. Summary of the reign of Jehoshaphat (22:41–50)\n  4. Introduction to the reign of Azariah (22:51–53)\n\n## Religious and Cultural Concepts in This Chapter\n\n### What did Jehoshaphat shout out?\n\nIn 22:32–33, the author describes how the Aramean soldiers saw Jehoshaphat in his royal robes and thought he was Ahab, whom they had specific orders to pursue and kill. But Jehoshaphat shouted something out, and when the Arameans heard it, they realized he was not Ahab, so they left him and continued to look for Ahab. What would Jehoshaphat have shouted out that made the Arameans realize this? Many interpreters suggest that he shouted out the Judean battle cry in order to rally his soldiers in his defense. The historical narrative in the Bible records how armies of this time had their battle cries. For example, in [Judges 7:20](../jdg/07/20.md), the Israelite soldiers under Gideon’s command shout out, “A sword for Yahweh and for Gideon!” So Jehoshaphat likely shouted out something that the Arameans recognized or understood as the Judean battle cry, and this indicated to them that this king was Jehoshaphat, not Ahab.
22:1	wm0r		rc://*/ta/man/translate/writing-pronouns	וַ⁠יֵּשְׁב֖וּ שָׁלֹ֣שׁ שָׁנִ֑ים אֵ֚ין מִלְחָמָ֔ה בֵּ֥ין אֲרָ֖ם וּ⁠בֵ֥ין יִשְׂרָאֵֽל	1	The pronoun **they** refers to the kingdoms of **Aram** and **Israel**. It may be more natural in your language to use their names at the beginning of the sentence and a pronoun at the end. Alternate translation: [And Aram and Israel continued three years without war between them]
22:2	ttq5		rc://*/ta/man/translate/writing-newevent	וַ⁠יְהִ֖י	1	The author is using the phrase **And it happened** to introduce a new event in the story. Use a word, phrase, or other method in your language that is natural for introducing a new event.
22:2	uqw5		rc://*/ta/man/translate/translate-ordinal	בַּ⁠שָּׁנָ֣ה הַ⁠שְּׁלִישִׁ֑ית	1	If your language would not represent a number in a form such as **third**, you could represent this number in a form that your language would use. Alternate translation: [in year three] or [after those three years]
22:2	jzyk		rc://*/ta/man/translate/figs-explicitinfo	וַ⁠יֵּ֛רֶד יְהוֹשָׁפָ֥ט מֶֽלֶךְ־יְהוּדָ֖ה	1	See how you translated the similar expression in [1:25](../01/25.md). Alternate translation: [that Jehoshaphat, the king of Judah, went]
22:3	edzy		rc://*/ta/man/translate/figs-rquestion	הַ⁠יְדַעְתֶּ֕ם כִּֽי־לָ֖⁠נוּ רָמֹ֣ת גִּלְעָ֑ד וַ⁠אֲנַ֣חְנוּ מַחְשִׁ֔ים מִ⁠קַּ֣חַת אֹתָ֔⁠הּ מִ⁠יַּ֖ד מֶ֥לֶךְ אֲרָֽם	1	Ahab is using the question form for emphasis. If a speaker of your language would not use the question form for that purpose, you could translate this as a statement or as an exclamation. Alternate translation: [Since Ramoth Gilead rightfully belongs to us, we should not be silent from taking it from the hand of the king of Aram!]
22:3	tmmx		rc://*/ta/man/translate/figs-metaphor	וַ⁠אֲנַ֣חְנוּ מַחְשִׁ֔ים מִ⁠קַּ֣חַת אֹתָ֔⁠הּ	1	Ahab is speaking as if the Israelites were actually **being silent**. He means that they are doing nothing. If it would be helpful in your language, you could state the meaning plainly. If you have already translated the book of Judges, see how you translated the similar expression in [Judges 18:9](../jdg/18/09.md). Alternate translation: [but we are doing nothing to take it]
22:3	mi3e		rc://*/ta/man/translate/figs-metonymy	מִ⁠יַּ֖ד	1	Here, **hand** represents a person’s possession of something. If it would be helpful in your language, you could use an equivalent expression or state the meaning plainly. Alternate translation: [from the possession of]
22:4	w6rc		rc://*/ta/man/translate/figs-synecdoche	הֲ⁠תֵלֵ֥ךְ אִתִּ֛⁠י	1	Ahab is using one Judean who would be involved, Jehoshaphat, addressing him as **you**, to mean all the Judeans who would be involved. He is also using one Israelite who would be involved, himself, to mean all the Israelites who would be involved. If it would be helpful in your language, you could use an equivalent expression from your culture or state the meaning plainly. Alternate translation: [Will your army go with my army]
22:4	me1d		rc://*/ta/man/translate/figs-idiom	כָּמ֧וֹ⁠נִי כָמ֛וֹ⁠ךָ כְּ⁠עַמִּ֥⁠י כְ⁠עַמֶּ֖⁠ךָ כְּ⁠סוּסַ֥⁠י כְּ⁠סוּסֶֽי⁠ךָ	1	Jehoshaphat is using a common expression of his culture to agree to join Ahab in an attack on Ramoth Gilead. If this expression does not have that meaning in your language, you could use a comparable expression from your language that does have that meaning, or you could state the meaning plainly. Alternate translation: [I and my army with its horses will fight alongside you and your army with its horses]
22:4	x1n7		rc://*/ta/man/translate/figs-explicit	כְּ⁠עַמִּ֥⁠י כְ⁠עַמֶּ֖⁠ךָ	1	In this context, the word **people** means “soldiers.” It may be helpful to clarify this for your readers. Alternate translation: [Like my soldiers, like your soldiers]
22:5	c6pj		rc://*/ta/man/translate/figs-idiom	כַ⁠יּ֖וֹם	1	Jehoshaphat is using **as today** as a common expression of his culture to mean “first” or “right now.” If this phrase does not have that meaning in your language, you could use a comparable expression from your language that does have that meaning, or you could state the meaning plainly. Alternate translation: [first]
22:5	f4a1		rc://*/ta/man/translate/figs-metonymy	אֶת־דְּבַ֥ר יְהוָֽה	1	Jehoshaphat is using the **word** of Yahweh to represent what Yahweh would say by using word. If it would be helpful in your language, you could use an equivalent expression or state the meaning plainly. Alternate translation: [guidance from Yahweh]
22:6	dtdv		rc://*/ta/man/translate/translate-names	אֲדֹנָ֖⁠י	1	These prophets are referring to Yahweh by a title rather than by a name. (Jehoshaphat recognizes this, and that is why he asks in the next verse to inquire of a “prophet of Yahweh.”) Some translations, following traditional Jewish usage, represent the divine name Yahweh as “the Lord,” often using small caps or all caps to indicate what they are doing. If you have chosen to do that in your translation, be sure not to use caps here. That way it will be clear that these prophets are not speaking in the name of Yahweh. (Another way to make this clear would be to use the term “God,” as the UST does.)
22:6	vx01		rc://*/ta/man/translate/figs-metonymy	בְּ⁠יַ֥ד הַ⁠מֶּֽלֶךְ	1	See how you translated the similar expression in [22:3](../22/03.md). Alternate translation: [into the possession of the king]
22:6	p7md		rc://*/ta/man/translate/figs-123person	בְּ⁠יַ֥ד הַ⁠מֶּֽלֶךְ	1	Even though the prophets are addressing the king of Israel directly, they are speaking of him in the third person as **the king** to show respect. If it would be helpful in your language, you could translate this in a respectful form in the second person. Alternate translation: [into your hand, O king] or [into your possession, O king]
22:7	l01h		rc://*/ta/man/translate/figs-ellipsis	וְ⁠נִדְרְשָׁ֖ה מֵ⁠אוֹתֽ⁠וֹ	1	Jehoshaphat is leaving out some of the words that in many languages a sentence would need in order to be complete. You can supply these words from the context if that would be clearer in your language. Alternate translation: [that we may seek a message from Yahweh from him]
22:8	k5uk		rc://*/ta/man/translate/grammar-connect-logic-result	וַ⁠אֲנִ֣י שְׂנֵאתִ֗י⁠ו כִּ֠י לֹֽא־יִתְנַבֵּ֨א עָלַ֥⁠י טוֹב֙ כִּ֣י אִם־רָ֔ע	1	If it would be more natural in your language, you could reverse the order of these phrases, since the second phrase gives the reason for the result that the first phrase describes. Alternate translation: [but because he does not prophesy good about me but rather evil, I, I hate him]
22:8	dvv3		rc://*/ta/man/translate/figs-abstractnouns	טוֹב֙ & רָ֔ע	1	If your language does not use abstract nouns for the ideas of **good** and **evil**, you could express the same ideas in other ways. Alternate translation: [good things … bad things]
22:8	jcfx		rc://*/ta/man/translate/writing-pronouns	וַ⁠אֲנִ֣י שְׂנֵאתִ֗י⁠ו	1	See how you translated the similar expression in [1:17](../01/17.md). Alternate translation: [but, personally, I hate him]
22:8	bu55		rc://*/ta/man/translate/figs-123person	אַל־יֹאמַ֥ר הַ⁠מֶּ֖לֶךְ כֵּֽן	1	Even though Jehoshaphat is addressing Ahab directly, he is speaking of him in the third person as **the king** to show respect. If it would be helpful in your language, you could translate this in a respectful form in the second person. Alternate translation: [May you not say thus, O king]
22:8	o14n		rc://*/ta/man/translate/figs-ellipsis	כִּ֣י אִם־רָ֔ע	1	The author is leaving out some of the words that in many languages a sentence would need in order to be complete. You can supply these words from the context if that would be clearer in your language. Alternate translation: [but rather he prophesies evil about me]
22:8	by30		rc://*/ta/man/translate/writing-politeness	אַל־יֹאמַ֥ר הַ⁠מֶּ֖לֶךְ כֵּֽן	1	Jehoshaphat is politely and tactfully disagreeing with Ahab and suggesting that Micaiah will not necessarily prophesy something evil. In your translation, express this in the way that a speaker of your language would politely disagree with someone. Alternate translation: [I do not think you need to speak that way]
22:10	daxl		rc://*/ta/man/translate/writing-background	וּ⁠מֶ֣לֶךְ יִשְׂרָאֵ֡ל וִֽ⁠יהוֹשָׁפָ֣ט מֶֽלֶךְ־יְהוּדָ֡ה יֹשְׁבִים֩ אִ֨ישׁ עַל־כִּסְא֜⁠וֹ מְלֻבָּשִׁ֤ים בְּגָדִים֙	1	The author is providing background information to help readers understand what happens next in the story. Micaiah demonstrated courage and faithfulness to Yahweh by speaking a difficult message truthfully despite the intimidating appearance of these kings. In your translation, introduce this information in a way that would be natural in your own language and culture.
22:10	cayw		rc://*/ta/man/translate/figs-idiom	אִ֨ישׁ עַל־כִּסְא֜⁠וֹ	1	The author is using **a man on his throne** as a common expression of his culture to mean “each on his own throne.” If this phrase does not have that meaning in your language, you could use a comparable expression from your language that does have that meaning, or you could state the meaning plainly. Alternate translation: [each on his own throne]
22:10	egaw		rc://*/ta/man/translate/figs-hyperbole	וְ⁠כָ֨ל־הַ⁠נְּבִיאִ֔ים	1	The author says **all the prophets** as a generalization for emphasis. He may not mean that all 400 of Ahab’s prophets were present at this location. He may mean that many of them were present and were prophesying. If it would be clearer in your language, you could express the emphasis in a different way. Alternate translation: [And all the prophets who were there]
22:10	svkj		rc://*/ta/man/translate/figs-metonymy	לִ⁠פְנֵי⁠הֶֽם	1	Here, **to their faces** represents being in the presence of these kings. If it would be helpful in your language, you could use an equivalent expression or plain language. Alternate translation: [in their presence]
22:11	wtv8		rc://*/ta/man/translate/figs-quotesinquotes	כֹּֽה־אָמַ֣ר יְהוָ֔ה בְּ⁠אֵ֛לֶּה תְּנַגַּ֥ח אֶת־אֲרָ֖ם עַד־כַּלֹּתָֽ⁠ם	1	If it would be clearer in your language, you could translate this so that there is not a quotation within a quotation. Alternate translation: [Yahweh says that with these you will gore Aram until their finishing]
22:11	gjrg		rc://*/ta/man/translate/translate-names	יְהוָ֔ה	1	Now that Ahab’s prophets know that Jehoshaphat wants to hear a message from Yahweh, they are using his name rather than a title. Here and in the next verse, show that the prophets are using the name of Yahweh by representing it in the way that you have decided to do that regularly in your translation.
22:11	bapy		rc://*/ta/man/translate/figs-metaphor	בְּ⁠אֵ֛לֶּה תְּנַגַּ֥ח אֶת־אֲרָ֖ם עַד־כַּלֹּתָֽ⁠ם	1	Zedekiah is speaking as if Ahab’s army were actually an ox with iron horns that could gore its enemies. Your language may have a comparable expression that you can use in your translation, or you could state the meaning plainly. Alternate translation: [You will defeat Aram completely, as if you had been an ox goring them with horns like these]
22:12	wntb		rc://*/ta/man/translate/grammar-connect-logic-result	עֲלֵ֞ה רָמֹ֤ת גִּלְעָד֙ וְ⁠הַצְלַ֔ח וְ⁠נָתַ֥ן יְהוָ֖ה בְּ⁠יַ֥ד הַ⁠מֶּֽלֶךְ	1	If it would be more natural in your language, you could reverse the order of these phrases, since the second phrase gives the reason for the result that the first phrase describes. Alternate translation: [Since Yahweh will give it into the hand of the king, go up to Ramoth Gilead and prosper]
22:12	owms		rc://*/ta/man/translate/figs-imperative	וְ⁠הַצְלַ֔ח	1	This is an imperative, but it describes a result rather than giving a command. Use a form in your language that describes a result, here and in verse 15. Alternate translation: [and you will prosper] or [and you will succeed]
22:13	ehha		rc://*/ta/man/translate/figs-metaphor	הִנֵּה	1	See how you translated the similar expression in [1:14](../01/14.md). Alternate translation: [Listen]
22:13	pzqo		rc://*/ta/man/translate/figs-metonymy	נָ֞א דִּבְרֵ֧י הַ⁠נְּבִיאִ֛ים & דברי⁠ך כִּ⁠דְבַ֛ר אַחַ֥ד מֵ⁠הֶ֖ם	1	The messenger is using the term **word** to represent what the prophets have been saying and what he hopes Micaiah will say by using words. If it would be clearer in your language, you could state the meaning plainly. Alternate translation: [the things the prophets are saying … what you say … what one of them is saying]
22:13	fo0g		rc://*/ta/man/translate/figs-metonymy	פֶּֽה־אֶחָ֥ד	1	The messenger is using the term **mouth** to represent speaking. He is using the idea of all the prophets using **one mouth** to speak to mean that they are saying the same thing. If it would be helpful in your language, you could use an equivalent expression or state the meaning plainly. Alternate translation: [unanimously]
22:14	aa2f		rc://*/ta/man/translate/writing-oathformula	חַי־יְהוָ֕ה	1	Following the custom of his culture, Micaiah is swearing an oath and guaranteeing it by something that he holds sacred. Use a natural way in your language to express an oath. Alternate translation: [I swear by Yahweh]
22:15	jxzy		rc://*/ta/man/translate/figs-irony	עֲלֵ֣ה וְ⁠הַצְלַ֔ח וְ⁠נָתַ֥ן יְהוָ֖ה בְּ⁠יַ֥ד הַ⁠מֶּֽלֶךְ	1	Micaiah actually means to communicate the opposite of the literal meaning of what he is saying here. (This is indicated by the way that he is imitating exactly what the other prophets have been saying.) If a speaker of your language would not say the opposite of what he meant, you could indicate what Micaiah is doing. Alternate translation: [I was told to say the same thing as the other prophets, so go up and prosper, for Yahweh will give it into the hand of the king]
22:16	qryj		rc://*/ta/man/translate/figs-rquestion	עַד־כַּ⁠מֶּ֥ה פְעָמִ֖ים אֲנִ֣י מַשְׁבִּעֶ֑⁠ךָ אֲ֠שֶׁר לֹֽא־תְדַבֵּ֥ר אֵלַ֛⁠י רַק־אֱמֶ֖ת בְּ⁠שֵׁ֥ם יְהוָֽה	1	King Ahab is using the question form for emphasis. If a speaker of your language would not use the question form for that purpose, you could translate this as a statement or as an exclamation. Alternate translation: [I have made you swear many times before that you would not speak about me except truth in the name of Yahweh!]
22:16	xxms		rc://*/ta/man/translate/grammar-connect-exceptions	לֹֽא־תְדַבֵּ֥ר אֵלַ֛⁠י רַק־אֱמֶ֖ת	1	If it would appear in your language that the king was making a statement and then contradicting it, you could reword this as a positive statement. Alternate translation: [you would only speak truth about me]
22:16	u0yp		rc://*/ta/man/translate/figs-abstractnouns	אֱמֶ֖ת	1	If your language does not use an abstract noun for the idea of **truth**, you could express the same idea in another way. Alternate translation: [things that are true]
22:16	gky6		rc://*/ta/man/translate/figs-metonymy	בְּ⁠שֵׁ֥ם יְהוָֽה	1	Here, **the name of Yahweh** represents the authority of Yahweh. If it would be helpful in your language, you could use an equivalent expression or state the meaning plainly. Alternate translation: [when speaking with Yahweh’s authority] or [when speaking on behalf of Yahweh]
22:17	qy1s		rc://*/ta/man/translate/figs-metonymy	אֶת־כָּל־יִשְׂרָאֵל֙	1	Here, **Israel** represents the Israelite army. If it would be helpful in your language, you could use an equivalent expression or plain language. Alternate translation: [the whole Israelite army]
22:17	v0xq		rc://*/ta/man/translate/figs-quotesinquotes	וַ⁠יֹּ֤אמֶר יְהוָה֙ לֹֽא־אֲדֹנִ֣ים לָ⁠אֵ֔לֶּה יָשׁ֥וּבוּ אִישׁ־לְ⁠בֵית֖⁠וֹ בְּ⁠שָׁלֽוֹם	1	If it would be clearer in your language, you could translate this so that there is not a quotation within a quotation. Alternate translation: [And Yahweh said that no masters were to these, so they should return, a man to his house, in peace]
22:17	mf2e		rc://*/ta/man/translate/figs-idiom	יָשׁ֥וּבוּ אִישׁ־לְ⁠בֵית֖⁠וֹ	1	See how you translated the similar expression in [12:24](../12/24.md). Alternate translation: [Let each of them leave the army and return to his home]
22:17	nx3e		rc://*/ta/man/translate/figs-abstractnouns	בְּ⁠שָׁלֽוֹם	1	If your language does not use an abstract noun for the idea of **peace**, you could express the same idea in another way. Alternate translation: [peacefully]
22:18	pgkv		rc://*/ta/man/translate/figs-quotesinquotes	הֲ⁠לוֹא֙ אָמַ֣רְתִּי אֵלֶ֔י⁠ךָ לֽוֹא־יִתְנַבֵּ֥א עָלַ֛⁠י ט֖וֹב כִּ֥י אִם־רָֽע	1	If it would be clearer in your language, you could translate this so that there is not a quotation within a quotation. Alternate translation: [Did I not tell you that he would not prophesy good about me, but rather evil]
22:18	e5de		rc://*/ta/man/translate/figs-rquestion	הֲ⁠לוֹא֙ אָמַ֣רְתִּי אֵלֶ֔י⁠ךָ לֽוֹא־יִתְנַבֵּ֥א עָלַ֛⁠י ט֖וֹב כִּ֥י אִם־רָֽע	1	Ahab is using the question form to remind Jehoshaphat of what he had already told him and to emphasize that he was right. If a speaker of your language would not use the question form for that purpose, you could translate this as a statement or as an exclamation. Alternate translation: [I told you that he would not prophesy good about me but rather evil!]
22:18	en2v		rc://*/ta/man/translate/figs-abstractnouns	ט֖וֹב & רָֽע	1	If your language does not use abstract nouns for the ideas of **good** and **evil**, you could express the same ideas in other ways. Alternate translation: [good things … bad things]
22:18	tpm0		rc://*/ta/man/translate/figs-ellipsis	כִּ֥י אִם־רָֽע	1	The author is leaving out some of the words that in many languages a sentence would need in order to be complete. You can supply these words from the context if that would be clearer in your language. Alternate translation: [but rather he will prophesy evil about me]
22:19	n1va		rc://*/ta/man/translate/grammar-connect-words-phrases	לָ⁠כֵ֖ן	1	Here the word **Therefore** introduces not a reason but an explanation. If it would be helpful in your language, you could use a different connecting word or phrase. Alternate translation: [Since you have asked me to speak only truth in the name of Yahweh]
22:19	z0ut		rc://*/ta/man/translate/figs-metonymy	דְּבַר־יְהוָ֑ה	1	Here, **word** represents what Yahweh said by using words. If it would be clearer in your language, you could state the meaning plainly. Alternate translation: [what Yahweh has said]
22:19	hena		rc://*/ta/man/translate/figs-metaphor	וְ⁠כָל־צְבָ֤א הַ⁠שָּׁמַ֨יִם֙ עֹמֵ֣ד	1	Micaiah is speaking of heavenly beings as if they were an **army**. Your language may have a comparable expression that you can use in your translation, or you could state the meaning plainly. Alternate translation: [and all of the heavenly beings were standing]
22:19	gukz		rc://*/ta/man/translate/figs-nominaladj	מִ⁠ימִינ֖⁠וֹ וּ⁠מִ⁠שְּׂמֹאלֽ⁠וֹ	1	The author is using the adjectives **right** and **left** as nouns to mean certain sides. Your language may use adjectives in the same way. If not, you can translate these adjectives with equivalent phrases. Alternate translation: [on his right side and on his left side]
22:20	e1vs		rc://*/ta/man/translate/figs-quotesinquotes	וַ⁠יֹּ֣אמֶר יְהוָ֗ה מִ֤י יְפַתֶּה֙ אֶת־אַחְאָ֔ב וְ⁠יַ֕עַל וְ⁠יִפֹּ֖ל בְּ⁠רָמֹ֣ת גִּלְעָ֑ד וַ⁠יֹּ֤אמֶר זֶה֙ בְּ⁠כֹ֔ה וְ⁠זֶ֥ה אֹמֵ֖ר בְּ⁠כֹֽה	1	If it would be clearer in your language, you could translate this so that there is not a quotation within a quotation. Alternate translation: [And Yahweh asked who would deceive Ahab so that he would go up and fall at Ramoth Gilead. And one angel suggested one thing while another angel was suggesting something else]
22:20	qg62		rc://*/ta/man/translate/figs-metonymy	וְ⁠יִפֹּ֖ל	1	Here, **fall** represents “die.” If it would be helpful in your language, you could use an equivalent expression or plain language. Alternate translation: [and die]
22:21	zg71		rc://*/ta/man/translate/figs-metonymy	לִ⁠פְנֵ֣י יְהוָ֔ה	1	Here, **to the face of** represents being in front of Yahweh. If it would be helpful in your language, you could use an equivalent expression or plain language. Alternate translation: [in front of Yahweh]
22:21	tmxi		rc://*/ta/man/translate/writing-pronouns	וַ⁠יֹּ֖אמֶר אֲנִ֣י אֲפַתֶּ֑⁠נּוּ	1	See how you translated the similar expression in [1:17](../01/17.md). Alternate translation: [And he said, ‘I will be the one who deceives him]
22:21	ip0g		rc://*/ta/man/translate/figs-quotesinquotes	וַ⁠יֹּ֖אמֶר אֲנִ֣י אֲפַתֶּ֑⁠נּוּ	1	If it would be clearer in your language, you could translate this so that there is not a quotation within a quotation. Alternate translation: [And he said that he would be the one who deceived him]
22:21	vpx9		rc://*/ta/man/translate/figs-ellipsis	וַ⁠יֹּ֧אמֶר יְהוָ֛ה אֵלָ֖י⁠ו בַּ⁠מָּֽה	1	Yahweh is leaving out some of the words that in many languages a sentence would need in order to be complete. You can supply these words from the context if that would be clearer in your language. Alternate translation: [And Yahweh said to him, ‘By what means will you deceive him]
22:21	u4ym		rc://*/ta/man/translate/figs-quotesinquotes	וַ⁠יֹּ֧אמֶר יְהוָ֛ה אֵלָ֖י⁠ו בַּ⁠מָּֽה	1	If it would be clearer in your language, you could translate this so that there is not a quotation within a quotation. Alternate translation: [And Yahweh asked him by what means he would deceive him]
22:22	nwrz		rc://*/ta/man/translate/figs-quotesinquotes	וַ⁠יֹּ֗אמֶר אֵצֵא֙ וְ⁠הָיִ֨יתִי֙ ר֣וּחַ שֶׁ֔קֶר בְּ⁠פִ֖י כָּל־נְבִיאָ֑י⁠ו וַ⁠יֹּ֗אמֶר תְּפַתֶּה֙ וְ⁠גַם־תּוּכָ֔ל צֵ֖א וַ⁠עֲשֵׂה־כֵֽן	1	If it would be clearer in your language, you could translate this so that there are not quotations within quotations. Alternate translation: [And the spirit said that he would go out and be a spirit of falsehood in the mouth of all of Ahab’s prophets. And Yahweh told him that he would be able to deceive Ahab, so he should go out and do what he had suggested]
22:22	afmz		rc://*/ta/man/translate/figs-abstractnouns	ר֣וּחַ שֶׁ֔קֶר	1	If your language does not use an abstract noun for the idea of **falsehood**, you could express the same idea in another way. Alternate translation: [a lying spirit]
22:22	c62w		rc://*/ta/man/translate/figs-metonymy	בְּ⁠פִ֖י כָּל־נְבִיאָ֑י⁠ו	1	Here, **mouth** represents what the prophets would say. If it would be helpful in your language, you could use an equivalent expression or state the meaning plainly. Alternate translation: [to influence what all of his prophets say]
22:22	fqn0		rc://*/ta/man/translate/figs-hendiadys	תְּפַתֶּה֙ וְ⁠גַם־תּוּכָ֔ל	1	The verbs **deceive** and **be able** express a single idea. If it would be more natural in your language, you could express this meaning in a different way. Alternate translation: [You will be able to deceive him]
22:23	vnwz		rc://*/ta/man/translate/grammar-connect-words-phrases	וְ⁠עַתָּ֗ה	1	**And now** was an expression that speakers in this culture commonly used to introduce their main topic. See how you have been translating it in contexts such as [1:12](../01/12.md) and [2:16](../02/16.md).
22:24	gskb		rc://*/ta/man/translate/translate-symaction	וַ⁠יַּכֶּ֥ה אֶת־מִיכָ֖יְהוּ עַל־הַ⁠לֶּ֑חִי	1	Striking someone **on the cheek** was a symbolic action by which Zedekiah showed contempt for Micaiah and his prophetic message. If it would be helpful to your readers, you could explain the significance of this action in the text of your translation or in a footnote. Alternate translation: [and struck Micaiah on the cheek to show contempt for him and what he had said] or [and slapped Micaiah on the cheek as an insult]
22:24	j9rw		rc://*/ta/man/translate/figs-rquestion	אֵי־זֶ֨ה עָבַ֧ר רֽוּחַ־יְהוָ֛ה מֵ⁠אִתִּ֖⁠י לְ⁠דַבֵּ֥ר אוֹתָֽ⁠ךְ	1	Zedekiah is using the question form for emphasis and to express his indignation. If a speaker of your language would not use the question form for that purpose, you could translate this as a statement or as an exclamation. Alternate translation: [How dare you claim that the Spirit of Yahweh has passed over from with me to speak to you!]
22:25	c6sn		rc://*/ta/man/translate/figs-idiom	הִנְּ⁠ךָ֥ רֹאֶ֖ה	1	See how you translated the similar expression in [11:22](../11/22.md). Alternate translation: [You are about to see,]
22:25	f796		rc://*/ta/man/translate/translate-unknown	חֶ֥דֶר בְּ⁠חֶ֖דֶר	1	See how you translated the similar expression in [20:30](../20/30.md). Alternate translation: [an inner room] or [a private room]
22:26	dsfo		rc://*/ta/man/translate/figs-yousingular	קַ֚ח	1	The implied “you” in the imperative **Take** is singular because Ahab is speaking to the messenger who brought Micaiah to him. So use the singular form in your translation if your language marks that distinction.
22:26	f01d		rc://*/ta/man/translate/figs-123person	בֶּן־הַ⁠מֶּֽלֶךְ	1	Even though the king is referring to his own son, he is speaking of him in the third person as **the son of the king** because he is making a formal announcement. If it would be helpful in your language, you could translate this in the first person. Alternate translation: [my son]
22:27	s71t		rc://*/ta/man/translate/figs-quotemarks	וְ⁠אָמַרְתָּ֗ כֹּ֚ה אָמַ֣ר הַ⁠מֶּ֔לֶךְ שִׂ֥ימוּ אֶת־זֶ֖ה בֵּ֣ית הַ⁠כֶּ֑לֶא וְ⁠הַאֲכִילֻ֨⁠הוּ לֶ֤חֶם לַ֨חַץ֙ וּ⁠מַ֣יִם לַ֔חַץ עַ֖ד בֹּאִ֥⁠י בְ⁠שָׁלֽוֹם	1	There are three levels of quotation here. The author is quoting what Ahab told his officials (level 1), continuing from the previous verse. Ahab tells his officials what to say to Amon and Joash (level 2). That includes a direct quotation from Ahab himself (level 3). Use the appropriate punctuation in your language to mark these levels of quotation. Alternatively, you could translate this so that there are not second-level or third-level quotations (see the Quotes within Quotes note).
22:27	v7s2		rc://*/ta/man/translate/figs-quotesinquotes	וְ⁠אָמַרְתָּ֗ כֹּ֚ה אָמַ֣ר הַ⁠מֶּ֔לֶךְ שִׂ֥ימוּ אֶת־זֶ֖ה בֵּ֣ית הַ⁠כֶּ֑לֶא וְ⁠הַאֲכִילֻ֨⁠הוּ לֶ֤חֶם לַ֨חַץ֙ וּ⁠מַ֣יִם לַ֔חַץ עַ֖ד בֹּאִ֥⁠י בְ⁠שָׁלֽוֹם	1	If it would be clearer in your language, you could translate this so that there is not a quotation within a quotation. Alternate translation: [And you shall tell them that I say that they are to put this one in the house of imprisonment and feed him bread of affliction and water of affliction until my coming in peace]
22:27	gwg8		rc://*/ta/man/translate/figs-yousingular	שִׂ֥ימוּ & וְ⁠הַאֲכִילֻ֨⁠הוּ	1	The implied “you” in the imperatives **Put** and **feed** is plural because the messengers would be addressing Amon and Joash, so use the plural form in your translation if your language marks that distinction.
22:27	e5ui		rc://*/ta/man/translate/figs-abstractnouns	בֵּ֣ית הַ⁠כֶּ֑לֶא	1	If your language does not use an abstract noun for the idea of **imprisonment**, you could express the same idea in another way. Alternate translation: [the prison building]
22:27	ghiv		rc://*/ta/man/translate/figs-idiom	לֶ֤חֶם לַ֨חַץ֙ וּ⁠מַ֣יִם לַ֔חַץ	1	The king is using **bread of affliction and water of affliction** as a common expression of his culture to mean the scanty food and drink that people would have during a time of **affliction**, such as during a siege. If this phrase does not have that meaning in your language, you could use a comparable expression from your language that does have that meaning, or you could state the meaning plainly. Alternate translation: [scanty food and drink]
22:27	dbgf		rc://*/ta/man/translate/figs-abstractnouns	בְ⁠שָׁלֽוֹם	1	If your language does not use an abstract noun for the idea of **peace**, you could express the same idea in another way. Alternate translation: [peacefully]
22:28	jtzn		rc://*/ta/man/translate/figs-reduplication	שׁ֤וֹב תָּשׁוּב֙	1	Micaiah is repeating forms of the verb **return** in order to intensify his expression of the idea that it conveys. If your language can repeat words for intensification, it would be appropriate to do that here in your translation. If not, your language may have another way of expressing the intensification. Alternate translation: [you indeed return]
22:28	sxjj		rc://*/ta/man/translate/figs-explicit	עַמִּ֥ים כֻּלָּֽ⁠ם	1	By **peoples**, Micaiah means the tribes of Israel, and he is using **them** to represent the Israelites from various tribes who were present in Samaria to hear his prophecy. You could indicate this explicitly in your translation if that would be helpful to your readers. Alternate translation: [you tribes of Israel, all of you] or [you Israelites, all of you]
22:28	xmiv		rc://*/ta/man/translate/figs-123person	כֻּלָּֽ⁠ם	1	Since Micaiah is referring to people who are present, it may be more natural in your language to use a second-person pronoun here. Alternate translation: [all of you]
22:30	orkl		rc://*/ta/man/translate/figs-go	וָ⁠בֹ֣א בַ⁠מִּלְחָמָ֔ה & וַ⁠יָּב֖וֹא בַּ⁠מִּלְחָמָֽה	1	In a context such as this, your language might say “went” instead of **came**. Alternate translation: [and go into the battle … and he went into the battle]
22:30	fjqe		rc://*/ta/man/translate/writing-pronouns	וְ⁠אַתָּ֖ה לְבַ֣שׁ בְּגָדֶ֑י⁠ךָ	1	See how you translated the similar expression in [12:4](../12/04.md). Alternate translation: [but for your part, wear your robes]
22:31	bc12		rc://*/ta/man/translate/figs-merism	לֹ֚א תִּלָּ֣חֲמ֔וּ אֶת־קָטֹ֖ן וְ⁠אֶת־גָּד֑וֹל כִּ֛י אִֽם־אֶת־מֶ֥לֶךְ יִשְׂרָאֵ֖ל לְ⁠בַדּֽ⁠וֹ	1	The king of Aram is referring to all the soldiers his troops might encounter by naming two extremes, **small** and **great**. If it would be helpful in your language, you could use an equivalent expression or plain language. Alternate translation: [You shall not fight with anyone except with the king of Israel alone]
22:31	hiuk		rc://*/ta/man/translate/grammar-connect-exceptions	לֹ֚א תִּלָּ֣חֲמ֔וּ אֶת־קָטֹ֖ן וְ⁠אֶת־גָּד֑וֹל כִּ֛י אִֽם־אֶת־מֶ֥לֶךְ יִשְׂרָאֵ֖ל לְ⁠בַדּֽ⁠וֹ	1	If it would appear in your language that the king of Aram was making a statement and then contradicting it, you could reword this as a positive statement. Alternate translation: [You shall only fight with the king of Israel himself, not with anyone else]
22:32	yw22		rc://*/ta/man/translate/writing-pronouns	וְ⁠הֵ֤מָּה אָֽמְרוּ֙	1	The author is stating the pronoun **they** separately, even though the verb translated as **they said** already includes this meaning. He is doing that to indicate that this action took place at the same time as when they **saw Jehoshaphat**. If a speaker of your language would use an explicit pronoun for the same purpose, you may want to use that construction in your translation. If not, your language may have other ways of showing the meaning here. Alternate translation: [that right away they said]
22:34	eqmm		rc://*/ta/man/translate/figs-idiom	מָשַׁ֤ךְ בַּ⁠קֶּ֨שֶׁת֙	1	The author is using **drew with the bow** as a common expression of his culture to mean “shot an arrow.” If this phrase does not have that meaning in your language, you could use a comparable expression from your language that does have that meaning, or you could state the meaning plainly. Alternate translation: [shot an arrow]
22:34	p3bs		rc://*/ta/man/translate/figs-idiom	לְ⁠תֻמּ֔⁠וֹ	1	The author is using **in his innocence** as a common expression of his culture to mean “without knowing at whom he was shooting” or “without aiming intentionally.” If this phrase does not have that meaning in your language, you could use a comparable expression from your language that does have that meaning, or you could state the meaning plainly. Alternate translation: [at random] or [without aiming]
22:34	wapb		rc://*/ta/man/translate/figs-hendiadys	בֵּ֥ין הַ⁠דְּבָקִ֖ים וּ⁠בֵ֣ין הַ⁠שִּׁרְיָ֑ן	1	The terms **joints** and **armor** together express a single idea. If it would be more natural in your language, you could express this meaning in a different way. Alternate translation: [between the joints of his armor]
22:34	lcts		rc://*/ta/man/translate/grammar-connect-logic-result	הֲפֹ֥ךְ יָדְ⁠ךָ֛ וְ⁠הוֹצִיאֵ֥⁠נִי מִן־הַֽ⁠מַּחֲנֶ֖ה כִּ֥י הָחֳלֵֽיתִי	1	If it would be more natural in your language, you could reverse the order of these phrases, since the second phrase gives the reason for the result that the first phrase describes. Alternate translation: [I am wounded, so turn your hand and bring me out from the camp]
22:34	mjij		rc://*/ta/man/translate/figs-metonymy	הֲפֹ֥ךְ יָדְ⁠ךָ֛	1	Here, **hand** represents the driver’s direction or control of the chariot. If it would be helpful in your language, you could use an equivalent expression or state the meaning plainly. Alternate translation: [Turn the chariot around]
22:34	rtna		rc://*/ta/man/translate/figs-metonymy	מִן־הַֽ⁠מַּחֲנֶ֖ה	1	Here, **the camp** represents the soldiers who would stay in a **camp** near a battlefield. Ahab wants his driver to bring him out from the midst of the army, but the context makes clear that he wants to stay on the battlefield, though at a safe distance from the fighting. If it would be helpful in your language, you could use an equivalent expression or plain language. Alternate translation: [from the ranks] or [from the midst of our soldiers]
22:35	vw62		rc://*/ta/man/translate/figs-idiom	וַ⁠תַּעֲלֶ֤ה הַ⁠מִּלְחָמָה֙	1	The author is saying **the battle went up** as a common expression of his culture to mean that the fighting became more intense or severe. If this phrase does not have that meaning in your language, you could use a comparable expression from your language that does have that meaning, or you could state the meaning plainly. Alternate translation: [And the tide of battle rose higher] or [And the fighting became fiercer]
22:35	w0qq		rc://*/ta/man/translate/translate-symaction	וְ⁠הַ⁠מֶּ֗לֶךְ הָיָ֧ה מָעֳמָ֛ד בַּ⁠מֶּרְכָּבָ֖ה נֹ֣כַח אֲרָ֑ם	1	Being **propped up in the chariot** facing the enemy army was a symbolic action by which Ahab wanted to depict that he was still in command of his army despite being wounded. If it would be helpful to your readers, you could explain the significance of this action in the text of your translation or in a footnote. Alternate translation: [and the king was propped up in the chariot opposite Aram so that he would still appear to be in command]
22:35	pn7v		rc://*/ta/man/translate/figs-activepassive	וְ⁠הַ⁠מֶּ֗לֶךְ הָיָ֧ה מָעֳמָ֛ד	1	The expression **was propped up** is a passive verbal form. If your language would not use that form, you could express the idea in active form or in another way that is natural in your language. Alternate translation: [and the king’s soldiers propped him up]
22:35	uirk		rc://*/ta/man/translate/figs-events	וַ⁠יָּ֣מָת בָּ⁠עֶ֔רֶב וַ⁠יִּ֥צֶק דַּֽם־הַ⁠מַּכָּ֖ה אֶל־חֵ֥יק הָ⁠רָֽכֶב	1	The author is describing one event before describing another event that preceded it. If it would be helpful in your language, you may wish to relate these events in the order in which they happened. Alternate translation: [And the blood of the wound poured out onto the bosom of the chariot, and he died in the evening]
22:35	mfdl		rc://*/ta/man/translate/figs-idiom	חֵ֥יק הָ⁠רָֽכֶב	1	The author is using the term **bosom** to mean the interior of Ahab’s **chariot**. If this term does not have that meaning in your language, you could use a comparable expression from your language that does have that meaning, or you could state the meaning plainly. Alternate translation: [the interior of the chariot]
22:36	h4sa		rc://*/ta/man/translate/figs-personification	וַ⁠יַּעֲבֹ֤ר הָ⁠רִנָּה֙ בַּֽ⁠מַּחֲנֶ֔ה	1	The author is speaking of this **cry** as if it were a living thing that could have **passed through** the Israelite **camp**. If it would be helpful in your language, you could state the meaning plainly. Alternate translation: [And throughout the camp one soldier shouted to another]
22:36	ho96		rc://*/ta/man/translate/figs-idiom	כְּ⁠בֹ֥א הַ⁠שֶּׁ֖מֶשׁ	1	The author is using **the going of the sun** as a common expression of his culture to mean “at sunset.” If this phrase does not have that meaning in your language, you could use a comparable expression from your language that does have that meaning, or you could state the meaning plainly. Alternate translation: [at sunset] or [at sundown]
22:36	tpx8		rc://*/ta/man/translate/figs-parallelism	אִ֥ישׁ אֶל־עִיר֖⁠וֹ וְ⁠אִ֥ישׁ אֶל־אַרְצֽ⁠וֹ	1	These two phrases **A man to his city** and **a man to his land** mean basically the same thing. The second emphasizes the meaning of the first by repeating the same idea with different words. If it would be helpful to your readers, you could connect the phrases in a way that shows that the second phrase is repeating the first one, not saying something additional. Alternate translation: [A man to his city, yes, a man to his land]
22:36	ling		rc://*/ta/man/translate/figs-idiom	אִ֥ישׁ אֶל־עִיר֖⁠וֹ וְ⁠אִ֥ישׁ אֶל־אַרְצֽ⁠וֹ	1	The phrase **A man to his city, and a man to his land** was a common expression meaning “Let each soldier leave the army and return to his home.” When the Israelite soldiers said this, it was a fulfillment of what Micaiah predicted in [22:17](../22/17.md). See how you translated the similar expression there. Alternate translation: [Let each of us leave the army and return to his home]
22:37	g2vz		rc://*/ta/man/translate/figs-explicit	וַ⁠יָּב֖וֹא שֹׁמְר֑וֹן	1	The implication is that Ahab’s soldiers brought his body back to Samaria. You could indicate this in your translation if that would be helpful to your readers. Alternate translation: [and his soldiers brought his body back to Samaria]
22:37	b4ai		rc://*/ta/man/translate/writing-pronouns	וַ⁠יִּקְבְּר֥וּ אֶת־הַ⁠מֶּ֖לֶךְ	1	The author is using the pronoun **they** in a general sense, not to refer to specific people. Use an expression for this that would be natural in your language. Alternate translation: [And the Israelites buried the king] or [And the king was buried]
22:38	tg6g		rc://*/ta/man/translate/figs-infostructure	וַ⁠יִּשְׁטֹ֨ף אֶת־הָ⁠רֶ֜כֶב עַ֣ל ׀ בְּרֵכַ֣ת שֹׁמְר֗וֹן וַ⁠יָּלֹ֤קּוּ הַ⁠כְּלָבִים֙ אֶת־דָּמ֔⁠וֹ וְ⁠הַ⁠זֹּנ֖וֹת רָחָ֑צוּ	1	If it would be more natural in your language, you may want to put the information that **the prostitutes bathed there** with the information that Ahab’s chariot was washed at **the pool of Samaria**. Alternate translation: [And one washed the chariot at the pool of Samaria (now the prostitutes bathed there). And dogs licked up his blood]
22:38	k7fv		rc://*/ta/man/translate/writing-pronouns	וַ⁠יִּשְׁטֹ֨ף אֶת־הָ⁠רֶ֜כֶב	1	The author is using the pronoun **one** in a general sense, not to refer to a specific person. Use an expression for this that would be natural in your language. Alternate translation: [And the chariot was washed]
22:38	r42l		rc://*/ta/man/translate/writing-background	וְ⁠הַ⁠זֹּנ֖וֹת רָחָ֑צוּ	1	The author is providing background information to help readers understand the nature of the location where these events took place. Together with the information that dogs licked up Ahab’s blood, this information associates the death of Ahab, who was once a proud king, with shameful circumstances. In your translation, introduce this information in a way that would be natural in your own language and culture.
22:38	w8rv		rc://*/ta/man/translate/figs-metonymy	כִּ⁠דְבַ֥ר יְהוָ֖ה אֲשֶׁ֥ר דִּבֵּֽר	1	Here, the term **word** represents what Yahweh said by using words. If it would be clearer in your language, you could state the meaning plainly. Alternate translation: [according to what Yahweh said when he spoke through Micaiah]
22:39	dnuw		rc://*/ta/man/translate/writing-endofstory	וְ⁠יֶתֶר֩ דִּבְרֵ֨י אַחְאָ֜ב וְ⁠כָל־אֲשֶׁ֣ר עָשָׂ֗ה וּ⁠בֵ֤ית הַ⁠שֵּׁן֙ אֲשֶׁ֣ר בָּנָ֔ה וְ⁠כָל־הֶ⁠עָרִ֖ים אֲשֶׁ֣ר בָּנָ֑ה הֲ⁠לֽוֹא־הֵ֣ם כְּתוּבִ֗ים עַל־סֵ֛פֶר דִּבְרֵ֥י הַ⁠יָּמִ֖ים לְ⁠מַלְכֵ֥י יִשְׂרָאֵֽל	1	In this verse and the next verse, the author is using phrases that he regularly uses to conclude accounts of kings’ reigns. See how you translated the similar phrases in [11:41–43](../11/41.md) and other comparable contexts in the book. Alternate translation: [Now you can read about the rest of the matters of Ahab and all that he did and the house of ivory that he built and all of the cities that he built in the book of the matters of the days of the kings of Israel]
22:40	e7ms		rc://*/ta/man/translate/figs-euphemism	וַ⁠יִּשְׁכַּ֥ב אַחְאָ֖ב עִם־אֲבֹתָ֑י⁠ו	1	See how you translated the similar expression in [1:21](../01/21.md). Alternate translation: [And Ahab passed away]
22:41	cgxb		rc://*/ta/man/translate/writing-participants	וִ⁠יהֽוֹשָׁפָט֙ בֶּן־אָסָ֔א מָלַ֖ךְ עַל־יְהוּדָ֑ה בִּ⁠שְׁנַ֣ת אַרְבַּ֔ע לְ⁠אַחְאָ֖ב מֶ֥לֶךְ יִשְׂרָאֵֽל	1	In this verse, the author is introducing **Jehoshaphat** as a participant in the story as the new king of **Judah**. See how you translated the similar phrases in [15:1–2](../15/01.md) and other comparable contexts in the book.
22:41	jz8p		rc://*/ta/man/translate/translate-ordinal	בִּ⁠שְׁנַ֣ת אַרְבַּ֔ע	1	If your language would not represent a number in a form such as **four** in a context like this one, you could represent this number in a form that your language would use. Alternate translation: [in the fourth year]
22:42	dd5r		rc://*/ta/man/translate/figs-idiom	בֶּן־שְׁלֹשִׁ֨ים וְ⁠חָמֵ֤שׁ שָׁנָה֙	1	See how you translated the similar expression in [14:21](../14/21.md). Alternate translation: [was 35 years old]
22:43	wlky		rc://*/ta/man/translate/figs-metaphor	וַ⁠יֵּ֗לֶךְ בְּ⁠כָל־דֶּ֛רֶךְ אָסָ֥א אָבִ֖י⁠ו לֹא־סָ֣ר מִמֶּ֑⁠נּוּ	1	See how you translated the similar expression in [15:26](../15/26.md). Alternate translation: [And he lived just as Asa his father had lived, without ever ceasing to live that way]
22:43	b5wp		rc://*/ta/man/translate/figs-abstractnouns	הַ⁠יָּשָׁ֖ר	1	If your language does not use an abstract noun for the idea of **right**, you could express the same idea in another way. Alternate translation: [what was right]
22:43	ht6i		rc://*/ta/man/translate/figs-idiom	בְּ⁠עֵינֵ֥י יְהוָֽה	1	See how you translated the similar expression in [3:10](../03/10.md). Alternate translation: [in the judgment of Yahweh]
22:43	ozem		rc://*/ta/man/translate/writing-pronouns	הַ⁠בָּמ֖וֹת לֹֽא־סָ֑רוּ	1	The author is using the pronoun **they** in a general sense, not to refer to specific people. Use an expression for this that would be natural in your language. Alternate translation: [no one removed the high places] or [the high places were not removed]
22:44	k6fn		rc://*/ta/man/translate/figs-abstractnouns	וַ⁠יַּשְׁלֵ֥ם	1	If your language does not use an abstract noun for the idea of **peace**, you could express the same idea in another way. Alternate translation: [established peaceful relations]
22:45	oq4u		rc://*/ta/man/translate/writing-endofstory	וְ⁠יֶ֨תֶר דִּבְרֵ֧י יְהוֹשָׁפָ֛ט וּ⁠גְבוּרָת֥⁠וֹ אֲשֶׁר־עָשָׂ֖ה וַ⁠אֲשֶׁ֣ר נִלְחָ֑ם הֲ⁠לֹֽא־הֵ֣ם כְּתוּבִ֗ים עַל־סֵ֛פֶר דִּבְרֵ֥י הַ⁠יָּמִ֖ים לְ⁠מַלְכֵ֥י יְהוּדָֽה	1	In this verse and in verse 50, the author is using phrases that he regularly uses to conclude accounts of kings’ reigns. See how you translated the similar phrases in [11:41–43](../11/41.md) and other comparable contexts in the book. Alternate translation: [Now you can read about the rest of the matters of Jehoshaphat and his mighty things that he did and how he fought in the book of the matters of the days of the kings of Judah]
22:46	g7eh		rc://*/ta/man/translate/figs-activepassive	אֲשֶׁ֣ר נִשְׁאַ֔ר בִּ⁠ימֵ֖י אָסָ֣א אָבִ֑י⁠ו	1	The expression **were left** is a passive verbal form. If your language would not use that form, you could express the idea in active form or in another way that is natural in your language. Alternate translation: [whom Asa his father left in his days]
22:46	qwt5		rc://*/ta/man/translate/figs-metonymy	בִּ⁠ימֵ֖י	1	The author is using the term **days** to refer to a specific time period. If it would be helpful in your language, you could state the meaning plainly. Alternate translation: [during the reign of]
22:46	shcu		rc://*/ta/man/translate/figs-metaphor	בִּעֵ֖ר מִן־הָ⁠אָֽרֶץ	1	The author is speaking of removing the cultic prostitutes as if Jehoshaphat had actually **burned** them. He means that Jehoshaphat completely removed them from the land. If it would be helpful in your language, you could state the meaning plainly. Alternate translation: [he completely removed from the land]
22:48	zygv		rc://*/ta/man/translate/figs-metonymy	אֳנִיּ֨וֹת תַּרְשִׁ֜ישׁ	1	See how you translated the similar expression in [10:22](../10/22.md). Alternate translation: [a fleet of long-range ships]
22:48	qyjq		rc://*/ta/man/translate/grammar-connect-logic-result	וְ⁠לֹ֣א הָלָ֑ךְ כִּֽי־נשברה אֳנִיּ֖וֹת בְּ⁠עֶצְי֥וֹן גָּֽבֶר	1	If it would be more natural in your language, you could reverse the order of these phrases, since the second phrase gives the reason for the result that the first phrase describes. Alternate translation: [but because the ships were broken at Ezion Geber, he did not go]
22:48	uc2a		rc://*/ta/man/translate/figs-synecdoche	וְ⁠לֹ֣א הָלָ֑ךְ	1	The author is using one person who was involved in this action, Jehoshaphat, referring to him as **he**, to represent everyone who was involved. If it would be helpful in your language, you could use an equivalent expression from your culture or state the meaning plainly. Alternate translation: [but they never set sail]
22:48	gl5x		rc://*/ta/man/translate/figs-activepassive	כִּֽי־נשברה אֳנִיּ֖וֹת	1	The expression **were broken** is a passive verbal form. If your language would not use that form, you could express the idea in active form or in another way that is natural in your language. Alternate translation: [because a storm broke up the ships]
22:50	iqx3		rc://*/ta/man/translate/figs-euphemism	וַ⁠יִּשְׁכַּ֤ב יְהֽוֹשָׁפָט֙ עִם־אֲבֹתָ֔י⁠ו	1	See how you translated the similar expression in [1:21](../01/21.md). Alternate translation: [And Jehoshaphat passed away]
22:50	zcuw		rc://*/ta/man/translate/figs-activepassive	וַ⁠יִּקָּבֵר֙	1	The expression **he was buried** is a passive verbal form. If your language would not use that form, you could express the idea in active form or in another way that is natural in your language. Alternate translation: [and people buried him]
22:50	xwg0		rc://*/ta/man/translate/figs-metaphor	עִם־אֲבֹתָ֔י⁠ו & אָבִ֑י⁠ו	1	See how you translated the similar expression in [1:21](../01/21.md). Alternate translation: [with his ancestors … his ancestor]
22:51	v7wf		rc://*/ta/man/translate/writing-participants	אֲחַזְיָ֣הוּ בֶן־אַחְאָ֗ב מָלַ֤ךְ עַל־יִשְׂרָאֵל֙ בְּ⁠שֹׁ֣מְר֔וֹן בִּ⁠שְׁנַת֙ שְׁבַ֣ע עֶשְׂרֵ֔ה לִ⁠יהוֹשָׁפָ֖ט מֶ֣לֶךְ יְהוּדָ֑ה	1	In this verse, the author is introducing **Ahaziah** as a participant in the story as the new king of **Israel**. See how you translated the similar phrases in [15:1–2](../15/01.md) and other comparable contexts in the book.
22:51	ix7v		rc://*/ta/man/translate/translate-ordinal	בִּ⁠שְׁנַת֙ שְׁבַ֣ע עֶשְׂרֵ֔ה	1	If your language would not represent a number in a form such as **17** in a context like this one, you could represent this number in a form that your language would use. Alternate translation: [in the seventeenth year]
22:52	lj80		rc://*/ta/man/translate/figs-abstractnouns	הָ⁠רַ֖ע	1	If your language does not use an abstract noun for the idea of **evil**, you could express the same idea in another way. Alternate translation: [what was evil]
22:52	ct2m		rc://*/ta/man/translate/figs-idiom	בְּ⁠עֵינֵ֣י יְהוָ֑ה	1	See how you translated the similar expression in [3:10](../03/10.md). Alternate translation: [in the judgment of Yahweh]
22:52	euzc		rc://*/ta/man/translate/figs-metaphor	וַ⁠יֵּ֗לֶךְ בְּ⁠דֶ֤רֶךְ אָבִי⁠ו֙ וּ⁠בְ⁠דֶ֣רֶךְ אִמּ֔⁠וֹ וּ⁠בְ⁠דֶ֨רֶךְ֙ יָרָבְעָ֣ם בֶּן־נְבָ֔ט אֲשֶׁ֥ר הֶחֱטִ֖יא אֶת־יִשְׂרָאֵֽל	1	See how you translated the similar expression in [15:26](../15/26.md). Alternate translation: [And he lived as his father and his mother had lived and as Jeroboam, the son of Nebat, had lived, who had led the Israelites to sin]
