Reference	ID	Tags	SupportReference	Quote	Occurrence	Note
front:intro	nv2v				0	# Introduction to 2 Kings\n\n## Part 1: General Introduction\n\n### Outline of 2 Kings\n\n  1. King Ahaziah of Israel (1:1–18)\n  2. Elijah is taken up into heaven (2:1–25)\n  3. King Jehoram of Israel (3:1–27)\n  4. Stories of the miracles and prophecies of Elisha (4:1–8:15)\n  5. King Jehoram of Judah (8:16–24)\n  6. King Ahaziah of Judah and King Jehoram of Israel (8:25–9:29)\n  7. King Jehu of Israel (9:30–10:36)\n  8. King Joash of Judah (11:1–12:21)\n  9. King Jehoahaz of Israel (13:1–9)\n  10. King Jehoash of Israel (13:10–25)\n  11. King Amaziah of Judah (14:1–22)\n  12. King Jeroboam of Israel (14:23–29)\n  13. King Azariah of Judah (15:1–7)\n  14. King Zechariah of Israel (15:8–12)\n  15. King Shallum of Israel (15:13–15)\n  16. King Menahem of Israel (15:16–22)\n  17. King Shallum of Israel (15:23–26)\n  18. King Ahaz of Judah (16:1–20)\n  19. King Hoshea of Israel (17:1–6)\n  20. Conquest of Israel by the Assyrians (17:7–31)\n  21. King Hezekiah of Judah (18:1–20:21)\n  22. King Manasseh of Judah (21:1–18)\n  23. King Amon of Judah (21:19–26)\n  24. King Josiah of Judah (22:1–23:30)\n  25. King Jehoahaz of Judah (23:31–35)\n  26. King Jehoiakim of Judah (23:36–24:7)\n  27. King Jehoiachin of Judah (24:8–17)\n  28. King Zedekiah of Judah (24:18–25:7)\n  29. Conquest of Judah and destruction of Jerusalem by the Babylonians (25:8–30)\n\n### What is the book of 2 Kings about?\n\nThe book of 2 Kings of continues the story that 1 Kings tells about what happened to the people of Israel after King David died. It tells what the kings were like who ruled over the two kingdoms, Israel and Judah, into which David’s kingdom split. It uses David’s conduct as a standard to measure the conduct of these later kings. It often says whether or not a king did what was “right in the eyes of Yahweh his Yahweh, like David his father” (that is, his ancestor). While some of the kings were godly and righteous, others were wicked. The book describes how Yahweh sent prophets to the kings and people of Israel and Judah to call them back to obedience to him. The book relates how, unfortunately, both kingdoms disobeyed Yahweh so badly that he finally allowed foreign empires to conquer them and take their people into exile.\n\n### What is the purpose of the book of 2 Kings?\n\nThe book of 2 Kings is part of a long history that includes the preceding books of 1 Samuel, 2 Samuel, and 1 Kings. The purpose of the entire history is to show that Yahweh was not at fault when the Israelites were conquered and exiled from their land. Instead, this happened because the people disobeyed Yahweh and broke their covenant with him.\n\n### Who wrote the book of 2 Kings?\n\nThe author of 2 Kings does not identify himself by name in the book. However, many interpreters believe that the prophets in Israel recorded the events that are related in this book, and in the entire history of which it is a part, in order to demonstrate that the people had disobeyed Yahweh. These prophets wanted to encourage the people to obey Yahweh once more. It is possible that a prophet, or several prophets, or someone connected with the prophets, wrote or compiled 1–2 Samuel and 1–2 Kings in the form in which we have them today. While different people may therefore have written different parts of the book, these notes will refer to whoever wrote any given part of 2 Kings as “the author.”\n\n### What title should translators use for this book?\n\nTranslators can use the traditional title of 2 Kings or Second Kings. Translators may also consider a different title such as “The Second Book about the Kings of Israel and Judah.”\n\n### Is it all right to translate the book of 2 Kings before translating 1 Samuel, 2 Samuel, or 1 Kings?\n\nIt is best to translate the books of 1 Samuel, 2 Samuel, and 1 Kings in that order, before 2 Kings, since 2 Kings continues from where 1 Kings ends.\n\n## Part 2: Important Religious and Cultural Concepts\n\n### The role of the king\n\nThe book of 2 Kings focuses on the lives of various kings. Their role was not just political. The king in ancient Israel was Yahweh’s appointed representative, entrusted with the task of leading the people to obey the covenant Yahweh had made with them. His success or failure was directly tied to his faithfulness to Yahweh. The king was responsible for upholding justice, protecting vulnerable people, and ensuring that the Israelites remained faithful to Yahweh as their God. When the king sinned or worshiped other gods, the entire nation suffered the consequences, because the king was no longer leading the people to live in the way that Yahweh wants people to live.\n\n### The centrality of the temple\n\nThe preceding book of 1 Kings established that Yahweh’s temple in Jerusalem was to be the central place of worship for the Israelites, rather than the “high places” where the Canaanites had previously worshiped their foreign gods. The temple was supposed to be the location for sacrifices, prayers, and festivals. It symbolized the covenant relationship between Yahweh and the Israelites. Its neglect by unfaithful kings and the establishment of rival places of worship on those “high places” directly led to the nation’s spiritual decline.\n\n### The significance of the prophets\n\nThroughout 2 Kings, Yahweh speaks to the kings and people of Israel and Judah through prophets who serve as his messengers. The book relates how prophets such as Elijah, Elisha, Jonah, Isaiah, Huldah, and others whose names are not given spoke truth to powerful leaders and held them accountable for their actions. The prophets often challenged the king’s actions when those conflicted with Yahweh’s law. However, they also encouraged kings who were obeying Yahweh. They performed signs to authenticate their message and demonstrate Yahweh’s power. They did this to confront the idolatry and worship of foreign gods that plagued the kingdom. The prophets’ words and deeds served as a powerful reminder that Yahweh’s power and authority were greater than those of any human ruler, and so it was vital for the king and people to live in a faithful and obedient covenant relationship with Yahweh.\n\n## Part 3: Translation Issues in This Book\n\n### “And it happened”\n\nWhile the phrase “And it happened” can sometimes just indicate ongoing action (as in 4:6, “And it happened, as she filled the containers), the author uses it at other times to introduce a new event in the story or a new development within an episode. For example, he uses the phrase in 2:1 to introduce the entire event of Yahweh taking Elijah up to heaven. Within that event, he uses it in 2:9 to introduce the development of Elijah asking Elisha what he can do for him before Yahweh takes him away. To translate this phrase in its various occurrences, use a word, phrase, or other method in your language that is natural for introducing a new event or a new development within an event. (See: [[rc://*/ta/man/translate/writing-newevent]])\n\n### “behold”\n\nThe author and characters often use the word “behold” to focus their listeners’ attention on what they are about to say. While the word literally means “look,” the speakers do not want their listeners to look at something. Instead, they want them to pay careful attention to something they are about to say. For example, the Shunamite woman says “Behold” in [4:9](../04/09.md) in order to call her husband’s attention to the holy character of Elisha that she has observed. When the author is calling attention to a sudden or unexpected development, it may be appropriate to translate “behold” as “suddenly.” For example, when the author says in 2:11, “behold, a chariot of fire and horses of fire,” the meaning is that “a chariot of fire and horses of fire suddenly appeared.” (See: [[rc://*/ta/man/translate/figs-metaphor]])\n\n### “to this day”\n\nIn several places, the author uses the phrase “to this day.” By that phrase, he is referring to the time at which he was writing. Translators should be aware that “to this day” refers to a time that is now in the past. They should avoid giving the impression that “to this day” means the present day of the translation’s readers. Translators might decide to say something such as “at the time when this is being written” or “at the time of this writing.” (See: [[rc://*/ta/man/translate/figs-explicit]])\n\n### “in the eyes of”\n\nThe author and characters often speak of something having a certain characteristic “in the eyes of” someone. This means that that person considered this thing to have that characteristic. For example, when the captain of fifty pleads with Elisha in 1:14 “let my life be valuable in your eyes,” he means that he wants Elisha to consider his life to be valuable. When the author says in 3:2 that Jehoram “did evil in the eyes of Yahweh,” he means that Jehoram did what Yahweh considered to be evil. (See: [[rc://*/ta/man/translate/figs-idiom]])\n\n### “face”\n\nThe expression “to the face of” can have different shades of meaning depending on the context.\n  * The author and characters often use the word “face” to represent the presence of a person or group, since people can see the face of someone who is present. For example, when Elisha speaks in 3:14 of “Yahweh of armies, to whose face I stand,” he means “in whose presence I stand.”\n  * The focus may also be on something being in front of or before a person or thing, either in space or in time. For example, when the author says of Elisha in 4:12 that the Shunamite woman stood “to his face”, he means that she stood in front of him.\n  * The focus may also be on the relationship or interaction between people or groups, as in 3:24, where the author says of the Israelite soldiers that the Moabites “fled from their face.” He means that as the Moabites opposed the Israelites in battle, they fled from them. (See: [[rc://*/ta/man/translate/figs-metonymy]])\n\nIn other contexts, the author or a character may use the word “face,” describing part of a person, in order to represent the whole person. For example, the angel of Yahweh tells Elijah in 1:15 regarding the hostile king Ahaziah, “do not be afraid of his face,” meaning “do not be afraid of him.” (See: [[rc://*/ta/man/translate/figs-synecdoche]])\n\n### “father” meaning “ancestor”\n\nThe author and characters often use the term “father” to mean “ancestor.” For example, the author frequently reports that a king died by saying that he “lay down with his fathers,” that is, he joined his ancestors in death, as in [8:24](../08/24.md) and comparable passages. If your language uses a similar expression to describe someone dying, you could use it in your translation but say “ancestors” rather than “fathers.” In [12:18](../12/18.md), the author speaks of Jehoshaphat, Jehoram, and Ahaziah as the “fathers” of Joash, but while Ahaziah was his actual father, Jehoram was his grandfather and Jehoshaphat was his great-grandfather. If it would be helpful in your language, in such instances you could state the meaning plainly in your translation. (See: [[rc://*/ta/man/translate/figs-metaphor]])\n\n### “hand”\n\nThe author and characters often use the word “hand” to represent power, capability, or control. For example, in 3:10, King Jehoram laments that Yahweh has apparently given him and his allies “into the hand of Moab,” meaning that he believes the Moabites are going to overpower them and defeat them.\n\nThe word “hand” may also represent possession or conveyance, as when the author says in 5:5 that Naaman “took in his hand” silver and gold and expensive clothes as a gift for Elisha.\n\nThe word “hand” may also represent agency, as when Jehu refers in 9:36 to the prophecy that Yahweh “spoke by the hand of his servant Elijah the Tishbite” about Jezebel. He means that Yahweh spoke this prophecy through the agency of Elijah.\n\nTranslation notes will help distinguish the difference between these shades of meaning when that may not be clear from the context. (See: [[rc://*/ta/man/translate/figs-metonymy]])\n\nIn other contexts, the author or a character may use the word “hand,” describing part of a person, in order to represent the whole person. For example, the word “hand” may represent an entire person in the act of possessing and offering something, as when Gehazi says in 5:20 that he will take “from the hand of Naaman” some of the gifts he brought for Elisha. He means that he will take them from Naaman. (See: [[rc://*/ta/man/translate/figs-synecdoche]])\n\n### “house” meaning “temple” or “family”\n\nThe author and characters often use the term “house” to mean the temple in which the Israelites worshiped Yahweh, as if that temple were a house in which Yahweh lived. For example, when the author says in 15:35 that King Jotham “built the upper gate of the house of Yahweh,” he means that he built the upper gate of the temple of Yahweh. The author or characters may also speak of a temple in which another people group worshiped its deity as a “house,” as if that temple were a house in which that god lived. For example, in 5:17 Naaman speaks of the temple of Rimmon as the “house of Rimmon.” If it would be clearer in your language, you could say “temple” in your translation rather than “house.”\n\nThe author and characters may also use the term “house” to mean all the people who live in the same house, including family members and servants. This is the meaning in 7:9 when the lepers speak of “the house of the king” to mean his household. In many other contexts where the term “house” is applied to a king, it is envisioning his descendants who succeed him as king. This is the case, for example, in 8:18, where the author speaks of “the house of Ahab.” It may be helpful to translate the term “house” as “dynasty” in these contexts. (See: [[rc://*/ta/man/translate/figs-metaphor]])\n\n### “listen”\n\nThe author and characters sometimes use the term “listen” to mean complying with what someone has said. For example, when Jehu says to the leaders of Jezreel in 10:6, “If … you are listening to my voice,” he means, “If … you agree to do what I say.” When the author says of Jehoahaz’s prayer in 13:4 that “Yahweh listened to him,” he means that Yahweh answered his prayer by giving him what he asked for. (See: [[rc://*/ta/man/translate/figs-explicit]])\n\n### “my lord” or “your servant”\n\nMany times throughout the book, even though people are addressing a king or other leader directly, they speak of him in the third person as “my lord” to show respect. For example, in 2:19 a spokesman for the men of Jericho addresses Elisha respectfully as “my lord.” If it would be helpful in your language, you could translate this in a respectful form in the second person. You might have people say, for example, “you, my lord.” Some cultures may have a specific form that they use to address rulers, and if your culture does, you could use that form in your translation. The UST models one way to do that. It has people say to kings, “Your Majesty.”\n\nSimilarly, many times throughout the book, people speak of themselves in the third person as “your servant” to show humility. For example, in 2:16 the sons of the prophets in Jericho speak of themselves to Elisha humbly as “your servants.” If it would be helpful in your language, you could translate this in a humble form in the first person. You might have people say, for example, “with us, your servants,” “I, your servant,” and so forth. (See: [[rc://*/ta/man/translate/figs-123person]])\n\n### name of a person representing that person and associated with or accompanying people\n\nThe author and characters often use the name of a person to represent that person and others who are associated with or accompanying that person. For example, when the king of Aram says of Elisha in 6:13, “I will take him,” he is using himself to represent everyone who would be involved in taking or capturing Elisha. He would give the command, but his soldiers would make the actual capture. (See: [[rc://*/ta/man/translate/figs-synecdoche]])\n\n### name of nation, tribe, or city representing its people or army\n\nThe author and characters often use the name of a nation, tribe, or city to represent its people or its army. For example, when the author says in 1:1 that “Moab rebelled against Israel,” he means that the people of the kingdom of Moab rebelled against their rulers, the king and people of Israel. When the author says in 3:6 that King Jehoram mustered “all of Israel,” he means that the king mobilized the entire Israelite army. (See: [[rc://*/ta/man/translate/figs-metonymy]])\n\n### “saying” or “and said”\n\nThe author and characters frequently use the term “saying” to introduce direct quotations. In addition, the author sometimes uses the phrase “and said” to introduce direct quotations after other verbs of speaking such as “answered,” “spoke,” “prayed,” “cried out,” or “pleaded.” In these instances, use a natural way of introducing direct quotations in your language. It may not be necessary to represent these expressions explicitly. (See: [[rc://*/ta/man/translate/writing-quotations]])\n\n### “shall”\n\nThe ULT represents the Hebrew instructional verb form with the English helping verb “shall.” For example, when Elijah tells King Ahaziah’s messengers in 1:6 “you shall say to him,” he is instructing him to tell the king what he says next. Other ways to say this are “you are to say to him” and “I want you to say to him.” Translate this form with the most natural way in your language for giving instructions.\n\n### “sons of” or “son of”\n\nThe author and characters often speak of “the sons of” a person to mean the nation or tribe that consists of his descendants. For example, in 8:12 Elisha speaks of the “sons of Israel” to mean the Israelites. In 23:13, the author speaks of the “sons of Ammon” to mean the Ammonites. In such cases, “sons” means not first-generation offspring but later descendants. You may wish to translate these expressions with the word “descendants” or with the name of the people group that consists of the descendants of the named person. (See: [[rc://*/ta/man/translate/figs-metaphor]])\n\nIn other contexts, the authors and characters use the expression “son of” to indicate that a person has the characteristic of something. For example, in 6:32 Elisha calls King Jehoram a “son of a murderer,” meaning that he is a murderous person. In a specialized use of this expression, the author typically says that a person was “a son of” a certain number of years to mean that the person was that many years old. For example, he says in 8:17 that Jehoram was “a son of 32 years” to mean that he was 32 years old when he became king. Unless your language uses the term “son” in the same sense, we recommend that you translate these expressions with corresponding characteristic expressions from your own language. (See: [[rc://*/ta/man/translate/figs-idiom]])\n\n### “strike” or “struck”\n\nIn many places, the author says that soldiers “struck” an opposing army, city, or king, as if they had only hit them. But in various contexts, he means that they either destroyed, killed, defeated, or attacked those opponents. For example, when Yahweh tells the Israelites and their allies in 3:19 that “you will strike every fortified city,” he means that they will destroy every city. When the Moabites say in 3:23 that the opposing soldiers have “struck” one another, they mean that they have killed one another. When the author says in 3:24 that the Israelite army “struck” Moab, he means that it defeated the Moabite army. And when the author says later in 3:24 that the Israelites advanced into Moab and “struck” it, he means that they attacked that country. Consider carefully how to translate the terms “strike” and “struck” in each context where they do not actually mean “hit.” (See: [[rc://*/ta/man/translate/figs-explicit]])\n\n### travel descriptions marked for change in elevation (“went up,” “went down”)\n\nIn keeping with what was usual in the biblical language and culture, the author and characters typically indicate whether people are going up to a higher elevation or going down to a lower elevation when they travel. For example, in 2:23 the author says of Elisha, who had been in Jericho, that “he went up to Bethel.” But in 2:2 he says of Elijah and Elisha, who had been in Gilgal in the hill country of Ephraim, that “they went down to Bethel.” If your language does not mark travel for change in elevation, you can translate instances with simple expressions such as “went” or “came.” (See: [[rc://*/ta/man/translate/figs-explicitinfo]])\n\n### “walking” representing “living”\n\nThe author and characters often speak of how a person lives as if that were a way or path along which the person was walking. For example, in 8:18 the author says of Jehoram that “walked in the way of the kings of Israel.” He means that Jehoram lived as the kings of Israel had lived. He says in 23:3 that Josiah made a covenant “to walk after Yahweh.” He means that Josiah made a covenant to live the way Yahweh has said people should live. (See: [[rc://*/ta/man/translate/figs-metaphor]])\n\n### “word”\n\nIn many contexts, the author and characters use the term “word” or “words” to represent what a person said by using words. For example, in 1:7, King Ahaziah asks his messengers, “What was the custom of the man who … spoke these words to you?” It is unlikely that the messengers had repeated all of Elijah’s words to him exactly. Rather, they told him generally what Elijah had said to them. So Ahaziah means “the man who … said these things to you.” When the author then reports in 1:17 that Ahaziah died “according to the word of Yahweh that Elijah had spoken,” he means that he died “according to the message from Yahweh that Elijah had delivered.” (See: [[rc://*/ta/man/translate/figs-metonymy]])
1:intro	t6cl				0	# 2 Kings 1 Introduction\n\n## Structure and Formatting\n\nThe author or authors of this long historical narrative began the account of the reign of King Azariah of Israel at the end of the previous book, in 1 Kings 22:51–53. That account continues and concludes in this chapter.\n\n## Religious and Cultural Concepts in This Chapter\n\n### How did Ahaziah fall through a window?\n\nThe author says in 1:12 that “Ahaziah fell through the lattice in his upper chamber.” How might this have happened? Ancient Middle Eastern palaces often had upper rooms whose windows had decorative lattices for ventilation and privacy. These lattices were made of interwoven strips of thin wood or metal, and so they were fragile. They could break if someone leaned against them. It appears that Ahaziah accidentally leaned against the lattice of a window, perhaps not realizing that it was not solid, and he fell at least one floor to a courtyard or roof below, badly injuring himself.
1:1	w1pd		rc://*/ta/man/translate/figs-metonymy	וַ⁠יִּפְשַׁ֤ע מוֹאָב֙ בְּ⁠יִשְׂרָאֵ֔ל	1	See the discussion in the Introduction to 2 Kings of how the author and characters often use the name of a nation, tribe, or city to represent its people. Alternate translation: [And the Moabites rebelled against the Israelites]
1:3	ez9d		rc://*/ta/man/translate/figs-explicit	ק֣וּם עֲלֵ֔ה	1	The angel of Yahweh is not telling Elijah to get up from sitting or lying down. He is saying **Arise** to tell Elijah to take action. Your language may have a comparable expression that you can use in your translation. You could also use plain language. Alternate translation: [Take action and go up]
1:3	wdon		rc://*/ta/man/translate/figs-explicitinfo	עֲלֵ֔ה	1	See the discussion in the Introduction to 2 Kings of how speakers in this culture marked travel for change in elevation. Alternate translation: [go]
1:3	pezn		rc://*/ta/man/translate/figs-explicit	מֶֽלֶךְ־שֹׁמְר֑וֹן	1	The angel of Yahweh assumes that Elijah will know that by **the king of Samaria** he means the king of Israel, who ruled from the city of Samaria. You could say that explicitly if that would be helpful to your readers. Alternate translation: [the king who rules Israel from the city of Samaria]
1:3	y1n9		rc://*/ta/man/translate/figs-quotesinquotes	וְ⁠דַבֵּ֣ר אֲלֵ⁠הֶ֔ם הַֽ⁠מִ⁠בְּלִ֤י אֵין־אֱלֹהִים֙ בְּ⁠יִשְׂרָאֵ֔ל אַתֶּם֙ הֹֽלְכִ֔ים לִ⁠דְרֹ֕שׁ בְּ⁠בַ֥עַל זְב֖וּב אֱלֹהֵ֥י עֶקְרֽוֹן	1	If it would be clearer in your language, you could translate this so that there is not a quotation within a quotation. Alternate translation: [and tell them to ask Ahaziah whether he has sent them to inquire of Baal-Zebub, the god of Ekron, because there is no God in Israel.]
1:3	bd2b		rc://*/ta/man/translate/figs-explicit	וְ⁠דַבֵּ֣ר אֲלֵ⁠הֶ֔ם	1	The angel of Yahweh assumes that Elijah will understand that he is telling him something that the messengers are to ask Ahaziah. Elijah is not to ask the messengers to answer this question. You could say that explicitly if that would be helpful to your readers. Alternate translation: [and tell them to ask Ahaziah]
1:3	y2vb		rc://*/ta/man/translate/figs-rquestion	הַֽ⁠מִ⁠בְּלִ֤י אֵין־אֱלֹהִים֙ בְּ⁠יִשְׂרָאֵ֔ל אַתֶּם֙ הֹֽלְכִ֔ים לִ⁠דְרֹ֕שׁ בְּ⁠בַ֥עַל זְב֖וּב אֱלֹהֵ֥י עֶקְרֽוֹן	1	The angel is using the question form to rebuke the king. If a speaker of your language would not use the question form for that purpose, you could translate this as a statement or as an exclamation. Alternate translation: [There is a God in Israel, so you should not be going to inquire of Baal-Zebub, the god of Ekron!]
1:4	qkit		rc://*/ta/man/translate/figs-quotemarks	וְ⁠לָ⁠כֵן֙ כֹּֽה־אָמַ֣ר יְהוָ֔ה הַ⁠מִּטָּ֞ה אֲשֶׁר־עָלִ֥יתָ שָּׁ֛ם לֹֽא־תֵרֵ֥ד מִמֶּ֖⁠נָּה כִּ֣י מ֣וֹת תָּמ֑וּת	1	There are three levels of quotation here. The author is quoting what the angel said to Elijah (level 1), continuing from the previous verse. This includes what Elijah was supposed to say to the messengers, also continuing from the previous verse (level 2). The angel then tells Elijah what he wants the messengers to say to Ahaziah (level 3). Use the appropriate punctuation in your language to mark these levels of quotation. Alternatively, you could translate this so that there are not second-level or third-level quotations.
1:4	p0nf		rc://*/ta/man/translate/figs-quotesinquotes	וְ⁠לָ⁠כֵן֙ כֹּֽה־אָמַ֣ר יְהוָ֔ה הַ⁠מִּטָּ֞ה אֲשֶׁר־עָלִ֥יתָ שָּׁ֛ם לֹֽא־תֵרֵ֥ד מִמֶּ֖⁠נָּה כִּ֣י מ֣וֹת תָּמ֑וּת	1	If it would be clearer in your language, you could translate this so that there is not a quotation within a quotation. Alternate translation: [And tell him that because he has done this, Yahweh says that he will never get off the bed that he is lying on. Instead, dying, he will die.]
1:4	pndo		rc://*/ta/man/translate/figs-idiom	הַ⁠מִּטָּ֞ה אֲשֶׁר־עָלִ֥יתָ שָּׁ֛ם	1	People of this culture typically spoke of a person going up onto a bed. Your language may have an expression of its own for this that you can use in your translation, here and in verse 15. You could also use plain language. Alternate translation: [The bed that you have climbed into] or [The bed on which you are lying]
1:4	dqln		rc://*/ta/man/translate/figs-reduplication	מ֣וֹת תָּמ֑וּת	1	Yahweh is repeating forms of the verb **die** in order to intensify his expression of the idea that it conveys. If your language can repeat words for intensification, it would be appropriate to do that here in your translation. If not, your language may have another way of expressing the intensification, here and in verse 16. Alternate translation: [you will surely die]
1:5	sgq8		rc://*/ta/man/translate/writing-pronouns	אֵלָ֑י⁠ו	1	The pronoun **him** refers to King Ahaziah. It may be helpful to clarify this for your readers. Alternate translation: [to King Ahaziah]
1:5	gbxe		rc://*/ta/man/translate/figs-idiom	מַה־זֶּ֥ה שַׁבְתֶּֽם	1	The king is using **What is this** as a common expression of his culture to ask the reason why something has happened. If this phrase does not have that meaning for your readers, you could use a comparable expression from your language that does have that meaning, or you could state the meaning plainly. Alternate translation: [How is it that you have returned] or [Why have you returned]
1:6	yyxr		rc://*/ta/man/translate/figs-quotemarks	וַ⁠יֹּאמְר֨וּ אֵלָ֜י⁠ו אִ֣ישׁ ׀ עָלָ֣ה לִ⁠קְרָאתֵ֗⁠נוּ וַ⁠יֹּ֣אמֶר אֵלֵי⁠נוּ֮ לְכ֣וּ שׁוּבוּ֮ אֶל־הַ⁠מֶּ֣לֶךְ אֲשֶׁר־שָׁלַ֣ח אֶתְ⁠כֶם֒ וְ⁠דִבַּרְתֶּ֣ם אֵלָ֗י⁠ו כֹּ֚ה אָמַ֣ר יְהוָ֔ה הַֽ⁠מִ⁠בְּלִ֤י אֵין־אֱלֹהִים֙ בְּ⁠יִשְׂרָאֵ֔ל אַתָּ֣ה שֹׁלֵ֔חַ לִ⁠דְרֹ֕שׁ בְּ⁠בַ֥עַל זְב֖וּב אֱלֹהֵ֣י עֶקְר֑וֹן לָ֠⁠כֵן הַ⁠מִּטָּ֞ה אֲשֶׁר־עָלִ֥יתָ שָּׁ֛ם לֹֽא־תֵרֵ֥ד מִמֶּ֖⁠נָּה כִּֽי־מ֥וֹת תָּמֽוּת	1	There are four levels of quotation here. The messengers are telling the king how they met Elijah (level 1). They quote what Elijah said to them (level 2). This includes what Elijah told them to tell the king (level 3). And that includes something that Yahweh said (level 4). Use the appropriate punctuation in your language to mark these levels of quotation. Alternatively, you could translate this so that there are not second-level or third-level quotations.
1:6	otzf		rc://*/ta/man/translate/figs-quotesinquotes	וַ⁠יֹּאמְר֨וּ אֵלָ֜י⁠ו אִ֣ישׁ ׀ עָלָ֣ה לִ⁠קְרָאתֵ֗⁠נוּ וַ⁠יֹּ֣אמֶר אֵלֵי⁠נוּ֮ לְכ֣וּ שׁוּבוּ֮ אֶל־הַ⁠מֶּ֣לֶךְ אֲשֶׁר־שָׁלַ֣ח אֶתְ⁠כֶם֒ וְ⁠דִבַּרְתֶּ֣ם אֵלָ֗י⁠ו כֹּ֚ה אָמַ֣ר יְהוָ֔ה הַֽ⁠מִ⁠בְּלִ֤י אֵין־אֱלֹהִים֙ בְּ⁠יִשְׂרָאֵ֔ל אַתָּ֣ה שֹׁלֵ֔חַ לִ⁠דְרֹ֕שׁ בְּ⁠בַ֥עַל זְב֖וּב אֱלֹהֵ֣י עֶקְר֑וֹן לָ֠⁠כֵן הַ⁠מִּטָּ֞ה אֲשֶׁר־עָלִ֥יתָ שָּׁ֛ם לֹֽא־תֵרֵ֥ד מִמֶּ֖⁠נָּה כִּֽי־מ֥וֹת תָּמֽוּת	1	If it would be clearer in your language, you could translate this so that there is not a quotation within a quotation. Alternate translation: [And they told him that a man came up to meet them and told them to go back to the king who sent them and tell him that Yahweh said that there was a God in Israel and so he should not have sent them to inquire of Baal-Zebub, the god of Ekron, and because he did that, he would not recover from his illness but instead would certainly die]
1:6	cgb3		rc://*/ta/man/translate/translate-tense	וְ⁠דִבַּרְתֶּ֣ם אֵלָ֗י⁠ו	1	See the discussion in the introduction to 2 Kings of how the ULT represents the Hebrew instructional verb form with the English helping verb “shall.” Decide as a team how you will represent this form in your translation in various contexts. Alternate translation: [and you are to say to him] or [and I want you to say to him]
1:6	wv2h		rc://*/ta/man/translate/figs-rquestion	כֹּ֚ה אָמַ֣ר יְהוָ֔ה הַֽ⁠מִ⁠בְּלִ֤י אֵין־אֱלֹהִים֙ בְּ⁠יִשְׂרָאֵ֔ל אַתָּ֣ה שֹׁלֵ֔חַ לִ⁠דְרֹ֕שׁ בְּ⁠בַ֥עַל זְב֖וּב אֱלֹהֵ֣י עֶקְר֑וֹן לָ֠⁠כֵן הַ⁠מִּטָּ֞ה אֲשֶׁר־עָלִ֥יתָ שָּׁ֛ם לֹֽא־תֵרֵ֥ד מִמֶּ֖⁠נָּה כִּֽי־מ֥וֹת תָּמֽוּת	1	See how you translated the similar expressions in [1:3–4](../01/03.md). Alternate translation: [Yahweh says that there is a God in Israel, so you should not have sent to inquire of Baal-Zebub, the god of Ekron! He says that because you have done that, you will never get off the bed that you are lying on. Instead, you will certainly die]
1:7	iuqx		rc://*/ta/man/translate/figs-metonymy	וַ⁠יְדַבֵּ֣ר & אֶת־הַ⁠דְּבָרִ֖ים הָ⁠אֵֽלֶּה	2	See the discussion in the introduction to 2 Kings of how the author and characters may use the terms “word” or “words” to represent something that someone said by using words. If it would be clearer in your language, you could state the meaning plainly, here and in similar instances throughout the book. Alternate translation: [and said these things]
1:8	x1vn		rc://*/ta/man/translate/figs-idiom	אִ֚ישׁ בַּ֣עַל שֵׂעָ֔ר	1	This could mean: (1) that Elijah wore a garment made of untanned animal skin with the hair outward. Alternate translation: [The man was wearing a hairy coat] or (2) that Elijah had long hair and a long beard. Alternate translation: [The man had long hair and a long beard]
1:8	l8q7		rc://*/ta/man/translate/figs-activepassive	וְ⁠אֵז֥וֹר ע֖וֹר אָז֣וּר בְּ⁠מָתְנָ֑י⁠ו	1	The expression **was tied** is a passive verbal form. If it would be unnatural to use that form, you could express the idea in active form or in another way that is natural in your language. Alternate translation: [and he was wearing a leather belt around his waist]
1:9	j0zo		rc://*/ta/man/translate/figs-ellipsis	שַׂר־חֲמִשִּׁ֖ים וַ⁠חֲמִשָּׁ֑י⁠ו	1	The author is leaving out some of the words that in many languages a sentence would need in order to be complete. You can supply these words from the context if that would be clearer in your language. Alternate translation: [a captain of fifty men and his fifty men]
1:9	uw62		rc://*/ta/man/translate/figs-explicit	שַׂר־חֲמִשִּׁ֖ים וַ⁠חֲמִשָּׁ֑י⁠ו	1	In ancient warfare, officers were often described by the number of troops that were generally under their command. However, the actual number could vary. There were not necessarily exactly **fifty** soldiers who accompanied this **captain of fifty** on this occasion as he went to capture Elijah. You may be able to state this in more general terms, using an equivalent expression from your language and culture. Alternate translation: [a platoon leader and his soldiers]
1:9	fg3d		rc://*/ta/man/translate/figs-metaphor	וְ⁠הִנֵּה֙	1	See the discussion in the introduction to 2 Kings of how the author and characters often use the term “behold” to focus their listeners’ attention on what they are about to say. Your language may have a comparable expression that you can use in your translation.
1:9	dfjw		rc://*/ta/man/translate/figs-idiom	רֹ֣אשׁ הָ⁠הָ֔ר	1	The author is using the term **head** to mean the top of this **hill**. If it would be helpful in your language, you could state the meaning plainly. Alternate translation: [the top of a hill]
1:9	ttcn		rc://*/ta/man/translate/writing-pronouns	וַ⁠חֲמִשָּׁ֑י⁠ו & וַ⁠יְדַבֵּ֣ר אֵלָ֔י⁠ו	1	The pronoun **he** refers to the captain, while the pronoun **him** refers to Elijah. It may be helpful to clarify this for your readers. Alternate translation: [and the captain said to Elijah]
1:9	n7m4		rc://*/ta/man/translate/figs-quotesinquotes	הַ⁠מֶּ֥לֶךְ דִּבֶּ֖ר רֵֽדָ⁠ה	1	If it would be clearer in your language, you could translate this so that there is not a quotation within a quotation. Alternate translation: [the king orders you to come down]
1:10	izxt		rc://*/ta/man/translate/writing-quotations	וַ⁠יְדַבֵּר֮	1	See the discussion of this phrase in the Introduction to 2 Kings. It introduces a direct quotation. In your translation, use a natural way of introducing direct quotations in your language. It may not be necessary to represent this phrase explicitly, here or in its other instances in the book.
1:10	xaox		rc://*/ta/man/translate/grammar-connect-condition-fact	וְ⁠אִם־אִ֤ישׁ אֱלֹהִים֙ אָ֔נִי	1	Elijah is speaking as if this were a hypothetical possibility, but he means that it is actually true. If a speaker of your language would not state something as a condition if it were certain or true, or if your readers might think that what Elijah is saying is uncertain, then you could translate this as a confident statement, here and in verse 12. Alternate translation: [Since I am a man of God]
1:11	fz7v		rc://*/ta/man/translate/figs-hendiadys	וַ⁠יָּ֜שָׁב וַ⁠יִּשְׁלַ֥ח	1	The phrase **returned and sent** expresses a single idea. The word **returned** tells in what way the king **sent** soldiers, that is, for a second time. If it would be more natural in your language, you could express this meaning in a different way, here and in verse 13. Alternate translation: [And once again he sent]
1:11	vbnc		rc://*/ta/man/translate/writing-quotations	וַ⁠יַּ֨עַן֙ וַ⁠יְדַבֵּ֣ר אֵלָ֔י⁠ו	1	This **captain** was not answering something that Elijah said to him. He was responding to the situation of seeing Elijah still sitting on top of the hill. It may be helpful to clarify that for your readers. Alternate translation: [And when this captain saw Elijah still sitting on the hill, he said to him]
1:11	hi56		rc://*/ta/man/translate/figs-quotesinquotes	כֹּֽה־אָמַ֥ר הַ⁠מֶּ֖לֶךְ מְהֵרָ֥ה רֵֽדָ⁠ה	1	If it would be clearer in your language, you could translate this so that there is not a quotation within a quotation. Alternate translation: [The king orders you to come down quickly]
1:12	pa56		rc://*/ta/man/translate/writing-pronouns	אֲלֵי⁠הֶם֒	1	The author says that Elijah spoke these words to **them**, meaning the captain and all of his soldiers, because what he said affected them all. However, since Elijah addresses the captain directly (the pronouns **you** and **your** that he uses are singular), it may be more natural in your language to use a singular pronoun here. Alternate translation: [to him]
1:13	tyyi		rc://*/ta/man/translate/figs-explicit	וַ⁠יַּ֡עַל	1	The author assumes that readers will understand that the third captain **went up** the hill to where Elijah was sitting. You could say that explicitly if that would be helpful to your readers. Alternate translation: [And … went up the hill]
1:13	vy5j		rc://*/ta/man/translate/translate-symaction	וַ⁠יִּכְרַ֥ע עַל־בִּרְכָּ֣י⁠ו ׀ לְ⁠נֶ֣גֶד אֵלִיָּ֗הוּ	1	The captain **knelt on his knees** as a symbolic action by which he showed humility and submission to Elijah. If it would be helpful to your readers, you could explain the significance of this action in the text of your translation or in a footnote. Alternate translation: [knelt in front of Elijah to show his respect] or [bowed down on his knees before Elijah in humble submission]
1:13	mdrd		rc://*/ta/man/translate/figs-explicitinfo	וַ⁠יִּכְרַ֥ע עַל־בִּרְכָּ֣י⁠ו	1	It might seem that the expression **knelt on his knees** contains extra information that would not be natural to express in your language. If so, you can shorten it. Alternate translation: [and knelt down]
1:13	mr6f		rc://*/ta/man/translate/figs-hendiadys	וַ⁠יִּתְחַנֵּ֤ן אֵלָי⁠ו֙ וַ⁠יְדַבֵּ֣ר אֵלָ֔י⁠ו	1	The phrase **pleaded with him and said to him** expresses a single idea. The word **pleaded** tells how the third captain **said** the following words to Elijah. If it would be more natural in your language, you could express this meaning in a different way. Alternate translation: [and he said pleadingly to him]
1:13	nncq		rc://*/ta/man/translate/figs-idiom	תִּֽיקַר־נָ֣א נַפְשִׁ֗⁠י וְ⁠נֶ֨פֶשׁ עֲבָדֶ֥י⁠ךָֽ אֵ֛לֶּה חֲמִשִּׁ֖ים בְּ⁠עֵינֶֽי⁠ךָ	1	See the discussion in the introduction to 2 Kings of how the author and characters often speak of something as having a certain quality “in the eyes of” someone. They mean that the person considered this thing to have that quality. Alternate translation: [please consider my life and the life of these your fifty servants to be valuable]
1:13	krow		rc://*/ta/man/translate/figs-explicit	עֲבָדֶ֥י⁠ךָֽ אֵ֛לֶּה חֲמִשִּׁ֖ים	1	By calling his soldiers Elijah’s **servants**, the captain is indicating that the soldiers will not harm him. Instead, they will do whatever he wants them to do. You could indicate this explicitly in your translation if that would be helpful to your readers. The UST models one way to do that.
1:15	zddk		rc://*/ta/man/translate/writing-pronouns	רֵ֣ד אוֹת֔⁠וֹ אַל־תִּירָ֖א מִ⁠פָּנָ֑י⁠ו	1	The pronoun **him** refers to the third captain, while the pronoun **his** refers to the king. It may be helpful to clarify this for your readers. Alternate translation: [Go down with this captain. Do not be afraid of the king’s face]
1:15	xixa		rc://*/ta/man/translate/figs-synecdoche	מִ⁠פָּנָ֑י⁠ו	1	See the discussion in the introduction to 2 Kings of how the author or a character may use the word “face,” part of a person, to represent the whole person in the act of doing something. Here the author is using King Ahaziah’s **face** to mean all of him in the act of trying to arrest Elijah and possibly punish or kill him. Alternate translation: [of him] or [of what he might do to you]
1:16	dkp2		rc://*/ta/man/translate/writing-pronouns	וַ⁠יְדַבֵּ֨ר אֵלָ֜י⁠ו	1	The pronoun **he** refers to Elijah, while the pronoun **him** refers to King Ahaziah. It may be helpful to clarify this for your readers. Alternate translation: [And Elijah said to King Ahaziah]
1:16	l77v		rc://*/ta/man/translate/figs-quotesinquotes	כֹּֽה־אָמַ֣ר יְהוָ֗ה יַ֜עַן אֲשֶׁר־שָׁלַ֣חְתָּ מַלְאָכִים֮ לִ⁠דְרֹשׁ֮ בְּ⁠בַ֣עַל זְבוּב֮ אֱלֹהֵ֣י עֶקְרוֹן֒ הַֽ⁠מִ⁠בְּלִ֤י אֵין־אֱלֹהִים֙ בְּ⁠יִשְׂרָאֵ֔ל לִ⁠דְרֹ֖שׁ בִּ⁠דְבָר֑⁠וֹ לָ֠⁠כֵן הַ⁠מִּטָּ֞ה אֲשֶׁר־עָלִ֥יתָ שָּׁ֛ם לֹֽא־תֵרֵ֥ד מִמֶּ֖⁠נָּה כִּֽי־מ֥וֹת תָּמֽוּת	1	If it would be clearer in your language, you could translate this so that there is not a quotation within a quotation. Alternate translation: [Yahweh says that there is a God in Israel, and you should have inquired of his word. Because you sent messengers instead to inquire of Baal-Zebub, the god of Ekron, therefore, the bed where you have gone up there, you will not come down from it, for dying, you will die]
1:16	bpxw		rc://*/ta/man/translate/figs-metonymy	לִ⁠דְרֹ֖שׁ בִּ⁠דְבָר֑⁠וֹ	1	Here Yahweh’s **word** represents what he would say to provide guidance. If it would be helpful in your language, you could use an equivalent expression or state the meaning plainly. Alternate translation: [to ask for guidance]
1:17	cpth		rc://*/ta/man/translate/grammar-connect-logic-result	וַ⁠יִּמְלֹ֤ךְ יְהוֹרָם֙ תַּחְתָּ֔י⁠ו & בִּ⁠שְׁנַ֣ת שְׁתַּ֔יִם לִ⁠יהוֹרָ֥ם בֶּן־יְהוֹשָׁפָ֖ט מֶ֣לֶךְ יְהוּדָ֑ה כִּ֛י לֹֽא־הָ֥יָה ל֖⁠וֹ בֵּֽן	1	If it would be more natural in your language, you could reverse the order of these phrases, since the second phrase gives the reason for the result that the first phrase describes. Alternate translation: [And because a son was not to him, Jehoram reigned in his place in the year of two to Jehoram, the son of Jehoshaphat, king of Judah]
1:17	uw44		rc://*/ta/man/translate/writing-participants	וַ⁠יִּמְלֹ֤ךְ יְהוֹרָם֙ תַּחְתָּ֔י⁠ו & בִּ⁠שְׁנַ֣ת שְׁתַּ֔יִם לִ⁠יהוֹרָ֥ם בֶּן־יְהוֹשָׁפָ֖ט מֶ֣לֶךְ יְהוּדָ֑ה	1	The author is introducing **Jehoram** as a participant in the story as the new king of Israel. His characteristic method throughout this book, as shown here, is to refer to a year in the reign of the king of one kingdom, Israel or Judah, in order to identify when a king of the other kingdom began to reign. If you have already translated the book of 1 Kings, see how you translated the same kind of introduction in [1 Kings 15:1](../1ki/15/01.md) and similar instances throughout that book.
1:17	ypcs		rc://*/ta/man/translate/figs-explicit	יְהוֹרָם֙	1	The author describes Jehoram in [8:16](../08/16.md) (where he calls him “Joram”) as “the son of Ahab.” This means that Jehoram was Ahaziah’s younger brother. You could indicate this explicitly in your translation if that would be helpful to your readers. Alternate translation: [his younger brother Jehoram]
1:17	d11b		rc://*/ta/man/translate/translate-ordinal	בִּ⁠שְׁנַ֣ת שְׁתַּ֔יִם לִ⁠יהוֹרָ֥ם	1	If your language would not describe a year of a king’s reign in a form such as **the year of two**, you could represent this year in a form that your language would use. Alternate translation: [in the second year of Jehoram]
1:18	aqsg		rc://*/ta/man/translate/writing-endofstory	וְ⁠יֶ֛תֶר דִּבְרֵ֥י אֲחַזְיָ֖הוּ אֲשֶׁ֣ר עָשָׂ֑ה הֲ⁠לֽוֹא־הֵ֣מָּה כְתוּבִ֗ים עַל־סֵ֛פֶר דִּבְרֵ֥י הַ⁠יָּמִ֖ים לְ⁠מַלְכֵ֥י יִשְׂרָאֵֽל	1	This is the way the author regularly concludes accounts of kings’ reigns. If you have already translated the book of 1 Kings, see how you translated the same expressions in [1 Kings 11:41](../1ki/11/41.md) and similar contexts throughout that book. Alternate translation: [Now you can read about the rest of the things that Ahaziah did in the book of the matters of the days of the kings of Israel]
2:intro	i216				0	# 2 Kings 2 Introduction\n\n## Structure and Formatting\n\nThis chapter relates the end of the ministry of Elijah and the beginning of the ministry of Elisha.\n\n  1. Yahweh takes Elijah to heaven in a whirlwind (1–18)\n  2. Elisha provides safe water for Jericho (19–22)\n  3. Boys mock Elisha, and bears maul them (23–25)\n\nThe author formally concludes his account of the reign of King Ahaziah of Israel at the end of chapter 1. But he does not formally begin his account of his successor, King Jehoram, until the beginning of chapter 3. So within the overall outline of the book, the story of the transition of prophetic leadership from Elijah to Elisha seems to take place within a special kind of time, a sacred time outside of the reigns of kings.\n\n## Religious and Cultural Concepts in This Chapter\n\n### Why did Elisha not want the sons of prophets from Bethel and Jericho to say anything more about Elijah being taken up?\n\nIn 2:3 and 2:5, prophets from Bethel and Jericho ask Elisha whether he knows that Yahweh is going to take Elijah away that day. In each case, Elisha replies, “I also know. Be quiet.” Elisha probably knew through prophetic revelation about Yahweh’s plan to take Elijah up in a whirlwind. His repeated instruction to be quiet suggests that this was a difficult and emotional time for him. The departure of Elijah marked not only the end of a great prophet’s ministry but also the loss of a beloved spiritual mentor. Elisha’s silence expressed reverence and grief. He probably wanted the other prophets to express the same things through their own silence. Elisha already knew what was going to happen to Elijah, and he anticipated this as a sacred, private, and emotional event that called for quiet, reverent faith.\n\n### Why did the young men who came out from Bethel mock Elisha for being bald?\n\nIn 2:23, as Elisha is returning from seeing Elijah being taken up into heaven, he passes by the city of Bethel, where there was a community of prophets. Some of them came out and started chanting, “Go up, bald one!” The phrase “Go up” meant “Keep on walking up that road,” in other words, “Get out of here.” So the young men were rejecting Elisha as a successor to Elijah as a leader and teacher of their community. But why did they cite his baldness as a reason for that rejection? In 1:8, when King Ahaziah asks his messengers what the prophet was like who spoke to them, they say that he was a “master of hair.” One possible meaning of that expression is that he had long hair and a long beard. By contrast, Elisha evidently had gone bald at a younger age. Insulting Elisha as “bald” may therefore have implied that he lacked divine power compared with Elijah. The mockers were essentially saying, “You are no Elijah, so we do not want you as our leader!” But since Yahweh had told Elijah to appoint Elisha as his successor, these young men were rejecting Yahweh’s choice and denying Elisha’s spiritual authority rather than submitting to it. That seems to be the reason why they suffered a divine judgment, being mauled by bears, that might otherwise seem to be a very harsh punishment for speaking an insult.\n\n### Why did Elisha travel to Jericho, Bethel, and Mount Carmel before returning to Samaria?\n\nIt is clear from 2:3 and 2:5 that there were communities of prophets in Jericho and Bethel. Elijah seems to have wanted to visit with them one more time before he was taken up to heaven. After he was taken up and Elisha succeeded him, Elisha returned to the community in Jericho, and he tried to return to the one in Bethel, apparently to confirm what had happened to Elijah, to encourage the communities and to begin his work among them as Elijah’s successor. It appears from 4:25 that there was also a community of prophets at Mount Carmel with whom Elisha stayed from time to time. So he apparently also made a visit to that community before returning to the city of Samaria, where his permanent residence was, as passages such as 6:32–33 suggest.
2:1	k337		rc://*/ta/man/translate/writing-newevent	וַ⁠יְהִ֗י	1	See the discussion in the introduction to 2 Kings of how the author uses the phrase “And it happened” to introduce new events in his story. To translate this phrase here and in similar occurrences in the book, use a word, phrase, or other method in your language that is natural for introducing a new event.
2:1	q0ls		rc://*/ta/man/translate/figs-explicit	הַ⁠גִּלְגָּֽל	1	Since the author says in the next verse that Elijah and Elisha “went down” to Bethel, the **Gilgal** he speaks of here cannot be the city in the Jordan River valley near Jericho, which was at a lower elevation than Bethel. The author must mean the city of Gilgal that was in the territory of the tribe of Ephraim, where there was a community of prophets, as the author indicates in [4:38](../04/38.md). You could indicate this explicitly in your translation if that would be helpful to your readers. The UST models one way to do that.
2:2	vn6p		rc://*/ta/man/translate/grammar-connect-logic-result	שֵֽׁב־נָ֣א פֹ֗ה כִּ֤י יְהוָה֙ שְׁלָחַ֣⁠נִי עַד־בֵּֽית־אֵ֔ל	1	If it would be more natural in your language, you could reverse the order of these phrases, since the second phrase gives the reason for the result that the first phrase describes. Alternate translation: [Since Yahweh has sent me to Bethel, stay here, please]
2:2	c4yh		rc://*/ta/man/translate/writing-oathformula	חַי־יְהוָ֥ה וְ⁠חֵֽי־נַפְשְׁ⁠ךָ֖ אִם־אֶעֶזְבֶ֑⁠ךָּ	1	Following the custom of his culture, Elisha is swearing an oath by guaranteeing it by something that he holds sacred and by stating the first part of a condition (“if”) but not the second part (“then”). Use a natural way in your language to express an oath. In a context such as this, it may be natural to express just the first part of the condition as a negative statement, here and in verses 4 and 6. Alternate translation: [I swear by Yahweh and I swear by your own life that I will not leave you]
2:2	rzud		rc://*/ta/man/translate/figs-synecdoche	וְ⁠חֵֽי־נַפְשְׁ⁠ךָ֖	1	Elisha is using one part of Elijah, his **soul**, to mean all of him. If it would be helpful in your language, you could state the meaning plainly. Alternate translation: [and your own life]
2:2	eqct		rc://*/ta/man/translate/figs-explicitinfo	וַ⁠יֵּרְד֖וּ בֵּֽית־אֵֽל	1	In keeping with what is usual for his language and culture, the author is marking travel for change in elevation. If this expression contains extra information that would not be natural to express in your language, you could shorten it. See how you translated the similar expression “go up” in [1:3](../01/03.md). Alternate translation: [And they went to Bethel]
2:3	l92v		rc://*/ta/man/translate/translate-unknown	בְנֵֽי־הַ⁠נְּבִיאִ֥ים	1	The phrase **sons of the prophets** refers to members of groups of young men who were being trained to become prophets by older men who were experienced prophets. If your readers would not be familiar with what this phrase means, you could use a more general term or explain it in a footnote. If you have already translated the book of 1 Kings, see how you translated the similar expression in [1 Kings 20:35](../1ki/20/35.md). Alternate translation: [some young prophets in training]
2:3	ktmm		rc://*/ta/man/translate/figs-metaphor	לֹקֵ֥חַ אֶת־אֲדֹנֶ֖י⁠ךָ מֵ⁠עַ֣ל רֹאשֶׁ֑⁠ךָ	1	The author is speaking of Elijah as if he were **over** Elisha’s **head** in the sense of being physically above him. He means that Elijah is Elisha’s master and leader. If it would be helpful in your language, you could state the meaning plainly, here and in verse 5. Alternate translation: [is taking away the master who is in authority over you]
2:3	g252		rc://*/ta/man/translate/writing-pronouns	גַּם־אֲנִ֥י יָדַ֖עְתִּי	1	Elisha is stating the pronoun **I** separately, even though the verb translated as **I … know** already includes this meaning. He is doing that to emphasize his personal awareness of what Yahweh will do that day. If a speaker of your language would use an explicit pronoun for the same purpose, you may want to use that construction in your translation. If not, your language may have other ways of showing the meaning here and in verse 5. Alternate translation: [For my part, I also know]
2:7	hrjn		rc://*/ta/man/translate/figs-explicit	וַ⁠חֲמִשִּׁ֨ים אִ֜ישׁ	1	In this context, **fifty** may be an approximate number rather than an exact one. The idea may be that this was a large group of men and so a credible body of witnesses to what happened in this episode. Your language may have a way of indicating that this may be an approximate number, for example, by using a word rather than digits to represent it.
2:8	jsbc		rc://*/ta/man/translate/figs-activepassive	וַ⁠יֵּחָצ֖וּ	1	If your language does not use this passive form, you could express the idea in active form or in another way that is natural in your language. Alternate translation: [and they moved apart]
2:8	cor0		rc://*/ta/man/translate/figs-idiom	הֵ֣נָּה וָ⁠הֵ֑נָּה	1	The author is using **here and here** as a common expression to indicate that some of the water moved away to one side of Elijah and Elisha and the rest of the water moved away to the other side. If this phrase does not have that meaning for your readers, you could use a comparable expression from your language that does have that meaning, or you could state the meaning plainly. Alternate translation: [some to one side and some to the other side]
2:9	phv6		rc://*/ta/man/translate/writing-newevent	וַ⁠יְהִ֣י	1	See the discussion in the introduction to 2 Kings of how the author also uses the phrase “And it happened” to introduce new developments within events that he is relating in his story. To translate this phrase here and in similar occurrences in the book, use a word, phrase, or other method in your language that is natural for introducing a new development within an event.
2:9	sec7		rc://*/ta/man/translate/figs-activepassive	אֶלָּקַ֣ח	1	The expression **am taken** is a passive verbal form. If your language would not use that form, you could express the idea in active form or in another way that is natural in your language. Alternate translation: [Yahweh takes me]
2:9	qhfe		rc://*/ta/man/translate/figs-metaphor	פִּֽי־שְׁנַ֥יִם בְּ⁠רוּחֲ⁠ךָ֖	1	Elisha is asking Elijah to treat him as if he were his firstborn son. Elisha is alluding to [Deuteronomy 21:17](../../deu/21/17.md), which specified that fathers were to give their firstborn sons twice as much inheritance as their other sons, since the firstborn would need those resources to be the leaders of the next generation. Elisha is aware of his role as Elijah’s appointed successor. If it would be helpful in your language, you could state the meaning plainly. The UST models one way to do that.
2:10	osfa		rc://*/ta/man/translate/figs-activepassive	אִם־תִּרְאֶ֨ה אֹתִ֜⁠י לֻקָּ֤ח	1	The expression **being taken** is a passive verbal form. If your language would not use that form, you could express the idea in active form or in another way that is natural in your language. If you need to say who does the action, the context indicates that it is Yahweh. Alternate translation: [If you see Yahweh taking me]
2:10	vu18		rc://*/ta/man/translate/figs-ellipsis	וְ⁠אִם־אַ֖יִן לֹ֥א יִהְיֶֽה	1	Elijah is leaving out some of the words that in many languages a sentence would need in order to be complete. You can supply these words from earlier in the verse if that would be clearer in your language. Alternate translation: [But if you do not see me being taken from you, it will not be thus for you]
2:11	j5ye		rc://*/ta/man/translate/figs-idiom	הֵ֣מָּה הֹלְכִ֤ים הָלוֹךְ֙ וְ⁠דַבֵּ֔ר	1	The author is using the term **walking** in its second instance to indicate ongoing action. That was a common usage of this culture. Represent this meaning with an expression that would be natural in your culture. Alternate translation: [they continued on, speaking as they went]
2:11	uw45		rc://*/ta/man/translate/figs-metaphor	וְ⁠הִנֵּ֤ה	1	See how you translated the term “behold” in [1:9](../01/09.md).
2:12	sswb		rc://*/ta/man/translate/writing-politeness	אָבִ֣⁠י ׀ אָבִ֗⁠י	1	Elisha is referring to Elijah by a respectful title. Use a comparable title or expression for addressing someone respectfully in your language. Alternate translation: [My master, my master]
2:12	ofsp		rc://*/ta/man/translate/figs-reduplication	אָבִ֣⁠י ׀ אָבִ֗⁠י	1	Elisha is repeating the term **My father** in order to intensify his expression of grief and loss. If your language can repeat words for intensification, it would be appropriate to do that here in your translation. If not, your language may have another way of expressing the intensification. Alternate translation: [My dear father] or [My dear master]
2:12	thuj		rc://*/ta/man/translate/figs-metaphor	רֶ֤כֶב יִשְׂרָאֵל֙ וּ⁠פָ֣רָשָׁ֔י⁠ו	1	Elisha is speaking as if Elijah had actually been **chariotry** and **horsemen** defending **Israel**. He means that Elijah’s spiritual leadership, prayers, counsel, and presence provided strength and security for the kingdom. If it would be helpful in your language, you could state the meaning plainly. Alternate translation: [Israel’s mighty defender]
2:12	cza0		rc://*/ta/man/translate/translate-symaction	וַֽ⁠יַּחֲזֵק֙ בִּ⁠בְגָדָ֔י⁠ו וַ⁠יִּקְרָעֵ֖⁠ם לִ⁠שְׁנַ֥יִם קְרָעִֽים	1	Tearing **his clothes** was a symbolic action by which Elisha showed that he was grieving deeply over the departure of Elijah. If it would be helpful to your readers, you could explain the significance of this action in the text of your translation or in a footnote. Alternate translation: [And he grabbed his clothes and tore them into two pieces to show his grief]
2:13	kpgd		rc://*/ta/man/translate/figs-idiom	שְׂפַ֥ת	1	The author is using the term **lip** to mean the bank of the **Jordan** River. If it would be helpful in your language, you could state the meaning plainly. Alternate translation: [the bank of]
2:14	p5kf		rc://*/ta/man/translate/figs-explicit	אַיֵּ֕ה יְהוָ֖ה אֱלֹהֵ֣י אֵלִיָּ֑הוּ אַף־ה֣וּא	1	In this instance, Elisha is not using the question form to make a confident statement. He is asking this question because he is seeking information. (Elisha gets the information he is seeking in the form of the waters of the Jordan River parting.) You could indicate this explicitly in your translation if that would be helpful to your readers. Alternate translation: [Is Yahweh, the God of Elijah, even he, still here with me]
2:14	mf7h		rc://*/ta/man/translate/writing-pronouns	אַיֵּ֕ה יְהוָ֖ה אֱלֹהֵ֣י אֵלִיָּ֑הוּ אַף־ה֣וּא	1	Elisha is emphasizing his question about Yahweh by adding the pronoun **he** at the end. Your language may have its own way of using a pronoun for emphasis. Alternate translation: [Where is Yahweh, he who was the God of Elijah]
2:14	kwth		rc://*/ta/man/translate/figs-activepassive	וַ⁠יֵּֽחָצוּ֙ הֵ֣נָּה וָ⁠הֵ֔נָּה	1	See how you translated the similar expression in [2:8](../02/08.md). Alternate translation: [and they moved apart, some to one side and some to the other side]
2:16	i2ts		rc://*/ta/man/translate/figs-123person	אֶת־עֲבָדֶי⁠ךָ֩	1	The sons of the prophets are referring to themselves in the third person as **your servants** to show humility and respect toward Elisha. If it would be helpful in your language, you could translate this in a humble and respectful form in the first person. Alternate translation: [us, your servants,]
2:16	ovvv		rc://*/ta/man/translate/figs-explicit	חֲמִשִּׁ֨ים	1	As in [2:7](../02/07.md), the number **fifty** here may be approximate rather than exact. Alternate translation: [several dozen]
2:16	ka2j		rc://*/ta/man/translate/figs-idiom	בְּנֵֽי־חַ֗יִל	1	See the discussion in the introduction to 2 Kings of how the author or a character may use the phrase “sons of” to indicate that people have the characteristic of something. Alternate translation: [valiant men] or [strong men]
2:18	rtdc		rc://*/ta/man/translate/figs-quotesinquotes	הֲ⁠לֽוֹא־אָמַ֥רְתִּי אֲלֵי⁠כֶ֖ם אַל־תֵּלֵֽכוּ	1	If it would be clearer in your language, you could translate this so that there is not a quotation within a quotation. Alternate translation: [Did I not tell you not to go]
2:18	lp7u		rc://*/ta/man/translate/figs-rquestion	הֲ⁠לֽוֹא־אָמַ֥רְתִּי אֲלֵי⁠כֶ֖ם אַל־תֵּלֵֽכוּ	1	Elisha is using the question form to rebuke the sons of the prophets for not listening to his warning. If a speaker of your language would not use the question form for that purpose, you could translate this as a statement or as an exclamation. Alternate translation: [I told you that you should not go!]
2:19	qeb5		rc://*/ta/man/translate/figs-metaphor	מוֹשַׁ֤ב הָ⁠עִיר֙ ט֔וֹב	1	The men of Jericho are speaking as if their city were **dwelling** in its location. If it would be helpful in your language, you could state the meaning plainly. Alternate translation: [the situation of the city is good] or [the city is in a good location]
2:19	u5cm		rc://*/ta/man/translate/writing-pronouns	אֲדֹנִ֖⁠י	1	One of the **men of the city** is speaking to Elisha, so he says **my lord**. However, since he is speaking on behalf of all of them, it may be more natural in your language to use a plural pronoun. Alternate translation: [our lord]
2:19	c1zu		rc://*/ta/man/translate/figs-123person	אֲדֹנִ֖⁠י	1	Even though this spokesman for the men of the city is addressing Elisha directly, he is speaking of him in the third person as **my lord** to show respect. If it would be helpful in your language, you could translate this in a respectful form in the second person. Alternate translation: [you, my lord] or [you, our lord]
2:19	lnzo		rc://*/ta/man/translate/figs-metonymy	וְ⁠הָ⁠אָ֥רֶץ מְשַׁכָּֽלֶת	1	Here, **the land** represents the people and animals who live on the land. If it would be helpful in your language, you could use an equivalent expression or state the meaning plainly. Alternate translation: [so the people and animals who live here are miscarrying]
2:20	jzdc		rc://*/ta/man/translate/figs-events	קְחוּ־לִ⁠י֙ צְלֹחִ֣ית חֲדָשָׁ֔ה וְ⁠שִׂ֥ימוּ שָׁ֖ם מֶ֑לַח	1	Elisha is describing one event, the people putting salt in the bowl, before describing another event that preceded it, bringing the bowl to him. If it would be helpful in your language, you may wish to relate these events in the order in which they would happen. Alternate translation: [Put some salt in a new bowl, and bring it to me]
2:20	tlof		rc://*/ta/man/translate/translate-symaction	צְלֹחִ֣ית חֲדָשָׁ֔ה	1	Using a **new bowl** for this task, an object unaffected by any previous use, was a symbolic action by which Elisha showed that he was carrying out a holy purpose in Yahweh’s service. If it would be helpful to your readers, you could explain the significance of this action in the text of your translation or in a footnote. Alternate translation: [a bowl that is appropriate for this special purpose because it has never been used before]
2:20	bf31		rc://*/ta/man/translate/translate-symaction	מֶ֑לַח	1	The **salt** that Elisha asked for and used to cleanse the spring symbolized Yahweh’s purifying power, which actually healed the waters. If it would be helpful to your readers, you could explain this in the text of your translation or in a footnote. Alternate translation: [salt, a symbol of Yahweh’s power to purify,]
2:21	jl6n		rc://*/ta/man/translate/figs-quotesinquotes	כֹּֽה־אָמַ֣ר יְהוָ֗ה רִפִּ֨אתִי֙ לַ⁠מַּ֣יִם הָ⁠אֵ֔לֶּה לֹֽא־יִהְיֶ֥ה מִ⁠שָּׁ֛ם ע֖וֹד מָ֥וֶת וּ⁠מְשַׁכָּֽלֶת	1	If it would be clearer in your language, you could translate this so that there is not a quotation within a quotation. Alternate translation: [Yahweh says that he has healed these waters. Death and miscarrying will not still be from there]
2:21	jhzv		rc://*/ta/man/translate/figs-hendiadys	מָ֥וֶת וּ⁠מְשַׁכָּֽלֶת	1	The phrase **Death and miscarrying** expresses a single idea. The word **miscarrying** tells what is the cause of **Death** in this case. If it would be more natural in your language, you could express this meaning in a different way. Alternate translation: [Deaths from miscarriages]
2:22	imyw		rc://*/ta/man/translate/figs-activepassive	וַ⁠יֵּרָפ֣וּ הַ⁠מַּ֔יִם	1	The expression **were healed** is a passive verbal form. If it would be unnatural to use that form, you could express the idea in active form or in another way that is natural in your language. Alternate translation: [And Yahweh healed the waters]
2:22	ncy4		rc://*/ta/man/translate/figs-ellipsis	עַ֖ד הַ⁠יּ֣וֹם הַ⁠זֶּ֑ה	1	The author is leaving out some of the words that in many languages a sentence would need in order to be complete. You can supply these words from the context if that would be clearer in your language. Alternate translation: [and that has been the case to this day]
2:22	fu3w		rc://*/ta/man/translate/figs-explicit	עַ֖ד הַ⁠יּ֣וֹם הַ⁠זֶּ֑ה	1	The author is using the phrase **to this day** to refer to the time at which he is writing. Translators should bear in mind that the phrase refers to a time that is now in the past. They should avoid giving the impression that it means the present day of the translation’s readers. Alternate translation: [at the time when this is being written] or [at the time of this writing]
2:22	i1he		rc://*/ta/man/translate/figs-metonymy	כִּ⁠דְבַ֥ר אֱלִישָׁ֖ע אֲשֶׁ֥ר דִּבֵּֽר	1	See how you translated the similar expression in [1:7](../01/07.md). Alternate translation: [according to what Elisha said when he spoke]
2:23	zg6f		rc://*/ta/man/translate/figs-nominaladj	קֵרֵ֖חַ	1	These **young men** were using the adjective **bald** as a noun to mean a certain kind of person. The ULT indicates that by supplying the word **one**. Your language may use adjectives in the same way. If not, you can translate this adjective with an equivalent word or phrase. Alternate translation: [baldy]
2:24	pjok		rc://*/ta/man/translate/figs-metonymy	בְּ⁠שֵׁ֣ם יְהוָ֑ה	1	Here, **the name of Yahweh** represents Yahweh’s power and authority. If it would be helpful in your language, you could use an equivalent expression or state the meaning plainly. Alternate translation: [by the authority of Yahweh]
3:intro	uw46				0	# 2 Kings 3 Introduction\n\n## Structure and Formatting\n\nThis chapter describes how King Jehoram of Israel led an attack to reconquer Moab, a former vassal state that had rebelled against him, with the help of King Jehoshaphat of Judah and the king of Edom.\n\n## Religious and Cultural Concepts in This Chapter\n\n### Why did Jehoshaphat want to attack Moab through Edom?\n\nIn 3:8, Jehoram asks Jehoshaphat what route their armies should take to reconquer Moab. Jehoshaphat replies that they should go through Edom. There were two main advantages to this route. First, while the northern route across the Jordan River was shorter, it led to a border of Moab that was heavily fortified. While the southern route through the desert was longer and more difficult and dangerous, it led to a border of Moab that was less defended. That made it a strategic route for a surprise attack that caught the Moabites unprepared. Second, this route led through Edom, allowing the two kings to pick up the king of Edom and his army as a further ally along the way, since Edom was a vassal state under Judah’s influence. This strengthened their army and ensured Edom’s loyalty during the campaign.\n\n### Why was Elisha traveling with the armies?\n\nKing Jehoram of Israel probably did not ask Elisha to accompany his army. Their relationship was strained and marked by mutual distrust. Jehoram was an idolatrous king who continued in the sinful ways of his father, Ahab. Elisha openly rebuked him for following false gods. However, Elisha, as Yahweh’s prophet, did not need to have the king’s approval or invitation to accompany the army. His authority came from Yahweh, and so he came and acted as a spiritual guide to the Israelite soldiers. In the end, his presence was necessary to bring Yahweh’s help to the campaign, including the miraculous provision of water in the desert. As a prophet, Elisha’s authority and purpose enabled him to join the military expedition and represent Yahweh.\n\n### Why did Elisha ask for a harpist?\n\nIn 3:15, when the kings ask him for direction from Yahweh, Elisha tells them to bring him a harpist. He probably wanted to listen to soft, beautiful music to help prepare his mind and spirit to receive Yahweh’s word clearly. This may have been especially helpful on this occasion, since Elisha had just sternly rebuked King Jehoram (3:13). Elisha may have become agitated, and he may have needed to still his thoughts and calm his emotions in order to hear a prophetic message from Yahweh.\n\n### Why did the Moabite king try to break through to where the Edomite king was?\n\nIn 3:26, the author says that as a final desperate tactic to escape the siege in Kir Hareseth, the king of Moab led 700 swordsmen to try to break through the enemy lines surrounding the city. The author says that he was specifically trying to reach the place where the Edomite army was. He may have done this because he believed the Edomite contingent was the weakest or most vulnerable part of the allied army that was attacking him. He may also have hoped that he could turn the Edomites against the Judeans and Israelites, since Edom was a vassal state of Judah that had rebelled against it in the past, just as he had now rebelled against Israel. However, his attempt was not successful.\n\n### What does “great wrath was against Israel” mean?\n\nIn 3:27, the author says that after the Moabite king sacrificed his firstborn son publicly on the city wall, “great wrath was against Israel,” and the invading army abandoned its siege of Kir Haraseth and left Moab. Interpreters have suggested many different understandings of what this might mean. The following are some of the possibilities. However, since the meaning is so uncertain, we recommend that you leave this as a general statement in your translation. The UST models one way to do that.\n- The statement could mean that the Moabite king’s sacrifice of his firstborn son made the Moabite soldiers so angry with the Israelites that they fought very hard against them.\n- It could mean that the Judean and Edomite kings and their soldiers became angry with the Israelite king for starting a war against Moab that had led to such an outrage, so they refused to keep helping him.\n- It could mean that this sacrifice unleashed the evil forces that lie behind idol worship (as the Bible explains in places such as [1 Corinthians 10:20–21](../1co/10/20.md)) and, because the war against Moab had been instigated by Jehoram, who worshiped Baal, Yahweh would not help him and his allies overcome those forces (compare what Elisha says in [3:14](../03/14.md)).
3:1	iwts		rc://*/ta/man/translate/writing-participants	וִ⁠יהוֹרָ֣ם בֶּן־אַחְאָ֗ב מָלַ֤ךְ עַל־יִשְׂרָאֵל֙ בְּ⁠שֹׁ֣מְר֔וֹן בִּ⁠שְׁנַת֙ שְׁמֹנֶ֣ה עֶשְׂרֵ֔ה לִ⁠יהוֹשָׁפָ֖ט מֶ֣לֶךְ יְהוּדָ֑ה וַ⁠יִּמְלֹ֖ךְ שְׁתֵּים־עֶשְׂרֵ֥ה שָׁנָֽה	1	In this verse and the next two verses, the author is introducing **Jehoram** as a participant in the story as the new king of **Israel**. In the preceding book of 1 Kings, the author introduced each new king in this same way, and he will introduce each new king this way throughout this book. It would be good to show this in your translation by representing his characteristic phrases the same way each time. If you have already translated the book of 1 Kings, see how you translated these phrases in [1 Kings 15:1](../1ki/15/01.md) and similar instances throughout that book.
3:1	rhmx		rc://*/ta/man/translate/translate-ordinal	בִּ⁠שְׁנַת֙ שְׁמֹנֶ֣ה עֶשְׂרֵ֔ה לִ⁠יהוֹשָׁפָ֖ט	1	If your language would not represent a number in a form such as **18**, you could represent this number in a form that your language would use. Alternate translation: [in the eighteenth year of Jehoshaphat’s reign]
3:2	pukk		rc://*/ta/man/translate/figs-metaphor	וַ⁠יַּעֲשֶׂ֤ה הָ⁠רַע֙ בְּ⁠עֵינֵ֣י יְהוָ֔ה	1	See how you translated the similar expression “in your eyes” in [1:13](../01/13.md). Alternate translation: [And he did what Yahweh considered to be evil]
3:2	d7a5		rc://*/ta/man/translate/figs-nominaladj	הָ⁠רַע֙	1	The author is using the adjective **evil** as a noun to mean things of a certain kind. Your language may use adjectives in the same way. If not, you can translate this adjective with an equivalent phrase. Alternate translation: [evil things] or [what was evil]
3:3	b2ne		rc://*/ta/man/translate/figs-metaphor	בְּ⁠חַטֹּ֞אות יָרָבְעָ֧ם & דָּבֵ֑ק	1	The author is speaking of Jehoram continuing to do sinful things as if he had **clung** to them physically. If it would be helpful in your language, you could state the meaning plainly. Alternate translation: [he persisted in the sins of Jeroboam] or [he continued to commit the sins of Jeroboam]
3:3	q5b1		rc://*/ta/man/translate/writing-pronouns	לֹא־סָ֖ר מִמֶּֽ⁠נָּה	1	Since the pronoun **it** refers back to the **sins** of Jeroboam, it may be more natural in your language to use a plural pronoun. Alternate translation: [He did not turn away from them]
3:3	k2po		rc://*/ta/man/translate/figs-metaphor	לֹא־סָ֖ר מִמֶּֽ⁠נָּה	1	The author is speaking of Jehoram’s continuing sins as if they were something he could have turned away from physically. If it would be helpful in your language, you could state the meaning plainly. Alternate translation: [He did not stop committing them] or [He did not abandon them]
3:4	q5ln		rc://*/ta/man/translate/writing-background	וּ⁠מֵישַׁ֥ע מֶֽלֶךְ־מוֹאָ֖ב הָיָ֣ה נֹקֵ֑ד וְ⁠הֵשִׁ֤יב לְ⁠מֶֽלֶךְ־יִשְׂרָאֵל֙ מֵאָה־אֶ֣לֶף כָּרִ֔ים וּ⁠מֵ֥אָה אֶ֖לֶף אֵילִ֥ים צָֽמֶר	1	Here the author is providing background information about **Mesha** and his relationship with Israel to help readers understand what happens next in the story. In your translation, introduce this information in a way that would be natural in your own language and culture.
3:5	ddf2		rc://*/ta/man/translate/writing-newevent	וַ⁠יְהִ֖י	1	See how you translated the similar expression in [2:1](../02/01.md).
3:6	ygjw		rc://*/ta/man/translate/figs-metonymy	בַּ⁠יּ֥וֹם הַ⁠ה֖וּא	1	The author is using the term **day** to mean a specific time. If it would be helpful in your language, you could state the meaning plainly. Alternate translation: [at that time]
3:6	ypcl		rc://*/ta/man/translate/figs-metonymy	אֶת־כָּל־יִשְׂרָאֵֽל	1	See the discussion in the Introduction to 2 Kings of how the author and characters often use the name of a nation, tribe, or city to represent its army. Alternate translation: [the whole Israelite army]
3:7	m9bf		rc://*/ta/man/translate/figs-explicit	וַ⁠יֵּ֡לֶךְ	1	In this context, the author does not mean that Jehoram **went** somewhere. He means that he took the action that he describes next. Alternate translation: [And he took action]
3:7	uw47		rc://*/ta/man/translate/writing-quotations	לֵ⁠אמֹ֗ר	1	See the discussion of this term in the Introduction to 2 Kings. In contexts such as this, it introduces a direct quotation. In your translation, use a natural way of introducing direct quotations in your language. It may not be necessary to represent this phrase explicitly, here or in its other instances in the book.
3:7	rfze		rc://*/ta/man/translate/figs-explicitinfo	אֶעֱלֶ֔ה	1	See how you translated the similar expression in [1:3](../01/03.md). Alternate translation: [I will go]
3:7	fd0t		rc://*/ta/man/translate/figs-idiom	כָּמ֧וֹ⁠נִי כָמ֛וֹ⁠ךָ כְּ⁠עַמִּ֥⁠י כְ⁠עַמֶּ֖⁠ךָ כְּ⁠סוּסַ֥⁠י כְּ⁠סוּסֶֽי⁠ךָ	1	Jehoshaphat is using a common expression of his culture to agree to join Jehoram in an attack against Moab. If this expression does not have that meaning in your language, you could use a comparable expression from your language that does have that meaning, or you could state the meaning plainly. If you have already translated the book of 1 Kings, see how you translated the similar expression in [1 Kings 22:4](../1ki/22/04.md), where Jehoshaphat says the same thing to Jehoram’s father Ahab. Alternate translation: [I and my army with its horses will fight alongside you and your army with its horses]
3:8	qr8u		rc://*/ta/man/translate/writing-pronouns	וַ⁠יֹּ֕אמֶר & וַ⁠יֹּ֕אמֶר	1	The pronoun **he** refers to Jehoram in the first instance in this verse, while it refers to Jehoshaphat in the second instance. It may be helpful to clarify this for your readers. Alternate translation: [And Jehoram said … And Jehoshaphat replied]
3:8	wjjz		rc://*/ta/man/translate/figs-idiom	אֵי־זֶ֥ה הַ⁠דֶּ֖רֶךְ נַעֲלֶ֑ה	1	Jehoram is using **Where is this, the way we shall go up** as a common expression of his culture to ask what **way** or route they should take. If this phrase does not have that meaning for your readers, you could use a comparable expression from your language that does have that meaning, or you could state the meaning plainly. Alternate translation: [By what way should we go up]
3:9	g1pt		rc://*/ta/man/translate/figs-explicit	וַ⁠יָּסֹ֕בּוּ	1	The author assumes that readers will understand that by **they went around**, he means that these armies went around the southern end of the Dead Sea. You could say that explicitly if that would be helpful to your readers. You may wish to use the name that this body of water had in biblical times, “the Sea of the Arabah.” Alternate translation: [and they went around the Dead Sea] or [and they went around the Sea of the Arabah]
3:9	dqo4		rc://*/ta/man/translate/figs-metonymy	לַֽ⁠מַּחֲנֶ֛ה	1	Here, **the camp** represents the soldiers who were camped there. If it would be helpful in your language, you could use an equivalent expression or state the meaning plainly. Alternate translation: [for the soldiers]
3:9	c4cn		rc://*/ta/man/translate/figs-metonymy	אֲשֶׁ֥ר בְּ⁠רַגְלֵי⁠הֶֽם	1	The author is using the expression **at their feet** to represent that these **animals** were walking behind the soldiers as they marched. As [3:16](../03/16.md) suggests, these probably included cattle to eat, horses to ride into battle, and animals to carry supplies. Alternate translation: [that were walking behind them]
3:10	vqa3		rc://*/ta/man/translate/figs-exclamations	אֲהָ֕הּ	1	The king of Israel is using a phrase that expresses a strong feeling, dismay or distress. There may be an equivalent word or phrase in your language that you can use in your translation to convey this feeling. If not, you could say what the king of Israel was feeling, or you could say what made him distressed. Alternate translation: [What a disaster] or [This makes me distressed]
3:10	q262		rc://*/ta/man/translate/grammar-connect-words-phrases	כִּֽי	1	Here the word **For** introduces not a reason but an explanation. Alternate translation: [It certainly appears that]
3:10	b6il		rc://*/ta/man/translate/figs-metonymy	בְּ⁠יַד־מוֹאָֽב	1	Here, **hand** represents the power or control of a person. If it would be helpful in your language, you could use an equivalent expression or state the meaning plainly, here and in verse 13. Alternate translation: [into the power of Moab]
3:11	p961		rc://*/ta/man/translate/writing-quotations	וַ⁠יֹּ֔אמֶר	1	See how you decided at [1:10](../01/10.md) to represent the phrase **and said** when it introduces a direct quotation.
3:11	anlo		rc://*/ta/man/translate/figs-idiom	אֲשֶׁר־יָ֥צַק מַ֖יִם עַל־יְדֵ֥י אֵלִיָּֽהוּ	1	The servant is using **poured water onto the hands of** as a common expression of his culture to mean “served as a personal attendant to.” If this phrase does not have that meaning in your language, you could use a comparable expression from your language that does have that meaning, or you could state the meaning plainly. Alternate translation: [who was a personal attendant of Elijah]
3:12	b4ct		rc://*/ta/man/translate/figs-metonymy	יֵ֥שׁ אוֹת֖⁠וֹ דְּבַר־יְהוָ֑ה	1	Here, **the word of Yahweh** represents Yahweh speaking through Elisha. If it would be helpful in your language, you could use an equivalent expression or state the meaning plainly. Alternate translation: [Yahweh speaks through him]
3:12	tqjs		rc://*/ta/man/translate/figs-explicitinfo	וַ⁠יֵּרְד֣וּ אֵלָ֗י⁠ו מֶ֧לֶךְ יִשְׂרָאֵ֛ל וִ⁠יהוֹשָׁפָ֖ט וּ⁠מֶ֥לֶךְ אֱדֽוֹם	1	The tents of these kings were probably on a height overlooking the camp of their soldiers, while Elisha was probably staying down within the camp. The author is marking travel for change in elevation. See how you translated the comparable expression “go up” in [1:3](../01/03.md). Alternate translation: [And the king of Israel and Jehoshaphat and the king of Edom went to him]
3:13	qj98		rc://*/ta/man/translate/figs-idiom	מַה־לִּ֣⁠י וָ⁠לָ֔⁠ךְ	1	Elisha is using **What to me and to you** as a common expression of his culture to insist that he has nothing in common with the **king of Israel** when it comes to seeking divine guidance. As Elisha notes, King Jehoram worships Baal, and so Elisha says he should ask prophets of Baal to help him rather than a prophet of Yahweh. If this phrase does not have that meaning in your language, you could use a comparable expression from your language that does have that meaning, or you could state the meaning plainly. If you have already translated the book of 2 Samuel, see how you translated the same expression in [2 Samuel 16:10](../2sa/16/10.md). Alternate translation: [I want to have nothing to do with your request that I seek divine guidance for you!]
3:13	s5rb		rc://*/ta/man/translate/figs-irony	לֵ֚ךְ אֶל־נְבִיאֵ֣י אָבִ֔י⁠ךָ וְ⁠אֶל־נְבִיאֵ֖י אִמֶּ֑⁠ךָ	1	Elisha actually means to communicate the opposite of the literal meaning of what he is saying. He does not actually want the king of Israel to consult false prophets. Rather, he is rebuking him for his idolatry. If, for such a purpose, a speaker of your language would not say the opposite of what he meant, you could express the meaning plainly. Alternate translation: [You had no right to come to me, since you and your family worship false gods]
3:14	mowv		rc://*/ta/man/translate/writing-oathformula	חַי־יְהוָ֤ה צְבָאוֹת֙ אֲשֶׁ֣ר עָמַ֣דְתִּי לְ⁠פָנָ֔י⁠ו כִּ֗י לוּלֵ֛י פְּנֵ֛י יְהוֹשָׁפָ֥ט מֶֽלֶךְ־יְהוּדָ֖ה אֲנִ֣י נֹשֵׂ֑א אִם־אַבִּ֥יט אֵלֶ֖י⁠ךָ וְ⁠אִם־אֶרְאֶֽ⁠ךָּ	1	Following the custom of his culture, Elisha is swearing an oath by guaranteeing it by something that he holds sacred and by stating the first part of a condition (“if”) but not the second part (“then”). Use a natural way in your language to express an oath. In a context such as this, it may be natural to express just the first part of the condition as a negative statement. Alternate translation: [I swear by Yahweh of hosts, to whose face I stand, that unless I were lifting the face of Jehoshaphat, the king of Judah, I would not look at you and I would not regard you]
3:14	s691		rc://*/ta/man/translate/figs-metonymy	אֲשֶׁ֣ר עָמַ֣דְתִּי לְ⁠פָנָ֔י⁠ו	1	Here, **to whose face I stand** represents being in the presence of Yahweh and serving him. If it would be helpful in your language, you could use an equivalent expression or plain language. Alternate translation: [in whose presence I stand] or [whose servant I am]
3:14	i24q		rc://*/ta/man/translate/grammar-connect-exceptions	לוּלֵ֛י פְּנֵ֛י יְהוֹשָׁפָ֥ט מֶֽלֶךְ־יְהוּדָ֖ה אֲנִ֣י נֹשֵׂ֑א אִם־אַבִּ֥יט אֵלֶ֖י⁠ךָ וְ⁠אִם־אֶרְאֶֽ⁠ךָּ	1	If it would appear in your language that Elisha was making a statement and then contradicting it, you could reword this as a positive statement. Alternate translation: [I am only looking at you and regarding you because I am lifting the face of Jehoshaphat, the king of Judah]
3:14	m0y2		rc://*/ta/man/translate/figs-idiom	לוּלֵ֛י פְּנֵ֛י יְהוֹשָׁפָ֥ט & אֲנִ֣י נֹשֵׂ֑א	1	Elisha is using **lifting the face of** as a common expression of his culture to mean “showing respect to” or “showing favor toward.” If this phrase does not have that meaning for your readers, you could use a comparable expression from your language that does have that meaning, or you could state the meaning plainly. Alternate translation: [if I did not respect Jehoshaphat]
3:14	chq6		rc://*/ta/man/translate/figs-metaphor	אִם־אַבִּ֥יט אֵלֶ֖י⁠ךָ וְ⁠אִם־אֶרְאֶֽ⁠ךָּ	1	Elisha is saying he would actually not even **look at** or **regard** the king of Israel. He means that he would not do the slightest thing to help him. If it would be helpful in your language, you could state the meaning plainly. Alternate translation: [I would not do the slightest thing to help you]
3:14	bjf3		rc://*/ta/man/translate/figs-parallelism	אִם־אַבִּ֥יט אֵלֶ֖י⁠ךָ וְ⁠אִם־אֶרְאֶֽ⁠ךָּ	1	These two phrases mean basically the same thing. The second emphasizes the meaning of the first by repeating the same idea with different words. If it would be helpful to your readers, you could combine them and express the emphasis in another way. Alternate translation: [I would not even look at you at all]
3:15	oes2		rc://*/ta/man/translate/writing-poetry	כְּ⁠נַגֵּ֣ן הַֽ⁠מְנַגֵּ֔ן	1	The author is using a construction in which a verb and its object come from the same root. You may be able to use the same construction in your language to express the meaning here. Alternatively, your language may have another way of saying this. Alternate translation: [when the harpist played]
3:15	q6qp		rc://*/ta/man/translate/figs-metonymy	וַ⁠תְּהִ֥י עָלָ֖י⁠ו יַד־יְהוָֽה	1	Here, **hand** represents the power of Yahweh. If it would be helpful in your language, you could use an equivalent expression or state the meaning plainly. Alternate translation: [that the power of Yahweh came upon him]
3:16	vrqu		rc://*/ta/man/translate/figs-quotesinquotes	כֹּ֖ה אָמַ֣ר יְהוָ֑ה עָשֹׂ֛ה הַ⁠נַּ֥חַל הַ⁠זֶּ֖ה גֵּבִ֥ים ׀ גֵּבִֽים	1	If it would be clearer in your language, you could translate this so that there is not a quotation within a quotation. Alternate translation: [Yahweh says to make this valley ditches, ditches]
3:16	vb9m		rc://*/ta/man/translate/figs-reduplication	עָשֹׂ֛ה הַ⁠נַּ֥חַל הַ⁠זֶּ֖ה גֵּבִ֥ים ׀ גֵּבִֽים	1	The author is repeating the word **ditches** in order to intensify the idea that it conveys. If your language can repeat words for intensification, it would be appropriate to do that here in your translation. If not, your language may have another way of expressing the intensification. Alternate translation: [Dig ditch after ditch in this valley] or [Make this valley full of ditches]
3:17	ryyd		rc://*/ta/man/translate/figs-quotesinquotes	כִּֽי־כֹ֣ה ׀ אָמַ֣ר יְהוָ֗ה לֹֽא־תִרְא֥וּ ר֨וּחַ֙ וְ⁠לֹֽא־תִרְא֣וּ גֶ֔שֶׁם וְ⁠הַ⁠נַּ֥חַל הַ⁠ה֖וּא יִמָּ֣לֵא מָ֑יִם וּ⁠שְׁתִיתֶ֛ם אַתֶּ֥ם וּ⁠מִקְנֵי⁠כֶ֖ם וּֽ⁠בְהֶמְתְּ⁠כֶֽם	1	If it would be clearer in your language, you could translate this so that there is not a quotation within a quotation. Alternate translation: [Yahweh says that you will not see wind, and you will not see rain, but this valley will be filled with water, and you and your cattle and your animals will drink]
3:17	zjzv		rc://*/ta/man/translate/figs-merism	לֹֽא־תִרְא֥וּ ר֨וּחַ֙ וְ⁠לֹֽא־תִרְא֣וּ גֶ֔שֶׁם	1	Elisha is referring to all of a rainstorm by naming its two major components, **wind** and **rain**. If it would be helpful in your language, you could use an equivalent expression or plain language. Alternate translation: [You will not see a rainstorm]
3:17	icin		rc://*/ta/man/translate/figs-activepassive	וְ⁠הַ⁠נַּ֥חַל הַ⁠ה֖וּא יִמָּ֣לֵא מָ֑יִם	1	The expression **will be filled** is a passive verbal form. If it would be unnatural to use that form, you could express the idea in active form or in another way that is natural in your language. Alternate translation: [but water will fill this valley]
3:18	inqe		rc://*/ta/man/translate/figs-idiom	וְ⁠נָקַ֥ל זֹ֖את בְּ⁠עֵינֵ֣י יְהוָ֑ה	1	Elisha is using **in the eyes of Yahweh** as a common expression of his culture to mean “in the judgment of Yahweh” or “from Yahweh’s perspective.” If this phrase does not have that meaning for your readers, you could use a comparable expression from your language that does have that meaning, or you could state the meaning plainly. Alternate translation: [And this is easy from Yahweh’s perspective]
3:18	b778		rc://*/ta/man/translate/figs-metonymy	בְּ⁠יֶדְ⁠כֶֽם	1	Here, **hand** represents power or control. If it would be helpful in your language, you could use an equivalent expression or state the meaning plainly. Alternate translation: [into your power]
3:19	y2wg		rc://*/ta/man/translate/figs-explicit	וְ⁠הִכִּיתֶ֞ם	1	See the discussion in the introduction to 2 Kings of how the author and characters may use the term “strike” to mean “destroy.” Alternate translation: [And you will destroy]
3:20	df38		rc://*/ta/man/translate/writing-newevent	וַ⁠יְהִ֤י	1	The author is using this phrase to introduce a new development within an event. See how you translated the same phrase in [2:9](../02/09.md).
3:20	rm75		rc://*/ta/man/translate/figs-personification	כַּ⁠עֲל֣וֹת הַ⁠מִּנְחָ֔ה	1	The author is speaking of **the grain offering** as if it were a living thing that **went up** by itself. If it would be helpful in your language, you could state the meaning plainly. Alternate translation: [when they offered up the grain offering]
3:20	wtrf		rc://*/ta/man/translate/figs-metaphor	וְ⁠הִנֵּה	1	See how you translated the term “behold” in [1:9](../01/09.md).
3:20	k8c5		rc://*/ta/man/translate/figs-activepassive	וַ⁠תִּמָּלֵ֥א הָ⁠אָ֖רֶץ אֶת־הַ⁠מָּֽיִם	1	The expression **was filled** is a passive verbal form. If it would be unnatural to use that form, you could express the idea in active form or in another way that is natural in your language. If you need to say who does the action, the context indicates that it is Yahweh. Alternate translation: [and waters filled the land]
3:21	kipb		rc://*/ta/man/translate/figs-hyperbole	וְ⁠כָל־מוֹאָב֙	1	The author is saying **all of Moab** as a generalization for emphasis. If it would be clearer in your language, you could express the emphasis in a different way. Alternate translation: [And people throughout Moab]
3:21	h1w9		rc://*/ta/man/translate/figs-activepassive	וַ⁠יִּצָּעֲק֗וּ	1	The expression **were summoned** is a passive verbal form. If it would be unnatural to use that form, you could express the idea in active form or in another way that is natural in your language. Alternate translation: [And the Moabite leaders summoned their soldiers]
3:21	nrdv		rc://*/ta/man/translate/figs-metonymy	מִ⁠כֹּ֨ל חֹגֵ֤ר חֲגֹרָה֙	1	Here, **tying a belt** represents being old enough to fight in battle. If it would be helpful in your language, you could use an equivalent expression or state the meaning plainly. Alternate translation: [from those who were just old enough to bear arms]
3:22	a4zo		rc://*/ta/man/translate/figs-ellipsis	אֲדֻמִּ֥ים כַּ⁠דָּֽם	1	The author is leaving out some of the words that in many languages a sentence would need in order to be complete. You can supply these words from the context if that would be clearer in your language. Alternate translation: [and they looked red, as if they had been blood]
3:23	k2wl		rc://*/ta/man/translate/figs-reduplication	הָחֳרֵ֤ב נֶֽחֶרְבוּ֙ הַ⁠מְּלָכִ֔ים	1	The Moabites are repeating forms of the verb “destroy” in order to intensify their expression of the idea that it conveys. If your language can repeat words for intensification, it would be appropriate to do that here in your translation. If not, your language may have another way of expressing the intensification. Alternate translation: [The kings have certainly destroyed themselves]
3:23	uncm		rc://*/ta/man/translate/figs-metonymy	הָחֳרֵ֤ב נֶֽחֶרְבוּ֙ הַ⁠מְּלָכִ֔ים	1	Here, **the kings** represents the opposing kings and the armies they are leading. If it would be helpful in your language, you could use an equivalent expression or state the meaning plainly. Alternate translation: [The kings have certainly led their armies to fight each other’s armies]
3:23	zm2o		rc://*/ta/man/translate/writing-pronouns	וַ⁠יַּכּ֖וּ אִ֣ישׁ אֶת־רֵעֵ֑⁠הוּ	1	The pronoun **they** refers to the soldiers. It may be helpful to clarify this for your readers. Alternate translation: [and their soldiers have all struck each other]
3:23	crzv		rc://*/ta/man/translate/figs-explicit	וַ⁠יַּכּ֖וּ אִ֣ישׁ אֶת־רֵעֵ֑⁠הוּ	1	See the discussion in the introduction to 2 Kings of how the author may use the term “struck” to mean “killed.” Alternate translation: [and they have killed, a man his fellow]
3:23	uidr		rc://*/ta/man/translate/figs-idiom	וַ⁠יַּכּ֖וּ אִ֣ישׁ אֶת־רֵעֵ֑⁠הוּ	1	The Moabites are using **a man his fellow** as a common expression of their culture to mean that each soldier has killed his opponent. If this phrase does not have that meaning in your language, you could use a comparable expression from your language that does have that meaning, or you could state the meaning plainly. Alternate translation: [and they have each killed their opponents] or [and they have all killed each other]
3:23	s5zr		rc://*/ta/man/translate/grammar-connect-words-phrases	וְ⁠עַתָּ֥ה	1	**And now** was an expression that speakers in this culture commonly used to introduce the implications of what they had been saying. Your language may have a comparable expression that you can use in your translation.
3:23	pvqp		rc://*/ta/man/translate/figs-metonymy	מוֹאָֽב	1	See how you translated the similar expression in [1:1](../01/01.md). Alternate translation: [you Moabites]
3:24	omiz		rc://*/ta/man/translate/figs-explicit	וַ⁠יָּקֻ֤מוּ יִשְׂרָאֵל֙	1	See how you translated the term “arose” in [3:7](../03/07.md). Alternate translation: [and Israel took action]
3:24	zdm7		rc://*/ta/man/translate/figs-explicit	וַ⁠יַּכּ֣וּ אֶת־מוֹאָ֔ב & וְ⁠הַכּ֖וֹת אֶת־מוֹאָֽב	1	See the discussion in the introduction to 2 Kings of how the author may use the term “struck” to mean “defeated” or “attacked.” Alternate translation: [and they defeated the Moabite soldiers … and they attacked the kingdom of Moab]
3:24	uzxk		rc://*/ta/man/translate/figs-metonymy	מִ⁠פְּנֵי⁠הֶ֑ם	1	See the discussion in the introduction to 2 Kings of how the author may use the term **face** to put focus on the interaction between people or groups. Alternate translation: [as they opposed them]
3:24	cn13		rc://*/ta/man/translate/writing-pronouns	ו⁠יבו־בָ֔⁠הּ וְ⁠הַכּ֖וֹת אֶת־מוֹאָֽב	1	It may be more natural in your language to use the noun **Moab** in the first part of this sentence and the pronoun **it** in the second part of the sentence. Alternate translation: [And they came into Moab, and they struck it]
3:25	ns7v		rc://*/ta/man/translate/figs-idiom	וְ⁠כָל־חֶלְקָ֣ה ט֠וֹבָה יַשְׁלִ֨יכוּ אִישׁ־אַבְנ֜⁠וֹ	1	The author is using **a man his stone** as a common expression of his culture to mean “each of the soldiers threw stones.” If this phrase does not have that meaning for your readers, you could use a comparable expression from your language that does have that meaning, or you could state the meaning plainly. Alternate translation: [and each of the soldiers threw stones on every good portion]
3:25	qgh3		rc://*/ta/man/translate/writing-pronouns	עַד־הִשְׁאִ֧יר אֲבָנֶ֛י⁠הָ בַּ⁠קִּ֖יר חֲרָ֑שֶׂת	1	The author is using the pronoun **one** in a general sense, not to refer to a specific person. Use an expression for this that would be natural in your language. Alternate translation: [until the only city whose stone walls were still intact was Kir Hareseth]
3:25	wjw9		rc://*/ta/man/translate/figs-explicit	וַ⁠יַּכּֽוּ⁠הָ	1	In this context, the word **struck** has the same meaning as in its second instance in the previous verse. Alternate translation: [and they attacked it]
3:26	no34		rc://*/ta/man/translate/figs-personification	חָזַ֥ק מִמֶּ֖⁠נּוּ הַ⁠מִּלְחָמָ֑ה	1	The author is speaking of this **battle** as if it had been a living thing that could have been **stronger than** the king of Moab. If it would be helpful in your language, you could state the meaning plainly. Alternate translation: [he was losing the battle]
3:27	omo4		rc://*/ta/man/translate/figs-explicit	וַ⁠יְהִ֥י קֶצֶף־גָּד֖וֹל עַל־יִשְׂרָאֵ֑ל וַ⁠יִּסְעוּ֙	1	See the discussion in the introduction to this chapter of what this statement could mean.
3:27	o0su		rc://*/ta/man/translate/writing-pronouns	וַ⁠יְהִ֥י & וַ⁠יִּסְעוּ֙	1	The pronoun **they** refers to the Israelite, Judean, and Edomite soldiers. It may be helpful to clarify this for your readers. Alternate translation: [and the Israelite, Judean, and Edomite soldiers departed]
4:intro	ma9j				0	# 2 Kings 4 Introduction\n\n## Structure and Formatting\n\nThis chapter begins a section of the book that describes the miracles and prophecies of Elisha.\n\n  1. Elisha miraculously provides for a widow (1–7)\n  2. Elisha helps a woman miraculously have a son (8–17)\n  3. Elisha raises the woman’s son from the dead (18–37)\n  4. Elisha makes poisonous food safe (38–41)\n  5. Elisha multiplies food to feed a crowd (42–44)\n\n## Religious and Cultural Concepts in This Chapter\n\n### In 4:12–13, why does Elisha call for the Shunammite woman but then have Gehazi speak to her?\n\nProphets often maintained a degree of separation from direct communication, especially with women, to preserve modesty, reverence, and formality in their ministry. The author says that the Shunammite woman “stood to his face,” likely meaning that she stood outside the door to his room out of respect and humility. Elisha probably remained inside the room while Gehazi acted as messenger between them. This reflected both prophetic custom and social decorum in the ancient Near Eastern culture. However, in 4:15–16, once Elisha had a specific message for her from Yahweh that she would conceive a child, he spoke to her directly, apparently through the open door of his room. This shows that in some contexts, divine messages were so vital and timely that a male prophet would speak them directly to a woman. (Gehazi was present, so the two of them were not alone.)
4:1	oovg		rc://*/ta/man/translate/writing-participants	וְ⁠אִשָּׁ֣ה אַחַ֣ת מִ⁠נְּשֵׁ֣י בְנֵֽי־הַ֠⁠נְּבִיאִים צָעֲקָ֨ה אֶל־אֱלִישָׁ֜ע	1	The author is introducing this **woman** as a new participant in the story. If your language has its own way of introducing new participants, you could use it here in your translation. Alternate translation: [Now a certain woman, the widow of one of the sons of the prophets, cried out to Elisha]
4:1	s4dg		rc://*/ta/man/translate/writing-quotations	לֵ⁠אמֹ֗ר	1	See how you decided at [3:7](../03/07.md) to represent the term **saying** when it introduces a direct quotation.
4:1	h7vo		rc://*/ta/man/translate/writing-pronouns	וְ⁠אַתָּ֣ה יָדַ֔עְתָּ	1	The woman is stating the pronoun **you** separately, even though the verb translated as **you know** already includes this meaning. She is doing that to emphasize Elisha’s personal awareness of her late husband’s faith. If a speaker of your language would use an explicit pronoun for the same purpose, you may want to use that construction in your translation. If not, your language may have other ways of showing the meaning here. Alternate translation: [and you know personally]
4:2	egp8		rc://*/ta/man/translate/grammar-connect-exceptions	אֵ֣ין לְ⁠שִׁפְחָתְ⁠ךָ֥ כֹל֙ בַּ⁠בַּ֔יִת כִּ֖י אִם־אָס֥וּךְ שָֽׁמֶן	1	If it would appear in your language that the woman was making a statement and then contradicting it, you could reword this as a positive statement. Alternate translation: [The only thing your maidservant has in the house is a jar of oil]
4:2	yw1c		rc://*/ta/man/translate/figs-123person	לְ⁠שִׁפְחָתְ⁠ךָ֥	1	The woman is speaking of herself in the third person as **your maidservant** to show humility. If it would be helpful in your language, you could translate this in a humble form in the first person. Alternate translation: [me, your maidservant,]
4:3	mfll		rc://*/ta/man/translate/figs-litotes	אַל־תַּמְעִֽיטִי	1	Elisha is emphasizing a positive meaning by using a negative word, **not**, together with a term, **few**, that is the opposite of his intended meaning. If it would be helpful in your language, you could emphasize the positive meaning in a strong way. Alternate translation: [Get as many as you can]
4:4	pjp8		rc://*/ta/man/translate/figs-gendernotations	בָּנַ֔יִ⁠ךְ	1	Since the woman uses the term “children” in [4:1](../04/01.md), it is likely that the masculine term **sons** has a generic sense here that includes both boys and girls. If it would be helpful to your readers, you could use language in your translation that indicates that, here and verses 5 and 7. Alternate translation: [your children]
4:4	crl2		rc://*/ta/man/translate/figs-nominaladj	וְ⁠הַ⁠מָּלֵ֖א תַּסִּֽיעִי	1	Elisha is using the adjective **full** as a noun to mean a certain kind of vessel or container. Your language may use adjectives in the same way. If not, you can translate this adjective with an equivalent phrase. Alternate translation: [And the full vessel, set aside] or [And once a vessel is full, set it aside]
4:4	oerz		rc://*/ta/man/translate/figs-explicit	וְ⁠הַ⁠מָּלֵ֖א תַּסִּֽיעִי	1	Elisha assumes that the widow will understand that she should continue pouring oil into each container until it is full before moving on to the next one and that she should set each full container aside to make room for filling empty ones. You could indicate this explicitly in your translation if that would be helpful to your readers. Alternate translation: [And once a vessel is full, set it aside and fill another vessel]
4:5	gljw		rc://*/ta/man/translate/figs-explicit	וַ⁠תֵּ֨לֶךְ֙ מֵֽ⁠אִתּ֔⁠וֹ וַ⁠תִּסְגֹּ֣ר הַ⁠דֶּ֔לֶת	1	The author assumes that readers will understand that the woman followed Elisha’s instructions in verse 3 to borrow containers from her neighbors before she returned home and shut the door. You could say that explicitly if that would be helpful to your readers. Alternate translation: [And she went from him and asked for empty vessels from all of her neighbors, then came home and shut the door]
4:7	avig		rc://*/ta/man/translate/figs-yousingular	וְ⁠אַ֣תְּ בני⁠כי תִֽחְיִ֖י בַּ⁠נּוֹתָֽר	1	The word **you** is singular in both of these instances because Elisha is addressing the woman directly. So use the singular form in your translation if your language marks that distinction.
4:8	ixz0		rc://*/ta/man/translate/writing-newevent	וַ⁠יְהִ֨י הַ⁠יּ֜וֹם	1	The author is using the phrase translated **And it was the day** to introduce a new event in the story. Use a word, phrase, or other method in your language that is natural for introducing a new event.
4:8	s8y4		rc://*/ta/man/translate/figs-synecdoche	לָ֑חֶם & לָֽחֶם	1	The author is using one kind of food, **bread**, to mean food in general. If it would be helpful in your language, you could state the meaning plainly. Alternate translation: [some food … some food]
4:9	d9be		rc://*/ta/man/translate/figs-metaphor	הִנֵּה	1	See how you translated the similar expression in [1:9](../01/09.md).
4:10	yi87		rc://*/ta/man/translate/translate-unknown	עֲלִיַּת־קִיר֙ קְטַנָּ֔ה	1	This expression most likely refers to a room that the woman and her husband built on the flat roof of their house with walls on all sides for privacy and protection from the weather. The roof would have been reached by an exterior stairway, so Elisha would have had privacy, and his comings and goings would not have disturbed the household. You may be able to describe this room in terms of your own culture.
4:11	wulq		rc://*/ta/man/translate/writing-newevent	וַ⁠יְהִ֥י הַ⁠יּ֖וֹם	1	The author is using the phrase translated **And it was the day** to introduce a new development within this account of the Shunammite woman. Use a word, phrase, or other method in your language that is natural for introducing a new development.
4:12	dq2t		rc://*/ta/man/translate/figs-metonymy	לְ⁠פָנָֽי⁠ו	1	See the discussion in the introduction to 2 Kings of how the author and characters may use the term “face” to mean “in front of.” Alternate translation: [in front of him] or [near his room]
4:13	x9p0		rc://*/ta/man/translate/figs-quotesinquotes	אֱמָר־נָ֣א אֵלֶי⁠הָ֮ הִנֵּ֣ה חָרַ֣דְתְּ ׀ אֵלֵי⁠נוּ֮ אֶת־כָּל־הַ⁠חֲרָדָ֣ה הַ⁠זֹּאת֒ מֶ֚ה לַ⁠עֲשׂ֣וֹת לָ֔⁠ךְ הֲ⁠יֵ֤שׁ לְ⁠דַבֶּר־לָ⁠ךְ֙ אֶל־הַ⁠מֶּ֔לֶךְ א֖וֹ אֶל־שַׂ֣ר הַ⁠צָּבָ֑א	1	If it would be clearer in your language, you could translate this so that there is not a quotation within a quotation. Alternate translation: [Please tell her that behold, she has cared all of this care for us, and ask her what we may do for her. Ask her if we may speak for her to the king or to the commander of the army]
4:13	mefq		rc://*/ta/man/translate/writing-poetry	חָרַ֣דְתְּ ׀ אֵלֵי⁠נוּ֮ אֶת־כָּל־הַ⁠חֲרָדָ֣ה הַ⁠זֹּאת֒	1	Elisha is using a construction in which a verb and its object come from the same root. You may be able to use the same construction in your language to express the meaning here. Alternatively, your language may have another way of saying this. Alternate translation: [you have taken such good care of us]
4:16	qu1j		rc://*/ta/man/translate/figs-idiom	לַ⁠מּוֹעֵ֤ד הַ⁠זֶּה֙ כָּ⁠עֵ֣ת חַיָּ֔ה	1	Elisha is using **according to the time of reviving** as a common expression of his culture to mean “when spring comes again.” If this phrase does not have that meaning for your readers, you could use a comparable expression from your language that does have that meaning, or you could state the meaning plainly. Alternate translation: [In the spring of next year]
4:16	hdwd		rc://*/ta/man/translate/figs-123person	בְּ⁠שִׁפְחָתֶֽ⁠ךָ	1	The Shunammite woman is speaking of herself in the third person as **your maidservant** to show humility. If it would be helpful in your language, you could translate this in a humble form in the first person. Alternate translation: [to me, your maidservant]
4:17	x544		rc://*/ta/man/translate/figs-idiom	לַ⁠מּוֹעֵ֤ד הַ⁠זֶּה֙ כָּ⁠עֵ֣ת חַיָּ֔ה	1	See how you translated the similar expressions in the previous verse. Alternate translation: [in the spring of the following year]
4:18	j0wn		rc://*/ta/man/translate/writing-newevent	וַ⁠יְהִ֣י הַ⁠יּ֔וֹם	1	The author is using the phrase translated **And it was the day** to introduce a new development within this account of the Shunammite woman. Use a word, phrase, or other method in your language that is natural for introducing a new development.
4:19	fdkk		rc://*/ta/man/translate/figs-reduplication	רֹאשִׁ֣⁠י ׀ רֹאשִׁ֑⁠י	1	The child is repeating the phrase **My head** in order to intensify his expression of the idea he wishes to convey, which is that his head hurts. If your language can repeat phrases for intensification, it would be appropriate to do that here in your translation. If not, your language may have another way of expressing the intensification. Alternate translation: [Ouch, my head really hurts]
4:21	dddc		rc://*/ta/man/translate/figs-events	וַ⁠תִּסְגֹּ֥ר בַּעֲד֖⁠וֹ וַ⁠תֵּצֵֽא	1	The author is describing one event before describing another event that preceded it. If it would be helpful in your language, you may wish to relate these events in the order in which they happened. Alternate translation: [And she went out, and she shut on him]
4:21	v3uw		rc://*/ta/man/translate/figs-ellipsis	וַ⁠תִּסְגֹּ֥ר בַּעֲד֖⁠וֹ	1	The author is leaving out some of the words that in many languages a sentence would need in order to be complete. You can supply these words from the context if that would be clearer in your language. Alternate translation: [And she shut the door on him]
4:22	rr5t		rc://*/ta/man/translate/figs-explicit	וְ⁠אָר֛וּצָה עַד־אִ֥ישׁ הָ⁠אֱלֹהִ֖ים	1	Since the woman has asked for a donkey to ride on, she does not mean that she will literally **run** to see Elisha. Alternate translation: [and let me hurry to the man of God]
4:23	mioo		rc://*/ta/man/translate/figs-idiom	שָׁלֽוֹם	1	The woman is using **Peace** as a common expression of her culture to mean that she does not want her husband to ask her further questions about why she is going. She wants him to trust her and be confident that she has a good reason. If this expression does not have that meaning in your language, you could use a comparable expression from your language that does have that meaning, or you could state the meaning plainly. Alternate translation: [Trust me] or [Do not worry]
4:24	kcfm		rc://*/ta/man/translate/figs-synecdoche	וַֽ⁠תַּחֲבֹשׁ֙ הָֽ⁠אָת֔וֹן	1	When the author says that **she** (the Shunammite woman) saddled the donkey, he is using her, as one person who was involved in this action, to represent everyone who was involved. It is likely that she directed a servant to saddle the donkey. If it would be helpful in your language, you could state the meaning plainly. Alternate translation: [And she had a servant saddle the donkey]
4:24	yr1f		rc://*/ta/man/translate/grammar-connect-exceptions	אַל־תַּעֲצָר־לִ֣⁠י לִ⁠רְכֹּ֔ב כִּ֖י אִם־אָמַ֥רְתִּי לָֽ⁠ךְ	1	If it would appear in your language that the woman was making a statement and then contradicting it, you could reword this as a positive statement. Alternate translation: [Only slacken for me to ride if I tell you to do that]
4:26	pptd		rc://*/ta/man/translate/figs-quotesinquotes	וֶ⁠אֱמָר־לָ֗⁠הּ הֲ⁠שָׁל֥וֹם לָ֛⁠ךְ הֲ⁠שָׁל֥וֹם לְ⁠אִישֵׁ֖⁠ךְ הֲ⁠שָׁל֣וֹם לַ⁠יָּ֑לֶד	1	If it would be clearer in your language, you could translate this so that there is not a quotation within a quotation. Alternate translation: [and ask her whether she and her husband and her child are all right]
4:26	afem		rc://*/ta/man/translate/figs-idiom	שָׁלֽוֹם	1	Although the word **Peace** is the same one that the ULT translates as **welfare** in the three earlier instances in this verse, the woman seems to be using the word to mean the same thing that she meant in [4:23](../04/23.md) when she said it to her husband. She is indicating that she does not want to stop to answer Gehazi’s questions. If this word would not convey that meaning in your language, you could use a comparable expression from your language that would convey that meaning, or you could state the meaning plainly. Alternate translation: [I will explain everything when I get to Elisha]
4:27	agxr		rc://*/ta/man/translate/translate-symaction	וַֽ⁠תַּחֲזֵ֖ק בְּ⁠רַגְלָ֑י⁠ו	1	Grasping Elisha’s feet was a symbolic action by which the woman showed her desperation and humility as she appealed to him for help. If it would be helpful to your readers, you could explain the significance of this action in the text of your translation or in a footnote. Alternate translation: [and she humbly begged him for help by holding onto his feet]
4:27	zjes		rc://*/ta/man/translate/grammar-connect-logic-result	הַרְפֵּֽה־לָ⁠הּ֙ כִּֽי־נַפְשָׁ֣⁠הּ מָֽרָה־לָ֔⁠הּ וַֽ⁠יהוָה֙ הֶעְלִ֣ים מִמֶּ֔⁠נִּי וְ⁠לֹ֥א הִגִּ֖יד לִֽ⁠י	1	If it would be more natural in your language, you could reverse the order of these phrases, since the second phrase gives the reason for the result that the first phrase describes. Alternate translation: [Her soul is bitter to her, but Yahweh has hidden the reason from me, and he has not declared it to me, so leave her alone]
4:27	qub0		rc://*/ta/man/translate/figs-parallelism	וַֽ⁠יהוָה֙ הֶעְלִ֣ים מִמֶּ֔⁠נִּי וְ⁠לֹ֥א הִגִּ֖יד לִֽ⁠י	1	These two phrases mean basically the same thing. The second emphasizes the meaning of the first by repeating the same idea with different words. If it would be helpful to your readers, you could combine them and express the emphasis in another way. Alternate translation: [but Yahweh has not revealed anything about it to me]
4:28	gfkj		rc://*/ta/man/translate/figs-rquestion	הֲ⁠שָׁאַ֥לְתִּי בֵ֖ן מֵ⁠אֵ֣ת אֲדֹנִ֑⁠י	1	The Shunammite woman is using the question form for emphasis and to deny that she requested a son. If a speaker of your language would not use the question form for that purpose, you could translate this as a statement or as an exclamation. Alternate translation: [I did not request a son from my lord!]
4:28	q71s		rc://*/ta/man/translate/figs-123person	מֵ⁠אֵ֣ת אֲדֹנִ֑⁠י	1	Even though the woman is addressing Elisha directly, she is speaking of him in the third person as **my lord** to show respect. If it would be helpful in your language, you could translate this in a respectful form in the second person. Alternate translation: [from you, my lord]
4:28	pk99		rc://*/ta/man/translate/figs-rquestion	הֲ⁠לֹ֣א אָמַ֔רְתִּי לֹ֥א תַשְׁלֶ֖ה אֹתִֽ⁠י	1	The woman is using the question form for emphasis. If a speaker of your language would not use the question form for that purpose, you could translate this as a statement or as an exclamation. Alternate translation: [Instead, I said, ‘Do not deceive me’!]
4:28	r3ax		rc://*/ta/man/translate/figs-quotesinquotes	הֲ⁠לֹ֣א אָמַ֔רְתִּי לֹ֥א תַשְׁלֶ֖ה אֹתִֽ⁠י	1	If it would be clearer in your language, you could translate this so that there is not a quotation within a quotation. Alternate translation: [Did I not tell you not to deceive me.] or [Instead, I told you not to deceive me.]
4:29	uw61		rc://*/ta/man/translate/figs-explicit	חֲגֹ֣ר מָתְנֶ֗י⁠ךָ וְ⁠קַ֨ח מִשְׁעַנְתִּ֣⁠י בְ⁠יָדְ⁠ךָ֮ וָ⁠לֵךְ֒	1	By telling Gehazi that he should **Gird** his **loins** (that is, tuck his robe into his belt so that he can run), Elisha means that he should hurry. Alternate translation: [Quickly, take my staff in your hand, and go!]
4:29	x7ih		rc://*/ta/man/translate/figs-explicit	כִּֽי־תִמְצָ֥א אִישׁ֙	1	Elisha does not mean that Gehazi would be looking for someone and **find** him somewhere. He means that Gehazi might meet someone on his way to Shunem. If it would be helpful in your language, you could state the meaning plainly. Alternate translation: [If you meet a man]
4:29	z7kc		rc://*/ta/man/translate/figs-gendernotations	אִישׁ֙ & אִ֖ישׁ	1	In both instances, the masculine term **man** has a generic sense that includes both men and women. If it would be helpful to your readers, you could use language in your translation that is clearly inclusive of both men and women. Alternate translation: [anyone … anyone]
4:29	jldn		rc://*/ta/man/translate/figs-explicit	לֹ֣א תְבָרְכֶ֔⁠נּוּ וְ⁠כִֽי־יְבָרֶכְ⁠ךָ֥ אִ֖ישׁ לֹ֣א תַעֲנֶ⁠נּ֑וּ	1	Elisha assumes that Gehazi will understand that he is not to stop to greet people or exchange greetings, because doing so would delay his urgent mission to the Shunammite woman’s son. You could indicate this explicitly in your translation if that would be helpful to your readers. Alternate translation: [you shall not stop to greet him, and if a man greets you, you shall not stop to exchange greetings with him]
4:30	w5ib		rc://*/ta/man/translate/writing-oathformula	חַי־יְהוָ֥ה וְ⁠חֵֽי־נַפְשְׁ⁠ךָ֖ אִם־אֶעֶזְבֶ֑⁠ךָּ	1	Following the custom of her culture, the woman is swearing an oath by guaranteeing it by something that she holds sacred and by stating the first part of a condition (“if”) but not the second part (“then”). Use a natural way in your language to express an oath. In a context such as this, it may be natural to express just the first part of the condition as a negative statement. Alternate translation: [I swear by Yahweh and by the life of your soul that I will not leave you]
4:30	w629		rc://*/ta/man/translate/figs-synecdoche	וְ⁠חֵֽי־נַפְשְׁ⁠ךָ֖	1	The woman is using one part of Elisha, his **soul**, to mean all of him in the act of being alive. If it would be helpful in your language, you could state the meaning plainly. Alternate translation: [and your life]
4:30	yhrb		rc://*/ta/man/translate/figs-explicit	אִם־אֶעֶזְבֶ֑⁠ךָּ	1	The woman is not saying that she will not leave Mount Carmel. She means that when she goes back to her home, she will not leave Elisha behind. In other words, she is insisting that he come with her. You could indicate this explicitly in your translation if that would be helpful to your readers. Alternate translation: [if I should leave here without you] or [that I will not leave here without you]
4:31	ft3r		rc://*/ta/man/translate/figs-metonymy	לִ⁠פְנֵי⁠הֶ֗ם	1	See how you translated the similar expression in [4:12](../04/12.md). Alternate translation: [ahead of them]
4:31	zz4l		rc://*/ta/man/translate/writing-pronouns	וַ⁠יָּ֤שָׁב לִ⁠קְרָאת⁠וֹ֙	1	The pronoun **he** refers to Gehazi, while the pronoun **him** refers to Elisha. It may be helpful to clarify this for your readers. Alternate translation: [And Gehazi returned to meet Elisha]
4:31	by5t		rc://*/ta/man/translate/figs-metaphor	לֹ֥א הֵקִ֖יץ	1	The author is speaking as though the young man had been asleep and **did not awaken**. He is using sleep to represent death. If it would be helpful in your language, you could state the meaning plainly. Alternate translation: [did not come back to life]
4:32	cuja		rc://*/ta/man/translate/figs-activepassive	מֻשְׁכָּ֖ב עַל־מִטָּתֽ⁠וֹ	1	The expression **having been laid** is a passive verbal form. If your language would not use that form, you could express the idea in active form or in another way that would be natural in your language. Alternate translation: [on his bed where his mother had laid him]
4:34	gs8t		rc://*/ta/man/translate/figs-idiom	וַ⁠יַּ֜עַל	1	See how you translated the similar expression in [1:4](../01/04.md). Alternate translation: [And he got into the bed]
4:34	biat		rc://*/ta/man/translate/translate-symaction	וַ⁠יָּשֶׂם֩ פִּ֨י⁠ו עַל־פִּ֜י⁠ו וְ⁠עֵינָ֤י⁠ו עַל־עֵינָי⁠ו֙ וְ⁠כַפָּ֣י⁠ו עַל־כפ⁠ו	1	Through these actions, Elisha symbolized that he wanted Yahweh to work through him to restore breathing, sight, and feeling to the boy. This was like a prayer that Elisha was acting out. If it would be helpful to your readers, you could explain the significance of this action in the text or in a footnote.
4:35	t1fv		rc://*/ta/man/translate/figs-explicit	וַ⁠יָּ֜שָׁב וַ⁠יֵּ֣לֶךְ בַּ⁠בַּ֗יִת	1	This could mean: (1) that Elisha went back down to the house and walked around in it for a while. Alternate translation: [Then Elisha went back down to the house and walked around in it] or (2) that Elisha got off the bed and walked around in the room. Alternate translation: [Then Elisha got off the bed and walked around in the room]
4:35	uvya		rc://*/ta/man/translate/figs-idiom	וַ⁠יֵּ֣לֶךְ בַּ⁠בַּ֗יִת אַחַ֥ת הֵ֨נָּה֙ וְ⁠אַחַ֣ת הֵ֔נָּה	1	The author is using **once here and once here** as a common expression of his culture to mean “back and forth.” If this phrase does not have that meaning for your readers, you could use a comparable expression from your language that does have that meaning, or you could state the meaning plainly. Alternate translation: [and he walked back and forth in the house]
4:36	gzhp		rc://*/ta/man/translate/writing-pronouns	וַ⁠יִּקְרָאֶ֖⁠הָ וַ⁠תָּב֣וֹא אֵלָ֑י⁠ו	1	The pronoun **he** refers to Gehazi, while the pronoun **him** refers to Elisha. It may be helpful to clarify this for your readers. Alternate translation: [And Gehazi called her, and she came to Elisha]
4:36	lafl		rc://*/ta/man/translate/figs-imperative	שְׂאִ֥י בְנֵֽ⁠ךְ	1	This is an imperative, but it communicates permission rather than a command. Use a form in your language that communicates permission. Elisha is assuring the woman that her son is well enough for her to hold him in her arms. Alternate translation: [Your son is well enough for you to pick him up and hold him]
4:37	jmrw		rc://*/ta/man/translate/translate-symaction	וַ⁠תִּפֹּ֣ל עַל־רַגְלָ֔י⁠ו	1	Be sure that it is clear in your translation that the woman did not fall down accidentally. She knelt down in front of Elisha as a gesture to honor him. She then **prostrated herself** or stretched out flat on the ground to show him even greater honor as a prophet who had done a great miracle by Yahweh’s power. Alternate translation: [and she knelt on the ground in front of Elisha, stretching herself out flat, to honor him greatly]
4:38	tj4z		rc://*/ta/man/translate/writing-background	וְ⁠הָ⁠רָעָ֣ב בָּ⁠אָ֔רֶץ	1	The author is providing background information to help readers understand what happens next in the story. In your translation, introduce this information in a way that would be natural in your own language and culture.
4:38	criv		rc://*/ta/man/translate/figs-metonymy	לְ⁠פָנָ֑י⁠ו	1	See how you translated the similar expression in [3:14](../03/14.md). Alternate translation: [in his presence]
4:39	onk6		rc://*/ta/man/translate/grammar-connect-logic-result	וַ⁠יְפַלַּ֛ח אֶל־סִ֥יר הַ⁠נָּזִ֖יד כִּֽי־לֹ֥א יָדָֽעוּ	1	If it would be more natural in your language, you could reverse the order of these phrases, since the second phrase gives the reason for the result that the first phrase describes. Alternate translation: [and since they did not know, he sliced them into the pot of stew]
4:39	k51a		rc://*/ta/man/translate/figs-ellipsis	לֹ֥א יָדָֽעוּ	1	The author is leaving out some of the words that in many languages a sentence would need in order to be complete. You can supply these words from the context if that would be clearer in your language. Alternate translation: [they did not know that the gourds were poisonous]
4:40	gosz		rc://*/ta/man/translate/writing-pronouns	כְּ⁠אָכְלָ֨⁠ם מֵ⁠הַ⁠נָּזִ֜יד וְ⁠הֵ֣מָּה צָעָ֗קוּ	1	The author is stating the pronoun **they** separately, even though the verb translated as **they cried out** already includes this meaning. He is doing that to emphasize that this action took place at the same time as the men’s action of eating **the stew**. If a speaker of your language would use an explicit pronoun for the same purpose, you may want to use that construction in your translation. If not, your language may have other ways of showing the meaning here. Alternate translation: [as soon as they tasted the stew, that they cried out]
4:40	kdt7		rc://*/ta/man/translate/figs-abstractnouns	מָ֤וֶת	1	If your language does not use an abstract noun for the idea of **Death**, you could express the same idea in another way. Alternate translation: [Something deadly]
4:42	uw48		rc://*/ta/man/translate/writing-participants	וְ⁠אִ֨ישׁ בָּ֜א מִ⁠בַּ֣עַל שָׁלִ֗שָׁה	1	The author is introducing this **man … from Baal Shalishah** as a new participant in the story. This also serves to introduce a new episode in the overall account of how Elisha fed the sons of the prophets during the famine described in [4:38](../04/38.md). If your language has its own way of introducing new participants and new episodes, you could use it here in your translation.
4:42	x2p3		rc://*/ta/man/translate/writing-pronouns	וַ⁠יֹּ֕אמֶר	1	The pronoun **he** refers to Elisha. It may be helpful to clarify this for your readers. Alternate translation: [And Elisha said]
4:43	fx86		rc://*/ta/man/translate/figs-rquestion	מָ֚ה אֶתֵּ֣ן זֶ֔ה לִ⁠פְנֵ֖י מֵ֣אָה אִ֑ישׁ	1	The servant is using the question form to emphasize that the amount of food is not enough. If a speaker of your language would not use the question form for that purpose, you could translate this as a statement or as an exclamation. Alternate translation: [This is not enough food to feed a hundred men!]
4:43	e9mv		rc://*/ta/man/translate/figs-metonymy	אֶתֵּ֣ן זֶ֔ה לִ⁠פְנֵ֖י	1	To translate this expression here and in the next verse, see how you translated the similar expression in [4:12](../04/12.md). Alternate translation: [shall I put this in front of] or [shall I serve this to]
4:43	kzhr		rc://*/ta/man/translate/figs-quotesinquotes	כֹ֥ה אָמַ֛ר יְהוָ֖ה אָכֹ֥ל וְ⁠הוֹתֵֽר	1	If it would be clearer in your language, you could translate this so that there is not a quotation within a quotation. Alternate translation: [Yahweh says that they will have enough to eat, and there will be some left over]
4:44	mbkd		rc://*/ta/man/translate/figs-metonymy	כִּ⁠דְבַ֥ר יְהוָֽה	1	See how you translated the similar expression in [1:7](../01/07.md). Alternate translation: [according to what Yahweh had said]
5:intro	n1ty				0	# 2 Kings 5 Introduction\n\n## Structure and Formatting\n\nThis chapter continues the section of the book that describes the miracles and prophecies of Elisha. It describes how through him, Yahweh healed the Aramean military commander Naaman of leprosy.\n\n## Religious and Cultural Concepts in This Chapter\n\n### In his letter, why did the king of Aram ask the king of Israel to cure Naaman’s leprosy?\n\nWhen Naaman learned from a captured Israelite girl that there was a miracle-working prophet in Samaria, he told the king of Aram about this. The Aramean king then wrote a letter to the king of Israel that said (5:6), “I have sent to you Naaman my servant, and you shall remove him from his leprosy” (that is, “you shall cure his leprosy”). The Aramean king most likely meant that the Israelite king was to use his power and influence to get the prophet to cure Naaman. This was a customary way for people to speak about kings at this time. (Compare the way the author says in this book and in 1 Kings that a king “built” a city or a building, meaning that he had his workers do that.) However, the king of Israel misunderstood what the king of Aram meant, probably because there were already hostile relations between their kingdoms and so he was prepared to suspect that the Aramean king was trying to create an occasion for a fight with him (5:7).
5:1	rkc3		rc://*/ta/man/translate/writing-participants	וְ֠⁠נַעֲמָן שַׂר־צְבָ֨א מֶֽלֶךְ־אֲרָ֜ם הָיָ֣ה אִישׁ֩ גָּד֨וֹל לִ⁠פְנֵ֤י אֲדֹנָי⁠ו֙ וּ⁠נְשֻׂ֣א פָנִ֔ים כִּֽי־ב֛⁠וֹ נָֽתַן־יְהוָ֥ה תְּשׁוּעָ֖ה לַ⁠אֲרָ֑ם	1	The author is introducing **Naaman** as a new participant in the story. If your language has its own way of introducing new participants, you could use it here in your translation.
5:1	mbfh		rc://*/ta/man/translate/grammar-connect-logic-result	וְ֠⁠נַעֲמָן שַׂר־צְבָ֨א מֶֽלֶךְ־אֲרָ֜ם הָיָ֣ה אִישׁ֩ גָּד֨וֹל לִ⁠פְנֵ֤י אֲדֹנָי⁠ו֙ וּ⁠נְשֻׂ֣א פָנִ֔ים כִּֽי־ב֛⁠וֹ נָֽתַן־יְהוָ֥ה תְּשׁוּעָ֖ה לַ⁠אֲרָ֑ם	1	If it would be more natural in your language, you could reverse the order of these phrases, since the second phrase gives the reason for the result that the first phrase describes. Alternate translation: [Now since Yahweh gave deliverance to Aram through Naaman, the commander of the army of the king of Aram, he was a great man to the face of his master, and he was lifted of face]
5:1	dugn		rc://*/ta/man/translate/figs-metonymy	לִ⁠פְנֵ֤י אֲדֹנָי⁠ו֙	1	In this context, the phrase **to the face of** means “in front of,” as in [4:12](../04/12.md) and similar instances. But here it conveys the further idea that Naaman was where the king of Aram could see him, and so it indicates the regard that the king had for him. Alternate translation: [in the regard of his master]
5:1	i9sm		rc://*/ta/man/translate/figs-activepassive	וּ⁠נְשֻׂ֣א פָנִ֔ים	1	The expression **was lifted** is a passive verbal form. If your language would not use that form, you could express the idea in active form or in another way that would be natural in your language. Alternate translation: [and his master lifted his face]
5:1	nqcy		rc://*/ta/man/translate/figs-idiom	וּ⁠נְשֻׂ֣א פָנִ֔ים	1	See how you translated the similar expression in [3:14](../03/14.md). Alternate translation: [and his master respected him]
5:1	nm2z		rc://*/ta/man/translate/figs-abstractnouns	נָֽתַן־יְהוָ֥ה תְּשׁוּעָ֖ה לַ⁠אֲרָ֑ם	1	If your language does not use an abstract noun for the idea of **deliverance**, you could express the same idea in another way. Alternate translation: [Yahweh delivered Aram from its enemies]
5:1	u46c		rc://*/ta/man/translate/figs-abstractnouns	וְ⁠הָ⁠אִ֗ישׁ הָיָ֛ה גִּבּ֥וֹר חַ֖יִל	1	If your language does not use an abstract noun for the idea of **valor**, you could express the same idea in another way. Alternate translation: [And he was a valiant man]
5:1	ubwj		rc://*/ta/man/translate/grammar-connect-logic-contrast	מְצֹרָֽע	1	The author intends for readers to understand a contrast between the facts that Naaman was **might of valor** and that he was **a leper**. In your translation, indicate this contrast in a way that is natural in your language. Alternate translation: [but he was a leper]
5:2	egl0		rc://*/ta/man/translate/figs-metonymy	וַ⁠אֲרָם֙	1	See how you translated the similar expression in [3:6](../03/06.md). Alternate translation: [Aramean soldiers]
5:2	boum		rc://*/ta/man/translate/figs-metonymy	וַ⁠תְּהִ֕י לִ⁠פְנֵ֖י אֵ֥שֶׁת נַעֲמָֽן	1	In this context, the phrase **to the face of** means that this **girl** was “in front of” the **wife of Naaman**, but it conveys the further idea that she was there because she was her servant. Alternate translation: [And she was a servant of the wife of Naaman]
5:3	fmv7		rc://*/ta/man/translate/figs-exclamations	אַחֲלֵ֣י	1	The servant girl is using a phrase that expresses a strong feeling, a wish. There may be an equivalent word or phrase in your language that you can use in your translation to convey this feeling. If not, you could say what the girl was wishing for. Alternate translation: [I wish that]
5:3	hryy		rc://*/ta/man/translate/figs-metonymy	לִ⁠פְנֵ֥י	1	See how you translated the similar expression in [3:14](../03/14.md). Alternate translation: [was in the presence of] or [could go and see]
5:3	a6qv		rc://*/ta/man/translate/figs-idiom	אָ֛ז יֶאֱסֹ֥ף אֹת֖⁠וֹ מִ⁠צָּרַעְתּֽ⁠וֹ	1	The servant girl is using the expression **remove him from his leprosy** to mean “cure him of his leprosy” or “heal his leprosy.” If this phrase does not have that meaning for your readers, you could use a comparable expression from your language that does have that meaning, or you could state the meaning plainly, here and in verses 6 and 7. Alternate translation: [Then he would remove his leprosy from him]
5:4	fhez		rc://*/ta/man/translate/writing-pronouns	וַ⁠יָּבֹ֕א	1	The pronoun **he** refers to Naaman. It may be helpful to clarify this for your readers. Alternate translation: [And Naaman came]
5:4	g80l		rc://*/ta/man/translate/figs-quotations	לֵ⁠אמֹ֑ר כָּ⁠זֹ֤את וְ⁠כָ⁠זֹאת֙ דִּבְּרָ֣ה הַֽ⁠נַּעֲרָ֔ה אֲשֶׁ֖ר מֵ⁠אֶ֥רֶץ יִשְׂרָאֵֽל	1	Naaman did not actually say the words **Like this and like this**. The author is using that expression to summarize what Naaman told the king of Aram. If it would be more natural in your language, you could express this as an indirect quotation. If you have already translated the book of 1 Kings, see what you decided to do in the case of the same expression in [1 Kings 14:5](../1ki/14/05.md). Alternate translation: [telling him what the girl who was from the land of Israel had said]
5:5	k4w5		rc://*/ta/man/translate/figs-ellipsis	לֶךְ־בֹּ֔א	1	The king of Aram is leaving out some of the words that in many languages a sentence would need in order to be complete. You can supply these words from the context if that would be clearer in your language. (The brevity of this statement may indicate immediate agreement and urgency, and you may wish to show that in your translation.) Alternate translation: [All right, go from here in Aram right away and enter the land of Israel]
5:5	qxuf		rc://*/ta/man/translate/figs-metonymy	וַ⁠יִּקַּ֨ח בְּ⁠יָד֜⁠וֹ	1	The author does not mean that Naaman somehow held all of this **silver** and **gold** and clothing in his **hand**. He is using the term “hand” to indicate that Naaman was the agent who conveyed these things, probably commanding soldiers who carried them. (The author says in [5:9](../05/09.md) that he came with horses and chariots, and the author refers in [5:15](../05/15.md) to his “camp,” meaning his soldiers.) If it would be helpful in your language, you could use an equivalent expression or plain language. If you have already translated the book of 2 Samuel, see how you translated the similar expression in [2 Samuel 8:10](../2sa/08/10.md). Alternate translation: [and he had his servants convey]
5:5	ztru		rc://*/ta/man/translate/translate-bweight	עֶ֣שֶׂר כִּכְּרֵי־כֶ֗סֶף	1	These 10 **kikkars of silver** weighed over 330 kilograms or about 750 pounds. In your translation, you could use the ancient measurement and spell the word “kikkar” the way it sounds in your language. You could also use the metric measurement given in the UST or use the measurement that your language and culture customarily use. Alternatively, you could use the ancient measurement and put a modern measurement in parentheses in the text or in a footnote.
5:5	dz2v		rc://*/ta/man/translate/figs-ellipsis	וְ⁠שֵׁ֤שֶׁת אֲלָפִים֙ זָהָ֔ב	1	The author is leaving out some of the words that in many languages a sentence would need in order to be complete. You can supply these words from the context if that would be clearer in your language. Alternate translation: [and 6,000 gold shekels]
5:5	wl5u		rc://*/ta/man/translate/translate-bweight	וְ⁠שֵׁ֤שֶׁת אֲלָפִים֙ זָהָ֔ב	1	These 6,000 shekels of **gold** would have weighed nearly 70 kilograms or about 150 pounds. In your translation, you could use the ancient measurement and spell the word “shekel” the way it sounds in your language. You could also use the metric measurement given in the UST or the measurement that your language and culture customarily use. Alternatively, you could use the ancient measurement and put a modern measurement in parentheses in the text or in a footnote.
5:6	oojw		rc://*/ta/man/translate/writing-quotations	לֵ⁠אמֹ֑ר	1	The term **saying** introduces a direct quotation, but it is a quotation of what the king of Aram wrote in the letter, not something that Naaman said to the king of Israel. It may be helpful to clarify this for your readers. Alternate translation: [and the letter said]
5:6	ig7b		rc://*/ta/man/translate/grammar-connect-words-phrases	וְ⁠עַתָּ֗ה	1	**And now** was an expression that speakers in this culture commonly used to introduce an important point. Sometimes, as in this case, they would use it at the beginning of a letter. Your language may have a comparable expression that you can use in your translation. See how you translated this expression in [3:23](../03/23.md).
5:6	jsi7		rc://*/ta/man/translate/figs-metaphor	הִנֵּ֨ה	1	See how you translated the similar expression in [1:9](../01/09.md).
5:7	ewek		rc://*/ta/man/translate/figs-rquestion	הַ⁠אֱלֹהִ֥ים אָ֨נִי֙ לְ⁠הָמִ֣ית וּֽ⁠לְ⁠הַחֲי֔וֹת כִּֽי־זֶה֙ שֹׁלֵ֣חַ אֵלַ֔⁠י לֶ⁠אֱסֹ֥ף אִ֖ישׁ מִ⁠צָּֽרַעְתּ֑⁠וֹ	1	The king of Israel is using the question form to emphasize that he cannot heal Naaman. If a speaker of your language would not use the question form for that purpose, you could translate this as a statement or as an exclamation. Alternate translation: [I am not God, killing and making alive, so this man should not be sending to me to remove a man from his leprosy!]
5:7	vc5y		rc://*/ta/man/translate/grammar-connect-words-phrases	כִּ֤י אַךְ	1	Here the word **For**, together with the word **surely**, introduces what the king believes is an obvious inference. Alternate translation: [Since that is obviously not the case,]
5:7	vn2b		rc://*/ta/man/translate/figs-idiom	דְּעֽוּ & וּ⁠רְא֔וּ כִּֽי	1	The king of Israel is using **know and see** as a common expression of his culture to mean “consider carefully.” If this phrase does not have that meaning in your language, you could use a comparable expression from your language that does have that meaning, or you could state the meaning plainly. If you have already translated the book of 1 Kings, see how you translated the similar expression in [1 Kings 20:7](../1ki/20/07.md). Alternate translation: [consider carefully]
5:7	pysg		rc://*/ta/man/translate/figs-yousingular	דְּעֽוּ & וּ⁠רְא֔וּ	1	The implied “you” in the imperatives **know** and **see** is plural because the king is addressing his court officials. So use plural forms in your translation if your language marks that distinction.
5:8	tzkl		rc://*/ta/man/translate/figs-rquestion	לָ֥⁠מָּה קָרַ֖עְתָּ בְּגָדֶ֑י⁠ךָ	1	Elisha is using the question form to suggest to the king of Israel that he did not need to respond so dramatically to the Aramean king’s letter. If a speaker of your language would not use the question form for that purpose, you could translate this as a statement or as an exclamation. Alternate translation: [You did not need to tear your clothes!]
5:10	cjbl		rc://*/ta/man/translate/figs-personification	וְ⁠יָשֹׁ֧ב בְּשָׂרְ⁠ךָ֛ לְ⁠ךָ֖	1	Elisha is speaking of Naaman’s **flesh** as if it were a living thing that could return to him on its own. If it would be helpful in your language, you could state the meaning plainly. Alternate translation: [and your flesh will be restored to its former condition]
5:10	q44e		rc://*/ta/man/translate/figs-imperative	וּ⁠טְהָֽר	1	While the expression **be clean** is an imperative, this was not a command that Naaman was capable of obeying. Instead, it describes what the result would be if Naaman did obey Elisha’s instructions to **wash** in the **Jordan** River **seven times**. Alternate translation: [and you will become clean] or [and you will no longer be a leper]
5:11	bc8o		rc://*/ta/man/translate/figs-quotesinquotes	אָמַ֜רְתִּי אֵלַ֣⁠י ׀ יֵצֵ֣א יָצ֗וֹא וְ⁠עָמַד֙ וְ⁠קָרָא֙ בְּ⁠שֵׁם־יְהוָ֣ה אֱלֹהָ֔י⁠ו וְ⁠הֵנִ֥יף יָד֛⁠וֹ אֶל־הַ⁠מָּק֖וֹם וְ⁠אָסַ֥ף הַ⁠מְּצֹרָֽע	1	If it would be clearer in your language, you could translate this so that there is not a quotation within a quotation. Alternate translation: [I said to myself that coming out, he would come out, and he would stand, and he would call on the name of Yahweh his God, and he would wave his hand over the place, and he would remove the leprosy]
5:11	uwdc		rc://*/ta/man/translate/figs-reduplication	יֵצֵ֣א יָצ֗וֹא	1	Naaman is repeating forms of the verb **come out** in order to intensify his expression of the idea that it conveys. If your language can repeat words for intensification, it would be appropriate to do that here in your translation. If not, your language may have another way of expressing the intensification. Alternate translation: [He will certainly come out]
5:11	l4df		rc://*/ta/man/translate/figs-idiom	וְ⁠קָרָא֙ בְּ⁠שֵׁם־יְהוָ֣ה אֱלֹהָ֔י⁠ו	1	Naaman is using **call on the name of** as a common expression of his culture to mean “pray to by name.” If this phrase does not have that meaning in your language, you could use a comparable expression from your language that does have that meaning, or you could state the meaning plainly. If you have already translated the book of 1 Kings, see how you translated the same expression in [1 Kings 18:24](../1ki/18/24.md). Alternate translation: [and he will call on Yahweh his God by name] or [and he will specifically invoke Yahweh his God]
5:12	m04l		rc://*/ta/man/translate/figs-rquestion	הֲ⁠לֹ֡א טוֹב֩ אבנה וּ⁠פַרְפַּ֜ר נַהֲר֣וֹת דַּמֶּ֗שֶׂק מִ⁠כֹּל֙ מֵימֵ֣י יִשְׂרָאֵ֔ל הֲ⁠לֹֽא־אֶרְחַ֥ץ בָּ⁠הֶ֖ם וְ⁠טָהָ֑רְתִּי	1	Naaman is using the question form to express his indignation. If a speaker of your language would not use the question form for that purpose, you could translate these questions as statement or as exclamations. Alternate translation: [Certainly Abanah and Pharpar, the rivers of Damascus, are better than all of the waters of Israel! If I want to become clean, I should bathe in them!]
5:12	uw63		rc://*/ta/man/translate/figs-metaphor	בְּ⁠חֵמָֽה	1	The author is speaking as if Naaman’s anger were actually **heat**. If it would be helpful in your language, you could state the meaning plainly. Alternate translation: [in a rage]
5:13	b6y7		rc://*/ta/man/translate/writing-pronouns	אָבִי֙	1	While the author says that Naaman’s **servants** approached him, it is clear that one servant is speaking on behalf of all of them, since he uses the singular pronoun **My**. It may be more natural in some languages to use a plural pronoun, since the servant is speaking for a group. Alternate translation: [Our father]
5:13	wj5g		rc://*/ta/man/translate/writing-politeness	אָבִי֙	1	This servant is referring to Naaman by a respectful title. Use a comparable title or expression for addressing someone respectfully in your language. Alternate translation: [Master]
5:13	cady		rc://*/ta/man/translate/figs-rquestion	אָבִי֙ דָּבָ֣ר גָּד֗וֹל הַ⁠נָּבִ֛יא דִּבֶּ֥ר אֵלֶ֖י⁠ךָ הֲ⁠ל֣וֹא תַעֲשֶׂ֑ה	1	Naaman’s servants are using the question form to try to convince him to obey Elisha. If a speaker of your language would not use the question form for that purpose, you could translate this as a statement or as an exclamation. Alternate translation: [if the prophet spoke a great matter to you, you would certainly do it!]
5:13	caty		rc://*/ta/man/translate/figs-ellipsis	וְ⁠אַ֛ף	1	The servants are leaving out some of the words that in many languages a sentence would need in order to be complete. You can supply these words from the context if that would be clearer in your language. Alternate translation: [Then how much more should you do it]
5:13	s9zl		rc://*/ta/man/translate/figs-quotesinquotes	אָמַ֥ר אֵלֶ֖י⁠ךָ רְחַ֥ץ וּ⁠טְהָֽר	1	If it would be clearer in your language, you could translate this so that there is not a quotation within a quotation. Alternate translation: [he has told you to wash and be clean]
5:13	y6ph		rc://*/ta/man/translate/figs-imperative	רְחַ֥ץ וּ⁠טְהָֽר	1	See how you translated the similar expression in [5:10](../05/10.md). Alternate translation: [Wash, and you will become clean!]
5:14	fbz6		rc://*/ta/man/translate/figs-explicitinfo	וַ⁠יֵּ֗רֶד	1	See how you translated the comparable expression “go up” in [1:3](../01/03.md). Alternate translation: [So he went]
5:14	pc5r		rc://*/ta/man/translate/figs-metonymy	כִּ⁠דְבַ֖ר אִ֣ישׁ הָ⁠אֱלֹהִ֑ים	1	See how you translated the similar expression in [1:7](../01/07.md). Alternate translation: [according to what the man of God had said]
5:14	j9f5		rc://*/ta/man/translate/figs-personification	וַ⁠יָּ֣שָׁב בְּשָׂר֗⁠וֹ כִּ⁠בְשַׂ֛ר נַ֥עַר קָטֹ֖ן	1	Here the author is speaking of Naaman’s **flesh** as if it were a living thing that could have **returned** to him on its own. If it would be helpful in your language, you could state the meaning plainly. Alternate translation: [And his flesh became once again like the flesh of a little boy]
5:14	jlqj		rc://*/ta/man/translate/figs-simile	וַ⁠יָּ֣שָׁב בְּשָׂר֗⁠וֹ כִּ⁠בְשַׂ֛ר נַ֥עַר קָטֹ֖ן	1	The point of this comparison is that just as **a young little boy** has healthy skin, so Naaman did as well. If it would be helpful in your language, you could make this point explicitly. Alternate translation: [and his skin became healthy again, just like the skin of a little boy]
5:15	xnl6		rc://*/ta/man/translate/figs-metonymy	לְ⁠פָנָי⁠ו֒	1	See how you translated the similar expression in [3:14](../03/14.md). Alternate translation: [in his presence]
5:15	sveb		rc://*/ta/man/translate/grammar-connect-exceptions	אֵ֤ין אֱלֹהִים֙ בְּ⁠כָל־הָ⁠אָ֔רֶץ כִּ֖י אִם־בְּ⁠יִשְׂרָאֵ֑ל	1	If it would appear in your language that Naaman was making a statement and then contradicting it, you could reword this as a positive statement. Alternate translation: [the only true God in all of the earth is in Israel]
5:15	w32l		rc://*/ta/man/translate/grammar-connect-words-phrases	וְ⁠עַתָּ֛ה	1	See how you translated this expression in [3:23](../03/23.md) and [5:6](../05/06.md).
5:15	us80		rc://*/ta/man/translate/figs-123person	מֵ⁠אֵ֥ת עַבְדֶּֽ⁠ךָ	1	Naaman is speaking of himself in the third person as **your servant** to show humility. If it would be helpful in your language, you could translate this in a humble form in the first person, here and in the similar instances in verses 17 and 18. Alternate translation: [from me, your servant]
5:16	ak27		rc://*/ta/man/translate/writing-oathformula	חַי־יְהוָ֛ה אֲשֶׁר־עָמַ֥דְתִּי לְ⁠פָנָ֖י⁠ו אִם־אֶקָּ֑ח	1	Following the custom of his culture, Elisha is swearing an oath by guaranteeing it by something that he holds sacred and by stating the first part of a condition (“if”) but not the second part (“then”). Use a natural way in your language to express an oath. In a context such as this, it may be natural to express just the first part of the condition as a negative statement. Alternate translation: [I swear by Yahweh, to whose face I stand, that I will not take]
5:16	zh9r		rc://*/ta/man/translate/figs-metonymy	אֲשֶׁר־עָמַ֥דְתִּי לְ⁠פָנָ֖י⁠ו	1	See how you translated the similar expression in [3:14](../03/14.md). Alternate translation: [in whose presence I stand] or [whose servant I am]
5:17	psh8		rc://*/ta/man/translate/figs-ellipsis	וָ⁠לֹ֕א	1	Naaman is leaving out some of the words that in many languages a sentence would need in order to be complete. You can supply these words from earlier in the verse if that would be clearer in your language. Alternate translation: [But if you will not take a blessing] or [But if you will not accept a gift]
5:17	h4m9		rc://*/ta/man/translate/grammar-connect-logic-result	יֻתַּן־נָ֣א לְ⁠עַבְדְּ⁠ךָ֔ מַשָּׂ֥א צֶֽמֶד־פְּרָדִ֖ים אֲדָמָ֑ה כִּ֡י לֽוֹא־יַעֲשֶׂה֩ ע֨וֹד עַבְדְּ⁠ךָ֜ עֹלָ֤ה וָ⁠זֶ֨בַח֙ לֵ⁠אלֹהִ֣ים אֲחֵרִ֔ים כִּ֖י אִם־לַ⁠יהוָֽה	1	If it would be more natural in your language, you could reverse the order of these phrases, since the second phrase gives the reason for the result that the first phrase describes. Alternate translation: [since your servant will no longer make a burnt offering or sacrifice to other gods, but rather to Yahweh, let dirt, the burden of a pair of mules, please be given to your servant]
5:17	l1qh		rc://*/ta/man/translate/figs-activepassive	יֻתַּן־נָ֣א לְ⁠עַבְדְּ⁠ךָ֔ מַשָּׂ֥א צֶֽמֶד־פְּרָדִ֖ים אֲדָמָ֑ה	1	The expression **let dirt, the burden of a pair of mules, please be given** contains a passive verbal form. If your language would not use that form, you could express the idea in active form or in another way that would be natural in your language. Alternate translation: [please give dirt, the burden of a pair of mules, to your servant]
5:17	n4cr		rc://*/ta/man/translate/translate-symaction	יֻתַּן־נָ֣א לְ⁠עַבְדְּ⁠ךָ֔ מַשָּׂ֥א צֶֽמֶד־פְּרָדִ֖ים אֲדָמָ֑ה	1	Naaman’s request to **be given** a **load** of **earth** was a symbolic action by which he showed that he wanted to worship only Yahweh, not any of the gods of his home country of Aram. If it would be helpful to your readers, you could explain the significance of this action in the text of your translation or in a footnote. Alternate translation: [let dirt, the burden of a pair of mules, please be given to your servant so that I can build an altar to Yahweh on soil from Israel]
5:18	zun8		rc://*/ta/man/translate/figs-metaphor	בֵית־רִמּוֹן֩	1	See the discussion in the introduction to 2 Kings of how the author and characters often speak of a temple as a “house.” Alternate translation: [to the temple of Rimmon]
5:19	mjlh		rc://*/ta/man/translate/figs-abstractnouns	לְ⁠שָׁל֑וֹם	1	If your language does not use an abstract noun for the idea of **peace**, you could express the same idea in another way. Alternate translation: [peacefully]
5:20	dfxf		rc://*/ta/man/translate/writing-oathformula	חַי־יְהוָה֙ כִּֽי־אִם־רַ֣צְתִּי אַחֲרָ֔י⁠ו וְ⁠לָקַחְתִּ֥י מֵ⁠אִתּ֖⁠וֹ מְאֽוּמָה	1	Following the custom of his culture, Gehazi is swearing an oath by something that he holds sacred and by stating the first part of a condition (“if”) but not the second part (“then”). In a context such as this, it may be natural to express just the first part of the condition as a positive statement. Alternate translation: [I swear by Yahweh that I am going to run after him and take something from him]
5:20	g8b4		rc://*/ta/man/translate/figs-synecdoche	מִ⁠יָּד֖⁠וֹ	1	See the discussion in the introduction to 2 Kings of how the author or a character may use the word “hand,” part of a person, to represent the whole person in the act of doing something. In this instance, Gehazi is using the **hand** of Naaman to represent him in the act of having gifts that he wanted to offer to Elisha. Alternate translation: [from him]
5:21	e37t		rc://*/ta/man/translate/figs-idiom	הֲ⁠שָׁלֽוֹם	1	Naaman is using the term **Peace** as a common greeting of this culture. He is using it in a question form in order to ask Gehazi if everything is all right. In the next verse, Gehazi uses it in a statement form to reply that everything is all right. (The usage here is different from the one in [4:23](../04/23.md) and [4:26](../04/26.md), where the Shunammite woman used the word to indicate that she did not want someone to ask any further questions.) Alternate translation: [Is all well]
5:22	u2u7		rc://*/ta/man/translate/writing-quotations	לֵ⁠אמֹר֒	1	The term **saying** introduces a direct quotation. In this case, it is a quotation not of what Elisha said to Gehazi but of what Gehazi claims Elisha wanted him to say to Naaman. Alternate translation: [and he told me to tell you]
5:22	ctlk		rc://*/ta/man/translate/figs-quotesinquotes	לֵ⁠אמֹר֒ הִנֵּ֣ה עַתָּ֡ה זֶ֠ה בָּ֣אוּ אֵלַ֧⁠י שְׁנֵֽי־נְעָרִ֛ים מֵ⁠הַ֥ר אֶפְרַ֖יִם מִ⁠בְּנֵ֣י הַ⁠נְּבִיאִ֑ים תְּנָ⁠ה־נָּ֤א לָ⁠הֶם֙ כִּכַּר־כֶּ֔סֶף וּ⁠שְׁתֵּ֖י חֲלִפ֥וֹת בְּגָדִֽים	1	If it would be clearer in your language, you could translate this so that there is not a quotation within a quotation. Alternate translation: [asking me to tell you that two young men from the sons of the prophets had just come to him from the hill country of Ephraim and to ask you to give them a kikkar of silver and two changes of clothing]
5:22	z49x		rc://*/ta/man/translate/translate-bweight	כִּכַּר־כֶּ֔סֶף	1	See how you decided to represent the value of a kikkar in [5:5](../05/05.md).
5:23	pkgq		rc://*/ta/man/translate/figs-infostructure	וַ⁠יָּצַר֩ כִּכְּרַ֨יִם כֶּ֜סֶף בִּ⁠שְׁנֵ֣י חֲרִטִ֗ים וּ⁠שְׁתֵּי֙ חֲלִפ֣וֹת בְּגָדִ֔ים	1	If it would be more natural in your language, you may want to put the information about the **two changes of clothes** with the information about the **two silver kikkars**. Alternate translation: [and he bound two silver kikkars and two changes of clothes in two bags]
5:23	k8c7		rc://*/ta/man/translate/figs-metonymy	לְ⁠פָנָֽי⁠ו	1	See how you translated the similar expression in [4:12](../04/12.md). Alternate translation: [in front of him]
5:24	tm4w		rc://*/ta/man/translate/figs-explicit	וַ⁠יָּבֹא֙ אֶל־הָ⁠עֹ֔פֶל & בַּ⁠בָּ֑יִת	1	The author assumes that readers will know what **hill** he means, so he does not specify which hill this was among the many in Samaria. The idea seems to be that Gehazi believed that if he went any farther, Elisha would be able to see him and Naaman’s servants from his house. So this seems to have been a hill that blocked the view from Elisha’s house. If that is the case, then the term **house** refers to Gehazi’s personal quarters rather than to the house in which Elisha lived. Alternate translation: [to a hill that blocked Elisha’s view … in his own quarters]
5:24	rsvf		rc://*/ta/man/translate/figs-synecdoche	מִ⁠יָּדָ֖⁠ם	1	See how you translated the similar expression in [5:20](../05/20.md). Alternate translation: [from them]
5:25	w0lc		rc://*/ta/man/translate/writing-pronouns	וְ⁠הוּא־בָא֙	1	The author is stating the pronoun **he** separately, even though the verb translated as **he came** already includes this meaning. He is doing that in order to emphasize a contrast between what Naaman’s servants did, as described in the previous verse (leave without being seen), and what Gehazi did (appear before Elisha). Alternate translation: [But he came openly]
5:25	migx		rc://*/ta/man/translate/figs-ellipsis	מ⁠אן	1	Elisha is leaving out some of the words that in many languages a sentence would need in order to be complete. You can supply these words from the context if that would be clearer in your language. Alternate translation: [From where have you come]
5:25	m3x4		rc://*/ta/man/translate/figs-123person	עַבְדְּ⁠ךָ֖	1	Gehazi is speaking of himself in the third person as **Your servant** to show humility. If it would be helpful in your language, you could translate this in a humble form in the first person. Alternate translation: [I, your servant,]
5:25	h7fr		rc://*/ta/man/translate/figs-idiom	אָ֥נֶה וָ⁠אָֽנָה	1	Gehazi is using **here or there** as a common expression of his culture to mean “anywhere.” If this phrase does not have that meaning for your readers, you could use a comparable expression from your language that does have that meaning, or you could state the meaning plainly. Alternate translation: [anywhere]
5:26	baex		rc://*/ta/man/translate/figs-rquestion	לֹא־לִבִּ֣⁠י הָלַ֔ךְ כַּ⁠אֲשֶׁ֧ר הָֽפַךְ־אִ֛ישׁ מֵ⁠עַ֥ל מֶרְכַּבְתּ֖⁠וֹ לִ⁠קְרָאתֶ֑⁠ךָ הַ⁠עֵ֞ת לָ⁠קַ֤חַת אֶת־הַ⁠כֶּ֨סֶף֙ וְ⁠לָ⁠קַ֣חַת בְּגָדִ֔ים וְ⁠זֵיתִ֤ים וּ⁠כְרָמִים֙ וְ⁠צֹ֣אן וּ⁠בָקָ֔ר וַ⁠עֲבָדִ֖ים וּ⁠שְׁפָחֽוֹת	1	Elisha is using the question form for emphasis and to rebuke Gehazi. If a speaker of your language would not use the question form for that purpose, you could translate these questions as statements or as exclamations. Alternate translation: [My heart went with you when the man turned from upon his chariot to meet you! This is not a time to take silver or to take clothing or olives trees or vineyards or sheep or cattle or male servants or female servants!]
5:26	s5da		rc://*/ta/man/translate/figs-metaphor	לֹא־לִבִּ֣⁠י הָלַ֔ךְ	1	Elisha is speaking as if his **heart** had literally traveled to the place where Gehazi met Naaman. He is using his heart to represent his spirit, and he means that he was aware in his spirit of what Gehazi had done. If it would be helpful in your language, you could use an equivalent expression from your language or state the meaning plainly. Alternate translation: [Was I not with you in spirit]
5:26	ckm0		rc://*/ta/man/translate/figs-explicit	וְ⁠זֵיתִ֤ים וּ⁠כְרָמִים֙ וְ⁠צֹ֣אן וּ⁠בָקָ֔ר וַ⁠עֲבָדִ֖ים וּ⁠שְׁפָחֽוֹת	1	The implication is that Gehazi wanted to use the silver he took from Naaman to buy these things. You could indicate this in your translation if that would be helpful to your readers. Alternate translation: [to buy olives trees or vineyards or sheep or cattle or male servants or female servants]
5:27	bfyv		rc://*/ta/man/translate/figs-personification	וְ⁠צָרַ֤עַת נַֽעֲמָן֙ תִּֽדְבַּק־בְּ⁠ךָ֔ וּֽ⁠בְ⁠זַרְעֲ⁠ךָ	1	Elisha is speaking of **the leprosy of Naaman** as if it were a living thing that could **cling** to Gehazi and his descendants. If it would be helpful in your language, you could state the meaning plainly. Alternate translation: [Now the leprosy of Naaman will afflict you and your seed]
5:27	uw49		rc://*/ta/man/translate/figs-metaphor	וּֽ⁠בְ⁠זַרְעֲ⁠ךָ	1	Elisha is speaking as if the descendants of Gehazi were actually **seed**, the way plants produce seed from which other plants grow. If it would be helpful in your language, you could state the meaning plainly. Alternate translation: [and to your descendants]
5:27	blks		rc://*/ta/man/translate/figs-metonymy	מִ⁠לְּ⁠פָנָ֖י⁠ו	1	See how you translated the similar expression in [3:14](../03/14.md). Alternate translation: [from his presence]
5:27	yaoh		rc://*/ta/man/translate/figs-activepassive	מְצֹרָ֥ע כַּ⁠שָּֽׁלֶג	1	The word **afflicted** is a passive verbal form. If your language would not use that form, you could express the idea in active form or in another way that would be natural in your language. Alternate translation: [leprous like snow]
5:27	lf68		rc://*/ta/man/translate/figs-simile	מְצֹרָ֥ע כַּ⁠שָּֽׁלֶג	1	The point of this comparison is that just as **snow** is white, so Gehazi’s skin became white from the leprosy. If it would be helpful in your language, you could make this point explicitly. Alternate translation: [as white as snow with leprosy]
6:intro	x6uv				0	# 2 Kings 6 Introduction\n\n## Structure and Formatting\n\nThis chapter continues the section of the book that describes the miracles and prophecies of Elisha.\n\n  1. Elisha makes an iron axe head float (1–7)\n  2. Elisha warns the Israelite king where the Arameans will attack (8–12)\n  3. Elisha blinds and traps Aramean soldiers (13–23)\n  4. Elisha prophesies the end of a siege and famine (6:24–7:20)\n\n## Religious and Cultural Concepts in This Chapter\n\n### Why did the king of Israel want to execute Elisha for the terrible famine in Samaria?\n\nIn 6:31, after the king of Israel realizes how terrible the famine is in Samaria because of the Aramean siege, he swears that he will have Elisha executed that day. It is not entirely clear why the king blamed Elisha for the famine. Interpreters have suggested several possibilities.\n- Some suggest that the king was angry with Elisha because he knew that Elisha could do miracles, but he had not done a miracle to end the siege or famine.\n- Others suggest that the king blamed Yahweh for the siege and famine (what he says in 6:27 may indicate that), and so he was hostile to Elisha as Yahweh’s prophet and representative.\n- Still others suggest that since Elisha had encouraged resistance to Aram by telling the king the Arameans’ military plans in advance, the king blamed Elisha for the massive invasion that the Arameans ultimately launched against his kingdom.\nHowever, since the reason is uncertain, we recommend that you do not suggest in the text of your translation why the king felt that Elisha was responsible for the famine.
6:1	dotz		rc://*/ta/man/translate/figs-explicit	וַ⁠יֹּאמְר֥וּ בְנֵֽי־הַ⁠נְּבִיאִ֖ים	1	The author is referring to the community of **the sons of the prophets** that lived in the city of Jericho. This becomes clear in the next verse when one of them indicates that the Jordan River is nearby. You could indicate that here if it would be helpful to your readers. Alternate translation: [And the sons of the prophets in Jericho said]
6:1	oxq8		rc://*/ta/man/translate/figs-metaphor	הִנֵּֽה	1	See how you translated the similar expression in [1:9](../01/09.md).
6:1	brrr		rc://*/ta/man/translate/figs-metonymy	לְ⁠פָנֶ֖י⁠ךָ	1	See how you translated the similar expression in [3:14](../03/14.md). Alternate translation: [in your presence]
6:2	f79l		rc://*/ta/man/translate/figs-idiom	וְ⁠נִקְחָ֤ה מִ⁠שָּׁם֙ אִ֚ישׁ קוֹרָ֣ה אֶחָ֔ת	1	The prophets are using **a man one beam** as a common expression of their culture to mean that each of them would carry a log from the forest in the Jordan River valley to the site where they wanted to build a new building. If this phrase does not have that meaning in your language, you could use a comparable expression from your language that does have that meaning, or you could state the meaning plainly. Alternate translation: [and let each of us carry a log from there]
6:2	tkct		rc://*/ta/man/translate/figs-explicitinfo	שָׁ֛ם מָק֖וֹם לָ⁠שֶׁ֣בֶת שָׁ֑ם	1	It might seem that this expression contains extra information that would not be natural to express in your language. If so, you can shorten it. Alternate translation: [there a place to sit]
6:2	v78q		rc://*/ta/man/translate/figs-imperative	לֵֽכוּ	1	This is an imperative, but it communicates permission rather than a command. Use a form in your language that communicates permission. Alternate translation: [You may go]
6:3	s30v		rc://*/ta/man/translate/figs-hendiadys	ה֥וֹאֶל & וְ⁠לֵ֣ךְ	1	The phrase **be willing and go** expresses a single idea. The word **willing** in what way this prophet wants Elisha to **go**. If it would be more natural in your language, you could express this meaning in a different way. Alternate translation: [be willing to go] or [go willingly]
6:3	gppa		rc://*/ta/man/translate/figs-go	וְ⁠לֵ֣ךְ & אֵלֵֽךְ	1	In contexts such as these, your language might say “come” instead of **go**. Alternate translation: [and come … I will come]
6:3	tmrz		rc://*/ta/man/translate/figs-123person	אֶת־עֲבָדֶ֑י⁠ךָ	1	The speaker is referring to himself and his fellow prophets in the third person as **your servants** to show humility. If it would be helpful in your language, you could translate this in a humble form in the first person. Alternate translation: [with us, your servants]
6:3	c899		rc://*/ta/man/translate/writing-pronouns	אֲנִ֥י אֵלֵֽךְ	1	See how you translated the similar expression “you, you know” in [4:1](../04/01.md). Alternate translation: [I will personally accompany you]
6:4	ouz6		rc://*/ta/man/translate/figs-go	וַ⁠יָּבֹ֨אוּ֙ הַ⁠יַּרְדֵּ֔נָ⁠ה	1	In a context such as this, your language might say “went” instead of **came**. Alternate translation: [And they went to the Jordan]
6:5	edm1		rc://*/ta/man/translate/figs-metonymy	וְ⁠אֶת־הַ⁠בַּרְזֶ֖ל	1	The author is using the term **iron** to represents an ax head made out of iron. If it would be helpful in your language, you could use an equivalent expression or state the meaning plainly. Alternate translation: [and the ax head]
6:5	d25f		rc://*/ta/man/translate/figs-exclamations	אֲהָ֥הּ	1	The speaker is using the word **Alas** to express a strong feeling of distress and alarm. There may be an equivalent word or phrase in your language that you can use in your translation to convey this feeling. If not, you could say what the speaker was feeling, or you could say what made him distressed. Alternate translation: [Oh, no] or [How unfortunate]
6:5	lidy		rc://*/ta/man/translate/grammar-connect-words-phrases	וְ⁠ה֥וּא	1	Here the word **for** introduces an explanation for the man’s distress. In your translation, use a connecting word or phrase in your language that will indicate this. Alternate translation: [you see, it]
6:5	jymd		rc://*/ta/man/translate/figs-activepassive	וְ⁠ה֥וּא שָׁאֽוּל	1	The expression **was lent** is a passive verbal form. If your language would not use that form, you could express the idea in active form or in another way that would be natural in your language. Alternate translation: [someone lent it to me]
6:7	ok6z		rc://*/ta/man/translate/writing-pronouns	לָ֑⁠ךְ	1	The expression **for yourself** indicates that the action Elisha describes would be to the man’s advantage. It may not be necessary to represent this expression in your translation. However, the UST models one way to represent it.
6:8	ss5e		rc://*/ta/man/translate/writing-background	וּ⁠מֶ֣לֶךְ אֲרָ֔ם הָיָ֥ה נִלְחָ֖ם בְּ⁠יִשְׂרָאֵ֑ל	1	The author is providing background information to help readers understand what happens next in the story. In your translation, introduce this information in a way that would be natural in your own language and culture.
6:8	awa9		rc://*/ta/man/translate/figs-quotations	לֵ⁠אמֹ֗ר אֶל־מְק֛וֹם פְּלֹנִ֥י אַלְמֹנִ֖י תַּחֲנֹתִֽ⁠י	1	The king did not actually say the words **such and such**. The author is using that expression to summarize what the king told his **servants** (that is, his military officers). If it would be more natural in your language, you could express this as an indirect quotation. Alternate translation: [telling them where he wanted his camp to be]
6:9	pdpe		rc://*/ta/man/translate/writing-quotations	לֵ⁠אמֹ֔ר	1	The implication is that Elisha told the king to what place the Aramean army was coming before telling him not to go near **that place**. You could include this information as part of this introduction to the direct quotation. Alternate translation: [telling him where the Aramean army was coming and warning him]
6:9	fw85		rc://*/ta/man/translate/grammar-connect-logic-result	הִשָּׁ֕מֶר מֵ⁠עֲבֹ֖ר הַ⁠מָּק֣וֹם הַ⁠זֶּ֑ה כִּֽי־שָׁ֖ם אֲרָ֥ם נְחִתִּֽים	1	If it would be more natural in your language, you could reverse the order of these phrases, since the second phrase gives the reason for the result that the first phrase describes. Alternate translation: [Since Aram is coming down there, guard yourself from passing by that place]
6:9	e3fo		rc://*/ta/man/translate/figs-metonymy	אֲרָ֥ם	1	See how you translated the similar expression in [3:6](../03/06.md). Alternate translation: [the Aramean army]
6:9	twhw		rc://*/ta/man/translate/figs-explicitinfo	נְחִתִּֽים	1	See how you translated the comparable expression “go up” in [1:3](../01/03.md). Alternate translation: [is coming]
6:10	m53w		rc://*/ta/man/translate/figs-explicit	וַ⁠יִּשְׁלַ֞ח מֶ֣לֶךְ יִשְׂרָאֵ֗ל אֶֽל־הַ⁠מָּק֞וֹם	1	The author assumes that readers will understand that the king sent soldiers to investigate the place that Elisha had warned him about. You could say that explicitly if that would be helpful to your readers. Alternate translation: [And the king of Israel sent soldiers to confirm that the place was dangerous]
6:10	pivf		rc://*/ta/man/translate/figs-hendiadys	אָֽמַר־ל֧⁠וֹ & ו⁠הזהיר⁠ה	1	The verbs **said** and **warned** together express a single idea. The verb **warned** tells for what purpose Elisha **said** something to the king. If it would be more natural in your language, you could express this meaning in a different way. Alternate translation: [had communicated a warning to him about]
6:10	pv4r		rc://*/ta/man/translate/figs-litotes	לֹ֥א אַחַ֖ת וְ⁠לֹ֥א שְׁתָּֽיִם	1	The author is emphasizing a positive meaning by twice using a negative word, **not**, together with words that convey the opposite of the intended meaning. If it would be helpful in your language, you could use an expression that conveys the positive meaning. Alternate translation: [many times]
6:11	s406		rc://*/ta/man/translate/figs-synecdoche	וַ⁠יִּסָּעֵר֙ לֵ֣ב מֶֽלֶךְ־אֲרָ֔ם עַל־הַ⁠דָּבָ֖ר הַ⁠זֶּ֑ה	1	The author is using one part of the king, his **heart**, representing his feelings, to mean all of him in the act of becoming **enraged**. If it would be helpful in your language, you could state the meaning plainly. Alternate translation: [And the king of Aram was enraged about this matter]
6:11	dbhw		rc://*/ta/man/translate/figs-activepassive	וַ⁠יִּסָּעֵר֙ לֵ֣ב מֶֽלֶךְ־אֲרָ֔ם עַל־הַ⁠דָּבָ֖ר הַ⁠זֶּ֑ה	1	The expression **was enraged** is a passive verbal form. If your language would not use that form, you could express the idea in active form or in another way that would be natural in your language. Alternate translation: [And this matter enraged the king of Aram]
6:11	aqk5		rc://*/ta/man/translate/figs-rquestion	הֲ⁠לוֹא֙ תַּגִּ֣ידוּ לִ֔⁠י מִ֥י מִ⁠שֶּׁ⁠לָּ֖⁠נוּ אֶל־מֶ֥לֶךְ יִשְׂרָאֵֽל	1	The king of Aram is using the question form to command his officers to tell him who is revealing his plans to the king of Israel. If a speaker of your language would not use the question form for that purpose, you could translate this as a statement or as an exclamation. Alternate translation: [One of us must be for the king of Israel, and I want you to declare to me who that is!]
6:12	o7oe		rc://*/ta/man/translate/figs-hyperbole	אֶת־הַ֨⁠דְּבָרִ֔ים אֲשֶׁ֥ר תְּדַבֵּ֖ר בַּ⁠חֲדַ֥ר מִשְׁכָּבֶֽ⁠ךָ	1	The officer says **the things that you speak in the room of your bed** as an overstatement for emphasis. He means that Elisha knows even the king’s most private and secret plans. If it would be helpful in your language, you could use a different way to express the emphasis. Alternate translation: [the things that you decide and want to keep secret]
6:13	suug		rc://*/ta/man/translate/figs-ellipsis	וְ⁠אֶשְׁלַ֖ח	1	The king is leaving out some of the words that in many languages a sentence would need in order to be complete. You can supply these words from the context if that would be clearer in your language. Alternate translation: [and I will send soldiers]
6:13	qtw3		rc://*/ta/man/translate/figs-synecdoche	וְ⁠אֶקָּחֵ֑⁠הוּ	1	The king of Aram is using himself to represent everyone who would **take** or capture Elisha. He would give the command, but his soldiers would make the actual capture. If it would be helpful in your language, you could state the meaning plainly. Alternate translation: [and they will capture him for me]
6:13	iz8x		rc://*/ta/man/translate/figs-activepassive	וַ⁠יֻּגַּד־ל֥⁠וֹ	1	The expression **was declared** is a passive verbal form. If your language would not use that form, you could express the idea in active form or in another way that would be natural in your language. Alternate translation: [And someone declared to him]
6:13	wdoq		rc://*/ta/man/translate/figs-ellipsis	בְ⁠דֹתָֽן	1	The person speaking to the king is leaving out some of the words that in many languages a sentence would need in order to be complete. You can supply these words from earlier in the sentence if that would be clearer in your language. Alternate translation: [he is in Dothan]
6:14	co1i		rc://*/ta/man/translate/figs-explicitinfo	וַ⁠יַּקִּ֖פוּ עַל־הָ⁠עִֽיר	1	The expression **surrounded around** may seem to contain extra information that would not be natural to express in your language. If so, you could shorten it. Alternate translation: [and they surrounded the city]
6:15	nh05		rc://*/ta/man/translate/figs-infostructure	חַ֛יִל סוֹבֵ֥ב אֶת־הָ⁠עִ֖יר וְ⁠ס֣וּס וָ⁠רָ֑כֶב	1	If it would be more natural in your language, you may want to put the information about the **horse** and **chariot** with the information about the **army**. Alternate translation: [an army with horses and chariots was surrounding the city]
6:15	mgex		rc://*/ta/man/translate/figs-genericnoun	וְ⁠ס֣וּס וָ⁠רָ֑כֶב	1	The author is not referring to a specific **horse** or **chariot**. He means the horses and chariots of the Aramean army in general. If it would be helpful to your readers, you could use an expression that would be more natural in your language. Alternate translation: [with horses and chariots]
6:15	kouh		rc://*/ta/man/translate/figs-exclamations	אֲהָ֥הּ	1	See how you translated the similar expression in [6:5](../06/05.md).
6:15	dajd		rc://*/ta/man/translate/figs-rquestion	אֵיכָ֥ה נַֽעֲשֶֽׂה	1	The servant is using the question form for emphasis. If a speaker of your language would not use the question form for that purpose, you could translate this as a statement or as an exclamation. Alternate translation: [There is nothing we can do!]
6:16	nsn8		rc://*/ta/man/translate/grammar-connect-logic-result	אַל־תִּירָ֑א כִּ֤י רַבִּים֙ אֲשֶׁ֣ר אִתָּ֔⁠נוּ מֵ⁠אֲשֶׁ֖ר אוֹתָֽ⁠ם	1	If it would be more natural in your language, you could reverse the order of these phrases, since the second phrase gives the reason for the result that the first phrase describes. Alternate translation: [Those who are with us are more numerous than those who are with them, so do not fear]
6:17	ezks		rc://*/ta/man/translate/figs-metaphor	פְּקַח & אֶת־עֵינָ֖י⁠ו וְ⁠יִרְאֶ֑ה וַ⁠יִּפְקַ֤ח יְהוָה֙ אֶת־עֵינֵ֣י הַ⁠נַּ֔עַר וַ⁠יַּ֗רְא	1	Elisha is speaking as if his servant’s physical **eyes** were actually closed. He is using eyes to represent the ability to perceive spiritual realities. If it would be helpful in your language, you could state the meaning plainly. Alternate translation: [give him spiritual vision, that he may see spiritual things … And Yahweh gave the servant spiritual vision, and he was able to see spiritual things]
6:17	mkiw		rc://*/ta/man/translate/figs-explicit	הָ⁠הָ֜ר	1	By **the hill**, the author means the hill on which the city of Dothan was built. You could indicate this explicitly in your translation if that would be helpful to your readers. Alternate translation: [the hill on which Dothan stood]
6:18	yrzx		rc://*/ta/man/translate/writing-pronouns	וַ⁠יֵּרְדוּ֮ אֵלָי⁠ו֒	1	The pronoun **they** refers to the Aramean soldiers who had surrounded the city, not to the horses and chariots of fire described in the previous verse. It may be helpful to clarify this for your readers. Alternate translation: [And the Aramean soldiers came down to him]
6:18	xp6l		rc://*/ta/man/translate/figs-explicitinfo	וַ⁠יֵּרְדוּ֮ אֵלָי⁠ו֒	1	This expression may seem to contain extra information that would not be natural to express in your language. If so, you can use a more natural expression. (While Elisha was in the city of Dothan, on a hill above the Aramean soldiers, the author may say that they **came down** to him because they first advanced to some strategic height in the city and then went down among its houses to Elisha’s house. Alternatively, the phrase **came down** may express a continuation of the action of invading this part of Israel from a higher elevation in Aram, as [6:9](../06/09.md) describes.) Alternate translation: [And the Aramean soldiers came toward Elisha]
6:18	bsm5		rc://*/ta/man/translate/figs-explicit	אֶת־הַ⁠גּוֹי־הַ⁠זֶּ֖ה	1	Elisha is using the term **nation** to mean “army” or “soldiers.” (More commonly in this culture, speakers used the term “people” to refer to the soldiers in an army.) You could indicate this explicitly in your translation if that would be helpful to your readers. Alternate translation: [this army] or [these soldiers]
6:18	jqy4		rc://*/ta/man/translate/figs-metonymy	כִּ⁠דְבַ֥ר אֱלִישָֽׁע	1	See how you translated the similar expression in [1:7](../01/07.md). Alternate translation: [according to what Elisha had said]
6:19	q7we		rc://*/ta/man/translate/figs-go	לְכ֣וּ	1	In a context such as this, your language might say “Come” instead of **Go**. Alternate translation: [Come]
6:20	cc1w		rc://*/ta/man/translate/figs-metaphor	פְּקַ֥ח אֶת־עֵינֵֽי־אֵ֖לֶּה & וַ⁠יִּפְקַ֤ח יְהוָה֙ אֶת־עֵ֣ינֵי⁠הֶ֔ם	1	In the first instance, Elisha is speaking as if the physical **eyes** of these soldiers were closed and Yahweh literally **open** them. He means that Yahweh would enable them to see normally again. The author is speaking similarly in the second instance. If it would be helpful in your language, you could state the meaning plainly. Alternate translation: [make these men no longer blind … And Yahweh made them no longer blind]
6:20	cnqy		rc://*/ta/man/translate/figs-imperative	פְּקַ֥ח	1	This is an imperative, but it communicates a polite request rather than a command. Use a form in your language that communicates a polite request. It may be helpful to add an expression such as “please” to make this clear. Alternate translation: [please open]
6:21	g73q		rc://*/ta/man/translate/figs-explicit	הַ⁠אַכֶּ֥ה אַכֶּ֖ה אָבִֽ⁠י	1	To translate the word “strike” here and in the next verse, how you translated it in [3:23](../03/23.md). Alternate translation: [Shall I kill them? Shall I kill them, my father?]
6:21	cm3i		rc://*/ta/man/translate/figs-reduplication	הַ⁠אַכֶּ֥ה אַכֶּ֖ה	1	The king is repeating his question **Shall I strike them** in order to intensify his request for permission and to show his eagerness to act. If your language can repeat words for intensification, it would be appropriate to do that here in your translation. If not, your language may have another way of expressing the intensification. Alternate translation: [Shall I kill them while I have the chance?]
6:21	nvvq		rc://*/ta/man/translate/writing-politeness	אָבִֽ⁠י	1	The king is referring to Elisha by a respectful title. Use a comparable title or expression for addressing someone respectfully in your language.
6:22	w7dj		rc://*/ta/man/translate/translate-tense	הַ⁠אֲשֶׁ֥ר שָׁבִ֛יתָ בְּ⁠חַרְבְּ⁠ךָ֥ וּֽ⁠בְ⁠קַשְׁתְּ⁠ךָ֖ אַתָּ֣ה מַכֶּ֑ה	1	The author is using the participle form **Are you striking** to describe habitual action. Express this with the verb form that your language would naturally use. Alternate translation: [Do you usually kill those whom you capture with your sword and with your bow]
6:22	wrk4		rc://*/ta/man/translate/figs-rquestion	הַ⁠אֲשֶׁ֥ר שָׁבִ֛יתָ בְּ⁠חַרְבְּ⁠ךָ֥ וּֽ⁠בְ⁠קַשְׁתְּ⁠ךָ֖ אַתָּ֣ה מַכֶּ֑ה	1	Elisha is using the question form to get the king to consider that he does not kill soldiers his army has captured in battle, so he should certainly not kill soldiers whom he has captured without a fight. If a speaker of your language would not use the question form for that purpose, you could translate this as a statement or as an exclamation. Alternate translation: [You do not kill those whom you capture with your sword and with your bow.]
6:22	zggc		rc://*/ta/man/translate/figs-explicit	הַ⁠אֲשֶׁ֥ר שָׁבִ֛יתָ בְּ⁠חַרְבְּ⁠ךָ֥ וּֽ⁠בְ⁠קַשְׁתְּ⁠ךָ֖ אַתָּ֣ה מַכֶּ֑ה	1	Elisha is implying that since these men were captured without a fight, they should be treated with even greater mercy than soldiers captured in battle, whom the king would not kill. You could indicate this explicitly in your translation if that would be helpful to your readers. Alternate translation: [You do not kill those whom you capture with your sword and with your bow! So you should not kill these men whom you have captured without a fight.]
6:22	nfn0		rc://*/ta/man/translate/figs-synecdoche	לֶ֨חֶם וָ⁠מַ֜יִם	1	Elisha is using one kind of food, **bread**, and one kind of drink, **water**, to mean food and drink in general. If it would be helpful in your language, you could state the meaning plainly. Alternate translation: [food and drink]
6:22	d4wi		rc://*/ta/man/translate/figs-metonymy	לִ⁠פְנֵי⁠הֶ֗ם	1	See how you translated the similar expression in [4:12](../04/12.md). Alternate translation: [in front of them]
6:23	qc3g		rc://*/ta/man/translate/writing-poetry	וַ⁠יִּכְרֶ֨ה לָ⁠הֶ֜ם כֵּרָ֣ה גְדוֹלָ֗ה	1	The author is using a construction in which a verb and its object come from the same root. You may be able to use the same construction in your language to express the meaning here. Alternatively, your language may have another way of saying this. Alternate translation: [And he made a great feast for them]
6:24	s8kq		rc://*/ta/man/translate/writing-newevent	וַֽ⁠יְהִי֙	1	The author is using this phrase to introduce a new event. See how you translated the phrase in [2:1](../02/01.md).
6:24	g7zt		rc://*/ta/man/translate/figs-metonymy	מַחֲנֵ֑⁠הוּ	1	Here, **camp** represents the soldiers who would stay in a camp. If it would be helpful in your language, you could use an equivalent expression or state the meaning plainly. Alternate translation: [his army] or [his soldiers]
6:25	a7q3		rc://*/ta/man/translate/grammar-connect-logic-result	וַ⁠יְהִ֨י רָעָ֤ב גָּדוֹל֙ בְּ⁠שֹׁ֣מְר֔וֹן וְ⁠הִנֵּ֖ה צָרִ֣ים עָלֶ֑י⁠הָ	1	If it would be more natural in your language, you could reverse the order of these phrases, since the second phrase gives the reason for the result that the first phrase describes. (In this context, the word **behold** introduces a reason.) Alternate translation: [And because they were besieging against it, a great famine was in Samaria]
6:25	ride		rc://*/ta/man/translate/figs-idiom	הֱי֤וֹת & בִּ⁠שְׁמֹנִ֣ים כֶּ֔סֶף & בַּ⁠חֲמִשָּׁה־כָֽסֶף	1	The author is using **was at** as a common expression of his culture to mean “sold for.” If this phrase does not have that meaning for your readers, you could use a comparable expression from your language that does have that meaning, or you could state the meaning plainly. Alternate translation: [sold for 80 silver … sold for 5 silver]
6:25	gb1b		rc://*/ta/man/translate/figs-ellipsis	הֱי֤וֹת & בִּ⁠שְׁמֹנִ֣ים כֶּ֔סֶף & בַּ⁠חֲמִשָּׁה־כָֽסֶף	1	The author is leaving out some of the words that in many languages a sentence would need in order to be complete. You can supply these words from the context if that would be clearer in your language. Alternate translation: [sold for 80 silver shekels … sold for 5 silver shekels]
6:25	y2ow		rc://*/ta/man/translate/translate-bweight	הֱי֤וֹת & בִּ⁠שְׁמֹנִ֣ים כֶּ֔סֶף & בַּ⁠חֲמִשָּׁה־כָֽסֶף	1	See how you decided to represent the weight of a shekel at [5:5](../05/05.md).
6:25	x3cv		rc://*/ta/man/translate/translate-bvolume	וְ⁠רֹ֛בַע הַ⁠קַּ֥ב	1	A **kab** was a liquid measure equivalent to 1.23 liters or just over five cups. If it would be helpful to your readers, you could express this in terms of modern measurements, either in the text or in a footnote.
6:25	e6x3		rc://*/ta/man/translate/translate-fraction	וְ⁠רֹ֛בַע	1	A **fourth** means one part out of four equal parts.
6:26	akwy		rc://*/ta/man/translate/writing-newevent	וַֽ⁠יְהִי֙	1	The author is using this phrase to introduce a new development within this event. Use a word, phrase, or other method in your language that is natural for introducing a new development.
6:26	czas		rc://*/ta/man/translate/writing-politeness	הוֹשִׁ֖יעָ⁠ה אֲדֹנִ֥⁠י הַ⁠מֶּֽלֶךְ	1	The woman is referring to King Jehoram by a respectful title, and she is using the customary expression of her culture to ask him to use his royal power to help her. (She is indicating specifically that she has a case that she wants the king to decide, as he recognizes and acknowledges in [6:28](../06/28.md) by asking her, “What is to you?”) Use a comparable title and expression from your language. If you have already translated the book of 2 Samuel, see how you translated the same expressions in [2 Samuel 14:4](../2sa/14/04.md). Alternate translation: [Help me, Your Majesty]
6:27	gx2o		rc://*/ta/man/translate/figs-rquestion	מֵ⁠אַ֖יִן אֽוֹשִׁיעֵ֑⁠ךְ הֲ⁠מִן־הַ⁠גֹּ֖רֶן א֥וֹ מִן־הַ⁠יָּֽקֶב	1	The king is using the question form to emphasize that he has no resources with which to help the woman. If a speaker of your language would not use the question form for that purpose, you could translate these questions as a statement or as an exclamation. Alternate translation: [I am not able to help you from the threshing floor or from the winepress!]
6:27	msvn		rc://*/ta/man/translate/figs-metonymy	הֲ⁠מִן־הַ⁠גֹּ֖רֶן א֥וֹ מִן־הַ⁠יָּֽקֶב	1	Here, **the threshing floor** and **the winepress** represent the grain and wine that come from them. (The king assumes, generally and correctly, that this woman’s plea has to do with not having enough food.) If it would be helpful in your language, you could use an equivalent expression or state the meaning plainly. Alternate translation: [since we have no more grain or wine]
6:28	fdzw		rc://*/ta/man/translate/figs-idiom	מַה־לָּ֑⁠ךְ	1	The king is using **What to you** as a common expression of his culture to ask the woman what case she wants to bring before him. If this phrase does not have that meaning in your language, you could use a comparable expression from your language that does have that meaning, or you could state the meaning plainly. Alternate translation: [What is your case] or [What is the matter]
6:28	xjyq		rc://*/ta/man/translate/figs-quotesinquotes	הָ⁠אִשָּׁ֨ה הַ⁠זֹּ֜את אָמְרָ֣ה אֵלַ֗⁠י תְּנִ֤י אֶת־בְּנֵ⁠ךְ֙ וְ⁠נֹאכְלֶ֣⁠נּוּ הַ⁠יּ֔וֹם וְ⁠אֶת־בְּנִ֖⁠י נֹאכַ֥ל מָחָֽר	1	If it would be clearer in your language, you could translate this so that there is not a quotation within a quotation. Alternate translation: [This woman told me to give up my son so that we could eat him that day, and she said that we would eat her son the next day]
6:29	iwl8		rc://*/ta/man/translate/figs-quotesinquotes	וָ⁠אֹמַ֨ר אֵלֶ֜י⁠הָ בַּ⁠יּ֣וֹם הָ⁠אַחֵ֗ר תְּנִ֤י אֶת־בְּנֵ⁠ךְ֙ וְ⁠נֹ֣אכְלֶ֔⁠נּוּ	1	If it would be clearer in your language, you could translate this so that there is not a quotation within a quotation. Alternate translation: [And I told her on the next day to give up her son so that we could eat him]
6:30	ecwn		rc://*/ta/man/translate/translate-symaction	וַ⁠יִּקְרַ֣ע אֶת־בְּגָדָ֔י⁠ו	1	See how you indicated the symbolic significance of this action in [2:12](../02/12.md). Alternate translation: [that he tore his clothes to show his great distress]
6:30	kq1f		rc://*/ta/man/translate/translate-symaction	הַ⁠שַּׂ֛ק עַל־בְּשָׂר֖⁠וֹ מִ⁠בָּֽיִת	1	Wearing **sackcloth** next to his skin under his royal robes was a symbolic action by which King Jehoram was privately expressing to Yahweh humility and sorrow over his sins and those of his people. If it would be helpful to your readers, you could explain the significance of this action in the text of your translation or in a footnote. Alternate translation: [he was wearing sackcloth under his robes next to his skin to show humility and sorrow for sin]
6:32	ianp		rc://*/ta/man/translate/figs-infostructure	וֶ⁠אֱלִישָׁע֙ יֹשֵׁ֣ב בְּ⁠בֵית֔⁠וֹ וְ⁠הַ⁠זְּקֵנִ֖ים יֹשְׁבִ֣ים אִתּ֑⁠וֹ וַ⁠יִּשְׁלַ֨ח אִ֜ישׁ מִ⁠לְּ⁠פָנָ֗י⁠ו	1	If it would be more natural in your language, you may want to put the information that the king **sent a man** (to execute Elisha) first in the verse so that it would follow directly from the king’s statement in the previous verse that he was going to execute him. Alternate translation: [And the king sent a man from his face. And Elisha was sitting in his house, and the elders were sitting with him]
6:32	qeir		rc://*/ta/man/translate/figs-metonymy	מִ⁠לְּ⁠פָנָ֗י⁠ו	1	See how you translated the similar expression in [3:14](../03/14.md). Alternate translation: [from his presence]
6:32	b6id		rc://*/ta/man/translate/writing-pronouns	וְ⁠ה֣וּא ׀ אָמַ֣ר	1	The author is stating the pronoun **he** separately, even though the verb translated as **he said** already includes this meaning. He is doing that to emphasize that this action took place at the same time when the messenger was on his way to Elisha’s house but had not yet arrived. If a speaker of your language would use an explicit pronoun for the same purpose, you may want to use that construction in your translation. If not, your language may have other ways of showing the meaning here. Alternate translation: [Elisha, already knowing that he was coming, said]
6:32	k9wf		rc://*/ta/man/translate/figs-rquestion	הַ⁠רְּאִיתֶם֙ כִּֽי־שָׁלַ֞ח בֶּן־הַֽ⁠מְרַצֵּ֤חַ הַ⁠זֶּה֙ לְ⁠הָסִ֣יר אֶת־רֹאשִׁ֔⁠י	1	Elisha is using the question form to inform the elders of an impending danger that he wants them to help protect him from. If a speaker of your language would not use the question form for that purpose, you could translate this as a statement or as an exclamation. Alternate translation: [I want you to recognize that this son of a murderer has sent to remove my head!]
6:32	uhs7		rc://*/ta/man/translate/figs-idiom	בֶּן־הַֽ⁠מְרַצֵּ֤חַ	1	See how you translated the similar expression “sons of valor” in [2:16](../02/16.md). Alternate translation: [murderous person]
6:32	uw64		rc://*/ta/man/translate/figs-metaphor	רְא֣וּ	1	In this context, the term **See** has the same significance that the term “behold” does in many contexts, such as the next verse. Elisha is using it to call attention to what he is about to say. See how you translated the term “behold” in [1:9](../01/09.md).
6:32	b24a		rc://*/ta/man/translate/figs-rquestion	הֲ⁠ל֗וֹא ק֛וֹל רַגְלֵ֥י אֲדֹנָ֖י⁠ו אַחֲרָֽי⁠ו	1	Elisha is using the question form to tell the elders emphatically that the king is coming right behind the officer he has sent. If a speaker of your language would not use the question form for that purpose, you could translate this as a statement or as an exclamation. Alternate translation: [The sound of the feet of his master is right behind him.]
6:32	qfya		rc://*/ta/man/translate/figs-synecdoche	הֲ⁠ל֗וֹא ק֛וֹל רַגְלֵ֥י אֲדֹנָ֖י⁠ו אַחֲרָֽי⁠ו	1	The author is using one part of a person, his **feet**, to mean all of him in the act of walking. If it would be helpful in your language, you could state the meaning plainly. Alternate translation: [Is his master not right behind him?] or [His master is coming right behind him]
6:33	w2fz		rc://*/ta/man/translate/figs-explicitinfo	יֹרֵ֣ד	1	The king’s palace was apparently high up on the hill on which Samaria was built, while Elisha’s house was farther down the hill. The author is marking travel for change in elevation. See how you translated the comparable expression “go up” in [1:3](../01/03.md). Alternate translation: [was coming] or [came]
6:33	ltge		rc://*/ta/man/translate/writing-pronouns	וַ⁠יֹּ֗אמֶר	1	The pronoun **he** refers to the king of Israel. Readers are meant to understand from the context that he arrived right after the messenger, as Elisha said in the previous verse he would. Alternate translation: [And the king also arrived, and he said]
6:33	i5kz		rc://*/ta/man/translate/figs-rquestion	מָֽה־אוֹחִ֥יל לַ⁠יהוָ֖ה עֽוֹד	1	The king is using the question form for emphasis. If a speaker of your language would not use the question form for that purpose, you could translate this as a statement or as an exclamation. Alternate translation: [So there is no reason for me to wait any longer for Yahweh to rescue us!]
7:intro	tr2p				0	# 2 Kings 7 Introduction\n\n## Structure and Formatting\n\nThis chapter continues the section of the book that describes the miracles and prophecies of Elisha. It relates the end of the episode in which Elisha prophesied that the famine in besieged Samaria would end in a single day.
7:1	xbtl		rc://*/ta/man/translate/figs-yousingular	שִׁמְע֖וּ	1	The implied “you” in the verb **Hear** is plural here because Elisha is addressing everyone who is present. This included elders of Samaria, the king, and some officers he brought with him, as the next verse indicates. So use the plural form in your translation if your language marks that distinction.
7:1	qws5		rc://*/ta/man/translate/figs-metonymy	דְּבַר־יְהוָ֑ה	1	See how you translated the similar expression in [1:7](../01/07.md). Alternate translation: [a message from Yahweh]
7:1	kjnt		rc://*/ta/man/translate/figs-quotesinquotes	כֹּ֣ה ׀ אָמַ֣ר יְהוָ֗ה כָּ⁠עֵ֤ת ׀ מָחָר֙ סְאָֽה־סֹ֣לֶת בְּ⁠שֶׁ֗קֶל וְ⁠סָאתַ֧יִם שְׂעֹרִ֛ים בְּ⁠שֶׁ֖קֶל בְּ⁠שַׁ֥עַר שֹׁמְרֽוֹן	1	If it would be clearer in your language, you could translate this so that there is not a quotation within a quotation. Alternate translation: [Yahweh says that at this time tomorrow, a seah of flour will be at a shekel and two seahs of barley will be at a shekel in the gate of Samaria]
7:1	pmk2		rc://*/ta/man/translate/translate-bvolume	סְאָֽה־סֹ֣לֶת	1	A **seah** was a dry measure equivalent to 7.7 liters or about six quarts. If it would be helpful to your readers, you could express this in terms of modern measurements, either in the text or in a footnote.
7:1	zwk1		rc://*/ta/man/translate/figs-idiom	בְּ⁠שֶׁ֗קֶל & בְּ⁠שֶׁ֖קֶל	1	See how you translated the similar expression in [6:25](../06/25.md). Alternate translation: [will sell for a silver shekel … will sell for a silver shekel]
7:2	wl19		rc://*/ta/man/translate/figs-synecdoche	אֲשֶׁר־לַ⁠מֶּלֶךְ֩ נִשְׁעָ֨ן עַל־יָד֜⁠וֹ	1	The author is using one thing that this **captain** did for the **king**, supporting him with his **hand**, to mean everything that he did as the king’s personal attendant. If it would be helpful in your language, you could state the meaning plainly. Alternate translation: [who was the king’s personal attendant]
7:2	am8f		rc://*/ta/man/translate/figs-rquestion	הִנֵּ֣ה יְהוָ֗ה עֹשֶׂ֤ה אֲרֻבּוֹת֙ בַּ⁠שָּׁמַ֔יִם הֲ⁠יִהְיֶ֖ה הַ⁠דָּבָ֣ר הַ⁠זֶּ֑ה	1	The captain is using the question form for emphasis. If a speaker of your language would not use the question form for that purpose, you could translate this as a statement or as an exclamation. Alternate translation: [Even if Yahweh were to make windows in the heavens, this thing could not be!]
7:2	k6ud		rc://*/ta/man/translate/figs-idiom	הִנֵּ֣ה יְהוָ֗ה עֹשֶׂ֤ה אֲרֻבּוֹת֙ בַּ⁠שָּׁמַ֔יִם הֲ⁠יִהְיֶ֖ה הַ⁠דָּבָ֣ר הַ⁠זֶּ֑ה	1	The captain is using a common expression of his culture, saying **Behold**, naming a person, and then using a participle to describe an action, to indicates that a person is about to do that action. The captain may be speaking either conditionally or sarcastically. Alternate translation: [Even if Yahweh is about to make windows in the heavens, this thing could not be!] or [I suppose Yahweh is about to make windows in the heavens. Even so, this thing could not be!]
7:2	sr1e		rc://*/ta/man/translate/figs-idiom	הִנְּ⁠כָ֤ה רֹאֶה֙ בְּ⁠עֵינֶ֔י⁠ךָ	1	Elisha is responding to the captain by using the same common expression. Alternate translation: [You are about to see this with your eyes]
7:2	f7al		rc://*/ta/man/translate/figs-explicitinfo	הִנְּ⁠כָ֤ה רֹאֶה֙ בְּ⁠עֵינֶ֔י⁠ךָ	1	It might seem that the expression **seeing with your eyes** contains extra information that would not be natural to express in your language. If so, you could say this in a way that would be natural. Alternate translation: [You are about to witness this personally]
7:3	p4rm		rc://*/ta/man/translate/writing-participants	וְ⁠אַרְבָּעָ֧ה אֲנָשִׁ֛ים הָי֥וּ מְצֹרָעִ֖ים פֶּ֣תַח הַ⁠שָּׁ֑עַר	1	The author is introducing these **lepers** as new participants in the story. If your language has its own way of introducing new participants, you could use it here in your translation.
7:3	antf		rc://*/ta/man/translate/figs-idiom	אִ֣ישׁ אֶל־רֵעֵ֔⁠הוּ	1	See how you translated the similar expression in [3:23](../03/23.md). Alternate translation: [to each other]
7:3	h756		rc://*/ta/man/translate/figs-rquestion	מָ֗ה אֲנַ֛חְנוּ יֹשְׁבִ֥ים פֹּ֖ה עַד־מָֽתְנוּ	1	The lepers are using the question form for emphasis. If a speaker of your language would not use the question form for that purpose, you could translate this as a statement or as an exclamation. Alternate translation: [We should not just sit here until we die!]
7:4	fvfs		rc://*/ta/man/translate/figs-quotesinquotes	אִם־אָמַרְנוּ֩ נָב֨וֹא הָ⁠עִ֜יר	1	If it would be clearer in your language, you could translate this so that there is not a quotation within a quotation. Alternate translation: [If we say that we will enter the city] or [If we decide to enter the city]
7:4	cw80		rc://*/ta/man/translate/grammar-connect-words-phrases	וְ⁠עַתָּ֗ה	1	See how you translated the same expression in [3:23](../03/23.md).
7:4	qboa		rc://*/ta/man/translate/figs-idiom	וְ⁠נִפְּלָה֙	1	The lepers are using **let us fall** as a common expression of their culture to mean “let us desert.” If this phrase does not have that meaning in your language, you could use a comparable expression from your language that does have that meaning, or you could state the meaning plainly. If you have already translated the book of 1 Samuel, see how you translated the similar expression in [1 Samuel 29:3](../1sa/29/03.md). Alternate translation: [and let us desert]
7:5	mq8d		rc://*/ta/man/translate/figs-explicit	וַ⁠יָּק֣וּמוּ	1	To translate the term **arose** here and in verse 7, how you translated the similar expression in [3:24](../03/24.md). Alternate translation: [So they took action]
7:5	l3vk		rc://*/ta/man/translate/figs-metaphor	וְ⁠הִנֵּ֥ה	1	See how you translated the similar expression in [1:9](../01/09.md).
7:6	v0h6		rc://*/ta/man/translate/figs-metonymy	אֶת־מַחֲנֵ֣ה אֲרָ֗ם	1	Here, **the camp of Aram** represents the Aramean soldiers. If it would be helpful in your language, you could use an equivalent expression or state the meaning plainly. Alternate translation: [the Aramean soldiers]
7:6	kkmx		rc://*/ta/man/translate/figs-genericnoun	ס֔וּס	1	The author is not referring to a specific **horse**. He means the horses of the Aramean army in general. If it would be helpful to your readers, you could use an expression that would be more natural in your language. Alternate translation: [horses]
7:6	j3gb		rc://*/ta/man/translate/figs-idiom	אָחִ֗י⁠ו	1	The author is using **his brother** as a common expression of his culture to mean “his fellow soldier.” If this phrase does not have that meaning for your readers, you could use a comparable expression from your language that does have that meaning, or you could state the meaning plainly. Alternate translation: [his fellow soldier]
7:6	lh20		rc://*/ta/man/translate/figs-explicitinfo	עָלֵי⁠נוּ֩ & לָ⁠ב֥וֹא עָלֵֽי⁠נוּ	1	It might seem that saying **against us** twice would be to express extra information that would not be natural in your language. If so, you can omit the first instance of this phrase.
7:6	vevk		rc://*/ta/man/translate/figs-synecdoche	אֶת־מַלְכֵ֧י הַ⁠חִתִּ֛ים וְ⁠אֶת־מַלְכֵ֥י מִצְרַ֖יִם	1	The author is using **the kings of the Hittites and the kings of the Egyptians** to represent these kings and their armies. If it would be helpful in your language, you could state the meaning plainly. Alternate translation: [the armies of the kings of the Hittites and the kings of the Egyptians]
7:6	rjpa		rc://*/ta/man/translate/translate-plural	וְ⁠אֶת־מַלְכֵ֥י מִצְרַ֖יִם	1	At this time, all of Egypt was ruled by one king. This expression is probably plural because it is in parallel with the expression **the kings of the Hittites**. It may be more natural in your language to use a singular expression. Alternate translation: [and the king of Egypt]
7:7	zs0p		rc://*/ta/man/translate/figs-ellipsis	הַֽ⁠מַּחֲנֶ֖ה כַּ⁠אֲשֶׁר־הִ֑יא	1	The author is leaving out some of the words that in many languages a sentence would need in order to be complete. You can supply these words from earlier in the sentence if that would be clearer in your language. Alternate translation: [leaving the camp just as it was]
7:7	de26		rc://*/ta/man/translate/grammar-collectivenouns	אֶל־נַפְשָֽׁ⁠ם	1	While the word **life** is singular in form, it refers to the lives of all of the Aramean soldiers. If it would be helpful in your language, you could use the plural form of “life.” Alternate translation: [for their lives] or [to save their lives]
7:8	zovn		rc://*/ta/man/translate/figs-ellipsis	וַ⁠יִּשְׂא֣וּ	2	The author is leaving out some of the words that in many languages a sentence would need in order to be complete. You can supply these words from the context if that would be clearer in your language. Alternate translation: [and they carried away valuable possessions]
7:9	ixy3		rc://*/ta/man/translate/figs-idiom	אִ֨ישׁ אֶל־רֵעֵ֜⁠הוּ	1	See how you translated the similar expression in [7:3](../07/03.md). Alternate translation: [to each other]
7:9	opqo		rc://*/ta/man/translate/figs-personification	וּ⁠מְצָאָ֣⁠נוּ עָו֑וֹן	1	The lepers are speaking of **punishment** as if it were a living thing that could **find** them. If it would be helpful in your language, you could state the meaning plainly. Alternate translation: [people will punish us]
7:9	d8rk		rc://*/ta/man/translate/grammar-connect-words-phrases	וְ⁠עַתָּה֙	1	**And now** was an expression that speakers in this culture commonly used to introduce an important point such as the implications of what they had just been saying. Your language may have a comparable expression that you can use in your translation. See how you translated this expression in [3:23](../03/23.md).
7:9	g8he		rc://*/ta/man/translate/figs-explicit	לְכ֣וּ וְ⁠נָבֹ֔אָה	1	The speakers are not telling their fellow lepers to **go** somewhere. They are encouraging them to do what they are suggesting. Your language may have a comparable expression that you can use in your translation. Alternate translation: [Let us go ahead and come]
7:9	wsdp		rc://*/ta/man/translate/figs-go	וְ⁠נָבֹ֔אָה	1	In a context such as this, your language might say “go” instead of **come**. Alternate translation: [and let us go]
7:9	psr4		rc://*/ta/man/translate/figs-metaphor	בֵּ֥ית הַ⁠מֶּֽלֶךְ	1	See the discussion in the introduction to 2 Kings of how the author and characters may use the term “house” to mean all the people who live in the same house as a person, including family members and servants. Alternate translation: [the household of the king]
7:10	dsjs		rc://*/ta/man/translate/figs-genericnoun	שֹׁעֵ֣ר הָ⁠עִיר֒	1	The author is not referring to a specific **gatekeeper**. As the pronoun **them** later in this verse and the plural form in the next verse indicate, there were several gatekeepers on duty. If it would be helpful to your readers, you could use an expression that would be more natural in your language. Alternate translation: [the gatekeepers of the city]
7:10	jad3		rc://*/ta/man/translate/figs-genericnoun	כִּ֣י אִם־הַ⁠סּ֤וּס אָסוּר֙ וְ⁠הַ⁠חֲמ֣וֹר אָס֔וּר	1	The lepers are not referring to a specific **horse** or **donkey**. They mean the Arameans’ horses and donkeys in general. If it would be helpful to your readers, you could use an expression that would be more natural in your language. Alternate translation: [but the horses were tied, and the donkeys were tied]
7:10	vyhs		rc://*/ta/man/translate/figs-activepassive	כִּ֣י אִם־הַ⁠סּ֤וּס אָסוּר֙ וְ⁠הַ⁠חֲמ֣וֹר אָס֔וּר	1	In both instances, the expression **was tied** is a passive verbal form. If your language would not use that form, you could express the idea in active form or in another way that would be natural in your language. Alternate translation: [but their horses and donkeys were still at their tethers]
7:11	ck7b		rc://*/ta/man/translate/writing-pronouns	וַ⁠יַּגִּ֕ידוּ בֵּ֥ית הַ⁠מֶּ֖לֶךְ	1	Here the author is using the pronoun **they** in a general sense, not to refer to specific people. Use an expression for this that would be natural in your language. Alternate translation: [and some people informed the house of the king] or [and house of the king was informed]
7:11	gf2p		rc://*/ta/man/translate/figs-ellipsis	פְּנִֽימָה	1	The author is leaving out some of the words that in many languages a sentence would need in order to be complete. You can supply these words from the context if that would be clearer in your language. Alternate translation: [within the city]
7:12	kij3		rc://*/ta/man/translate/figs-quotesinquotes	לֵ⁠אמֹ֔ר כִּֽי־יֵצְא֤וּ מִן־הָ⁠עִיר֙ וְ⁠נִתְפְּשֵׂ֣⁠ם חַיִּ֔ים וְ⁠אֶל־הָ⁠עִ֖יר נָבֹֽא	1	If it would be clearer in your language, you could translate this so that there is not a quotation within a quotation. Alternate translation: [telling themselves that we will come out from the city, and they will capture us alive, and they will enter into the city]
7:12	lfr1		rc://*/ta/man/translate/grammar-connect-words-phrases	כִּֽי	1	Here the word **For** introduces the expected result of an action. Use a connecting word or phrase that will indicate this in your language. Alternate translation: [Because we have done this,]
7:13	d73h		rc://*/ta/man/translate/figs-explicitinfo	הַ⁠סּוּסִים֮ הַֽ⁠נִּשְׁאָרִים֮ אֲשֶׁ֣ר נִשְׁאֲרוּ־בָ⁠הּ֒	1	It might seem that this expression contains extra information that would not be natural to express in your language. If so, you can shorten it. Alternate translation: [the horses that remain in the city]
7:13	fmpg		rc://*/ta/man/translate/figs-parallelism	הִנָּ֗⁠ם כְּ⁠כָל־ה⁠המון יִשְׂרָאֵל֙ אֲשֶׁ֣ר נִשְׁאֲרוּ־בָ֔⁠הּ הִנָּ֕⁠ם כְּ⁠כָל־הֲמ֥וֹן יִשְׂרָאֵ֖ל אֲשֶׁר־תָּ֑מּוּ	1	These two phrases mean basically the same thing. The second phrase makes the meaning of the first more specific by indicating that those who **remain** in the city **have finished**, that is, they are on the verge of death. If it would be helpful to your readers, you could combine them and express the emphasis in another way. Alternate translation: [Behold them, like all of the multitude of Israel who remain in it, who are about to die]
7:13	arn5		rc://*/ta/man/translate/figs-metonymy	ה⁠המון יִשְׂרָאֵל֙	1	Here, **Israel** represents “Israelites,” specifically those in the city of Samaria. If it would be helpful in your language, you could use an equivalent expression or plain language. Alternate translation: [the many Israelites]
7:15	wose		rc://*/ta/man/translate/figs-metonymy	אֲרָ֖ם	1	See how you translated the similar expression in [3:6](../03/06.md). Alternate translation: [the Aramean soldiers]
7:16	pq56		rc://*/ta/man/translate/translate-bvolume	סְאָה־סֹ֜לֶת & וְ⁠סָאתַ֧יִם שְׂעֹרִ֛ים	1	See how you decided to represent the quantity of a seah in [7:1](../07/01.md).
7:16	v0i3		rc://*/ta/man/translate/figs-idiom	בְּ⁠שֶׁ֗קֶל & בְּ⁠שֶׁ֖קֶל	1	See how you translated the similar expressions in [7:1](../07/01.md). Alternate translation: [sold for a silver shekel … sold for a silver shekel]
7:17	vntc		rc://*/ta/man/translate/figs-synecdoche	אֲשֶׁר־נִשְׁעָ֤ן עַל־יָד⁠וֹ֙	1	See how you translated the similar expression in [6:33](../06/33.md). Alternate translation: [who was his personal attendant]
7:17	dnj0		rc://*/ta/man/translate/figs-idiom	עַל־הַ⁠שַּׁ֔עַר	1	The author is using **over the gate** as a common expression of his culture to mean “in charge of the gate” or “responsible for supervising the gate.” If this phrase does not have that meaning for your readers, you could use a comparable expression from your language that does have that meaning, or you could state the meaning plainly. Alternate translation: [to be responsible for the gate]
7:17	yunn		rc://*/ta/man/translate/figs-explicitinfo	בְּ⁠רֶ֥דֶת הַ⁠מֶּ֖לֶךְ אֵלָֽי⁠ו	1	See how you translated the similar expression in [6:33](../06/33.md). Alternate translation: [when the king came to him]
7:18	h1s6		rc://*/ta/man/translate/writing-endofstory	וַ⁠יְהִ֗י כְּ⁠דַבֵּר֙ אִ֣ישׁ הָ⁠אֱלֹהִ֔ים אֶל־הַ⁠מֶּ֖לֶךְ לֵ⁠אמֹ֑ר סָאתַ֨יִם שְׂעֹרִ֜ים בְּ⁠שֶׁ֗קֶל וּֽ⁠סְאָה־סֹ֨לֶת֙ בְּ⁠שֶׁ֔קֶל יִהְיֶה֙ כָּ⁠עֵ֣ת מָחָ֔ר בְּ⁠שַׁ֖עַר שֹׁמְרֽוֹן	1	Here and in the next two verses, the author is repeating details from [7:1–2](../07/01.md) and [7:17](../07/17.md). He is using this repetition to signal the end of his account of how the famine in Samaria ended. Use a natural form in your language for concluding an account with a repetition of some of its details. See how you translated the quotations from Elisha and the captain in [7:1–2](../07/01.md), and translate them the same way here and in the next verse so that the repetition will be evident to your readers.
8:intro	bje7				0	# 2 Kings 8 Introduction\n\n## Structure and Formatting\n\nThis chapter concludes the section of the book that describes the miracles and prophecies of Elisha. It then describes the reign of Jehoram, the son of Jehoshaphat, as king of Judah, and it begins to describe the reign of Ahaziah, the son of Jehoram, as king of Judah.\n  1. The woman whose son Elisha raised from the dead returns to Israel just as Gehazi is telling the king about her (1–6)\n  2. Elisha prophesies that Hazael will become the king of Aram (7–15)\n  3. King Jehoram of Judah (16–24)\n  4. King Ahaziah of Judah (25–29)\n\n## Religious and Cultural Concepts in This Chapter\n\n### Did Elisha tell Hazael to say something that he knew was not true?\n\nIn 8:10, after King Ben Hadad of Aram sends his officer Hazael to ask Elisha whether he will recover from his illness, Elisha tells Hazael, “Go, say to him, ‘Reviving, you will revive.’” But Elisha then adds, “But Yahweh has made me see that dying, he will die.” This was not a contradiction. Elisha was not telling Hazael to lie. Yahweh revealed to Elisha that Ben Hadad’s illness was not fatal, and he would have recovered from it. However, Yahweh also revealed to Elisha that Ben Hadad was going to die of a different cause. Hazael was going to murder him in order to become king himself, as the author describes in 8:15. Elisha was subtly confronting Hazael about his ambitious, murderous character, which Elisha already sensed, and of which he then got a fuller vision after looking into Hazael’s face (8:11–12).\n\n### Who became king first, Jehoram (Joram) of Israel or Jehoram of Judah?\n\nThe author says in 1:17 that Jehoram became king of Israel in the second year of Jehoram, the son of Jehoshaphat, king of Judah. But he says in 8:16 says that Jehoram, the son of Jehoshaphat, became king of Judah in the fifth year of Joram (Jehoram), the son of Ahab, the king of Israel. This makes it seem as if each one was already king before the other became king, which is impossible. The explanation is that Jehoshaphat made his son Jehoram his co-regent seven years before he died. The author indicates in 3:1 that this was in the eighteenth year of Jehoshaphat’s reign. After Jehoram had ruled Judah with his father for two years, Jehoram son of Ahab became king of Israel. After Jehoram had ruled Israel for five years, Jehoshaphat died and his son Jehoram became the sole king of Judah.\n\n## Translation Issues in This Chapter\n\n### The names Jehoram and Joram\n\nThe author calls the son of Ahab who succeeded him as king of Israel by the name Joram in verses 16, 25, 28, and 29 of this chapter, but in 1:17, 3:1, and 3:6 he calls him Jehoram.\n\nSimilarly, the author calls the son of Jehoshaphat who succeeded him as king of Judah by the name Joram in verses 21, 23, and 24, but he calls him Jehoram in verses 16, 25, and 29.\n\nThe name Joram is a shortened form of Jehoram. If it would be helpful to your readers, you could use each king’s full name in every instance. Alternatively, you could use the same form of the name that the author uses in each place. Decide as a team what approach you will take.
8:1	ngtp		rc://*/ta/man/translate/writing-background	וֶ⁠אֱלִישָׁ֡ע דִּבֶּ֣ר אֶל־הָ⁠אִשָּׁה֩ אֲשֶׁר־הֶחֱיָ֨ה אֶת־בְּנָ֜⁠הּ	1	The author is providing background information to help readers understand what happens next in the story. In your translation, introduce this information in a way that would be natural in your own language and culture.
8:1	qn5f		rc://*/ta/man/translate/grammar-connect-logic-result	ק֤וּמִי וּ⁠לְכִי֙ אתי וּ⁠בֵיתֵ֔⁠ךְ וְ⁠ג֖וּרִי בַּ⁠אֲשֶׁ֣ר תָּג֑וּרִי כִּֽי־קָרָ֤א יְהוָה֙ לָֽ⁠רָעָ֔ב וְ⁠גַם־בָּ֥א אֶל־הָ⁠אָ֖רֶץ שֶׁ֥בַע שָׁנִֽים	1	If it would be more natural in your language, you could reverse the order of these phrases, since the second phrase gives the reason for the result that the first phrase describes. Alternate translation: [Since Yahweh has called for a famine, and also it will come upon the land seven years, arise and go, you and your house, and sojourn in where you will sojourn]
8:1	prdc		rc://*/ta/man/translate/figs-explicit	ק֤וּמִי וּ⁠לְכִי֙	1	To translate the term **Arise** here and the term “arose” in the next verse, see how you translated the similar expression in [1:3](../01/03.md). Alternate translation: [Take action and go]
8:1	sh7w		rc://*/ta/man/translate/figs-metaphor	וּ⁠בֵיתֵ֔⁠ךְ	1	Elisha is speaking as if the woman’s family were actually her **house**. If it would be helpful in your language, you could state the meaning plainly, here and in the next verse. Alternate translation: [and your household] or [and your family]
8:1	x3u1		rc://*/ta/man/translate/figs-explicitinfo	וְ⁠ג֖וּרִי בַּ⁠אֲשֶׁ֣ר תָּג֑וּרִי	1	It might seem that this expression contains extra information that would not be natural to express in your language. If so, you can shorten it. Alternate translation: [and sojourn where you can]
8:1	xhea		rc://*/ta/man/translate/figs-idiom	קָרָ֤א יְהוָה֙ לָֽ⁠רָעָ֔ב	1	Elisha is using **has called for** as a common expression of his culture to mean “has determined that there will be.” If this phrase does not have that meaning in your language, you could use a comparable expression from your language that does have that meaning, or you could state the meaning plainly. Alternate translation: [Yahweh has determined that there is going to be a famine]
8:2	vov3		rc://*/ta/man/translate/figs-metonymy	כִּ⁠דְבַ֖ר אִ֣ישׁ הָ⁠אֱלֹהִ֑ים	1	See how you translated the similar expression in [1:7](../01/07.md). Alternate translation: [what the man of God had said]
8:3	r5nj		rc://*/ta/man/translate/writing-newevent	וַ⁠יְהִ֗י	1	The author is using this phrase to introduce a new development within this event. See how you translated the similar phrase in [2:9](../02/09.md), which also introduces a new development.
8:3	lqwp		rc://*/ta/man/translate/figs-idiom	לִ⁠צְעֹ֣ק אֶל־הַ⁠מֶּ֔לֶךְ	1	The author is using **to cry out to the king** as a common expression of his culture to mean “to make a formal appeal to the king” or “to petition the king.” If this phrase does not have that meaning for your readers, you could use a comparable expression from your language that does have that meaning, or you could state the meaning plainly. Alternate translation: [to appeal to the king]
8:4	gt92		rc://*/ta/man/translate/figs-nominaladj	הַ⁠גְּדֹל֖וֹת	1	The king is using the adjective **great** as a noun to mean a certain kind of thing. The ULT shows that by supplying the word **things**. Your language may use adjectives in the same way. If not, you can translate this adjective with an equivalent word or phrase. Alternate translation: [the wonders]
8:5	rdky		rc://*/ta/man/translate/figs-metaphor	וְ⁠הִנֵּ֨ה	1	See how you translated the similar expression in [1:9](../01/09.md).
8:5	tfnp		rc://*/ta/man/translate/writing-politeness	אֲדֹנִ֣⁠י הַ⁠מֶּ֔לֶךְ	1	Gehazi is referring to the king by a respectful title. Use a comparable title or expression for addressing someone respectfully in your language. Alternate translation: [Sire]
8:6	e98j		rc://*/ta/man/translate/figs-imperative	הָשֵׁ֤יב אֶת־כָּל־אֲשֶׁר־לָ⁠הּ֙	1	While the expression **Return** is an imperative, this was not a command that the eunuch was capable of obeying. He did not possess the woman’s house and land. Instead, it describes what the king wanted the eunuch to accomplish. Alternate translation: [Make sure that she gets back everything that belonged to her]
8:7	qhpx		rc://*/ta/man/translate/writing-newevent	וַ⁠יָּבֹ֤א אֱלִישָׁע֙ דַּמֶּ֔שֶׂק	1	The author is using this travel notice to introduce a new event in the story. Use a word, phrase, or other method in your language that is natural for introducing a new event. Alternate translation: [Sometime after this, Elisha made a trip to Damascus]
8:7	nzvh		rc://*/ta/man/translate/writing-background	וּ⁠בֶן־הֲדַ֥ד מֶֽלֶךְ־אֲרָ֖ם חֹלֶ֑ה	1	The author is providing background information to help readers understand what happens next in the story. In your translation, introduce this information in a way that would be natural in your own language and culture.
8:7	byig		rc://*/ta/man/translate/figs-activepassive	וַ⁠יֻּגַּד־ל֣⁠וֹ	1	The expression **was declared** is a passive verbal form. If your language would not use that form, you could express the idea in active form or in another way that would be natural in your language. Alternate translation: [And someone declared to him]
8:8	vutk		rc://*/ta/man/translate/figs-metonymy	בְּ⁠יָֽדְ⁠ךָ֙	1	To translate the term **hand** here and in the next verse, see how you translated the similar expression in [5:5](../05/05.md). Alternate translation: [with you]
8:8	qawd		rc://*/ta/man/translate/figs-quotesinquotes	לֵ⁠אמֹ֔ר הַ⁠אֶחְיֶ֖ה מֵ⁠חֳלִ֥י זֶֽה	1	If it would be clearer in your language, you could translate this so that there is not a quotation within a quotation. Alternate translation: [asking whether I will live from this sickness.]
8:9	sj37		rc://*/ta/man/translate/figs-hendiadys	מִנְחָ֤ה & וְ⁠כָל־ט֣וּב דַּמֶּ֔שֶׂק	1	This phrase expresses a single idea. The expression **every good thing** tells what this **gift** consisted of. If it would be more natural in your language, you could express this meaning in a different way. Alternate translation: [a gift consisting of every good thing of Damascus]
8:9	ueuu		rc://*/ta/man/translate/figs-hyperbole	וְ⁠כָל־ט֣וּב דַּמֶּ֔שֶׂק	1	The author is saying **every** as an overstatement for emphasis. If it would be helpful in your language, you could use a different way to express the emphasis. Alternate translation: [and a wide range of good things from Damascus]
8:9	uuqu		rc://*/ta/man/translate/figs-nominaladj	ט֣וּב דַּמֶּ֔שֶׂק	1	The author is using the adjective **good** as a noun to mean a certain kind of thing. The ULT shows that by supplying the word **thing**. Your language may use adjectives in the same way. If not, you can translate this adjective with an equivalent word or phrase. Alternate translation: [fine product of Damascus] or [luxury of Damascus]
8:9	e462		rc://*/ta/man/translate/figs-metonymy	לְ⁠פָנָ֔י⁠ו	1	See how you translated the similar expression in [3:14](../03/14.md). Alternate translation: [in his presence]
8:9	t8jk		rc://*/ta/man/translate/writing-politeness	בִּנְ⁠ךָ֨	1	By calling himself **Your son**, the king is addressing Elisha respectfully. (This is equivalent to the way the king of Israel addressed him as “my father” in [6:21](../06/21.md).) Use a comparable expression for addressing someone respectfully in your language.
8:9	bks0		rc://*/ta/man/translate/figs-quotesinquotes	לֵ⁠אמֹ֔ר הַ⁠אֶחְיֶ֖ה מֵ⁠חֳלִ֥י זֶֽה	1	If it would be clearer in your language, you could translate this so that there is not a quotation within a quotation. Alternate translation: [to ask whether he will revive from this sickness]
8:10	jacm		rc://*/ta/man/translate/figs-quotesinquotes	אֱמָר־לא חָיֹ֣ה תִחְיֶ֑ה	1	If it would be clearer in your language, you could translate this so that there is not a quotation within a quotation. Alternate translation: [tell him that reviving, he will revive]
8:10	chzf		rc://*/ta/man/translate/figs-reduplication	חָיֹ֣ה תִחְיֶ֑ה & מ֥וֹת יָמֽוּת	1	Elisha is repeating forms of the verbs **revive** and **die** in order to intensify his expression of the ideas that they convey. If your language can repeat words for intensification, it would be appropriate to do that here in your translation. If not, your language may have another way of expressing the intensification. Alternate translation: [He will certainly recover … he will certainly die]
8:11	nrh1		rc://*/ta/man/translate/figs-metonymy	וַ⁠יַּעֲמֵ֥ד אֶת־פָּנָ֖י⁠ו	1	Here, Elisha’s **face** represents the direction in which he was looking. If it would be helpful in your language, you could use an equivalent expression or plain language. Alternate translation: [And he looked steadily in one direction] or [And he fixed a stare]
8:11	apx8		rc://*/ta/man/translate/figs-ellipsis	וַ⁠יָּ֣שֶׂם עַד־בֹּ֑שׁ	1	The author is leaving out some of the words that in many languages a sentence would need in order to be complete. You can supply these words from the context if that would be clearer in your language. Alternate translation: [and he set his gaze upon Hazael until Hazael felt ashamed]
8:12	r1r8		rc://*/ta/man/translate/figs-123person	מַדּ֖וּעַ אֲדֹנִ֣⁠י בֹכֶ֑ה	1	Even though Hazael is addressing Elisha directly, he is speaking of him in the third person as **my lord** to show respect. If it would be helpful in your language, you could translate this in a respectful form in the second person. Alternate translation: [Why are you, my lord, weeping]
8:12	bz0b		rc://*/ta/man/translate/figs-metaphor	לִ⁠בְנֵ֨י יִשְׂרָאֵ֜ל	1	See the discussion in the introduction to 2 Kings of how the author and characters may speak of “the sons of” a person to mean the nation or tribe that consists of his descendants. Alternate translation: [to the Israelites]
8:12	y9sl		rc://*/ta/man/translate/figs-metaphor	תְּשַׁלַּ֤ח בָּ⁠אֵשׁ֙	1	Elisha is speaking as if Hazael will actually **send** these cities **into fire**. If it would be clearer in your language, you could state the meaning plainly. Alternate translation: [you will set on fire] or [you will burn down]
8:13	uznk		rc://*/ta/man/translate/figs-rquestion	כִּ֣י מָ֤ה עַבְדְּ⁠ךָ֙ הַ⁠כֶּ֔לֶב כִּ֣י יַעֲשֶׂ֔ה הַ⁠דָּבָ֥ר הַ⁠גָּד֖וֹל הַ⁠זֶּ֑ה	1	Hazael is using the question form for emphasis. If a speaker of your language would not use the question form for that purpose, you could translate this as a statement or as an exclamation. Alternate translation: [But your servant is merely a dog, so he will not do such a great thing!]
8:13	y6vo		rc://*/ta/man/translate/figs-123person	כִּ֣י מָ֤ה עַבְדְּ⁠ךָ֙ הַ⁠כֶּ֔לֶב כִּ֣י יַעֲשֶׂ֔ה	1	Hazael is speaking of himself in the third person as **your servant** to show humility. If it would be helpful in your language, you could translate this in a humble form in the first person. Alternate translation: [But what am I, your servant, a dog, that I should do]
8:13	co9h		rc://*/ta/man/translate/figs-metaphor	עַבְדְּ⁠ךָ֙ הַ⁠כֶּ֔לֶב	1	Hazael is speaking as if he were actually a **dog**. In this culture, dogs were wild, and people considered them dirty and regarded them with contempt. If it would be clearer in your language, you could state the meaning plainly. Alternate translation: [is a contemptible person like your servant]
8:14	qhmp		rc://*/ta/man/translate/figs-quotesinquotes	אָ֥מַר לִ֖⁠י חָיֹ֥ה תִחְיֶֽה	1	If it would be clearer in your language, you could translate this so that there is not a quotation within a quotation. Alternate translation: [He told me that reviving, you would revive]
8:14	reii		rc://*/ta/man/translate/figs-reduplication	חָיֹ֥ה תִחְיֶֽה	1	See how you translated the similar expression in [8:10](../08/10.md). Alternate translation: [You will certainly revive]
8:15	notz		rc://*/ta/man/translate/writing-pronouns	וַ⁠יִּקַּ֤ח הַ⁠מַּכְבֵּר֙ & וַ⁠יִּפְרֹ֥שׂ עַל־פָּנָ֖י⁠ו	1	The pronoun **he** refers to Hazael, while the pronoun **his** refers to Ben Hadad. It may be helpful to clarify this for your readers. Alternate translation: [that Hazael took a cloth … and spread it over Ben Hadad’s face]
8:16	ybom		rc://*/ta/man/translate/writing-participants	וּ⁠בִ⁠שְׁנַ֣ת חָמֵ֗שׁ לְ⁠יוֹרָ֤ם בֶּן־אַחְאָב֙ מֶ֣לֶךְ יִשְׂרָאֵ֔ל וִ⁠יהוֹשָׁפָ֖ט מֶ֣לֶךְ יְהוּדָ֑ה מָלַ֛ךְ יְהוֹרָ֥ם בֶּן־יְהוֹשָׁפָ֖ט מֶ֥לֶךְ יְהוּדָֽה	1	In this verse and the next two verses, the author is introducing **Jehoram** as a participant in the story as the new king of **Judah**. To translate this verse, see how you translated the similar expressions in [1:17](../01/17.md).
8:16	rnvf		rc://*/ta/man/translate/translate-names	לְ⁠יוֹרָ֤ם & יְהוֹרָ֥ם	1	See the discussion of these names in the introduction to this chapter. The author sometimes calls the **son of Ahab** who succeeded him as king of Israel by the name Joram, as he does here, but sometimes he calls him Jehoram. Similarly, the author sometimes calls the **son of Jehoshaphat** who succeeded him as king of Judah by the name Jehoram, as he does here, but sometimes he calls him Joram.
8:16	lgl0		rc://*/ta/man/translate/figs-ellipsis	וִ⁠יהוֹשָׁפָ֖ט מֶ֣לֶךְ יְהוּדָ֑ה	1	The author is leaving out some of the words that in many languages a sentence would need in order to be complete. (He is referring to the co-regency that Jehoram had had with his father Jehoshaphat for the previous seven years. See the discussion of this in the introduction to this chapter.) You can supply these words from the context if that would be clearer in your language. Alternate translation: [after Jehoshaphat had been the king of Judah together with his son for seven years]
8:17	s9eo		rc://*/ta/man/translate/figs-idiom	בֶּן־שְׁלֹשִׁ֥ים וּ⁠שְׁתַּ֛יִם שָׁנָ֖ה הָיָ֣ה	1	See the discussion in the introduction to 2 Kings of how the author says that a person was “a son of” a certain number of years in order to mean that the person was that many years old. Alternate translation: [He was 32 years old]
8:18	fidm		rc://*/ta/man/translate/grammar-connect-logic-result	וַ⁠יֵּ֜לֶךְ בְּ⁠דֶ֣רֶךְ ׀ מַלְכֵ֣י יִשְׂרָאֵ֗ל כַּ⁠אֲשֶׁ֤ר עָשׂוּ֙ בֵּ֣ית אַחְאָ֔ב כִּ֚י בַּת־אַחְאָ֔ב הָֽיְתָה־לּ֖⁠וֹ לְ⁠אִשָּׁ֑ה	1	If it would be more natural in your language, you could reverse the order of these phrases, since the second phrase gives the reason for the result that the first phrase describes. Alternate translation: [And since the daughter of Ahab was a wife to him, he walked in the way of the kings of Israel, just as the house of Ahab did]
8:18	ged0		rc://*/ta/man/translate/figs-metaphor	וַ⁠יֵּ֜לֶךְ בְּ⁠דֶ֣רֶךְ ׀ מַלְכֵ֣י יִשְׂרָאֵ֗ל כַּ⁠אֲשֶׁ֤ר עָשׂוּ֙ בֵּ֣ית אַחְאָ֔ב	1	See the discussion in the introduction to 2 Kings of how the author and characters often speak of how a person lived as if that were a way or path that the person **walked** along. Alternate translation: [And he lived as the kings of Israel had lived, doing just what the house of Ahab did]
8:18	v7dq		rc://*/ta/man/translate/figs-metaphor	בֵּ֣ית אַחְאָ֔ב	1	See the discussion in the introduction to 2 Kings of how the author and characters may use the term “house” to mean the descendants of a king who ruled after him. Alternate translation: [the kings in the dynasty of Ahab]
8:18	sd6t		rc://*/ta/man/translate/figs-metaphor	וַ⁠יַּ֥עַשׂ הָ⁠רַ֖ע בְּ⁠עֵינֵ֥י יְהוָֽה	1	See how you translated the similar expression in [3:2](../03/02.md). Alternate translation: [And he did what Yahweh considered to be evil]
8:19	e365		rc://*/ta/man/translate/figs-metaphor	לָ⁠תֵ֨ת ל֥⁠וֹ נִ֛יר לְ⁠בָנָ֖י⁠ו	1	Yahweh is using the image of a **lamp** to mean a continuing presence, just as the lamp that was kept burning in the sanctuary represented Yahweh’s continuing presence there. Your language may have a comparable expression that you can use in your translation, or you could state the meaning plainly. Alternate translation: [to ensure that his descendants would have a continuing presence as kings]
8:19	wzzv		rc://*/ta/man/translate/figs-metaphor	לְ⁠בָנָ֖י⁠ו	1	See how you translated the similar expression in [8:12](../08/12.md). Alternate translation: [for his descendants]
8:19	p3sc		rc://*/ta/man/translate/figs-metonymy	כָּל־הַ⁠יָּמִֽים	1	The author is using the term **days** to mean time, since time is made up of days. If it would be helpful in your language, you could use an equivalent expression or plain language. Alternate translation: [all the time] or [perpetually]
8:20	babe		rc://*/ta/man/translate/figs-metonymy	בְּ⁠יָמָי⁠ו֙	1	The author is using the term **days** to refer to the time when Jehoram was ruling. If it would be helpful in your language, you could state the meaning plainly. Alternate translation: [During the reign of Jehoram]
8:20	oryo		rc://*/ta/man/translate/figs-metonymy	יַד	1	See how you translated the similar expression in [3:10](../03/10.md). Alternate translation: [the control of]
8:21	y29a		rc://*/ta/man/translate/figs-infostructure	וַֽ⁠יְהִי־ה֞וּא קָ֣ם לַ֗יְלָה וַ⁠יַּכֶּ֨ה אֶת־אֱד֜וֹם הַ⁠סֹּבֵ֤יב אֵלָי⁠ו֙ וְ⁠אֵת֙ שָׂרֵ֣י הָ⁠רֶ֔כֶב	1	If it would be more natural in your language, you may want to put the information that the Edomites had **surrounded** the king before the information that he **struck** them at **night**. You may also want to put the information about the **commanders of the chariotry** with the information that the king **struck** the Edomites. Alternate translation: [And the Edomites surrounded him, but it happened that he, he arose at night, and he and the commanders of the chariotry struck Edom]
8:21	ui4v		rc://*/ta/man/translate/writing-pronouns	ה֞וּא קָ֣ם	1	The author is stating the pronoun **he** separately, even though the verb translated as **he arose** already includes this meaning. He is doing that in order to emphasize a contrast between what the king did (he **struck Edom**) and what the people did (they **fled**). See how you translated the expression “he, he came” in [5:25](../05/25.md), which similarly emphasizes a contrast. Alternate translation: [for his part, he arose]
8:21	xj8x		rc://*/ta/man/translate/figs-explicit	קָ֣ם	1	See how you translated the similar expression in [3:24](../03/24.md). Alternate translation: [he took action]
8:21	t9cu		rc://*/ta/man/translate/figs-explicit	וַ⁠יַּכֶּ֨ה	1	See how you translated the similar expression in [3:24](../03/24.md). Alternate translation: [and he attacked]
8:21	l1fk		rc://*/ta/man/translate/figs-metonymy	אֶת־אֱד֜וֹם	1	See how you translated the similar expression in [3:6](../03/06.md). Alternate translation: [the Edomite army]
8:21	jt41		rc://*/ta/man/translate/figs-explicit	וַ⁠יָּ֥נָס הָ⁠עָ֖ם לְ⁠אֹהָלָֽי⁠ו	1	In this context, the term **people** refers to the soldiers in the Judean army. It may be helpful to clarify this for your readers. Alternate translation: [but the soldiers fled to their tents]
8:21	qabr		rc://*/ta/man/translate/figs-idiom	וַ⁠יָּ֥נָס הָ⁠עָ֖ם לְ⁠אֹהָלָֽי⁠ו	1	The author is using **the people fled to its tents** as a common expression of his culture to mean that the soldiers stopped their military campaign altogether and each of them went back to his home and family. If this phrase does not have that meaning in your language, you could use a comparable expression from your language that does have that meaning, or you could state the meaning plainly. If you have already translated the book of 2 Samuel, see how you translated the similar expression in [2 Samuel 18:17](../2sa/18/17.md). Alternate translation: [but the rest of the soldiers abandoned the army and returned home]
8:22	s8wy		rc://*/ta/man/translate/figs-ellipsis	עַ֖ד הַ⁠יּ֣וֹם הַ⁠זֶּ֑ה	1	The author is leaving out some of the words that in many languages a sentence would need in order to be complete. You can supply these words from earlier in the sentence if that would be clearer in your language. Alternate translation: [and it is still in rebellion to this day]
8:22	uziv		rc://*/ta/man/translate/figs-explicit	עַ֖ד הַ⁠יּ֣וֹם הַ⁠זֶּ֑ה	1	See how you translated the same expression in [2:22](../02/22.md).
8:22	aewa		rc://*/ta/man/translate/figs-explicitinfo	אָ֛ז תִּפְשַׁ֥ע לִבְנָ֖ה בָּ⁠עֵ֥ת הַ⁠הִֽיא	1	It might seem that this expression contains extra information that would not be natural to express in your language. If so, you could state the meaning in a way that would be natural. Alternate translation: [Libnah also rebelled at that time]
8:23	hm1k		rc://*/ta/man/translate/writing-endofstory	וְ⁠יֶ֛תֶר דִּבְרֵ֥י יוֹרָ֖ם וְ⁠כָל־אֲשֶׁ֣ר עָשָׂ֑ה הֲ⁠לֽוֹא־הֵ֣ם כְּתוּבִ֗ים עַל־סֵ֛פֶר דִּבְרֵ֥י הַ⁠יָּמִ֖ים לְ⁠מַלְכֵ֥י יְהוּדָֽה	1	In this verse and the next verse, the author is concluding the story of Joram. To translate this verse, see how you translated the similar phrases in [1:18](../01/18.md).
8:24	hqk9		rc://*/ta/man/translate/figs-euphemism	וַ⁠יִּשְׁכַּ֤ב יוֹרָם֙ עִם־אֲבֹתָ֔י⁠ו	1	The author is referring to death in a polite way by saying that Joram **lay down with his fathers**. Depending on what is helpful in your language, you could use a polite way of referring to this in your language, or you could state this plainly. Alternate translation: [And Joram passed away] or [And Joram died]
8:24	bmlx		rc://*/ta/man/translate/figs-metaphor	וַ⁠יִּשְׁכַּ֤ב יוֹרָם֙ עִם־אֲבֹתָ֔י⁠ו	1	See the discussion in the introduction to 2 Kings of how the author and characters often use the term “father” to mean “ancestor.” Alternate translation: [And Joram joined his ancestors in death] or [And Joram died, as his ancestors had died]
8:24	wz1n		rc://*/ta/man/translate/figs-activepassive	וַ⁠יִּקָּבֵ֥ר עִם־אֲבֹתָ֖י⁠ו	1	The expression **was buried** is a passive verbal form. If your language would not use that form, you could express the idea in active form or in another way that is natural in your language. Alternate translation: [and people buried him in the same place where people had buried his ancestors]
8:25	z2e3		rc://*/ta/man/translate/writing-participants	בִּ⁠שְׁנַת֙ שְׁתֵּים־עֶשְׂרֵ֣ה שָׁנָ֔ה לְ⁠יוֹרָ֥ם בֶּן־אַחְאָ֖ב מֶ֣לֶךְ יִשְׂרָאֵ֑ל מָלַ֛ךְ אֲחַזְיָ֥הוּ בֶן־יְהוֹרָ֖ם מֶ֥לֶךְ יְהוּדָֽה	1	In this verse and the next two verses, the author is introducing **Ahaziah** as a participant in the story as the new king of **Judah**. To translate this verse, see how you translated the similar expressions in [8:16](../08/16.md).
8:25	dfqx		rc://*/ta/man/translate/translate-ordinal	בִּ⁠שְׁנַת֙ שְׁתֵּים־עֶשְׂרֵ֣ה שָׁנָ֔ה לְ⁠יוֹרָ֥ם	1	If your language would not represent a number in a form such as **the year of 12**, you could represent this number in a form that your language would use. If you have already translated the book of 1 Kings, see how you translated the same expression in [1 Kings 15:1](../1ki/15/01.md) and similar places in that book. Alternate translation: [In the twelfth year of Joram]
8:26	iiy0		rc://*/ta/man/translate/figs-idiom	בֶּן־עֶשְׂרִ֨ים וּ⁠שְׁתַּ֤יִם שָׁנָה֙ אֲחַזְיָ֣הוּ	1	See how you translated the similar expression in [8:17](../08/17.md). Alternate translation: [Ahaziah was 22 years old]
8:26	vsqa		rc://*/ta/man/translate/translate-kinship	בַּת־עָמְרִ֖י	1	**Athaliah** was the daughter of Ahab, who was the son of **Omri**. Your language may have its own term or expression for this relationship. Alternate translation: [the grand-daughter of Omri]
8:27	j96o		rc://*/ta/man/translate/writing-participants	וַ⁠יֵּ֗לֶךְ בְּ⁠דֶ֨רֶךְ֙ בֵּ֣ית אַחְאָ֔ב וַ⁠יַּ֧עַשׂ הָ⁠רַ֛ע בְּ⁠עֵינֵ֥י יְהוָ֖ה כְּ⁠בֵ֣ית אַחְאָ֑ב כִּ֛י חֲתַ֥ן בֵּית־אַחְאָ֖ב הֽוּא	1	The author is continuing to introduce Ahaziah. See how you translated the similar expressions in [8:18](../08/18.md). Alternate translation: [And he lived as the kings who were descendants of Ahab had lived, and he did what Yahweh considered to be evil, just as the kings who were descendants of Ahab had done, for he was a son-in-law of the house of Ahab]
8:27	h70b		rc://*/ta/man/translate/grammar-connect-logic-result	וַ⁠יֵּ֗לֶךְ בְּ⁠דֶ֨רֶךְ֙ בֵּ֣ית אַחְאָ֔ב וַ⁠יַּ֧עַשׂ הָ⁠רַ֛ע בְּ⁠עֵינֵ֥י יְהוָ֖ה כְּ⁠בֵ֣ית אַחְאָ֑ב כִּ֛י חֲתַ֥ן בֵּית־אַחְאָ֖ב הֽוּא	1	If it would be more natural in your language, you could reverse the order of these phrases, since the second phrase gives the reason for the result that the first phrase describes. Alternate translation: [And since he was a son-in-law of the house of Ahab, he walked in the way of the house of Ahab, and he did evil in the eyes of Yahweh, like the house of Ahab]
8:27	pod8		rc://*/ta/man/translate/figs-metaphor	בֵּ֣ית אַחְאָ֔ב	1	See how you translated the same expression in [8:18](../08/18.md). Alternate translation: [the kings in the dynasty of Ahab]
8:27	h46v		rc://*/ta/man/translate/translate-kinship	חֲתַ֥ן בֵּית־אַחְאָ֖ב הֽוּא	1	Ahaziah’s father Jehoram had married a daughter of Ahab. Your language may have its own term or expression for this relationship. Alternate translation: [he was a relative by marriage of the family of Ahab] or [he was a grandson of Ahab]
8:28	yjtt		rc://*/ta/man/translate/figs-explicit	וַ⁠יַּכּ֥וּ אֲרַמִּ֖ים אֶת־יוֹרָֽם	1	In this context, the word **struck** means “wounded.” Alternate translation: [but the Arameans wounded Joram]
8:29	vfwx		rc://*/ta/man/translate/figs-activepassive	לְ⁠הִתְרַפֵּ֣א	1	The expression **to be healed** is a passive verbal form. If your language would not use that form, you could express the idea in active form or in another way that would be natural in your language. Alternate translation: [to recuperate]
8:29	rf1y		rc://*/ta/man/translate/translate-names	בָּֽ⁠רָמָ֔ה	1	The name **Ramah** is a shortened form of the name Ramoth Gilead, which the author uses in the previous verse. If it would be helpful to your readers, you could use the full form of the name here. Alternate translation: [Ramoth Gilead]
8:29	obqf		rc://*/ta/man/translate/grammar-connect-logic-result	וַ⁠אֲחַזְיָ֨הוּ בֶן־יְהוֹרָ֜ם מֶ֣לֶךְ יְהוּדָ֗ה יָרַ֡ד לִ⁠רְא֞וֹת אֶת־יוֹרָ֧ם בֶּן־אַחְאָ֛ב בְּ⁠יִזְרְעֶ֖אל כִּֽי־חֹלֶ֥ה הֽוּא	1	If it would be more natural in your language, you could reverse the order of these phrases, since the second phrase gives the reason for the result that the first phrase describes. Alternate translation: [And because Joram, the son of Ahab, had been wounded, Ahaziah, the son of Jehoram, the king of Judah, went down to see him in Jezreel]
8:29	tozn		rc://*/ta/man/translate/figs-explicitinfo	וַ⁠אֲחַזְיָ֨הוּ בֶן־יְהוֹרָ֜ם מֶ֣לֶךְ יְהוּדָ֗ה יָרַ֡ד	1	See how you translated the similar expression “go up” in [1:3](../01/03.md). Alternate translation: [And Ahaziah the son of Jehoram, the king of Judah, went]
9:intro	eu4t				0	# 2 Kings 9 Introduction\n\n## Structure and Formatting\n\nThis chapter begins the story of how Yahweh fulfilled the prophecy that he spoke through Elijah that Ahab’s entire family would be destroyed because of his wickedness. It tells how Elisha sent a young prophet to anoint as the next king Jehu, one of the military commanders of Ahab’s son Jehoram. It then tells how Jehu went to Jezreel and killed Jehoram as well as his mother, Jezebel, and the Judean king Ahaziah.\n\n## Translation Issues in This Chapter\n\n### Long quotation within quotation\n\nIn verses 6–10, as the young prophet whom Elisha sent speaks a message to Jehu from Yahweh, there is a long quotation within a quotation. If it would be clearer in your language, you could translate this so that there is not a quotation within a quotation. Notes to each verse suggest ways in which you can do this consistently.\n\n### The names Jehoram and Joram\n\nIn this chapter the author continues to call the son of Ahab who succeeded him as king of Israel by two different names. He calls him Joram in verses 15, 16, 21, and 29, and he calls him Jehoram in verses 17, 21, 22, 23, and 24. See whether you decided in chapter 8 to call him Jehoram consistently or whether you decided to use the same forms of his name that the author does in each place.
9:1	ke0j		rc://*/ta/man/translate/figs-explicit	חֲגֹ֣ר מָתְנֶ֗י⁠ךָ וְ֠⁠קַח	1	See how you translated the similar expression in [4:29](../04/29.md). Alternate translation: [Quickly, take]
9:1	h3fm		rc://*/ta/man/translate/figs-synecdoche	בְּ⁠יָדֶ֔⁠ךָ	1	See how you translated the similar expression in [5:20](../05/20.md). Alternate translation: [with you]
9:2	prbm		rc://*/ta/man/translate/figs-explicitinfo	שָׁ֑מָּ⁠ה וּ⁠רְאֵֽה־שָׁ֠ם יֵה֨וּא בֶן־יְהוֹשָׁפָ֜ט בֶּן־נִמְשִׁ֗י	1	It might seem that this expression contains extra information that would not be natural to express in your language. If so, you can shorten it. Alternate translation: [to there, and see Jehu, the son of Jehoshaphat, the son of Nimshi]
9:2	s30b		rc://*/ta/man/translate/figs-idiom	אֶחָ֔י⁠ו	1	See how you translated the similar expression in [7:6](../07/06.md). Alternate translation: [his fellow soldiers]
9:2	lh5x		rc://*/ta/man/translate/translate-unknown	חֶ֥דֶר בְּ⁠חָֽדֶר	1	The phrase **a chamber in a chamber** describes an inner room within another room, likely referring to the most secluded or private area of a building. If your readers would not be familiar with rooms that have other rooms inside them, you could use a more general term or explain the arrangement in a footnote. If you have already translated the book of 1 Kings, see how you translated the similar expression in [1 Kings 20:30](../1ki/20/30.md). Alternate translation: [an inner room]
9:3	b89e		rc://*/ta/man/translate/figs-quotemarks	וְ⁠אָֽמַרְתָּ֙ כֹּֽה־אָמַ֣ר יְהוָ֔ה מְשַׁחְתִּ֥י⁠ךָֽ לְ⁠מֶ֖לֶךְ אֶל־יִשְׂרָאֵ֑ל	1	There are three levels of quotation here. The author is quoting what Elisha said to this young prophet (level 1), continuing from the previous verse. This includes what the prophet was supposed to say to Jehu (level 2). That included a quotation from Yahweh (level 3). Use the appropriate punctuation in your language to mark these levels of quotation. Alternatively, you could translate this so that there are not second-level or third-level quotations.
9:3	ifht		rc://*/ta/man/translate/figs-quotesinquotes	וְ⁠אָֽמַרְתָּ֙ כֹּֽה־אָמַ֣ר יְהוָ֔ה מְשַׁחְתִּ֥י⁠ךָֽ לְ⁠מֶ֖לֶךְ אֶל־יִשְׂרָאֵ֑ל	1	If it would be clearer in your language, you could translate this so that there is not a quotation within a quotation. Alternate translation: [and you shall tell him that Yahweh says that he has anointed him king over Israel]
9:4	wfz1		rc://*/ta/man/translate/writing-participants	הַ⁠נַּ֛עַר הַ⁠נַּ֥עַר הַ⁠נָּבִ֖יא	1	As this **young man** becomes the main character in this part of the narrative, the author is introducing him more formally as a participant in the story. The phrase **the young man, the prophet** is probably equivalent to “one of the sons of the prophets” in verse 1. If your language has its own way of introducing new participants, you could use it here in your translation. Alternate translation: [So that certain young man who was one of the sons of the prophets went to Ramoth Gilead]
9:5	s96x		rc://*/ta/man/translate/figs-metaphor	וְ⁠הִנֵּ֨ה	1	See how you translated the similar expression in [1:9](../01/09.md).
9:6	y5eb		rc://*/ta/man/translate/figs-quotesinquotes	כֹּֽה־אָמַ֤ר יְהוָה֙ אֱלֹהֵ֣י יִשְׂרָאֵ֔ל מְשַׁחְתִּ֧י⁠ךָֽ לְ⁠מֶ֛לֶךְ אֶל־עַ֥ם יְהוָ֖ה אֶל־יִשְׂרָאֵֽל	1	If it would be clearer in your language, you could translate this so that there is not a quotation within a quotation. Alternate translation: [Yahweh, the God of Israel, says that he has anointed you as king over his people, over Israel]
9:6	yanl		rc://*/ta/man/translate/figs-123person	עַ֥ם יְהוָ֖ה	1	Yahweh is speaking of himself in the third person because he is making an authoritative proclamation. If it would be helpful in your language, you could translate this in the first person. Alternate translation: [my people]
9:7	m1t7		rc://*/ta/man/translate/figs-quotesinquotes	וְ⁠הִ֨כִּיתָ֔ה אֶת־בֵּ֥ית אַחְאָ֖ב אֲדֹנֶ֑י⁠ךָ וְ⁠נִקַּמְתִּ֞י דְּמֵ֣י ׀ עֲבָדַ֣⁠י הַ⁠נְּבִיאִ֗ים וּ⁠דְמֵ֛י כָּל־עַבְדֵ֥י יְהוָ֖ה מִ⁠יַּ֥ד אִיזָֽבֶל	1	If you decided in the previous verse to translate this quotation in such a way that there would not be a quotation within a quotation, you can continue doing that here. Alternate translation: [He says that you are to strike the house of Ahab your master so that he may avenge the blood of his servants the prophets and the blood of all of his servants from the hand of Jezebel]
9:7	vnwy		rc://*/ta/man/translate/figs-explicit	וְ⁠הִ֨כִּיתָ֔ה	1	See how you translated the similar expression in [3:23](../03/23.md). Alternate translation: [And you shall kill]
9:7	rlea		rc://*/ta/man/translate/figs-metaphor	אֶת־בֵּ֥ית אַחְאָ֖ב	1	See how you translated the similar expression in [8:1](../08/01.md). Alternate translation: [the family of Ahab here and in the next two verses]
9:7	mvgb		rc://*/ta/man/translate/figs-explicit	אֲדֹנֶ֑י⁠ךָ	1	Even though Jehu was now a military commander for Jehoram, the son of Ahab, what Jehu says in [9:25](../09/25.md) shows that earlier Jehu had been one of Ahab’s commanders. That is why Yahweh still refers to Ahab as **your master** when speaking to Jehu. Alternate translation: [who was your master]
9:7	a23p		rc://*/ta/man/translate/figs-metonymy	דְּמֵ֣י & וּ⁠דְמֵ֛י	1	Here, **blood** represents “death.” If it would be helpful in your language, you could use an equivalent expression or plain language. Alternate translation: [the deaths of … and the deaths of]
9:7	qxwp		rc://*/ta/man/translate/figs-123person	עַבְדֵ֥י יְהוָ֖ה	1	Yahweh continues to speak of himself in the third person in this authoritative proclamation. If it would be helpful in your language, you could translate this in the first person. Alternate translation: [my servants]
9:7	t8q1		rc://*/ta/man/translate/figs-metonymy	מִ⁠יַּ֥ד אִיזָֽבֶל	1	Yahweh says that this **blood** was **from the hand of Jezebel** to indicate that Jezebel’s actions were the source of the blood. In other words, Jezebel was the one responsible for the deaths of Yahweh’s prophets and loyal worshipers. If it would be helpful in your language, you could use an equivalent expression or plain language. Alternate translation: [, which Jezebel shed]
9:8	mztl		rc://*/ta/man/translate/figs-quotesinquotes	וְ⁠אָבַ֖ד כָּל־בֵּ֣ית אַחְאָ֑ב וְ⁠הִכְרַתִּ֤י לְ⁠אַחְאָב֙ מַשְׁתִּ֣ין בְּ⁠קִ֔יר וְ⁠עָצ֥וּר וְ⁠עָז֖וּב בְּ⁠יִשְׂרָאֵֽל	1	If you decided in the verse 6 to translate this quotation in such a way that there would not be a quotation within a quotation, you can continue doing that here. Alternate translation: [He says that all of the house of Ahab will perish, and he will cut off from Ahab one pissing against a wall, both one restrained and one set free in Israel]
9:8	zrzq		rc://*/ta/man/translate/figs-metaphor	וְ⁠הִכְרַתִּ֤י לְ⁠אַחְאָב֙	1	Yahweh is speaking as if, through Jehu, he will actually **cut off** these people, as if they were plants that Jehu would remove from the ground with a sharp tool. He means that he will have Jehu kill them. Alternate translation: [and I will have you kill in Ahab’s family]
9:8	h7lo		rc://*/ta/man/translate/figs-metonymy	מַשְׁתִּ֣ין בְּ⁠קִ֔יר	1	Yahweh is referring to the males in Ahab’s household. To emphasize how angry he is at the serious sins of Ahab and his family and what severe punishment they deserve, Yahweh is using a vivid expression that might be considered vulgar in some cultures. If it would not be appropriate for your readers if you reproduced this exact expression, you could use an equivalent one that would reflect Yahweh’s anger. You could also use plain language. If you have already translated the book of 1 Kings, see how you translated the similar expression in [1 Kings 14:10](../1ki/14/10.md). Alternate translation: [every single one of the men]
9:8	c2pu		rc://*/ta/man/translate/figs-merism	וְ⁠עָצ֥וּר וְ⁠עָז֖וּב	1	Yahweh is referring to all of Ahab’s male descendants by naming the two main categories of them, **one restrained** (legal slaves) and **one set free** (legal free men). If it would be helpful in your language, you could use an equivalent expression or plain language. Alternate translation: [all male descendants] or [every male descendant]
9:8	o42c		rc://*/ta/man/translate/figs-activepassive	וְ⁠עָצ֥וּר וְ⁠עָז֖וּב	1	The expressions **one restrained** and **one set free** are passive verbal forms. If you decide to represent both expressions in your translation, and if your language would not use such forms, you could express the ideas in active form or in another way that would be natural in your language. Alternate translation: [both slaves and free men]
9:9	dihw		rc://*/ta/man/translate/figs-quotesinquotes	וְ⁠נָֽתַתִּי֙ אֶת־בֵּ֣ית אַחְאָ֔ב כְּ⁠בֵ֖ית יָרָבְעָ֣ם בֶּן־נְבָ֑ט וּ⁠כְ⁠בֵ֖ית בַּעְשָׁ֥א בֶן־אֲחִיָּֽה	1	If you decided in verse 6 to translate this quotation in such a way that there would not be a quotation within a quotation, you can continue doing that here. Alternate translation: [He says that he will make the house of Ahab like the house of Jeroboam, the son of Nebat, and like the house of Baasha, the son of Ahijah]
9:9	cnes		rc://*/ta/man/translate/figs-simile	וְ⁠נָֽתַתִּי֙ אֶת־בֵּ֣ית אַחְאָ֔ב כְּ⁠בֵ֖ית יָרָבְעָ֣ם בֶּן־נְבָ֑ט וּ⁠כְ⁠בֵ֖ית בַּעְשָׁ֥א בֶן־אֲחִיָּֽה	1	The point of this comparison is that just as **the house of Jeroboam** and **the house of Baasha** were completely destroyed, so the **house of Ahab** will be completely destroyed. If it would be helpful in your language, you could make this point explicitly. Alternate translation: [And I will cause the family of Ahab to be destroyed completely, just like the family of Jeroboam, the son of Nebat, and the family of Baasha, the son of Ahijah]
9:10	odb6		rc://*/ta/man/translate/figs-quotesinquotes	וְ⁠אֶת־אִיזֶ֜בֶל יֹאכְל֧וּ הַ⁠כְּלָבִ֛ים בְּ⁠חֵ֥לֶק יִזְרְעֶ֖אל וְ⁠אֵ֣ין קֹבֵ֑ר	1	If you decided in the previous verse to translate this quotation in such a way that there would not be a quotation within a quotation, you can continue doing that here. Alternate translation: [And he says that dogs will eat Jezebel in the portion of Jezreel, so that no one will bury her]
9:10	yjnm		rc://*/ta/man/translate/figs-explicit	בְּ⁠חֵ֥לֶק יִזְרְעֶ֖אל	1	Yahweh assumes that Jehu will know that by **the portion of Jezreel**, he means the plot of land in Jezreel that Naboth owned and used for a vineyard. You could indicate this explicitly in your translation if that would be helpful to your readers. Alternate translation: [the plot of land that belonged to Naboth]
9:10	bq0w		rc://*/ta/man/translate/writing-pronouns	וַ⁠יִּפְתַּ֥ח הַ⁠דֶּ֖לֶת וַ⁠יָּנֹֽס	1	The pronoun **he** refers in each instance to the young prophet, not to Jehu. It may be helpful to clarify this for your readers. Alternate translation: [And the young prophet opened the door, and he fled]
9:11	kpen		rc://*/ta/man/translate/figs-idiom	הֲ⁠שָׁל֔וֹם	1	See how you translated the similar expression in [5:21](../05/21.md). Alternate translation: [Is all well]
9:11	wnx4		rc://*/ta/man/translate/writing-pronouns	אַתֶּ֛ם יְדַעְתֶּ֥ם	1	Jehu is stating the pronoun **you** separately, even though the verb translated as **you know** already includes this meaning. He is doing that to emphasize the other commanders’ personal awareness of the character of this prophet and the way he talks. If a speaker of your language would use an explicit pronoun for the same purpose, you may want to use that construction in your translation. If not, your language may have other ways of showing the meaning here. Alternate translation: [You yourselves know]
9:12	rg1e		rc://*/ta/man/translate/figs-ellipsis	שֶׁ֔קֶר	1	The commanders are leaving out some of the words that in many languages a sentence would need in order to be complete. You can supply these words from the context if that would be clearer in your language. Alternate translation: [What you have said is a lie]
9:12	swfj		rc://*/ta/man/translate/figs-idiom	כָּ⁠זֹ֤את וְ⁠כָ⁠זֹאת֙ אָמַ֤ר אֵלַ⁠י֙ לֵ⁠אמֹ֔ר	1	Jehu is using **Like this and like this** as a common expression of his culture to introduce a summary of what someone said If this phrase does not have that meaning in your language, you could use a comparable expression from your language that does have that meaning, or you could state the meaning plainly. Alternate translation: [Along these lines he spoke to me, saying] or [What he said to me was]
9:12	uygk		rc://*/ta/man/translate/figs-quotemarks	לֵ⁠אמֹ֔ר כֹּ֚ה אָמַ֣ר יְהוָ֔ה מְשַׁחְתִּ֥י⁠ךָֽ לְ⁠מֶ֖לֶךְ אֶל־יִשְׂרָאֵֽל	1	There are three levels of quotation here. The author is quoting what Jehu said (level 1). Jehu is quoting what the young prophet said to him (level 2). That included a quotation from Yahweh (level 3). Use the appropriate punctuation in your language to mark these levels of quotation. Alternatively, you could translate this so that there are not second-level or third-level quotations.
9:12	alvl		rc://*/ta/man/translate/figs-quotesinquotes	לֵ⁠אמֹ֔ר כֹּ֚ה אָמַ֣ר יְהוָ֔ה מְשַׁחְתִּ֥י⁠ךָֽ לְ⁠מֶ֖לֶךְ אֶל־יִשְׂרָאֵֽל	1	If it would be clearer in your language, you could translate this so that there are not quotations within quotations. Alternate translation: [telling me that Yahweh said that he had anointed me as king over Israel]
9:13	k7yp		rc://*/ta/man/translate/figs-hendiadys	וַֽ⁠יְמַהֲר֗וּ וַ⁠יִּקְחוּ֙ אִ֣ישׁ בִּגְד֔⁠וֹ	1	The phrase **hurried and took** expresses a single idea. The word **hurried** tells how the other commanders **took** their garments. If it would be more natural in your language, you could express this meaning in a different way. Alternate translation: [And they hurriedly took, a man his garment]
9:13	uw50		rc://*/ta/man/translate/figs-idiom	וַֽ⁠יְמַהֲר֗וּ וַ⁠יִּקְחוּ֙ אִ֣ישׁ בִּגְד֔⁠וֹ	1	See how you translated the similar expression in [3:23](../03/23.md). Alternate translation: [And each man hurriedly took his own garment]
9:13	e7vj		rc://*/ta/man/translate/translate-symaction	וַ⁠יָּשִׂ֥ימוּ תַחְתָּ֖י⁠ו	1	Putting their garments **under** Jehu (that is, letting him stand on them) was a symbolic action by which the commanders showed him honor. They were treating him as a person who was so great that his feet should not touch the ground. If it would be helpful to your readers, you could explain the significance of this action in the text of your translation or in a footnote.
9:13	bixc		rc://*/ta/man/translate/translate-unknown	אֶל־גֶּ֣רֶם הַֽ⁠מַּעֲל֑וֹת	1	The word that the ULT translates as **top** is an architectural term whose precise meaning is no longer certain. The context suggests, however, that the other commanders wanted to put Jehu in a high location to honor him and make him visible, so most translations understand the term to refer to the top of a staircase. However, some versions translate the term in other ways. If a translation of the Bible exists in your region, you may wish to use the reading that it uses. If a translation of the Bible does not exist in your region, you may wish to use the reading of the ULT.
9:13	wqed		rc://*/ta/man/translate/translate-symaction	וַֽ⁠יִּתְקְעוּ֙ בַּ⁠שּׁוֹפָ֔ר	1	The act of blowing on a **shofar** was a symbolic action by these commanders showed that they were supporting Jehu as king instead of Jehoram, the son of Ahab. If it would be helpful to your readers, you could explain the significance of this action in the text of your translation or in a footnote. Alternate translation: [And they blew on a shofar to show that they were supporting him as king]
9:14	pyss		rc://*/ta/man/translate/writing-background	וְ⁠יוֹרָם֩ הָיָ֨ה שֹׁמֵ֜ר בְּ⁠רָמֹ֣ת גִּלְעָ֗ד ה֚וּא וְ⁠כָל־יִשְׂרָאֵ֔ל מִ⁠פְּנֵ֥י חֲזָאֵ֖ל מֶֽלֶךְ־אֲרָֽם	1	In this sentence and the first sentence of the next verse, the author is providing background information to help readers understand what happens next in the story. In your translation, introduce this information in a way that would be natural in your own language and culture.
9:14	ab5f		rc://*/ta/man/translate/translate-names	יוֹרָ֑ם	1	See the discussion in the introduction to this chapter of how the author calls this king both **Joram** and Jehoram. In this chapter, follow the same decision you made in chapter 8 about whether to call him Jehoram consistently or to use the same forms of his name that the author does in each place.
9:14	zpng		rc://*/ta/man/translate/figs-metonymy	ה֚וּא וְ⁠כָל־יִשְׂרָאֵ֔ל	1	See how you translated the similar expression in [3:6](../03/06.md). Alternate translation: [he and the whole Israelite army]
9:14	a83a		rc://*/ta/man/translate/figs-synecdoche	מִ⁠פְּנֵ֥י חֲזָאֵ֖ל	1	See how you translated the similar expression in [3:16](../03/16.md). Alternate translation: [against the attack by]
9:15	gq9p		rc://*/ta/man/translate/figs-activepassive	לְ⁠הִתְרַפֵּ֣א	1	See how you translated the similar expression in [8:29](../08/29.md). Alternate translation: [to recuperate]
9:15	tkms		rc://*/ta/man/translate/figs-explicit	אִם־יֵ֣שׁ נַפְשְׁ⁠כֶ֔ם	1	Jehu is using the **soul** of the other commanders, their inner being, to mean their desire. Alternate translation: [If it is your desire]
9:15	jct4		rc://*/ta/man/translate/figs-yousingular	אִם־יֵ֣שׁ נַפְשְׁ⁠כֶ֔ם	1	The word **your** is plural here because Jehu is addressing the other commanders, so use the plural form in your translation if your language marks that distinction.
9:15	sztz		rc://*/ta/man/translate/figs-ellipsis	אִם־יֵ֣שׁ נַפְשְׁ⁠כֶ֔ם	1	Jehu is leaving out some of the words that in many languages a sentence would need in order to be complete. You can supply these words from the context if that would be clearer in your language. Alternate translation: [If it is your desire to make me the king]
9:16	k0w7		rc://*/ta/man/translate/grammar-connect-logic-result	וַ⁠יִּרְכַּ֤ב יֵהוּא֙ וַ⁠יֵּ֣לֶךְ יִזְרְעֶ֔אלָ⁠ה כִּ֥י יוֹרָ֖ם שֹׁכֵ֣ב שָׁ֑מָּ⁠ה	1	If it would be more natural in your language, you could reverse the order of these phrases, since the second phrase gives the reason for the result that the first phrase describes. Alternate translation: [And because Joram was lying down there, Jehu rode and went to Jezreel]
9:16	p2mb		rc://*/ta/man/translate/figs-hendiadys	וַ⁠יִּרְכַּ֤ב יֵהוּא֙ וַ⁠יֵּ֣לֶךְ	1	The phrase **rode and went** expresses a single idea. The word **rode**, which indicates that Jehu rode in his chariot, tells in what way he **went** to Jezreel. If it would be more natural in your language, you could express this meaning in a different way. Alternate translation: [And Jehu went in his chariot]
9:16	z4rs		rc://*/ta/man/translate/figs-metonymy	יוֹרָ֖ם שֹׁכֵ֣ב שָׁ֑מָּ⁠ה	1	Here, **lying down** represents “recuperating.” It conveys the further idea that Joram was not in fully fit condition to fight Jehu. If it would be helpful in your language, you could use an equivalent expression or plain language. Alternate translation: [Joram was laid up there] or [Joram was recuperating there]
9:16	awck		rc://*/ta/man/translate/writing-background	וַֽ⁠אֲחַזְיָה֙ מֶ֣לֶךְ יְהוּדָ֔ה יָרַ֖ד לִ⁠רְא֥וֹת אֶת־יוֹרָֽם	1	The author is providing background information to help readers understand what happens next in the story. In your translation, introduce this information in a way that would be natural in your own language and culture.
9:16	w5g1		rc://*/ta/man/translate/figs-explicitinfo	וַֽ⁠אֲחַזְיָה֙ מֶ֣לֶךְ יְהוּדָ֔ה יָרַ֖ד	1	See how you translated the similar expression “go up” in [1:3](../01/03.md). Alternate translation: [Now Ahaziah, the king of Judah, had gone]
9:17	seiu		rc://*/ta/man/translate/figs-quotesinquotes	וְ⁠יֹאמַ֥ר הֲ⁠שָׁלֽוֹם	1	If it would be clearer in your language, you could translate this so that there is not a quotation within a quotation. Alternate translation: [and have the horseman ask them whether they are coming in peace]
9:17	au23		rc://*/ta/man/translate/figs-ellipsis	הֲ⁠שָׁלֽוֹם	1	Jehoram is instructing this messenger to leave out some of the words that in many languages a sentence would need in order to be complete. You can supply these words from the context if that would be clearer in your language. Alternate translation: [Are you coming in peace]
9:17	xe8s		rc://*/ta/man/translate/figs-abstractnouns	הֲ⁠שָׁלֽוֹם	1	If your language does not use an abstract noun for the idea of **word**, you could express the same idea in another way. Alternate translation: [Are you coming peacefully]
9:18	uhk8		rc://*/ta/man/translate/figs-quotesinquotes	כֹּֽה־אָמַ֤ר הַ⁠מֶּ֨לֶךְ֙ הֲ⁠שָׁל֔וֹם	1	If it would be clearer in your language, you could translate this so that there is not a quotation within a quotation. Alternate translation: [The king asks whether you are coming in peace]
9:18	nvw3		rc://*/ta/man/translate/figs-idiom	מַה־לְּ⁠ךָ֥ וּ⁠לְ⁠שָׁל֖וֹם	1	Jehu is using **What to you and to peace** as a common expression of his culture to mean that whether he is coming in peace has nothing to do with this messenger. If this phrase does not have that meaning in your language, here and in the next verse, you could use a comparable expression from your language that does have that meaning, or you could state the meaning plainly. Alternate translation: [What business is it of yours whether I am coming in peace] or [Why should I tell you whether I am coming in peace]
9:18	aqec		rc://*/ta/man/translate/figs-rquestion	מַה־לְּ⁠ךָ֥ וּ⁠לְ⁠שָׁל֖וֹם	1	Jehu is using the question form to indicate forcefully that he will not discuss with this messenger whether he is coming in peace. If a speaker of your language would not use the question form for that purpose, you could translate this as a statement or as an exclamation. Alternate translation: [It is none of your business whether I am coming in peace!] or [I do not need to tell you whether I am coming in peace!]
9:19	mqz5		rc://*/ta/man/translate/translate-ordinal	רֹכֵ֣ב סוּס֮ שֵׁנִי֒	1	If your language would not represent a number in a form such as **second**, you could represent this number in a form that your language would use. Alternate translation: [another rider on a horse]
9:19	t5ao		rc://*/ta/man/translate/figs-quotesinquotes	כֹּֽה־אָמַ֥ר הַ⁠מֶּ֖לֶךְ שָׁל֑וֹם	1	If it would be clearer in your language, you could translate this so that there is not a quotation within a quotation. In this case, the rider is making a statement on behalf of the king rather than asking a question. Alternate translation: [The king says he hopes that you are coming in peace]
9:20	q8qv		rc://*/ta/man/translate/figs-explicit	וְ⁠הַ⁠מִּנְהָ֗ג	1	The watchman assumes that the king will understand that by **the driving**, he means the driving of the person to whom the two messengers spoke. You could indicate this explicitly in your translation if that would be helpful to your readers. Alternate translation: [and the driving of the person to whom the two messengers spoke]
9:20	feu3		rc://*/ta/man/translate/grammar-connect-words-phrases	כִּ֥י	1	Here the word **For** introduces not a reason but an explanation. Alternate translation: [I say that because]
9:20	qg68		rc://*/ta/man/translate/figs-hyperbole	בְ⁠שִׁגָּע֖וֹן	1	The watchman is saying **with madness** as an overstatement for emphasis. If it would be helpful in your language, you could use a different way to express the emphasis. Alternate translation: [furiously]
9:21	ao86		rc://*/ta/man/translate/figs-ellipsis	אֱסֹ֔ר	1	Joram is leaving out some of the words that in many languages a sentence would need in order to be complete. You can supply these words from the context if that would be clearer in your language. Alternate translation: [Harness my chariot]
9:21	mrm0		rc://*/ta/man/translate/figs-explicit	וַ⁠יִּמְצָאֻ֔⁠הוּ	1	The author does not mean that Jehoram and Ahaziah had to look for Jehu and that they **found him** at the location he describes. He means that they met or encountered him there. You could indicate this explicitly in your translation if that would be helpful to your readers. Alternate translation: [And they encountered him]
9:22	f2op		rc://*/ta/man/translate/figs-ellipsis	הֲ⁠שָׁל֣וֹם	1	See how you translated the similar expression in [9:17](../09/17.md). Alternate translation: [Are you coming in peace] or [Are you coming peacefully]
9:22	gha3		rc://*/ta/man/translate/figs-ellipsis	מָ֣ה הַ⁠שָּׁל֔וֹם עַד־זְנוּנֵ֞י אִיזֶ֧בֶל אִמְּ⁠ךָ֛ וּ⁠כְשָׁפֶ֖י⁠הָ הָ⁠רַבִּֽים	1	Jehu is leaving out some of the words that in many languages a sentence would need in order to be complete. You can supply these words from the context if that would be clearer in your language. Alternate translation: [What peace can there be during the prostitutions of Jezebel your mother and her many sorceries?]
9:22	m27z		rc://*/ta/man/translate/figs-rquestion	מָ֣ה הַ⁠שָּׁל֔וֹם עַד־זְנוּנֵ֞י אִיזֶ֧בֶל אִמְּ⁠ךָ֛ וּ⁠כְשָׁפֶ֖י⁠הָ הָ⁠רַבִּֽים	1	Jehu is using the question form to deny emphatically that there can be peace. If a speaker of your language would not use the question form for that purpose, you could translate this as a statement or as an exclamation. Alternate translation: [There can be no peace as long as the prostitutions of Jezebel your mother and her many sorceries continue!]
9:22	ztn0		rc://*/ta/man/translate/figs-metaphor	זְנוּנֵ֞י אִיזֶ֧בֶל אִמְּ⁠ךָ֛	1	Jehu is speaking as if the worship of many idols that Jezebel has been promoting were actually prostitution. If it would be helpful in your language, you could state the meaning plainly. Alternate translation: [the worship of many idols that Jezebel your mother has promoted]
9:23	zcwy		rc://*/ta/man/translate/figs-events	וַ⁠יַּהֲפֹ֧ךְ יְהוֹרָ֛ם יָדָ֖י⁠ו וַ⁠יָּנֹ֑ס וַ⁠יֹּ֥אמֶר אֶל־אֲחַזְיָ֖הוּ מִרְמָ֥ה אֲחַזְיָֽה	1	The author is describing one event before describing another event that preceded it. If it would be helpful your language, you may wish to relate these events in the order in which they happened. Alternate translation: [And Jehoram said to Ahaziah, “Treachery, Ahaziah!” And he turned his hands and fled]
9:23	uutd		rc://*/ta/man/translate/figs-metonymy	וַ⁠יַּהֲפֹ֧ךְ יְהוֹרָ֛ם יָדָ֖י⁠ו	1	The author is using Jehoram’s **hands** to represent his control of the chariot. If it would be helpful in your language, you could use an equivalent expression or state the meaning plainly. Alternate translation: [And Jehoram turned his chariot around]
9:23	l404		rc://*/ta/man/translate/figs-ellipsis	מִרְמָ֥ה	1	Jehoram is leaving out some of the words that in many languages a sentence would need in order to be complete. You can supply these words from the context if that would be clearer in your language. Alternate translation: [Jehu is committing treachery against me]
9:24	lkc9		rc://*/ta/man/translate/figs-idiom	וְ⁠יֵה֞וּא מִלֵּ֧א יָד֣⁠וֹ בַ⁠קֶּ֗שֶׁת	1	The author is using **filled his hand with** as a common expression of his culture to mean “picked up.” If this phrase does not have that meaning in your language, you could use a comparable expression from your language that does have that meaning, or you could state the meaning plainly. Alternate translation: [And Jehu took his bow in hand] or [And Jehu picked up his bow]
9:24	enkn		rc://*/ta/man/translate/figs-explicit	וְ⁠יֵה֞וּא מִלֵּ֧א יָד֣⁠וֹ בַ⁠קֶּ֗שֶׁת	1	The implication is that Jehu picked up his bow and used it to shoot an arrow at Jehoram. You could include this information if that would be helpful to your readers. Alternate translation: [And Jehu picked up his bow and shot an arrow at Jehoram]
9:24	jf9a		rc://*/ta/man/translate/figs-explicit	וַ⁠יִּכְרַ֖ע	1	The implication is that Jehoram **sank down** dead. You could include this information if that would be helpful to your readers. Alternate translation: [And he sank down dead]
9:25	ntu2		rc://*/ta/man/translate/figs-possession	בְּ⁠חֶלְקַ֕ת שְׂדֵ֖ה נָב֣וֹת הַ⁠יִּזְרְעֵאלִ֑י	1	Jehu is using this possessive form to describe a **portion** of land that consisted of a **field**. If a speaker of your language would not use the possessive form for this, you could express this idea in another way. Alternate translation: [the agricultural property that Naboth the Jezreelite owned]
9:25	dh0b		rc://*/ta/man/translate/figs-metaphor	נָשָׂ֣א & אֶת־הַ⁠מַּשָּׂ֖א הַ⁠זֶּֽה	1	Jehu is speaking of this divine message as if it had been a **burden**, that is, a heavy load to carry. If it would be helpful in your language, you could state the meaning plainly. Alternate translation: [made this pronouncement]
9:26	oh1h		rc://*/ta/man/translate/figs-quotemarks	אִם־לֹ֡א אֶת־דְּמֵ֣י נָבוֹת֩ וְ⁠אֶת־דְּמֵ֨י בָנָ֜י⁠ו רָאִ֤יתִי אֶ֨מֶשׁ֙ נְאֻם־יְהוָ֔ה וְ⁠שִׁלַּמְתִּ֥י לְ⁠ךָ֛ בַּ⁠חֶלְקָ֥ה הַ⁠זֹּ֖את נְאֻם־יְהוָ֑ה	1	There are three levels of quotation here. The author is quoting what Jehu said to his captain (level 1), continuing from the previous verse. Jehu is quoting what Yahweh said about Ahab through Elijah. (level 2). Within that quotation, Yahweh says that he is declaring something, and he quotes what he is declaring (level 3). Use the appropriate punctuation in your language to mark these levels of quotation. Alternatively, you could translate this so that there are not second-level or third-level quotations.
9:26	pycx		rc://*/ta/man/translate/figs-quotesinquotes	אִם־לֹ֡א אֶת־דְּמֵ֣י נָבוֹת֩ וְ⁠אֶת־דְּמֵ֨י בָנָ֜י⁠ו רָאִ֤יתִי אֶ֨מֶשׁ֙ נְאֻם־יְהוָ֔ה וְ⁠שִׁלַּמְתִּ֥י לְ⁠ךָ֛ בַּ⁠חֶלְקָ֥ה הַ⁠זֹּ֖את נְאֻם־יְהוָ֑ה	1	If it would be clearer in your language, you could translate this so that there are not quotations within quotations. Alternate translation: [He said that he was declaring that he had certainly seen the blood of Naboth and his sons the day before and that he would repay Ahab on this portion]
9:26	jc8n		rc://*/ta/man/translate/writing-oathformula	אִם־לֹ֡א אֶת־דְּמֵ֣י נָבוֹת֩ וְ⁠אֶת־דְּמֵ֨י בָנָ֜י⁠ו רָאִ֤יתִי אֶ֨מֶשׁ֙	1	Following the custom of this culture, Yahweh is swearing an oath by stating the first part of a condition (“if”) but not the second part (“then”). In a context such as this, it may be natural to express just the first part of the condition as a positive statement. Alternate translation: [I certainly saw the blood of Naboth and the blood of his sons yesterday]
9:26	zzu1		rc://*/ta/man/translate/figs-metonymy	אִם־לֹ֡א אֶת־דְּמֵ֣י נָבוֹת֩ וְ⁠אֶת־דְּמֵ֨י בָנָ֜י⁠ו רָאִ֤יתִי	1	Here the **blood** of **Naboth** and **his sons** represents their deaths If it would be helpful in your language, you could use an equivalent expression or plain language. Alternate translation: [If I have not witnessed the deaths of Naboth and his sons] or [I have certainly witnessed the deaths of Naboth and his sons]
9:26	z92e		rc://*/ta/man/translate/figs-123person	נְאֻם־יְהוָ֔ה & נְאֻם־יְהוָ֑ה	1	Yahweh is speaking of himself in the third person because he is making an authoritative proclamation. If it would be helpful in your language, you could translate this in the first person. Alternate translation: [I declare … I declare]
9:27	y992		rc://*/ta/man/translate/figs-yousingular	הַכֻּ֣⁠הוּ	1	The implied “you” in the imperative **Strike** is plural because Jehu is addressing the soldiers who are with him. So use the plural form in your translation if your language marks that distinction.
9:27	osqu		rc://*/ta/man/translate/figs-ellipsis	בְּ⁠מַֽעֲלֵה־גוּר֙	1	The author is leaving out some of the words that in many languages a sentence would need in order to be complete. You can supply these words from the context if that would be clearer in your language. Alternate translation: [And Jehu’s soldiers shot Ahaziah with arrows at the ascent of Gur]
9:28	uos8		rc://*/ta/man/translate/figs-metaphor	עִם־אֲבֹתָ֖י⁠ו	1	See how you translated the similar expression in [8:24](../08/24.md). Alternate translation: [with his ancestors]
9:28	etlg		rc://*/ta/man/translate/writing-pronouns	וַ⁠יִּקְבְּר֨וּ אֹת֧⁠וֹ	1	Here the author is using the pronoun **they** in a general sense, not to refer to specific people. Use an expression for this that would be natural in your language. Alternate translation: [and people buried him] or [and he was buried]
9:29	jeyb		rc://*/ta/man/translate/writing-endofstory	וּ⁠בִ⁠שְׁנַת֙ אַחַ֣ת עֶשְׂרֵ֣ה שָׁנָ֔ה לְ⁠יוֹרָ֖ם בֶּן־אַחְאָ֑ב מָלַ֥ךְ אֲחַזְיָ֖ה עַל־יְהוּדָֽה	1	The author is repeating details from his introduction of Ahaziah as a participant in the story in [8:25](../08/25.md). (He says **the eleventh year of Joram** here, rather than “the twelfth year of Joram” as he does there, simply because at this time people sometimes included partial years in totals and sometimes they did not.) He is using this repetition to signal the end of his account of Ahaziah’s life and reign. Use a natural form in your language for concluding an account with a repetition of some of its details.
9:29	wlqu		rc://*/ta/man/translate/translate-ordinal	וּ⁠בִ⁠שְׁנַת֙ אַחַ֣ת עֶשְׂרֵ֣ה שָׁנָ֔ה לְ⁠יוֹרָ֖ם	1	See how you translated the similar expression in [8:25](../08/25.md). Alternate translation: [And in the eleventh year of Joram]
9:30	j8kz		rc://*/ta/man/translate/translate-unknown	וַ⁠תָּ֨שֶׂם בַּ⁠פּ֤וּךְ עֵינֶ֨י⁠הָ֙	1	The author means that Jezebel painted her eyebrows and eyelashes with a pigment composed of antimony and zinc. This created a dark outline as a setting to her eyes, which made them look larger and brighter. If your readers would not be familiar with the use of this kind of pigment in this way, you could describe a similar cosmetic practice that your readers would recognize, or you could use a more general term. Alternate translation: [and she painted her eyes] or [and she put on eye shadow]
9:30	imc0		rc://*/ta/man/translate/figs-explicit	וַ⁠תֵּ֣יטֶב אֶת־רֹאשָׁ֔⁠הּ	1	This could mean: (1) that Jezebel arranged her hair in a fashionable way. Alternate translation: [and she did up her hair] or (2) that Jezebel put on a royal crown or tiara. Alternate translation: [and she put on her royal tiara]
9:31	xck4		rc://*/ta/man/translate/figs-rquestion	הֲ⁠שָׁל֔וֹם זִמְרִ֖י הֹרֵ֥ג אֲדֹנָֽי⁠ו	1	Jezebel is using the question form to challenge Jehu’s apparent expectation that he will rule Israel for the rest of his life after he has killed Ahab’s family. She calls him **Zimri** to remind him that an earlier military commander had murdered the king but only reigned for seven days after that (see [1 Kings 16:8–20](../1ki/16/08.md)). If a speaker of your language would not use the question form for this purpose, you could translate this as a statement or as an exclamation. Alternate translation: [Do not expect that you will reign peacefully after this for any longer than Zimri did, who also murdered the king and took his place!]
9:32	z35o		rc://*/ta/man/translate/grammar-connect-words-phrases	וַ⁠יַּשְׁקִ֣יפוּ & שְׁנַ֥יִם שְׁלֹשָׁ֖ה סָרִיסִֽים	1	For stylistic reasons, the author is not using a connecting word between **two** and **three**. He may be suggesting that at first two eunuchs looked out, and then a third one did. In other words, he would be portraying Jezebel’s palace staff as slowly but steadily turning against her. It may be more natural in your language to use a connecting word here. Alternate translation: [And two or three eunuchs]
9:33	mhre		rc://*/ta/man/translate/figs-events	וַ⁠יִּ֨ז מִ⁠דָּמָ֧⁠הּ אֶל־הַ⁠קִּ֛יר וְ⁠אֶל־הַ⁠סּוּסִ֖ים וַֽ⁠יִּרְמְסֶֽ⁠נָּה	1	The author is describing one event before describing another event that preceded it and caused it. If it would be helpful your language, you may wish to relate these events in the order in which they happened. When the author says **he trampled her**, he means that Jehu drove his chariot over Jezebel’s body. Alternate translation: [and he drove his chariot over her body, and some of her blood sprinkled on the wall and on the horses]
9:33	doc2		rc://*/ta/man/translate/figs-synecdoche	וַֽ⁠יִּרְמְסֶֽ⁠נָּה	1	The author may be using one person, Jehu (**he**), who was involved in an action to represent many people who were involved. He may mean that Jehu ordered all of his chariot drivers to run over Jezebel’s body If it would be helpful in your language, you could state the meaning plainly. Alternate translation: [and Jehu had his chariot drivers trample her]
9:34	m1e1		rc://*/ta/man/translate/translate-symaction	וַ⁠יָּבֹ֖א וַ⁠יֹּ֣אכַל וַ⁠יֵּ֑שְׁתְּ	1	Entering the royal palace in Jezreel and eating a meal there was a symbolic action by which Jehu claimed that he was now the king of Israel. If it would be helpful to your readers, you could explain the significance of this action in the text or in a footnote. Alternate translation: [And he entered the royal palace and ate and drank there to assert his claim that he was now the king]
9:34	xvhk		rc://*/ta/man/translate/grammar-connect-logic-result	פִּקְדוּ־נָ֞א אֶת־הָ⁠אֲרוּרָ֤ה הַ⁠זֹּאת֙ וְ⁠קִבְר֔וּ⁠הָ כִּ֥י בַת־מֶ֖לֶךְ הִֽיא	1	If it would be more natural in your language, you could reverse the order of these phrases, since the second phrase gives the reason for the result that the first phrase describes. Alternate translation: [Since this cursed woman was the daughter of a king, please look after her and bury her]
9:34	vbux		rc://*/ta/man/translate/figs-activepassive	אֶת־הָ⁠אֲרוּרָ֤ה הַ⁠זֹּאת֙	1	The expression **cursed** is a passive verbal form. If your language would not use that form, you could express the idea in active form or in another way that would be natural in your language. Alternate translation: [this woman whom Yahweh has cursed]
9:35	ciqj		rc://*/ta/man/translate/grammar-connect-exceptions	וְ⁠לֹא־מָ֣צְאוּ בָ֗⁠הּ כִּ֧י אִם־הַ⁠גֻּלְגֹּ֛לֶת וְ⁠הָ⁠רַגְלַ֖יִם וְ⁠כַפּ֥וֹת הַ⁠יָּדָֽיִם	1	If it would appear in your language that the author was making a statement and then contradicting it, you could reword this as a positive statement. Alternate translation: [but the only parts of her they found were her skull and feet and the palms of her hands]
9:36	i73o		rc://*/ta/man/translate/figs-quotesinquotes	לֵ⁠אמֹ֑ר בְּ⁠חֵ֣לֶק יִזְרְעֶ֔אל יֹאכְל֥וּ הַ⁠כְּלָבִ֖ים אֶת־בְּשַׂ֥ר אִיזָֽבֶל	1	If it would be clearer in your language, you could translate this so that there is not a quotation within a quotation. Alternate translation: [who said that dogs would eat the flesh of Jezebel in the portion of Jezreel]
9:36	ad0s		rc://*/ta/man/translate/figs-metonymy	דְּבַר־יְהוָ֣ה ה֔וּא אֲשֶׁ֣ר דִּבֶּ֗ר	1	See how you translated the similar expression in [1:7](../01/07.md). Alternate translation: [It is the message that Yahweh spoke]
9:36	bjd8		rc://*/ta/man/translate/figs-metonymy	בְּ⁠יַד־עַבְדּ֛⁠וֹ אֵלִיָּ֥הוּ	1	See the discussion in the introduction to 2 Kings of how the author and characters may use the word “hand” to mean “agency.” Alternate translation: [through the agency of his servant Elijah]
9:37	pcgu		rc://*/ta/man/translate/figs-quotemarks	ו⁠הית נִבְלַ֣ת אִיזֶ֗בֶל כְּ⁠דֹ֛מֶן עַל־פְּנֵ֥י הַ⁠שָּׂדֶ֖ה בְּ⁠חֵ֣לֶק יִזְרְעֶ֑אל אֲשֶׁ֥ר לֹֽא־יֹאמְר֖וּ זֹ֥את אִיזָֽבֶל	1	There are three levels of quotation here. The author is quoting what Jehu said (level 1), continuing from the previous verse. Jehu is quoting what Elijah said (level 2), also continuing from the previous verse. That included something that people would say (level 3). Use the appropriate punctuation in your language to mark these levels of quotation. Alternatively, you could translate this so that there are not second-level or third-level quotations.
9:37	gomd		rc://*/ta/man/translate/figs-quotesinquotes	ו⁠הית נִבְלַ֣ת אִיזֶ֗בֶל כְּ⁠דֹ֛מֶן עַל־פְּנֵ֥י הַ⁠שָּׂדֶ֖ה בְּ⁠חֵ֣לֶק יִזְרְעֶ֑אל אֲשֶׁ֥ר לֹֽא־יֹאמְר֖וּ זֹ֥את אִיזָֽבֶל	1	If you decided in the previous verse to translate this quotation in such a way that there would not be a quotation within a quotation, you can also translate this verse so that there are not quotations within quotations. Alternate translation: [and that the corpse of Jezebel would be like dung on the face of the field in the portion of Jezreel, so that no one would be able to identify her remains]
9:37	hqh0		rc://*/ta/man/translate/figs-simile	ו⁠הית נִבְלַ֣ת אִיזֶ֗בֶל כְּ⁠דֹ֛מֶן עַל־פְּנֵ֥י הַ⁠שָּׂדֶ֖ה	1	The point of this comparison is that just as **dung** that is scattered as manure on a **field** decomposes and blends into the ground so that it becomes unrecognizable, so Jezebel’s body would be unrecognizable. If it would be helpful in your language, you could make this point explicitly. Alternate translation: [and the corpse of Jezebel will be as unrecognizable as dung that has decomposed into the ground]
9:37	a8e1		rc://*/ta/man/translate/figs-idiom	פְּנֵ֥י	1	Elijah was using the term **face** to mean the surface of this **field**. If this term does not have that meaning in your language, you could use a comparable expression from your language that does have that meaning, or you could state the meaning plainly. Alternate translation: [the surface of]
9:37	lx1t		rc://*/ta/man/translate/writing-pronouns	לֹֽא־יֹאמְר֖וּ	1	Elijah was using the pronoun **they** in a general sense, not to refer to specific people. Use an expression for this that would be natural in your language. Alternate translation: [no one will be able to say] or [it will not be said]
10:intro	abca				0	# 2 Kings 10 Introduction\n\n## Structure and Formatting\n\nThis chapter completes the story of how Yahweh fulfilled the prophecy that he spoke through Elijah that Ahab’s entire family would be destroyed because of his wickedness. It tells how Jehu ensured that all of Ahab’s remaining relatives and friends were killed, and it tells how he killed all the prophets, priests, and worshipers of Baal and destroyed the temple of Baal.\n\n## Religious and Cultural Concepts in This Chapter\n\n### The pit of Beth Eked\n\nThe author describes in 10:14 how Jehu, on his way from Jezreel to Samaria, encountered a group of relatives of King Ahaziah of Judah. They were related to the family of Ahab, since Ahaziah’s mother was the sister of Ahab. Jehu had his men seize and kill them, and the author says this happened at the pit of Beth Eked. The word that the ULT translates as “pit” refers to a large hole carved into rock. Such holes were often used as cisterns to store rainwater. This might also have been a pool where shepherds washed their sheep before shearing them, since the name Beth Eked means “shearing house” and the author calls this place Beth Eked of the Shepherds. So this “pit” could have been a dry cistern or pool that Jehu and his men used as a mass grave for this group of men. However, because these carved holes were often used to store water, the word also came to be applied to wells. Some versions call this place the Well of Beth Eked. The meaning is not certain. If a translation of the Bible exists in your region, you may wish to use the term that it uses, either “pit” or “well.” If a translation of the Bible does not exist in your region, you may wish to use the term that the ULT uses, “pit.”
10:1	dqsx		rc://*/ta/man/translate/writing-background	וּ⁠לְ⁠אַחְאָ֛ב שִׁבְעִ֥ים בָּנִ֖ים בְּ⁠שֹׁמְר֑וֹן	1	The author is providing background information to help readers understand what happens next in the story. In your translation, introduce this information in a way that would be natural in your own language and culture.
10:1	orx3		rc://*/ta/man/translate/figs-metaphor	בָּנִ֖ים	1	To translate the term **sons** here and through verse 8, see how you translated the similar expression in [8:12](../08/12.md). Alternate translation: [descendants]
10:1	x1mt		rc://*/ta/man/translate/figs-explicit	שָׂרֵ֤י יִזְרְעֶאל֙	1	This phrase likely refers to military officers or royal officials who had been stationed in Jezreel but who had gone to Samaria for safety. You could include this information if that would be helpful to your readers. The UST models one way to do that.
10:1	tok9		rc://*/ta/man/translate/figs-possession	וְ⁠אֶל־הָ⁠אֹמְנִ֥ים אַחְאָ֖ב	1	The author is using the possessive form to describe **guardians** whom **Ahab** had appointed to care for his children. If a speaker of your language would not use the possessive form for this, you could express this idea in another way. Alternate translation: [and to the guardians of Ahab’s children]
10:2	iznz		rc://*/ta/man/translate/grammar-connect-words-phrases	וְ⁠עַתָּ֗ה	1	See how you translated this expression in [5:6](../05/06.md), where it similarly occurs at the beginning of a letter.
10:2	bcbd		rc://*/ta/man/translate/figs-genericnoun	וְ⁠הַ⁠נָּֽשֶׁק	1	Jehu is not referring to a specific **weapon**. He means weapons in general. If it would be helpful to your readers, you could use an expression that would be more natural in your language. Alternate translation: [and weapons] or [and weaponry]
10:3	xddf		rc://*/ta/man/translate/figs-nominaladj	הַ⁠טּ֤וֹב וְ⁠הַ⁠יָּשָׁר֙	1	Jehu is using the adjectives **good** and **right** as nouns to mean a certain kind of person. The ULT indicates that by supplying the word **one**. Your language may use adjectives in the same way. If not, you can translate these adjectives with an equivalent phrase. Alternate translation: [the most capable and suitable person]
10:3	uf5q		rc://*/ta/man/translate/figs-metonymy	וְ⁠שַׂמְתֶּ֖ם עַל־כִּסֵּ֣א אָבִ֑י⁠ו וְ⁠הִֽלָּחֲמ֖וּ	1	Jehu is using this son sitting **on the throne of his father** to represent him succeeding his father as king. If it would be helpful in your language, you could use an equivalent expression or plain language. Alternate translation: [and you shall make him king as the successor to his father]
10:3	nmj5		rc://*/ta/man/translate/figs-metaphor	בֵּ֥ית אֲדֹנֵי⁠כֶֽם	1	See how you translated the similar expression in [8:18](../08/18.md). Alternate translation: [the dynasty of your master]
10:4	ibi6		rc://*/ta/man/translate/figs-reduplication	וַ⁠יִּֽרְאוּ֙ מְאֹ֣ד מְאֹ֔ד	1	The author is repeating the word **very** in order to intensify his expression of the idea that it conveys. If your language can repeat words for intensification, it would be appropriate to do that here in your translation. If not, your language may have another way of expressing the intensification. Alternate translation: [And they were extremely afraid] or [And they were terrified]
10:4	r0ha		rc://*/ta/man/translate/figs-metaphor	הִנֵּה֙	1	See how you translated the similar expression in [1:9](../01/09.md).
10:4	sik7		rc://*/ta/man/translate/figs-rquestion	שְׁנֵ֣י הַ⁠מְּלָכִ֔ים לֹ֥א עָמְד֖וּ לְ⁠פָנָ֑י⁠ו וְ⁠אֵ֖יךְ נַעֲמֹ֥ד אֲנָֽחְנוּ	1	The officials are using the question form **how will we stand?** to emphasize that they cannot resist Jehu. If a speaker of your language would not use the question form for that purpose, you could translate this as a statement or as an exclamation. Alternate translation: [Since two kings were not able to stand to his face, we certainly will not be able to stand!]
10:4	jd2m		rc://*/ta/man/translate/figs-explicit	לֹ֥א עָמְד֖וּ	1	In this context, **stand** is a military term that means an army or soldier did not give way before an enemy. Your language may have a comparable expression that you can use in your translation. You can also use plain language. Alternate translation: [could not hold their ground] or [did not survive]
10:4	admc		rc://*/ta/man/translate/figs-metonymy	לְ⁠פָנָ֑י⁠ו	1	See how you translated the similar expression in [3:24](../03/24.md). Alternate translation: [when they opposed him]
10:4	f3u7		rc://*/ta/man/translate/writing-pronouns	וְ⁠אֵ֖יךְ נַעֲמֹ֥ד אֲנָֽחְנוּ	1	The leaders in Samaria are stating the pronoun **we** separately, even though the verb translated as **will we stand** already includes this meaning. He is doing that in order to emphasize a contrast between these **kings**, who were experienced warriors commanding armies, and themselves as ordinary civilians. Alternate translation: [so how will we common people stand] or [so how will we common people be able to fight successfully against him]
10:5	ovbh		rc://*/ta/man/translate/figs-idiom	הַ⁠טּ֥וֹב בְּ⁠עֵינֶ֖י⁠ךָ עֲשֵֽׂה	1	See how you translated the similar expression in [1:13](../01/13.md). Alternate translation: [Do what you consider to be good]
10:6	utpq		rc://*/ta/man/translate/translate-ordinal	סֵ֨פֶר ׀ שֵׁנִ֜ית	1	If your language would not represent a number in a form such as **second**, you could represent this number in a form that your language would use. Alternate translation: [another letter]
10:6	jmdm		rc://*/ta/man/translate/figs-metonymy	וּ⁠לְ⁠קֹלִ֣⁠י ׀ אַתֶּ֣ם שֹׁמְעִ֗ים	1	Here, Jehu’s **voice** represents what he is saying by using words. If it would be clearer in your language, you could state the meaning plainly. Alternate translation: [and you are listening to what I say]
10:6	gffb		rc://*/ta/man/translate/figs-explicit	וּ⁠לְ⁠קֹלִ֣⁠י ׀ אַתֶּ֣ם שֹׁמְעִ֗ים	1	See the discussion in the introduction to 2 Kings of how the author and characters often use the term “listen” to mean “agree.” Alternate translation: [and you agree to do what I say]
10:6	cw8v		rc://*/ta/man/translate/writing-background	וּ⁠בְנֵ֤י הַ⁠מֶּ֨לֶךְ֙ שִׁבְעִ֣ים אִ֔ישׁ אֶת־גְּדֹלֵ֥י הָ⁠עִ֖יר מְגַדְּלִ֥ים אוֹתָֽ⁠ם	1	The author is providing background information to help readers understand what happens next in the story. In your translation, introduce this information in a way that would be natural in your own language and culture.
10:6	upso		rc://*/ta/man/translate/figs-nominaladj	גְּדֹלֵ֥י הָ⁠עִ֖יר	1	The author is using the adjective **great** as a noun to mean a certain kind of person. The ULT indicates this by supplying the word **ones**. Your language may use adjectives in the same way. If not, you can translate this adjective with an equivalent phrase, here and in verse 11. Alternate translation: [the leading citizens of the city]
10:7	lgnd		rc://*/ta/man/translate/figs-personification	כְּ⁠בֹ֤א הַ⁠סֵּ֨פֶר֙ אֲלֵי⁠הֶ֔ם	1	The author is speaking of this **letter** as if it had been a living thing that could have come to the leaders of Samaria on its own. If it would be helpful in your language, you could state the meaning plainly. Alternate translation: [when they received the letter]
10:7	d4zn		rc://*/ta/man/translate/writing-pronouns	אֵלָ֖י⁠ו	1	The pronoun **him** refers to Jehu. It may be helpful to use his name here in your translation. Alternate translation: [to Jehu]
10:9	eb98		rc://*/ta/man/translate/figs-explicit	וַֽ⁠יַּעֲמֹ֔ד	1	The implication is that Jehu **stood** at the entrance of the city gate. You could include this information if that would be helpful to your readers. Alternate translation: [and stood at the entrance of the city gate]
10:9	lfx9		rc://*/ta/man/translate/writing-pronouns	אֲנִ֜י קָשַׁ֤רְתִּי עַל־אֲדֹנִ⁠י֙ וָ⁠אֶהְרְגֵ֔⁠הוּ	1	Jehu is stating the pronoun **I** separately, even though the verb translated as **I conspired** already includes this meaning. He is doing that in order to emphasize a contrast between the people of Samaria, whom he calls **righteous**, and himself. Alternate translation: [I am guilty of conspiring against my master and killing him]
10:9	x2q2		rc://*/ta/man/translate/figs-explicit	וּ⁠מִ֥י הִכָּ֖ה אֶת־כָּל־אֵֽלֶּה	1	See how you translated the similar expression in [3:23](../03/23.md). Alternate translation: [But who killed all of these]
10:9	s2wq		rc://*/ta/man/translate/figs-rquestion	וּ⁠מִ֥י הִכָּ֖ה אֶת־כָּל־אֵֽלֶּה	1	Jehu is using the question form for emphasis. If a speaker of your language would not use the question form for that purpose, you could translate this as a statement or as an exclamation. Alternate translation: [But I did not kill all of these men!]
10:10	jaxy		rc://*/ta/man/translate/figs-metaphor	יִפֹּ֜ל & אַ֔רְצָ⁠ה	1	Jehu is speaking as if a **word** were a physical object that could fall **to the ground**. The image is that nothing Yahweh said **about the house of Ahab** has been lost or ruined, as happens to things that people drop or let fall. He means that everything Yahweh said has come true. If it would be clearer in your language, you could state the meaning plainly. If you have already translated the book of 1 Samuel, see how you translated the similar expression in [1 Samuel 3:19](../1sa/03/19.md). Alternate translation: [has failed to come true]
10:10	jjj0		rc://*/ta/man/translate/figs-explicitinfo	כִּי֩ & מִ⁠דְּבַ֤ר יְהוָה֙ & דִּבֶּ֥ר & וַ⁠יהוָ֣ה	1	It might seem that the expression **the word of Yahweh that Yahweh spoke** contains extra information that would not be natural to express in your language. If so, you can shorten it. Alternate translation: [of what Yahweh said]
10:10	iqqg		rc://*/ta/man/translate/figs-metaphor	בֵּ֣ית אַחְאָ֑ב	1	See how you translated the similar expression in [8:18](../08/18.md). Alternate translation: [the dynasty of Ahab]
10:10	lmw4		rc://*/ta/man/translate/figs-metonymy	בְּ⁠יַ֖ד עַבְדּ֥⁠וֹ אֵלִיָּֽהוּ	1	See how you translated the similar expression in [9:36](../09/36.md). Alternate translation: [through the agency of his servant Elijah]
10:11	ay9q		rc://*/ta/man/translate/figs-metonymy	וַ⁠יַּ֣ךְ יֵה֗וּא	1	See how you translated the similar expression in [3:23](../03/23.md). Alternate translation: [And Jehu killed]
10:11	v9f8		rc://*/ta/man/translate/figs-metaphor	לְ⁠בֵית־אַחְאָב֙	1	See how you translated the similar expression in [7:9](../07/09.md). Alternate translation: [to the household of Ahab]
10:12	mjts		rc://*/ta/man/translate/grammar-connect-time-background	וַ⁠יָּ֨קָם֙ וַ⁠יָּבֹ֔א	1	The author is saying **he arose and came** to describe something that was ongoing. This provides the background for an event he will describe that began to happen during this time. Connect this clause to the story in a way that makes it clear in your language that this clause is describing something that was ongoing in the background. Alternate translation: [Then Jehu began a journey to Samaria]
10:12	e4pm		rc://*/ta/man/translate/figs-explicit	וַ⁠יָּ֨קָם֙	1	See how you translated the similar expression in [3:24](../03/24.md). Alternate translation: [And he took action]
10:13	jtvo		rc://*/ta/man/translate/figs-explicit	וְ⁠יֵה֗וּא מָצָא֙	1	See how you translated the similar expression in [9:21](../09/21.md). Alternate translation: [and Jehu encountered]
10:13	qfu9		rc://*/ta/man/translate/figs-metaphor	אֶת־אֲחֵי֙ אֲחַזְיָ֣הוּ	1	As the parallel passage in [2 Chronicles 22:8](../2ch/22/08.md) makes clear, these were not Ahaziah’s actual **brothers** but members of his extended family. If it would be helpful in your language, you could state the meaning plainly, here and in the other instance of this phrase in this verse. Alternate translation: [family members of Ahaziah]
10:13	co0u		rc://*/ta/man/translate/figs-explicitinfo	וַ⁠נֵּ֛רֶד	1	See how you translated the similar expression “go up” in [1:3](../01/03.md). Alternate translation: [and we have come]
10:13	dtvn		rc://*/ta/man/translate/figs-idiom	לִ⁠שְׁל֥וֹם בְּנֵֽי־הַ⁠מֶּ֖לֶךְ וּ⁠בְנֵ֥י הַ⁠גְּבִירָֽה	1	These relatives of Ahaziah are using the expression **for the welfare of** as a common expression of their culture to describe coming to visit family or friends with a particular interest in their health and well-being. If this phrase does not have that meaning in your language, you could use a comparable expression from your language that does have that meaning, or you could state the meaning plainly. Alternate translation: [to see how the sons of the king and the sons of the queen mother are doing]
10:15	j9xs		rc://*/ta/man/translate/figs-explicit	וַ⁠יִּמְצָ֣א	1	See how you translated the similar expression in [9:21](../09/21.md). Alternate translation: [and he encountered]
10:15	ou3p		rc://*/ta/man/translate/figs-ellipsis	לִ⁠קְרָאת֜⁠וֹ	1	The author is leaving out some of the words that in many languages a sentence would need in order to be complete. You can supply these words from the context if that would be clearer in your language. Alternate translation: [coming to meet him]
10:15	g9pq		rc://*/ta/man/translate/figs-metaphor	הֲ⁠יֵ֧שׁ אֶת־לְבָבְ⁠ךָ֣ יָשָׁ֗ר כַּ⁠אֲשֶׁ֤ר לְבָבִ⁠י֙ עִם־לְבָבֶ֔⁠ךָ	1	Here the **heart** represents a person’s feelings and commitments, in this case, loyalty. If it would be helpful in your language, you could state the meaning plainly. Alternate translation: [Are you as prepared to be loyal to me as I am prepared to be loyal to you]
10:15	btjf		rc://*/ta/man/translate/translate-symaction	וָ⁠יֵ֖שׁ תְּנָ֣⁠ה אֶת־יָדֶ֑⁠ךָ וַ⁠יִּתֵּ֣ן יָד֔⁠וֹ	1	Giving his **hand** to Jehu (that is, shaking hands with him) was a symbolic action by which Jehonadab showed his agreement and alliance with Jehu. If it would be helpful to your readers, you could explain the significance of this action in the text of your translation or in a footnote. Alternate translation: [“If it is, shake hands with me to show we are allies.” And he shook hands with him]
10:15	q0sa		rc://*/ta/man/translate/writing-quotations	וָ⁠יֵ֖שׁ תְּנָ֣⁠ה אֶת־יָדֶ֑⁠ךָ	1	This is a direct quotation from Jehu. If it would be helpful to your readers, introduce it as a direct quotation in a way that would be natural in your language. [And Jehu responded, “If it is, give your hand]
10:17	ae1j		rc://*/ta/man/translate/figs-metonymy	וַ֠⁠יַּךְ	1	See how you translated the similar expression in [3:23](../03/23.md). Alternate translation: [and he killed]
10:17	m0au		rc://*/ta/man/translate/figs-metonymy	כִּ⁠דְבַ֣ר יְהוָ֔ה אֲשֶׁ֥ר דִּבֶּ֖ר אֶל־אֵלִיָּֽהוּ	1	See how you translated the similar expression in [1:7](../01/07.md). Alternate translation: [according to the message that Yahweh gave to Elijah]
10:18	h20t		rc://*/ta/man/translate/figs-hyperbole	אַחְאָ֕ב עָבַ֥ד אֶת־הַ⁠בַּ֖עַל מְעָ֑ט יֵה֖וּא יַעַבְדֶ֥⁠נּוּ הַרְבֵּֽה	1	When Jehu says that Ahab served Baal only a **little**, he is making an understatement in order to draw a comparison. If it would be helpful in your language, you could use a different way to express this comparison. Alternate translation: [Compared to how much I am going to serve Baal, Ahab served him only a little]
10:18	vrg5		rc://*/ta/man/translate/figs-123person	יֵה֖וּא יַעַבְדֶ֥⁠נּוּ הַרְבֵּֽה	1	Jehu is speaking of himself in the third person because he is making an authoritative proclamation. If it would be helpful in your language, you could translate this in the first person. Alternate translation: [I will serve him much]
10:18	y483		rc://*/ta/man/translate/figs-hyperbole	וַ⁠יִּקְבֹּ֤ץ יֵהוּא֙ אֶת־כָּל־הָ⁠עָ֔ם וַ⁠יֹּ֣אמֶר אֲלֵ⁠הֶ֔ם	1	The author is saying **all of the people** as a generalization for emphasis. If it would be helpful in your language, you could use a different way to express the emphasis. Alternate translation: [And Jehu called for a citywide meeting, and he said to the people]
10:19	ksie		rc://*/ta/man/translate/figs-activepassive	אִ֣ישׁ אַל־יִפָּקֵ֗ד & כֹּ֥ל אֲשֶׁר־יִפָּקֵ֖ד	1	The expressions **be missing** and **is missing** are passive verbal forms. If your language would not use these forms, you could express the idea they convey in active form or in another way that would be natural in your language. Alternate translation: [Let no man fail to attend … Everyone who fails to attend]
10:19	gb6a		rc://*/ta/man/translate/grammar-connect-logic-result	אִ֣ישׁ אַל־יִפָּקֵ֗ד כִּי֩ זֶ֨בַח גָּד֥וֹל לִ⁠י֙ לַ⁠בַּ֔עַל	1	If it would be more natural in your language, you could reverse the order of these phrases, since the second phrase gives the reason for the result that the first phrase describes. Alternate translation: [Since a great sacrifice is to me for Baal, let not a man be missing]
10:19	en0b		rc://*/ta/man/translate/figs-gendernotations	אִ֣ישׁ	1	Here the masculine term **man** has a generic sense that includes both men and women. As the word **servants** indicates, Jehu is speaking specifically of men and women who worship Baal. If it would be helpful to your readers, you could use language in your translation that is clearly inclusive of both men and women and reflects his meaning. Alternate translation: [anyone who worships Baal]
10:19	mq0z		rc://*/ta/man/translate/figs-gendernotations	אִ֣ישׁ	1	Here the masculine term **a man** has a generic sense that includes both men and women. If it would be helpful to your readers, you could use language in your translation that is clearly inclusive of both men and women. Alternate translation: [a person] or [anyone]
10:20	vvor		rc://*/ta/man/translate/writing-pronouns	וַ⁠יִּקְרָֽאוּ	1	Here the author is using the pronoun **they** in a general sense, not to refer to specific people. Use an expression for this that would be natural in your language. Alternate translation: [And his servants proclaimed that there would be an assembly] or [And an assembly was announced]
10:21	qpvu		rc://*/ta/man/translate/figs-gendernotations	אִ֖ישׁ	1	Here the masculine term **a man** has a generic sense that includes both men and women. If it would be helpful to your readers, you could use language in your translation that is clearly inclusive of both men and women. Alternate translation: [a person]
10:21	z4bg		rc://*/ta/man/translate/figs-metaphor	בֵּ֣ית הַ⁠בַּ֔עַל	1	See how you translated the similar expression in [5:18](../05/18.md). Alternate translation: [the temple of Baal]
10:21	mdk0		rc://*/ta/man/translate/figs-activepassive	וַ⁠יִּמָּלֵ֥א בֵית־הַ⁠בַּ֖עַל	1	The expression **was filled** is a passive verbal form. If your language would not use that form, you could express the idea in active form or in another way that would be natural in your language. Alternate translation: [and they filled the house of Baal]
10:21	yd5d		rc://*/ta/man/translate/figs-idiom	פֶּ֥ה לָ⁠פֶֽה	1	The author is using the term **mouth** to mean “end” or “side.” If this term does not have that meaning in your language, you could use a comparable expression from your language that does have that meaning, or you could state the meaning plainly. Alternate translation: [from end to end] or [to capacity]
10:22	uoi4		rc://*/ta/man/translate/translate-unknown	הַ⁠מַּלְבּֽוּשׁ	1	In this context, the word **vestment** refers to a special ceremonial garment that priests and worshipers of Baal wore during religious rituals. These garments signified devotion to Baal and added solemnity to the rituals. If your readers would not be familiar with this type of **vestment**, you could use the name of a similar thing that your readers would recognize, or you could use a more general term. Alternate translation: [the ceremonial garment that signified devotion to Baal]
10:24	eyjt		rc://*/ta/man/translate/writing-pronouns	וַ⁠יָּבֹ֕אוּ	1	The pronoun **they** refers to Jehu and Jehonadab. (The author is probably referring to how they **came in** to the part of the temple where the altar was.) It may be helpful to clarify this for your readers. Alternate translation: [And Jehu and Jehonadab came in]
10:24	hvnb		rc://*/ta/man/translate/writing-background	וְ⁠יֵה֞וּא שָׂם־ל֤⁠וֹ בַ⁠חוּץ֙ שְׁמֹנִ֣ים אִ֔ישׁ וַ⁠יֹּ֗אמֶר הָ⁠אִ֤ישׁ אֲשֶׁר־יִמָּלֵט֙ מִן־הָ⁠אֲנָשִׁ֗ים אֲשֶׁ֤ר אֲנִי֙ מֵבִ֣יא עַל־יְדֵי⁠כֶ֔ם נַפְשׁ֖⁠וֹ תַּ֥חַת נַפְשֽׁ⁠וֹ	1	The author is providing background information to help readers understand what happens next in the story. In your translation, introduce this information in a way that would be natural in your own language and culture.
10:24	cubn		rc://*/ta/man/translate/figs-idiom	נַפְשׁ֖⁠וֹ תַּ֥חַת נַפְשֽׁ⁠וֹ	1	Jehu was using **his life in place of his life** as a common expression of his culture to mean that any of the men he was stationing outside would forfeit his own life if he allowed any of the **men** from inside the temple to escape. If this phrase does not have that meaning in your language, you could use a comparable expression from your language that does have that meaning, or you could state the meaning plainly. If you have already translated the book of 1 Kings, see how you translated the similar expression in [1 Kings 20:39](../1ki/20/39.md). Alternate translation: [the one of you who lets him escape will pay for that with his life] or [we will execute the one of you who lets him get away]
10:25	ncd6		rc://*/ta/man/translate/writing-newevent	וַ⁠יְהִ֞י	1	The author is using the phrase **And it happened** to introduce a new development in this event. Use a word, phrase, or other method in your language that is natural for introducing a new development.
10:25	v5xj		rc://*/ta/man/translate/translate-unknown	לָ⁠רָצִ֨ים	1	The term **runners** originally described men who were royal bodyguards and who ran in front of and alongside the king’s chariot to protect him. The term later also described palace guards, as [1 Kings 14:27–28](../1ki/14/27.md) shows. If you have already translated the book of 1 Kings, see how you translated the term there. Alternate translation: [to the royal guards] or [to the palace guards]
10:25	zzxi		rc://*/ta/man/translate/figs-metonymy	הַכּוּ⁠ם֙	1	See how you translated the similar expression in [3:23](../03/23.md). Alternate translation: [kill them]
10:25	qmck		rc://*/ta/man/translate/figs-idiom	וַ⁠יַּכּ֖וּ⁠ם לְ⁠פִי־חָ֑רֶב	1	The author is using as a common expression of his culture to mean that the runners and captains completely destroyed the worshipers of Baal, leaving no survivors. If this phrase does not have that meaning in your language, you could use a comparable expression from your language that does have that meaning, or you could state the meaning plainly. If you have already translated the book of 1 Samuel, see how you translated the similar expression in [1 Samuel 22:19](../1sa/22/19.md). Alternate translation: [And they destroyed them completely]
10:25	hxcw		rc://*/ta/man/translate/figs-explicit	וַ⁠יַּשְׁלִ֗כוּ הָֽ⁠רָצִים֙ וְ⁠הַ⁠שָּׁ֣לִשִׁ֔ים	1	This could mean: (1) that the runners and captains **threw** the dead bodies of the Baal worshipers out of the temple. Alternate translation: [and the runners and the captains threw their bodies out of the temple] or (2) that the runners and captains **threw** the bodies of the people they killed to one side so that they could continue going through the crowd and killing others. Alternate translation: [and the runners and captains threw to one side the body of each person they killed until they had killed everyone]
10:25	qr4m		rc://*/ta/man/translate/figs-explicit	עִ֥יר בֵּית־הַ⁠בָּֽעַל	1	In this context, the term **city** seems to describe an inner sanctuary of the temple of Baal where the sacred “pillars” described in the next verse were kept. Alternate translation: [the inner sanctuary of the temple of Baal]
10:26	ayf1		rc://*/ta/man/translate/writing-pronouns	וַֽ⁠יִּשְׂרְפֽוּ⁠הָ	1	Since the pronoun **it** refers back to the **pillars** (sacred images) that were kept in the temple of Baal, it may be more natural in your language to use a plural pronoun. Alternate translation: [and they burned them]
10:27	lm3c		rc://*/ta/man/translate/figs-explicit	עַד־הַ⁠יּֽוֹם	1	See how you translated the same expression in [2:22](../02/22.md).
10:29	udxu		rc://*/ta/man/translate/figs-metaphor	לֹֽא־סָ֥ר יֵה֖וּא מֵ⁠אַֽחֲרֵי⁠הֶ֑ם	1	To translate the expression **did not turn away** here and in verse 31, see how you translated the similar expression in [3:3](../03/03.md). Alternate translation: [Jehu did not stop committing them]
10:29	mzf1		rc://*/ta/man/translate/figs-ellipsis	עֶגְלֵי֙ הַ⁠זָּהָ֔ב	1	The author is leaving out some of the words that in many languages a sentence would need in order to be complete. You can supply these words from the context if that would be clearer in your language. Alternate translation: [the worship of the calves of gold]
10:30	pv1q		rc://*/ta/man/translate/figs-infostructure	יַ֤עַן אֲשֶׁר־הֱטִיבֹ֨תָ֙ לַ⁠עֲשׂ֤וֹת הַ⁠יָּשָׁר֙ בְּ⁠עֵינַ֔⁠י כְּ⁠כֹל֙ אֲשֶׁ֣ר בִּ⁠לְבָבִ֔⁠י עָשִׂ֖יתָ לְ⁠בֵ֣ית אַחְאָ֑ב בְּנֵ֣י רְבִעִ֔ים יֵשְׁב֥וּ לְ⁠ךָ֖ עַל־כִּסֵּ֥א יִשְׂרָאֵֽל	1	If it would be more natural in your language, you may want to put the description of what Jehu did before the information about what Yahweh will do as a result. Alternate translation: [According to all that was in my heart, you did to the house of Ahab. Because you did well by doing right in my eyes, sons of the fourth will sit for you on the throne of Israel]
10:30	s6xx		rc://*/ta/man/translate/figs-metaphor	כְּ⁠כֹל֙ אֲשֶׁ֣ר בִּ⁠לְבָבִ֔⁠י	1	Here the **heart** represents a person’s desires. If it would be helpful in your language, you could state the meaning plainly. Alternate translation: [according to everything that I wanted]
10:30	en65		rc://*/ta/man/translate/figs-metaphor	לְ⁠בֵ֣ית אַחְאָ֑ב	1	See how you translated the similar expression in [8:1](../08/01.md). Alternate translation: [to the family of Ahab]
10:30	nda0		rc://*/ta/man/translate/figs-idiom	בְּנֵ֣י רְבִעִ֔ים	1	Yahweh is using **sons of the fourth** as a common expression of this culture to mean “four generations of your descendants.” If this phrase does not have that meaning for your readers, you could use a comparable expression from your language that does have that meaning, or you could state the meaning plainly. Alternate translation: [four generations of your descendants]
10:30	ny87		rc://*/ta/man/translate/figs-metonymy	יֵשְׁב֥וּ לְ⁠ךָ֖ עַל־כִּסֵּ֥א יִשְׂרָאֵֽל	1	Here, sitting on the **throne of Israel** represents ruling Israel as king. If it would be helpful in your language, you could use an equivalent expression or plain language. Alternate translation: [will succeed you as the king of Israel]
10:31	crv0		rc://*/ta/man/translate/figs-metaphor	לָ⁠לֶ֛כֶת בְּ⁠תֽוֹרַת־יְהוָ֥ה	1	See how you translated the similar expression in [8:18](../08/18.md). Alternate translation: [to live according to the law of Yahweh]
10:31	g67a		rc://*/ta/man/translate/figs-metaphor	בְּ⁠כָל־לְבָב֑⁠וֹ	1	Here the **heart** represents a person’s motives and desires. If it would be helpful in your language, you could state the meaning plainly. Alternate translation: [in complete devotion]
10:32	azus		rc://*/ta/man/translate/figs-metaphor	לְ⁠קַצּ֖וֹת בְּ⁠יִשְׂרָאֵ֑ל	1	The author is speaking as if Yahweh had actually **cut off** parts of Israel. He means that Yahweh allowed Hazael to conquer parts of Israel’s territory. If it would be helpful in your language, you could state the meaning plainly. Alternate translation: [to reduce the territory of Israel]
10:32	rmya		rc://*/ta/man/translate/figs-explicit	וַ⁠יַּכֵּ֥⁠ם חֲזָאֵ֖ל	1	See how you translated the similar expression in [3:24](../03/24.md). Alternate translation: [And Hazael defeated them]
10:32	hyq1		rc://*/ta/man/translate/figs-metonymy	בְּ⁠כָל־גְּב֥וּל יִשְׂרָאֵֽל	1	Here the **border** of Israel represents its territory. If it would be helpful in your language, you could use an equivalent expression or plain language. Alternate translation: [throughout the territory of Israel]
10:33	wm1h		rc://*/ta/man/translate/figs-metonymy	מִן־הַ⁠יַּרְדֵּן֙ מִזְרַ֣ח הַ⁠שֶּׁ֔מֶשׁ	1	The author is describing the location of a place in the way that is characteristic of his culture. He means here that if someone were traveling from the territories he is about to describe to the area where most of the Israelites lived, he would be coming **from the rising of the sun**, that is, from the east. In your translation, express this in the way your culture describes the location of places. If you have already translated the book of Joshua, see how you translated the similar expression in [Joshua 12:1](../jos/12/01.md). Alternate translation: [to the east of the Jordan River]
10:33	i6gr		rc://*/ta/man/translate/figs-ellipsis	הַ⁠גָּדִ֥י וְ⁠הָ⁠רֻאובֵנִ֖י וְ⁠הַֽ⁠מְנַשִּׁ֑י	1	The author is leaving out some of the words that in many languages a sentence would need in order to be complete. You can supply these words from the context if that would be clearer in your language. Alternate translation: [the land of the Gadite and the Reubenite and the Manassite]
10:33	fowd		rc://*/ta/man/translate/figs-genericnoun	הַ⁠גָּדִ֥י וְ⁠הָ⁠רֻאובֵנִ֖י וְ⁠הַֽ⁠מְנַשִּׁ֑י	1	The author is not referring to a specific **Gadite**, **Reubenite**, or **Manassite**. He means members of those tribes in general. If it would be helpful to your readers, you could use an expression that would be more natural in your language. Alternate translation: [the Gadites and the Reubenites and the Manassites]
10:33	vsmp		rc://*/ta/man/translate/grammar-connect-words-phrases	וְ⁠הַ⁠גִּלְעָ֖ד וְ⁠הַ⁠בָּשָֽׁן	1	The author means that in addition to capturing **Aroer**, Hazael conquered territory throughout Gilead all the way to **Bashan**. If that is not clear, you may want to use different connecting words to show how the phrase **and Gilead and Bashan** relates to what comes before it. Alternate translation: [and throughout Gilead all the way to Bashan]
10:34	r5l0		rc://*/ta/man/translate/writing-endofstory	וְ⁠יֶ֨תֶר דִּבְרֵ֥י יֵה֛וּא וְ⁠כָל־אֲשֶׁ֥ר עָשָׂ֖ה וְ⁠כָל־גְּבוּרָת֑⁠וֹ הֲ⁠לֽוֹא־הֵ֣ם כְּתוּבִ֗ים עַל־סֵ֛פֶר דִּבְרֵ֥י הַ⁠יָּמִ֖ים לְ⁠מַלְכֵ֥י יִשְׂרָאֵֽל	1	In this verse and the next two verses, the author is concluding the story of Jehu. To translate this verse, see how you have translated the comparable phrases in [1:18](../01/18.md) and similar contexts in the book.
10:35	yymx		rc://*/ta/man/translate/figs-euphemism	וַ⁠יִּשְׁכַּ֤ב יֵהוּא֙ עִם־אֲבֹתָ֔י⁠ו	1	See how you translated the same expression in [8:24](../08/24.md). Alternate translation: [And Jehu passed away] or [And Jehu died]
10:35	q556		rc://*/ta/man/translate/writing-pronouns	וַ⁠יִּקְבְּר֥וּ אֹת֖⁠וֹ	1	Here the author is using the pronoun **they** in a general sense, not to refer to specific people. Use an expression for this that would be natural in your language. Alternate translation: [and people buried him] or [and he was buried]
10:36	qa8a		rc://*/ta/man/translate/figs-metonymy	וְ⁠הַ⁠יָּמִ֗ים & עֶשְׂרִ֥ים וּ⁠שְׁמֹנֶֽה־שָׁנָ֖ה	1	Here, **days** represent “time,” since time is made up of days. If it would be helpful in your language, you could use an equivalent expression or plain language. Alternate translation: [And the time … was 28 years]
10:36	k2yh		rc://*/ta/man/translate/figs-infostructure	מָלַ֤ךְ & עַל־יִשְׂרָאֵ֔ל עֶשְׂרִ֥ים וּ⁠שְׁמֹנֶֽה־שָׁנָ֖ה בְּ⁠שֹׁמְרֽוֹן	1	If it would be more natural in your language, you may want to put the information that Jehu ruled **in Samaria** with the information that he **was king over Israel**. Alternate translation: [had reigned over Israel in Samaria were 28 years]
11:intro	abcb				0	# 2 Kings 11 Introduction\n\n## Structure and Formatting\n\nIn this section of the book, the author continues to tell what the kings were like who ruled over the two kingdoms, Israel and Judah, into which David’s kingdom split. In this chapter, he tells how Yahweh protected Joash, the infant son of King Ahaziah, when Ahaziah’s mother Athaliah tried to kill all of the male heirs to the throne of Judah so that she could rule the kingdom herself. The priests sheltered Joash in the temple until he was seven years old, and then they proclaimed him as king. The people of Judah killed Athaliah and destroyed the worship of Baal that she had promoted.
11:1	kiyy		rc://*/ta/man/translate/writing-participants	וַֽ⁠עֲתַלְיָה֙ אֵ֣ם אֲחַזְיָ֔הוּ	1	The author is reintroducing **Athaliah**, whom he mentioned briefly in [8:26](../08/26.md), as a main participant in this part of the story. If your language has its own way of reintroducing participants, you could use it here in your translation.
11:1	vb4q		rc://*/ta/man/translate/figs-metaphor	ו⁠ראתה	1	The author is speaking of the death of Ahaziah, the **son** of Athaliah, as if it were something that Athaliah actually **saw**. He means that she learned of his death. If it would be helpful in your language, you could state the meaning plainly. Alternate translation: [and she learned]
11:1	b80l		rc://*/ta/man/translate/figs-explicit	וַ⁠תָּ֨קָם֙	1	See how you translated the similar expression in [3:24](../03/24.md). Alternate translation: [And she took action]
11:1	sbgw		rc://*/ta/man/translate/figs-synecdoche	וַ⁠תְּאַבֵּ֔ד	1	See how you translated the similar expression in [4:24](../04/24.md). Alternate translation: [and she commanded soldiers to destroy]
11:1	v46h		rc://*/ta/man/translate/figs-metaphor	זֶ֥רַע הַ⁠מַּמְלָכָֽה	1	The author is speaking as if the children of Ahaziah were actually **seed**, one of which could grow to succeed him as the ruler of the **kingdom**. If it would be helpful in your language, you could state the meaning plainly. See how you translated the similar expression in [5:27](../05/27.md). Alternate translation: [the children of Ahaziah] or [the royal family]
11:2	hci1		rc://*/ta/man/translate/translate-kinship	אֲח֨וֹת אֲחַזְיָ֜הוּ	1	By specifying that **Jehosheba** was **the daughter of King Joram** but not saying that she was also the daughter of Athaliah, as Ahaziah was, the author is indicating that Jehosheba and Ahaziah had the same father but not the same mother. Your language may have its own term or expression for this relationship. Alternate translation: [the half-sister of Ahaziah]
11:2	qpw1		rc://*/ta/man/translate/figs-activepassive	ה⁠ממותתים	1	The expression **being killed** is a passive verbal form. If your language would not use that form, you could express the idea in active form or in another way that would be natural in your language. Alternate translation: [whom Athaliah’s soldiers were killing]
11:2	mcst		rc://*/ta/man/translate/figs-ellipsis	בַּ⁠חֲדַ֣ר הַ⁠מִּטּ֑וֹת	1	The author is leaving out some of the words that in many languages a sentence would need in order to be complete. You can supply these words from the context if that would be clearer in your language. Alternate translation: [and hid them in the room of the beds]
11:2	bitc		rc://*/ta/man/translate/translate-unknown	בַּ⁠חֲדַ֣ר הַ⁠מִּטּ֑וֹת	1	The **room of the beds** was not a bedroom in which someone would sleep. Athaliah would have had her soldiers search every bedroom thoroughly to look for members of the royal family. The phrase describes a storeroom in the palace for bed cushions and blankets, where the soldiers did not think to look. If your readers would not recognize the nature of this room from the phrase **the room of the beds**, you could use the name of a similar kind of room that your readers would recognize, or you could use a more general term. Alternate translation: [in the palace storeroom for bedding]
11:2	m44g		rc://*/ta/man/translate/writing-pronouns	וַ⁠יַּסְתִּ֧רוּ אֹת֛⁠וֹ	1	The author does not say specifically whom he means by **they**, but the later events in the story suggest that he means the priests in Yahweh’s temple. You could indicate this explicitly in your translation if that would be helpful to your readers. Alternate translation: [And the priests hid him in the temple]
11:2	tvjo		rc://*/ta/man/translate/figs-synecdoche	מִ⁠פְּנֵ֥י עֲתַלְיָ֖הוּ	1	The author is using one part of Athaliah, her **face**, to mean all of her in the act of trying to kill all of Ahaziah’s sons. See how you translated the similar expression in [1:15](../01/15.md). Alternate translation: [from Athaliah]
11:2	d4ep		rc://*/ta/man/translate/figs-activepassive	וְ⁠לֹ֥א הוּמָֽת	1	The expression **was not killed** contains a passive verbal form. If your language would not use that form, you could express the idea in active form or in another way that would be natural in your language. Alternate translation: [so no one killed him]
11:3	th53		rc://*/ta/man/translate/figs-activepassive	וַ⁠יְהִ֤י אִתָּ⁠הּ֙ בֵּ֣ית יְהוָ֔ה מִתְחַבֵּ֖א שֵׁ֣שׁ שָׁנִ֑ים	1	The expression **being hidden** is a passive verbal form. If your language would not use that form, you could express the idea in active form or in another way that would be natural in your language. Alternate translation: [And the priests kept him hidden with her in the house of Yahweh six years]
11:3	g51z		rc://*/ta/man/translate/writing-pronouns	אִתָּ⁠הּ֙	1	The pronoun **her** could refer to: (1) Joash’s aunt Jehosheba. Alternate translation: [with Jehosheba] or (2) Joash’s nurse. Alternate translation: [with his nurse]
11:3	ty89		rc://*/ta/man/translate/figs-metaphor	בֵּ֣ית יְהוָ֔ה	1	See how you translated the similar expression in [5:18](../05/18.md). Alternate translation: [in the temple of Yahweh]
11:4	zuaj		rc://*/ta/man/translate/translate-ordinal	וּ⁠בַ⁠שָּׁנָ֣ה הַ֠⁠שְּׁבִיעִית	1	If your language would not represent a number in a form such as **seventh**, you could represent this number in a form that your language would use. Alternate translation: [And in year seven] or [And in the next year]
11:4	rdip		rc://*/ta/man/translate/writing-participants	יְהוֹיָדָ֜ע	1	**Jehoiada** participates in the story for the first time here, but the author does not introduce him formally. This may be because the author assumed that his readers would know that Jehoiada was the high priest at this time. If it would be helpful to your readers, you could include this information. Alternate translation: [the high priest Jehoiada]
11:4	neru		rc://*/ta/man/translate/figs-genericnoun	לַ⁠כָּרִי֙	1	The author is not referring to a specific **Carite**. He means the Carites in general. If it would be helpful to your readers, you could use an expression that would be more natural in your language. Alternate translation: [of the Carites]
11:4	ncyl		rc://*/ta/man/translate/translate-names	לַ⁠כָּרִי֙	1	The word **Carite** could be: (1) a shorter form of the name “Cherethite,” describing a member of the royal bodyguard that is mentioned several times in 2 Samuel and 1 Kings. Alternate translation: [of the Cherethites] or (2) the name of a people group whose soldiers the kings of Judah hired as palace guards. Alternate translation: [of the Carite guards]
11:4	uoam		rc://*/ta/man/translate/translate-unknown	וְ⁠לָ֣⁠רָצִ֔ים	1	See how you decided to translate this term in [10:25](../10/25.md).
11:4	rkei		rc://*/ta/man/translate/figs-idiom	וַ⁠יִּכְרֹת֩ & בְּרִ֜ית	1	The author is using **cut a covenant** as a common expression of his culture to mean “made a covenant.” If this phrase does not have that meaning in your language, you could use a comparable expression from your language that does have that meaning, or you could state the meaning plainly. If you have already translated the book of 1 Kings, see how you translated the same expression in [1 Kings 5:12](../1ki/05/12.md). Alternate translation: [And he made a covenant]
11:5	sgxe		rc://*/ta/man/translate/translate-fraction	הַ⁠שְּׁלִשִׁ֤ית מִ⁠כֶּם֙	1	A **third** means one part out of three equal parts.
11:5	nj41		rc://*/ta/man/translate/writing-poetry	וְ⁠שֹׁ֣מְרֵ֔י מִשְׁמֶ֖רֶת בֵּ֥ית הַ⁠מֶּֽלֶךְ	1	Jehoiada is using a construction in which a verb and its object come from the same root. You may be able to use the same construction in your language to express the meaning here. Alternatively, your language may have another way of saying this. Alternate translation: [will securely guard the royal palace]
11:6	ni64		rc://*/ta/man/translate/figs-explicit	בְּ⁠שַׁ֣עַר ס֔וּר	1	The **gate of Sur** is mentioned only here in the Bible, so interpreters are not certain what this name means. Some understand it to be one of the gates of the palace courtyard, perhaps a side exit. If it would be helpful to your readers, you could suggest this meaning. However, it might be simplest to use the name of the gate without describing it, as the UST does. Alternate translation: [shall be at the side gate of the palace courtyard]
11:6	xfkk		rc://*/ta/man/translate/figs-explicit	בַּ⁠שַּׁ֖עַר אַחַ֣ר הָ⁠רָצִ֑ים	1	This expression seems to describe a gate that the palace guards stood in front of, so it was probably the main gate of the palace courtyard. You could indicate this explicitly in your translation if that would be helpful to your readers. Alternate translation: [shall be at the main gate of the palace courtyard]
11:7	y3gb		rc://*/ta/man/translate/figs-explicit	וּ⁠שְׁתֵּ֤י הַ⁠יָּדוֹת֙ בָּ⁠כֶ֔ם כֹּ֖ל יֹצְאֵ֣י הַ⁠שַּׁבָּ֑ת	1	In this context, the word **hands** refers to divisions of armed men. Alternate translation: [and the two contingents of all of you who are going off duty on the Sabbath]
11:7	ndj1		rc://*/ta/man/translate/writing-poetry	וְ⁠שָֽׁמְר֛וּ אֶת־מִשְׁמֶ֥רֶת בֵּית־יְהוָ֖ה אֶל־הַ⁠מֶּֽלֶךְ	1	To translate the expression **keep the keeping** here, see how you translated the similar expression in the previous verse. Alternate translation: [even they shall securely guard the temple of Yahweh to protect the king]
11:8	uw51		rc://*/ta/man/translate/figs-idiom	אִ֚ישׁ וְ⁠כֵלָ֣י⁠ו בְּ⁠יָד֔⁠וֹ	1	See how you translated the similar expression in [3:23](../03/23.md). Alternate translation: [each of you with his weapons in his hand]
11:8	ygq7		rc://*/ta/man/translate/figs-activepassive	וְ⁠הַ⁠בָּ֥א אֶל־הַ⁠שְּׂדֵר֖וֹת יוּמָ֑ת	1	The expression **shall be killed** is a passive verbal form. If your language would not use that form, you could express the idea in active form or in another way that would be natural in your language. Alternate translation: [and you shall kill anyone coming to the ranks]
11:8	v9dq		rc://*/ta/man/translate/figs-merism	בְּ⁠צֵאת֥⁠וֹ וּ⁠בְ⁠בֹאֽ⁠וֹ	1	Jehoiada is referring to all of the king’s potential movements by naming two basic directions, **when he goes out** and **when he comes in**. If it would be helpful in your language, you could use an equivalent expression or plain language. Alternate translation: [everywhere he goes]
11:11	aek6		rc://*/ta/man/translate/figs-explicit	לַ⁠מִּזְבֵּ֖חַ וְ⁠לַ⁠בָּ֑יִת	1	By **to the altar and to the house**, the author means that the **altar** in the temple courtyard was on one side of these guards and the **house** or temple was on the other side of them. In other words, they were standing between the temple and the altar in its courtyard. Alternate translation: [between the courtyard altar and the temple]
11:11	f7mv		rc://*/ta/man/translate/figs-explicit	עַל־הַ⁠מֶּ֖לֶךְ סָבִֽיב	1	Since the king was inside the temple while the guards were outside the temple, the guards were not actually standing **around** the king. The author means that they were protecting the entire approach to the temple where the king was. Alternate translation: [protecting the king]
11:12	tbym		rc://*/ta/man/translate/writing-pronouns	וַ⁠יּוֹצִ֣א	1	The pronoun **he** refers to Jehoiada. It may be helpful to clarify this for your readers. Alternate translation: [And Jehoiada brought out]
11:12	esc3		rc://*/ta/man/translate/figs-ellipsis	וְ⁠אֶת־הָ֣⁠עֵד֔וּת	1	The author is leaving out some of the words that in many languages a sentence would need in order to be complete. You can supply these words from the context if that would be clearer in your language. Alternate translation: [and he gave him the testimony]
11:12	apwe		rc://*/ta/man/translate/translate-symaction	וְ⁠אֶת־הָ֣⁠עֵד֔וּת	1	Giving the new king Joash **the testimony**, that is, a copy of the law of Moses (or at least some part of it, such as the laws for kings) was a symbolic action that indicated the obligation Joash had to govern according to Yahweh’s commands and covenant. If it would be helpful to your readers, you could explain the significance of this action in the text or in a footnote.
11:12	shsr		rc://*/ta/man/translate/figs-events	וַ⁠יַּמְלִ֥כוּ אֹת֖⁠וֹ וַ⁠יִּמְשָׁחֻ֑⁠הוּ	1	The author is describing one event before describing another event that preceded it. If it would be helpful your language, you may wish to relate these events in the order in which they happened. Alternate translation: [and they anointed him and made him the king]
11:12	eacn		rc://*/ta/man/translate/translate-symaction	וַ⁠יַּכּוּ־כָ֔ף	1	This expression means that the people clapped their hands together or applauded. This was a symbolic action by which they showed their approval of Joash becoming king and their acceptance of him as their ruler. If it would be helpful to your readers, you could explain the significance of this action in the text or in a footnote. Alternate translation: [And they clapped their hands to show that they approved of Joash becoming king]
11:12	h5ec		rc://*/ta/man/translate/writing-politeness	יְחִ֥י הַ⁠מֶּֽלֶךְ	1	The people were saluting Joash with the courteous expression that people in this culture used to wish a ruler a long and prosperous reign. Your language may have a comparable expression that you can use in your translation. If you have already translated the book of 1 Kings, see how you translated the similar expression in [1 Kings 1:25](../1ki/01/25.md). Alternate translation: [Long live the king]
11:14	enos		rc://*/ta/man/translate/figs-metaphor	וְ⁠הִנֵּ֣ה	1	See how you translated the similar expression in [1:9](../01/09.md).
11:14	uw52		rc://*/ta/man/translate/translate-symaction	הַ⁠מֶּלֶךְ֩ עֹמֵ֨ד עַֽל־הָ⁠עַמּ֜וּד כַּ⁠מִּשְׁפָּ֗ט	1	It appears from the text that **standing by the pillar** (meaning a certain one of the pillars on the temple porch) was a **custom** or symbolic action by which a new king showed that he would be loyal to Yahweh. (What the later king Josiah did in [23:2](../23/02.md) supports this understanding.) If it would be helpful to your readers, you could explain the significance of this action in the text or in a footnote. Alternate translation: [the king was standing by the pillar, according to the custom by which new kings expressed their loyalty to Yahweh]
11:14	ivft		rc://*/ta/man/translate/translate-symaction	וַ⁠תִּקְרַ֤ע עֲתַלְיָה֙ אֶת־בְּגָדֶ֔י⁠הָ	1	See how you described the significance of this action in [2:12](../02/12.md).
11:14	dswp		rc://*/ta/man/translate/figs-reduplication	קֶ֥שֶׁר קָֽשֶׁר	1	Athaliah is repeating the word **Conspiracy** in order to intensify her expression of the idea she wishes to convey. If your language can repeat phrases for intensification, it would be appropriate to do that here in your translation. If not, your language may have another way of expressing the intensification. The UST models one way to do that.
11:15	l54l		rc://*/ta/man/translate/figs-metaphor	אֶל־מִ⁠בֵּ֣ית & בֵּ֥ית יְהוָֽה	1	While the word **house** means “temple” in this verse, as it does throughout this account (except in the case of the phrase “the house of the king”), Athaliah would not have gone inside the temple building. So it means more generally the temple precincts, including its courtyard. Alternate translation: [from the temple area … in the area of Yahweh’s temple]
11:15	y1ky		rc://*/ta/man/translate/grammar-connect-words-phrases	כִּ֚י אָמַ֣ר הַ⁠כֹּהֵ֔ן	1	Here the word **For** may introduce an explanation of why Jehoiada gave this order. In that case, the word **said** may mean that Jehoiada said this to himself, in other words, that he thought it. Alternate translation: [Jehoiada gave this order because he was thinking]
11:15	r3no		rc://*/ta/man/translate/figs-activepassive	אַל־תּוּמַ֖ת	1	The expression **Let her not be killed** contains a passive verbal form. If your language would not use that form, you could express the idea in active form or in another way that would be natural in your language. Alternate translation: [Do not kill her]
11:16	xgj4		rc://*/ta/man/translate/figs-idiom	וַ⁠יָּשִׂ֤מוּ לָ⁠הּ֙ יָדַ֔יִם	1	The author is using **they put two hands to her** as a common expression of his culture. It could mean: (1) that the soldiers made a clearing in the crowd so that Athaliah would have room on both sides to walk from the temple area back to the palace. Alternate translation: [And the soldiers cleared the way on both sides] or (2) that the soldiers physically seized her to arrest her. Alternate translation: [And the soldiers laid hands on her] or [And the soldiers arrested her]
11:16	jta0		rc://*/ta/man/translate/figs-activepassive	וַ⁠תּוּמַ֖ת שָֽׁם	1	The expression **was killed** is a passive verbal form. If your language would not use that form, you could express the idea in active form or in another way that would be natural in your language. Alternate translation: [and the soldiers killed her there]
11:17	pzdv		rc://*/ta/man/translate/figs-idiom	וַ⁠יִּכְרֹ֨ת יְהוֹיָדָ֜ע אֶֽת־הַ⁠בְּרִ֗ית	1	See how you translated the similar expression in [11:4](../11/04.md). Alternate translation: [And Jehoiada made a covenant]
11:18	aq95		rc://*/ta/man/translate/figs-metonymy	לִ⁠פְנֵ֣י	1	See how you translated the similar expression in [4:12](../04/12.md). Alternate translation: [in front of]
11:19	g7md		rc://*/ta/man/translate/writing-pronouns	וַ⁠יִּקַּ֣ח	1	The pronoun **he** refers to Jehoiada. It may be helpful to clarify this for your readers. Alternate translation: [And Jehoiada took] or [And Jehoiada led]
11:19	du56		rc://*/ta/man/translate/translate-names	וְ⁠אֶת־הַ⁠כָּרִ֨י	1	See how you translated this name in [11:4](../11/04.md). Alternate translation: [and the Cherethites] or [and the Carite guards]
11:19	t2c6		rc://*/ta/man/translate/figs-explicitinfo	וַ⁠יֹּרִ֤ידוּ אֶת־הַ⁠מֶּ֨לֶךְ֙	1	See how you translated the similar expression “go up” in [1:3](../01/03.md). Alternate translation: [and they brought the king]
11:20	cv1f		rc://*/ta/man/translate/figs-quotesinquotes	וַ⁠יִּשְׂמַ֥ח כָּל־עַם־הָ⁠אָ֖רֶץ וְ⁠הָ⁠עִ֣יר שָׁקָ֑טָה וְ⁠אֶת־עֲתַלְיָ֛הוּ הֵמִ֥יתוּ בַ⁠חֶ֖רֶב בֵּ֥ית מלך	1	If it would be clearer in your language, you could translate this so that there is not a quotation within a quotation. Alternate translation: [And because they had killed Athaliah with the sword at the house of the king, all of the people of the land rejoiced, and the city was quiet]
11:20	l6z9		rc://*/ta/man/translate/figs-hyperbole	וַ⁠יִּשְׂמַ֥ח כָּל־עַם־הָ⁠אָ֖רֶץ	1	The author is saying **all of the people** as a generalization for emphasis. If it would be helpful in your language, you could use a different way to express the emphasis. Alternate translation: [And people throughout the land rejoiced]
11:21	kqse		rc://*/ta/man/translate/figs-idiom	בֶּן־שֶׁ֥בַע שָׁנִ֖ים יְהוֹאָ֥שׁ	1	See how you translated the similar expression in [8:17](../08/17.md). Alternate translation: [Joash was seven years old]
12:intro	abcc				0	# 2 Kings 12 Introduction\n\n## Structure and Formatting\n\nThis chapter continues the story of King Joash of Judah. It tells how he ensured that the temple of Yahweh was repaired and maintained.
12:1	m9fa		rc://*/ta/man/translate/writing-participants	בִּ⁠שְׁנַת־שֶׁ֤בַע לְ⁠יֵהוּא֙ מָלַ֣ךְ יְהוֹאָ֔שׁ וְ⁠אַרְבָּעִ֣ים שָׁנָ֔ה מָלַ֖ךְ בִּ⁠ירֽוּשָׁלִָ֑ם וְ⁠שֵׁ֣ם אִמּ֔⁠וֹ צִבְיָ֖ה מִ⁠בְּאֵ֥ר שָֽׁבַע	1	In this verse and the next two verses, the author is introducing **Joash** as a participant in the story as the new king of Judah. To translate this verse, see how you translated the similar expressions in [8:16](../08/16.md).
12:1	h0uh		rc://*/ta/man/translate/translate-ordinal	בִּ⁠שְׁנַת־שֶׁ֤בַע לְ⁠יֵהוּא֙	1	If your language would not represent a number in a form such as **seven**, you could represent this number in a form that your language would use. Alternate translation: [In the seventh year of Jehu’s reign]
12:1	uw53		rc://*/ta/man/translate/figs-ellipsis	צִבְיָ֖ה מִ⁠בְּאֵ֥ר שָֽׁבַע	1	The author is leaving out some of the words that in many languages a sentence would need in order to be complete. You can supply these words from the context if that would be clearer in your language. Alternate translation: [was Zibiah, and she was from Beersheba]
12:2	z1e7		rc://*/ta/man/translate/grammar-connect-logic-result	וַ⁠יַּ֨עַשׂ יְהוֹאָ֧שׁ הַ⁠יָּשָׁ֛ר בְּ⁠עֵינֵ֥י יְהוָ֖ה כָּל־יָמָ֑י⁠ו אֲשֶׁ֣ר הוֹרָ֔⁠הוּ יְהוֹיָדָ֖ע הַ⁠כֹּהֵֽן	1	If it would be more natural in your language, you could reverse the order of these phrases, since the second phrase gives the reason for the result that the first phrase describes. Alternate translation: [And because Jehoiada the priest instructed him, Joash did right in the eyes of Yahweh all of his days]
12:2	gxzc		rc://*/ta/man/translate/figs-idiom	הַ⁠יָּשָׁ֛ר בְּ⁠עֵינֵ֥י יְהוָ֖ה	1	See how you translated the similar expression in [1:13](../01/13.md). Alternate translation: [what Yahweh considered to be right]
12:3	h3am		rc://*/ta/man/translate/writing-pronouns	הַ⁠בָּמ֖וֹת לֹא־סָ֑רוּ	1	The author is using the pronoun **they** in a general sense, not to refer to specific people. Use an expression for this that would be natural in your language. Alternate translation: [the high places were not removed]
12:4	r5p2		rc://*/ta/man/translate/figs-activepassive	אֲשֶׁר־יוּבָ֤א	1	The expression **is brought** is a passive verbal form. If your language would not use that form, you could express the idea in active form or in another way that would be natural in your language. Alternate translation: [that people bring]
12:4	lygn		rc://*/ta/man/translate/figs-metaphor	בֵית־יְהוָה֙	1	See how you translated the similar expression in [5:18](../05/18.md). Alternate translation: [into the temple of Yahweh]
12:4	yc23		rc://*/ta/man/translate/figs-idiom	כֶּ֣סֶף עוֹבֵ֔ר אִ֕ישׁ	1	Joash is using **the silver passing over a man** as a common expression of his culture to mean the money that each Israelite male would pay during a census for the maintenance of the temple. (This was commanded in the law of Moses in [Exodus 30:11–16](../../exo/30/11.md) and originally supported the worship in the tabernacle.) If this phrase does not have that meaning in your language, you could use a comparable expression from your language that does have that meaning, or you could state the meaning plainly. Alternate translation: [the silver collected during a census] or [census money]
12:4	wjwt		rc://*/ta/man/translate/figs-explicit	כֶּ֥סֶף נַפְשׁ֖וֹת עֶרְכּ֑⁠וֹ	1	Joash is referring to **silver** that someone would pay to redeem a person or animal that he had dedicated to Yahweh, as described in [Leviticus 27:1–13](../../lev/27/01.md). You could indicate this explicitly in your translation if that would be helpful to your readers. Alternate translation: [silver paid to redeem people or animals dedicated to Yahweh]
12:4	ozks		rc://*/ta/man/translate/figs-metaphor	כָּל־כֶּ֗סֶף אֲשֶׁ֤ר יַֽעֲלֶה֙ עַ֣ל לֶב־אִ֔ישׁ לְ⁠הָבִ֖יא בֵּ֥ית יְהוָֽה	1	Joash is speaking as if **silver** could actually go **up onto the heart of a man**. He is using the heart to represent a person’s desires. If it would be helpful in your language, you could state the meaning plainly. Alternate translation: [all of the silver that a person desired to bring into the temple of Yahweh]
12:5	uw54		rc://*/ta/man/translate/figs-idiom	אִ֖ישׁ מֵ⁠אֵ֣ת מַכָּר֑⁠וֹ	1	See how you translated the similar expression in [3:23](../03/23.md). Alternate translation: [each of you from his acquaintances]
12:5	gk0b		rc://*/ta/man/translate/figs-explicitinfo	אֲשֶׁר־יִמָּצֵ֥א שָׁ֖ם בָּֽדֶק	1	It might seem that this expression contains extra information that would not be natural to express in your language. If so, you can shorten it. Alternate translation: [where damage is found]
12:5	csvz		rc://*/ta/man/translate/figs-activepassive	אֲשֶׁר־יִמָּצֵ֥א שָׁ֖ם בָּֽדֶק	1	The expression **is found** is a passive verbal form. If your language would not use that form, you could express the idea in active form or in another way that would be natural in your language. Alternate translation: [where they find damage]
12:6	su7g		rc://*/ta/man/translate/writing-newevent	וַ⁠יְהִ֗י	1	The author is using this phrase to introduce a new development within this event. See how you translated the same phrase in [2:9](../02/09.md).
12:6	eyc3		rc://*/ta/man/translate/translate-ordinal	בִּ⁠שְׁנַ֨ת עֶשְׂרִ֧ים וְ⁠שָׁלֹ֛שׁ שָׁנָ֖ה לַ⁠מֶּ֣לֶךְ יְהוֹאָ֑שׁ	1	See how you translated the similar expression in [8:25](../08/25.md). Alternate translation: [And in the twenty-third year of King Joash]
12:7	c77o		rc://*/ta/man/translate/figs-rquestion	מַדּ֛וּעַ אֵינְ⁠כֶ֥ם מְחַזְּקִ֖ים אֶת־בֶּ֣דֶק הַ⁠בָּ֑יִת	1	King Joash is using the question form to express frustration and to rebuke the priests for their failure to repair the temple. If a speaker of your language would not use the question form for that purpose, you could translate this as a statement or as an exclamation. Alternate translation: [You have not been successful in strengthening the damage of the house.]
12:7	dowq		rc://*/ta/man/translate/grammar-connect-words-phrases	וְ⁠עַתָּ֗ה	1	**And now** was an expression that speakers in this culture commonly used to introduce an important point such as the implications of what they were just saying. Your language may have a comparable expression that you can use in your translation. See how you translated this expression in [3:23](../03/23.md).
12:9	m2b4		rc://*/ta/man/translate/figs-gendernotations	אִישׁ֙	1	Here the masculine term **man** has a generic sense that includes both men and women. If it would be helpful to your readers, you could use language in your translation that is clearly inclusive of both men and women. Alternate translation: [a person]
12:9	sxjq		rc://*/ta/man/translate/figs-activepassive	הַ⁠מּוּבָ֥א	1	The expression **brought** is a passive verbal form. If your language would not use that form, you could express the idea in active form or in another way that would be natural in your language. Alternate translation: [that he brought]
12:10	q0iq		rc://*/ta/man/translate/figs-activepassive	הַ⁠נִּמְצָ֥א	1	See how you translated the similar expression in [12:5](../12/05.md). Alternate translation: [that they found]
12:11	zdg7		rc://*/ta/man/translate/figs-activepassive	הַֽ⁠מְתֻכָּ֔ן	1	The expression **was weighed** is a passive verbal form. If your language would not use that form, you could express the idea in active form or in another way that would be natural in your language. Alternate translation: [that they had weighed]
12:11	z4s6		rc://*/ta/man/translate/figs-metonymy	עַל־יד	1	See how you translated the similar expression in [5:5](../05/05.md). Alternate translation: [into the custody of]
12:11	z7x1		rc://*/ta/man/translate/figs-activepassive	ה⁠פקדים	1	The expression **appointed** is a passive verbal form. If your language would not use that form, you could express the idea in active form or in another way that would be natural in your language. Alternate translation: [the ones whom the king and high priest had appointed]
12:12	oj0n		rc://*/ta/man/translate/figs-idiom	וּ⁠לְ⁠כֹ֛ל אֲשֶׁר־יֵצֵ֥א עַל־הַ⁠בַּ֖יִת לְ⁠חָזְקָֽה	1	The author is using **everything that came out** as a common expression of his culture to describe further needs that were discovered in the process of making repairs to the temple. If this phrase does not have that meaning in your language, you could use a comparable expression from your language that does have that meaning, or you could state the meaning plainly. Alternate translation: [and for anything else that came up as they were repairing the temple] or [and for further needs that were discovered in the process of making repairs to the temple]
12:12	uw55		rc://*/ta/man/translate/figs-possession	וְ⁠אַבְנֵ֣י מַחְצֵ֔ב	1	The author is using the possessive form to describe **stones** that were characterized by **hewing**. If a speaker of your language would not use the possessive form for this, you could express this idea in another way. If you have already translated the book of 1 Kings, see how you translated the similar expression in [1 Kings 5:17](../1ki/05/17.md). Alternate translation: [and stones that workers had cut into shape]
12:13	b3ex		rc://*/ta/man/translate/grammar-connect-logic-result	אַךְ֩ לֹ֨א יֵעָשֶׂ֜ה בֵּ֣ית יְהוָ֗ה סִפּ֥וֹת כֶּ֨סֶף֙ מְזַמְּר֤וֹת מִזְרָקוֹת֙ חֲצֹ֣צְר֔וֹת כָּל־כְּלִ֥י זָהָ֖ב וּ⁠כְלִי־כָ֑סֶף מִן־הַ⁠כֶּ֖סֶף הַ⁠מּוּבָ֥א בֵית־יְהוָֽה	1	If it would be more natural in your language, you could you could combine this verse and the first sentence of the next verse into a verse bridge in which that sentence comes first, since that sentence gives the reason for the result that this verse describes. Alternate translation: [However, since they gave the silver brought to the house of Yahweh to the people doing the work, that silver was not used to make bowls of silver, snuffers, basins, trumpets, or any or articles of gold or articles of silver for the house of Yahweh]
12:13	xlqq		rc://*/ta/man/translate/figs-activepassive	לֹ֨א יֵעָשֶׂ֜ה & סִפּ֥וֹת כֶּ֨סֶף֙ מְזַמְּר֤וֹת מִזְרָקוֹת֙ חֲצֹ֣צְר֔וֹת כָּל־כְּלִ֥י זָהָ֖ב וּ⁠כְלִי־כָ֑סֶף	1	The expression **were not made** contains a passive verbal form. If your language would not use that form, you could express the idea in active form or in another way that would be natural in your language. Alternate translation: [the workers did not make bowls of silver, snuffers, basins, trumpets, or any other articles of gold or articles of silver]
12:13	eyrz		rc://*/ta/man/translate/figs-activepassive	הַ⁠מּוּבָ֥א	1	See how you translated the similar expression in [12:9](../12/09.md). Alternate translation: [that people brought]
12:15	kmbu		rc://*/ta/man/translate/grammar-connect-logic-result	וְ⁠לֹ֧א יְחַשְּׁב֣וּ אֶת־הָ⁠אֲנָשִׁ֗ים אֲשֶׁ֨ר יִתְּנ֤וּ אֶת־הַ⁠כֶּ֨סֶף֙ עַל־יָדָ֔⁠ם לָ⁠תֵ֖ת לְ⁠עֹשֵׂ֣י הַ⁠מְּלָאכָ֑ה כִּ֥י בֶ⁠אֱמֻנָ֖ה הֵ֥ם עֹשִֽׂים	1	If it would be more natural in your language, you could reverse the order of these phrases, since the second phrase gives the reason for the result that the first phrase describes. Alternate translation: [And because the men into whose hand they gave the silver to give to the doers of the work were acting in faithfulness, they did not reckon with them]
12:15	qjmh		rc://*/ta/man/translate/figs-metonymy	אֲשֶׁ֨ר & עַל־יָדָ֔⁠ם	1	See how you translated the similar expression in [12:11](../12/11.md). Alternate translation: [into whose custody]
12:15	kimr		rc://*/ta/man/translate/grammar-collectivenouns	אֲשֶׁ֨ר & עַל־יָדָ֔⁠ם	1	In this verse, the word **hand** is singular in form, but it refers to the hands of all of the men who had been appointed to supervise the work. If you decide to keep the image of a **hand** that represents custody, if it would be helpful in your language, you could use the plural form of the word. Alternate translation: [into whose hands]
12:15	rppt		rc://*/ta/man/translate/figs-abstractnouns	בֶ⁠אֱמֻנָ֖ה	1	If your language does not use an abstract noun for the idea of **faithfulness**, you could express the same idea in another way. Alternate translation: [faithfully]
12:16	yflx		rc://*/ta/man/translate/figs-activepassive	כֶּ֤סֶף אָשָׁם֙ וְ⁠כֶ֣סֶף חַטָּא֔וֹת לֹ֥א יוּבָ֖א בֵּ֣ית יְהוָ֑ה	1	The expression **was not brought** contains a passive verbal form. If your language would not use that form, you could express the idea in active form or in another way that would be natural in your language. Alternate translation: [The priests did not bring the silver of the guilt offering and the silver of the sin offerings into the house of Yahweh]
12:16	yvtl		rc://*/ta/man/translate/translate-plural	לַ⁠כֹּהֲנִ֖ים יִהְיֽוּ	1	If it would be more natural in your language, you could use a singular form for this expression, since it refers to the **silver** described in the previous sentence. Alternate translation: [It was to the priests] or [It belonged to the priests]
12:17	uyw0		rc://*/ta/man/translate/writing-newevent	אָ֣ז	1	The author is using the term **Then** to introduce a new event in the story. Use a word, phrase, or other method in your language that is natural for introducing a new event.
12:17	y5wj		rc://*/ta/man/translate/figs-explicitinfo	יַעֲלֶ֗ה & לַ⁠עֲל֖וֹת	1	See how you translated the similar expression in [1:3](../01/03.md). Alternate translation: [went … to go]
12:17	ptaz		rc://*/ta/man/translate/figs-idiom	וַ⁠יָּ֤שֶׂם חֲזָאֵל֙ פָּנָ֔י⁠ו	1	The author is using **set his face** as a common expression of his culture to mean “determined.” If this phrase does not have that meaning in your language, you could use a comparable expression from your language that does have that meaning, or you could state the meaning plainly. Alternate translation: [And Hazael determined] or [And Hazael resolved]
12:18	v8a1		rc://*/ta/man/translate/figs-metaphor	אֲבֹתָ֜י⁠ו	1	See how you translated the similar expression in [8:24](../08/24.md). Alternate translation: [his ancestors]
12:18	cwx9		rc://*/ta/man/translate/figs-idiom	וְ⁠אֵ֣ת כָּל־הַ⁠זָּהָ֗ב הַ⁠נִּמְצָ֛א	1	The author is using the term **found** in a way characteristic of his language and culture to mean that this **gold** could be found, that is, that it was present in the **treasuries** of the temple and palace. If it would be helpful in your language, you could state the meaning plainly. Alternate translation: [and all of the gold that was]
12:19	a0l7		rc://*/ta/man/translate/writing-endofstory	וְ⁠יֶ֛תֶר דִּבְרֵ֥י יוֹאָ֖שׁ וְ⁠כָל־אֲשֶׁ֣ר עָשָׂ֑ה הֲ⁠לוֹא־הֵ֣ם כְּתוּבִ֗ים עַל־סֵ֛פֶר דִּבְרֵ֥י הַ⁠יָּמִ֖ים לְ⁠מַלְכֵ֥י יְהוּדָֽה	1	In this verse and the next two verses, the author is concluding the story of Joash. To translate this verse, see how you translated the similar phrases in [1:18](../01/18.md).
12:20	chzd		rc://*/ta/man/translate/figs-explicit	וַ⁠יָּקֻ֥מוּ עֲבָדָ֖י⁠ו	1	See how you translated the similar expression in [3:24](../03/24.md). Alternate translation: [And his servants took action]
12:20	uexx		rc://*/ta/man/translate/writing-poetry	וַ⁠יִּקְשְׁרֽוּ־קָ֑שֶׁר	1	The author is using a construction in which a verb and its object come from the same root. You may be able to use the same construction in your language to express the meaning here. Alternatively, your language may have another way of saying this. Alternate translation: [and they formed a conspiracy]
12:20	xy2v		rc://*/ta/man/translate/figs-explicit	וַ⁠יַּכּוּ֙	1	See how you translated the similar expression in [3:24](../03/24.md). Alternate translation: [and they attacked]
12:21	gqi0		rc://*/ta/man/translate/writing-pronouns	וִ⁠יהוֹזָבָ֨ד & וַ⁠יִּקְבְּר֥וּ אֹת֛⁠וֹ	1	Here the author is using the pronoun **they** in a general sense, not to refer to specific people. Use an expression for this that would be natural in your language. Alternate translation: [and people buried him] or [and he was buried]
12:21	ddnj		rc://*/ta/man/translate/figs-metaphor	עִם־אֲבֹתָ֖י⁠ו	1	See how you translated the similar expression in [8:24](../08/24.md). Alternate translation: [with his ancestors] or [in the same place where people had buried his ancestors]
13:intro	abcd				0	# 2 Kings 13 Introduction\n\n## Structure and Formatting\n\nIn this chapter, the author continues to tell what the kings were like who ruled over the kingdoms of Israel and Judah.\n\n  1. King Jehoahaz of Israel (1–9)\n  2. King Jehoash of Israel (10–25)\n\nThe author formally concludes a brief account of the reign of King Jehoash of Israel in 13:10–11. However, after telling the story of the end of Elisha’s life, he gives further details of the reign of Jehoash in 13:22–14:14, and he formally concludes his reign again in 14:15–16. So within the overall outline of the book, the story of the end of Elisha’s life takes place within a special kind of time, a sacred time outside the reigns of kings, just like the story of the end of Elijah’s life in 2:1–18.\n\n## Religious and Cultural Concepts in This Chapter\n\n### Who was the “savior” whom Yahweh gave to Israel?\n\nIn 13:4–5, after the author has introduced Jehoahaz as the next king of Israel, he says that when Yahweh “saw the oppression of Israel,” he “gave to Israel a savior,” that is, someone to deliver them from their enemies. Since he then describes how badly the Arameans defeated Jehoahaz, he probably does not mean that Jehoahaz was this savior. Rather, he is most likely looking ahead to the story of Jehoash in 13:14–19, in which Elisha promises Jehoash victories over the Arameans and he wins a few such victories. The author is probably looking ahead even more so to the story of Jeroboam, the son of Jehoash, in 14:23–29. There the author describes how Jeroboam won back much territory that the Israelites had lost and says that Yahweh “saved” them through the actions of Jeroboam, using a verb from the same root as “savior.”
13:1	v84p		rc://*/ta/man/translate/writing-participants	בִּ⁠שְׁנַ֨ת עֶשְׂרִ֤ים וְ⁠שָׁלֹשׁ֙ שָׁנָ֔ה לְ⁠יוֹאָ֥שׁ בֶּן־אֲחַזְיָ֖הוּ מֶ֣לֶךְ יְהוּדָ֑ה מָ֠לַךְ יְהוֹאָחָ֨ז בֶּן־יֵה֤וּא עַל־יִשְׂרָאֵל֙ בְּ⁠שֹׁ֣מְר֔וֹן שְׁבַ֥ע עֶשְׂרֵ֖ה שָׁנָֽה	1	In this verse and the next verse, the author is introducing **Jehoahaz** as a participant in the story as the new king of **Israel**. To translate this verse, see how you translated the similar expressions in [8:16](../08/16.md).
13:1	wmqj		rc://*/ta/man/translate/translate-ordinal	בִּ⁠שְׁנַ֨ת עֶשְׂרִ֤ים וְ⁠שָׁלֹשׁ֙ שָׁנָ֔ה לְ⁠יוֹאָ֥שׁ	1	See how you translated the similar expression in [8:25](../08/25.md). Alternate translation: [In the twenty-third year of Joash]
13:1	divu		rc://*/ta/man/translate/figs-ellipsis	שְׁבַ֥ע עֶשְׂרֵ֖ה שָׁנָֽה	1	The author is leaving out some of the words that in many languages a sentence would need in order to be complete. You can supply these words from the context if that would be clearer in your language. Alternate translation: [and he reigned for 17 years]
13:2	djka		rc://*/ta/man/translate/writing-participants	וַ⁠יַּ֥עַשׂ הָ⁠רַ֖ע בְּ⁠עֵינֵ֣י יְהוָ֑ה וַ֠⁠יֵּלֶךְ אַחַ֨ר חַטֹּ֜את יָרָבְעָ֧ם בֶּן־נְבָ֛ט אֲשֶׁר־הֶחֱטִ֥יא אֶת־יִשְׂרָאֵ֖ל לֹא־סָ֥ר מִמֶּֽ⁠נָּה	1	The author is continuing to introduce Jehoahaz. See how you translated the similar expressions in [3:3](../03/03.md) and [8:18](../08/18.md). Alternate translation: [And he did what Yahweh considered to be evil, and he committed the same sins as Jeroboam, the son of Nebat, who caused Israel to sin. He did not stop committing those sins]
13:3	th9o		rc://*/ta/man/translate/figs-idiom	וַ⁠יִּֽחַר־אַ֥ף יְהוָ֖ה בְּ⁠יִשְׂרָאֵ֑ל	1	The author is saying that the **nose** of Yahweh **burned** as a common expression of his culture to mean that Yahweh became angry. This culture used the nose to represent anger because a person who is angry breathes heavily through his nose, and his nose may become red. Your culture may also associate anger with a particular part of the body. If so, you could use an expression involving that part of the body in your translation. You could also use plain language. Alternate translation: [Then Yahweh became very angry with Israel]
13:3	j7b8		rc://*/ta/man/translate/figs-metonymy	וַֽ⁠יִּתְּנֵ֞⁠ם בְּ⁠יַ֣ד ׀ חֲזָאֵ֣ל מֶֽלֶךְ־אֲרָ֗ם וּ⁠בְ⁠יַ֛ד בֶּן־הֲדַ֥ד בֶּן־חֲזָאֵ֖ל	1	Here, **hand** represents the power and control of a person. If it would be helpful in your language, you could use an equivalent expression or state the meaning plainly. Alternate translation: [and he gave Hazael, the king of Aram, and Ben Hadad, the son of Hazael, power over them]
13:3	zt1r		rc://*/ta/man/translate/figs-metonymy	כָּל־הַ⁠יָּמִֽים	1	See how you translated the similar expression in [3:6](../03/06.md). Alternate translation: [for a long time]
13:4	oydn		rc://*/ta/man/translate/figs-synecdoche	אֶת־פְּנֵ֣י יְהוָ֑ה	1	The author is using Yahweh’s **face** to represent all of him in the act of listening to the entreaty of Jehoahaz. See how you translated the similar expression in [1:15](../01/15.md). Alternate translation: [Yahweh]
13:4	rpne		rc://*/ta/man/translate/grammar-connect-logic-result	וַ⁠יִּשְׁמַ֤ע אֵלָי⁠ו֙ יְהוָ֔ה כִּ֤י רָאָה֙ אֶת־לַ֣חַץ יִשְׂרָאֵ֔ל כִּֽי־לָחַ֥ץ אֹתָ֖⁠ם מֶ֥לֶךְ אֲרָֽם	1	If it would be more natural in your language, you could reverse the order of these phrases, since the second phrase gives the reason for the result that the first phrase describes. Alternate translation: [and since the king of Aram was oppressing them, Yahweh listened to him because he saw the oppression of Israel]
13:4	qjzz		rc://*/ta/man/translate/figs-explicit	וַ⁠יִּשְׁמַ֤ע אֵלָי⁠ו֙ יְהוָ֔ה	1	See how you translated the similar expression in [10:6](../10/06.md). Alternate translation: [and Yahweh gave him what he asked for]
13:4	rbow		rc://*/ta/man/translate/figs-possession	אֶת־לַ֣חַץ יִשְׂרָאֵ֔ל	1	The author is using the possessive form to describe **oppression** that **Israel** suffered, not oppression that Israel committed. If a speaker of your language would not use the possessive form for this, you could express this idea in another way. Alternate translation: [how Israel was being oppressed]
13:4	dpr0		rc://*/ta/man/translate/figs-metonymy	יִשְׂרָאֵ֔ל	1	See how you translated the similar expression in [1:1](../01/01.md). Alternate translation: [the Israelites]
13:5	hxo6		rc://*/ta/man/translate/figs-metaphor	וַ⁠יֵּ֣צְא֔וּ מִ⁠תַּ֖חַת יַד־אֲרָ֑ם	1	The author is speaking as if the Israelites had actually been **under** the **hand of Aram**. If it would be helpful in your language, you could state the meaning plainly. Alternate translation: [and he freed them from the power of Aram]
13:5	ygp7		rc://*/ta/man/translate/figs-metaphor	בְנֵֽי־יִשְׂרָאֵ֛ל	1	See how you translated the similar expression in [8:12](../08/12.md). Alternate translation: [the Israelites]
13:5	jkde		rc://*/ta/man/translate/figs-synecdoche	בְּ⁠אָהֳלֵי⁠הֶ֖ם	1	The author may be using one kind of home, a **tent**, to mean all kinds of homes. If it would be helpful in your language, you could state the meaning plainly. Alternate translation: [in their homes]
13:5	eqh8		rc://*/ta/man/translate/figs-idiom	כִּ⁠תְמ֥וֹל שִׁלְשֽׁוֹם	1	The author is using **as yesterday, the third day** as a common expression of their culture to mean “as in the past.” If this phrase does not have that meaning in your language, you could use a comparable expression from your language that does have that meaning, or you could state the meaning plainly. Alternate translation: [as in the past]
13:6	ma9v		rc://*/ta/man/translate/figs-metaphor	לֹֽא־סָ֜רוּ מֵ⁠חַטֹּ֧אות	1	See how you translated the similar expression in [13:2](../13/02.md). Alternate translation: [they did not stop committing the sins]
13:6	v87p		rc://*/ta/man/translate/figs-metaphor	בֵּית־יָרָבְעָ֛ם	1	See how you translated the similar expression in [8:18](../08/18.md). Alternate translation: [the dynasty of Jeroboam]
13:6	i3ld		rc://*/ta/man/translate/writing-pronouns	בָּ֣⁠הּ הָלָ֑ךְ	1	The pronoun **He** refers to the Israelite people, whom the author calls “the sons of Israel” in the previous verse. The pronoun **it** refers to **the sins of the house of Jeroboam**. Since the author uses the plural pronoun “they” to represent the Israelites in the previous sentence, and since the word “sins” is plural, it may be natural in your language to use plural pronouns here. Alternate translation: [They walked in them]
13:6	s40d		rc://*/ta/man/translate/figs-metaphor	בָּ֣⁠הּ הָלָ֑ךְ	1	See how you translated the similar expression in [13:2](../13/02.md). Alternate translation: [They committed those sins]
13:6	h68g		rc://*/ta/man/translate/figs-explicit	וְ⁠גַם֙ הָ⁠אֲשֵׁרָ֔ה עָמְדָ֖ה בְּ⁠שֹׁמְרֽוֹן	1	The author says **the Asherah** to mean a specific one, the one that King Ahab set up, as [1 Kings 16:33](../1ki/16/33.md) describes. You could indicate this explicitly in your translation if that would be helpful to your readers. Alternate translation: [and also the Asherah that King Ahab had set up remained in Samaria]
13:7	ivob		rc://*/ta/man/translate/grammar-connect-words-phrases	כִּ֣י	1	Here the word **For** introduces an explanation for what the author describes Yahweh doing in verses 4 and 5. Alternate translation: [Yahweh sent a savior to Israel because]
13:7	pe8w		rc://*/ta/man/translate/writing-pronouns	לֹא֩ הִשְׁאִ֨יר לִ⁠יהוֹאָחָ֜ז עָ֗ם כִּ֣י אִם־חֲמִשִּׁ֤ים פָּֽרָשִׁים֙ וַ⁠עֲשָׂ֣רָה רֶ֔כֶב וַ⁠עֲשֶׂ֥רֶת אֲלָפִ֖ים רַגְלִ֑י כִּ֤י אִבְּדָ⁠ם֙ מֶ֣לֶךְ אֲרָ֔ם	1	The pronoun **he** refers to **the king of Aram**. If it would be clearer in your language, you could name the king in the earlier part of the sentence and use the pronoun in the later part of the sentence. Alternate translation: [the king of Aram did not leave people to Jehoahaz except 50 horsemen and 10 chariots and 10,000 foot soldiers, for he destroyed them]
13:7	gipj		rc://*/ta/man/translate/grammar-connect-exceptions	לֹא֩ הִשְׁאִ֨יר לִ⁠יהוֹאָחָ֜ז עָ֗ם כִּ֣י אִם־חֲמִשִּׁ֤ים פָּֽרָשִׁים֙ וַ⁠עֲשָׂ֣רָה רֶ֔כֶב וַ⁠עֲשֶׂ֥רֶת אֲלָפִ֖ים רַגְלִ֑י	1	If it would appear in your language that the author was making a statement and then contradicting it, you could reword this as a positive statement. Alternate translation: [the only people he left to Jehoahaz were 50 horsemen and 10 chariots and 10,000 foot soldiers]
13:7	j8kg		rc://*/ta/man/translate/figs-explicit	עָ֗ם	1	See how you translated the similar expression in [8:21](../08/21.md). Alternate translation: [soldiers]
13:7	g7s2		rc://*/ta/man/translate/figs-metonymy	וַ⁠יְשִׂמֵ֥⁠ם כֶּֽ⁠עָפָ֖ר לָ⁠דֻֽשׁ	1	The author is using the word **threshing** to represent “trampling,” since the way people threshed grain in this culture was to have oxen trample it. Alternate translation: [and he made them like dust that people trample on]
13:7	cgjs		rc://*/ta/man/translate/figs-simile	וַ⁠יְשִׂמֵ֥⁠ם כֶּֽ⁠עָפָ֖ר לָ⁠דֻֽשׁ	1	The point of this comparison is that just as **dust** is harmless and people can step on it easily, so the king of Aram defeated Israel’s army so completely that it became harmless and easy for anyone to defeat. If it would be helpful in your language, you could make this point explicitly. Alternate translation: [and rendered them harmless] or [and rendered them completely vulnerable]
13:8	onc3		rc://*/ta/man/translate/writing-endofstory	וְ⁠יֶ֨תֶר דִּבְרֵ֧י יְהוֹאָחָ֛ז וְ⁠כָל־אֲשֶׁ֥ר עָשָׂ֖ה וּ⁠גְבוּרָת֑⁠וֹ הֲ⁠לוֹא־הֵ֣ם כְּתוּבִ֗ים עַל־סֵ֛פֶר דִּבְרֵ֥י הַ⁠יָּמִ֖ים לְ⁠מַלְכֵ֥י יִשְׂרָאֵֽל	1	In this verse and the next verse, the author is concluding the story of Jehoahaz. To translate this verse, see how you translated the similar phrases in [1:18](../01/18.md).
13:9	jsxy		rc://*/ta/man/translate/figs-euphemism	וַ⁠יִּשְׁכַּ֤ב יְהֽוֹאָחָז֙ עִם־אֲבֹתָ֔י⁠ו	1	See how you translated the same expression in [8:24](../08/24.md). Alternate translation: [And Jehoahaz passed away] or [And Jehoahaz died]
13:9	ghvg		rc://*/ta/man/translate/writing-pronouns	וַֽ⁠יִּקְבְּרֻ֖⁠הוּ	1	Here the author is using the pronoun **they** in a general sense, not to refer to specific people. Use an expression for this that would be natural in your language. Alternate translation: [and people buried him] or [and he was buried]
13:10	dome		rc://*/ta/man/translate/writing-participants	בִּ⁠שְׁנַ֨ת שְׁלֹשִׁ֤ים וָ⁠שֶׁ֨בַע֙ שָׁנָ֔ה לְ⁠יוֹאָ֖שׁ מֶ֣לֶךְ יְהוּדָ֑ה מָ֠לַךְ יְהוֹאָ֨שׁ בֶּן־יְהוֹאָחָ֤ז עַל־יִשְׂרָאֵל֙ בְּ⁠שֹׁ֣מְר֔וֹן שֵׁ֥שׁ עֶשְׂרֵ֖ה שָׁנָֽה	1	In this verse and the next verse, the author is introducing **Jehoash** as a participant in the story as the new king of **Israel**. To translate this verse, see how you translated the similar expressions in [8:25](../08/25.md).
13:10	utb9		rc://*/ta/man/translate/figs-ellipsis	שֵׁ֥שׁ עֶשְׂרֵ֖ה שָׁנָֽה	1	The author is leaving out some of the words that in many languages a sentence would need in order to be complete. You can supply these words from the context if that would be clearer in your language. Alternate translation: [and he reigned for 16 years]
13:11	jwk6		rc://*/ta/man/translate/figs-metaphor	וַ⁠יַּֽעֲשֶׂ֥ה הָ⁠רַ֖ע בְּ⁠עֵינֵ֣י יְהוָ֑ה לֹ֣א סָ֗ר מִ⁠כָּל־חַטֹּ֞אות יָרָבְעָ֧ם בֶּן־נְבָ֛ט אֲשֶׁר־הֶחֱטִ֥יא אֶת־יִשְׂרָאֵ֖ל בָּ֥⁠הּ הָלָֽךְ	1	The author is continuing to introduce Jehoash. See how you translated the similar expressions in [3:3](../03/03.md) and [8:18](../08/18.md). Alternate translation: [And he did what Yahweh considered to be evil. He committed the same sins as Jeroboam, the son of Nebat, who caused Israel to sin. He did not stop committing those sins]
13:12	n2yq		rc://*/ta/man/translate/writing-endofstory	וְ⁠יֶ֨תֶר דִּבְרֵ֤י יוֹאָשׁ֙ וְ⁠כָל־אֲשֶׁ֣ר עָשָׂ֔ה וּ⁠גְב֣וּרָת֔⁠וֹ אֲשֶׁ֣ר נִלְחַ֔ם עִ֖ם אֲמַצְיָ֣ה מֶֽלֶךְ־יְהוּדָ֑ה הֲ⁠לֽוֹא־הֵ֣ם כְּתוּבִ֗ים עַל־סֵ֛פֶר דִּבְרֵ֥י הַ⁠יָּמִ֖ים לְ⁠מַלְכֵ֥י יִשְׂרָאֵֽל	1	After giving a brief summary of the reign of Jehoash in [13:10–11](../13/10.md), the author concludes this summary here and in the next verse. However, he immediately gives a more detailed description of the reign of Jehoash in [13:14–14:14](../13/14.md), and he concludes that description in [14:15–16](../14/15.md). It would still be appropriate to translate this verse in the same way that you translated the similar phrases in [1:18](../01/18.md).
13:13	q8ts		rc://*/ta/man/translate/figs-euphemism	וַ⁠יִּשְׁכַּ֤ב יוֹאָשׁ֙ עִם־אֲבֹתָ֔י⁠ו	1	See how you translated the same expression in [8:24](../08/24.md). Alternate translation: [And Jehoash passed away] or [And Jehoash died]
13:13	pthg		rc://*/ta/man/translate/figs-metonymy	וְ⁠יָרָבְעָ֖ם יָשַׁ֣ב עַל־כִּסְא֑⁠וֹ	1	The author is using the act of sitting on a **throne** to represent becoming king. See how you translated the similar expression in [10:3](../10/03.md). Alternate translation: [and Jeroboam succeeded him as king]
13:13	k12d		rc://*/ta/man/translate/figs-activepassive	וְ⁠יָרָבְעָ֖ם & וַ⁠יִּקָּבֵ֤ר יוֹאָשׁ֙	1	The expression **was buried** is a passive verbal form. If your language would not use that form, you could express the idea in active form or in another way that is natural in your language. Alternate translation: [and people buried Jehoash]
13:14	jbec		rc://*/ta/man/translate/writing-background	וֶֽ⁠אֱלִישָׁע֙ חָלָ֣ה אֶת־חָלְי֔⁠וֹ אֲשֶׁ֥ר יָמ֖וּת בּ֑⁠וֹ	1	The author is providing background information to help readers understand what happens next in the story. In your translation, introduce this information in a way that would be natural in your own language and culture.
13:14	ceda		rc://*/ta/man/translate/figs-explicitinfo	וַ⁠יֵּ֨רֶד & יוֹאָ֣שׁ מֶֽלֶךְ־יִשְׂרָאֵ֗ל	1	See how you translated the similar expression “go up” in [1:3](../01/03.md). Alternate translation: [And Jehoash the king of Israel went]
13:14	xx23		rc://*/ta/man/translate/figs-synecdoche	וַ⁠יֵּ֤בְךְּ עַל־פָּנָי⁠ו֙	1	See how you translated the similar expression in [1:15](../01/15.md). Alternate translation: [and he wept over him]
13:14	t3c0		rc://*/ta/man/translate/writing-politeness	אָבִ֣⁠י ׀ אָבִ֔⁠י	1	Jehoash is referring to Elisha by a respectful title. Use a comparable title or expression for addressing someone respectfully in your language. Alternate translation: [O prophet, O prophet]
13:14	drya		rc://*/ta/man/translate/figs-reduplication	אָבִ֣⁠י ׀ אָבִ֔⁠י	1	Jehoash is repeating the phrase **My father** in order to intensify his expression of the idea that it conveys. If your language can repeat phrases for intensification, it would be appropriate to do that here in your translation. If not, your language may have another way of expressing the intensification. Alternate translation: [O great prophet]
13:14	mltd		rc://*/ta/man/translate/figs-metaphor	רֶ֥כֶב יִשְׂרָאֵ֖ל וּ⁠פָרָשָֽׁי⁠ו	1	Jehoash is speaking as if Elisha had actually been **chariotry** and **horsemen** defending **Israel**. He means that Elisha’s spiritual leadership, prayers, counsel, and presence provided strength and security for the kingdom. See how you translated the same expression in [2:12](../02/12.md). Alternate translation: [Israel’s mighty defender]
13:16	d5lo		rc://*/ta/man/translate/figs-idiom	הַרְכֵּ֤ב יָֽדְ⁠ךָ֙ עַל־הַ⁠קֶּ֔שֶׁת	1	Elisha is using **Make your hand ride on the bow** as a common expression of his culture to mean “Grasp the bow with your left hand.” (The context indicates that the king understood that he should also grasp the bowstring with his right hand.) If this phrase does not have that meaning in your language, you could use a comparable expression from your language that does have that meaning, or you could state the meaning plainly. Alternate translation: [Take the bow in your hands] or [Hold the bow in readiness to shoot an arrow]
13:16	ulrc		rc://*/ta/man/translate/figs-idiom	וַ⁠יַּרְכֵּ֖ב יָד֑⁠וֹ	1	The author is using the same common expression as Jehoash. Alternate translation: [And he took the bow in his hands]
13:17	ig0x		rc://*/ta/man/translate/figs-explicit	וַ⁠יֹּ֗אמֶר פְּתַ֧ח הַ⁠חַלּ֛וֹן קֵ֖דְמָ⁠ה	1	Since the king was holding the bow, the implication is that Elisha wanted the king to have a servant or attendant open the window. You could indicate this in your translation if that would be helpful to your readers. The UST models one way to do that.
13:17	or9a		rc://*/ta/man/translate/translate-symaction	וַ⁠יֹּ֗אמֶר פְּתַ֧ח הַ⁠חַלּ֛וֹן קֵ֖דְמָ⁠ה וַ⁠יִּפְתָּ֑ח וַ⁠יֹּ֤אמֶר אֱלִישָׁ֤ע יְרֵה֙ וַ⁠יּ֔וֹר וַ⁠יֹּ֗אמֶר חֵץ־תְּשׁוּעָ֤ה לַֽ⁠יהוָה֙ וְ⁠חֵ֣ץ תְּשׁוּעָ֣ה בַֽ⁠אֲרָ֔ם וְ⁠הִכִּיתָ֧ אֶת־אֲרָ֛ם בַּ⁠אֲפֵ֖ק עַד־כַּלֵּֽה	1	Having the king shoot an arrow eastward, in the direction of Aram, was a symbolic action by which Elisha represented Yahweh’s promise of victory over Aram and encouraged the king to trust that promise. Elisha placing his hands on the king’s hands symbolized how Yahweh would enable Jehoash to win that victory. If it would be helpful to your readers, you could explain the significance of this action in the text or in a footnote.
13:17	myjy		rc://*/ta/man/translate/figs-explicit	וְ⁠הִכִּיתָ֧ אֶת־אֲרָ֛ם	1	See how you translated the similar expression in [3:24](../03/24.md). Alternate translation: [And you will defeat Aram]
13:19	aaay		rc://*/ta/man/translate/figs-explicit	הִכִּ֥יתָ & תַּכֶּ֥ה	1	See how you translated the similar expression in [3:24](../03/24.md). Alternate translation: [you would have defeated … you will defeat]
13:20	s8cl		rc://*/ta/man/translate/writing-pronouns	וַֽ⁠יִּקְבְּרֻ֑⁠הוּ	1	Here the author is using the pronoun **they** in a general sense, not to refer to specific people. Use an expression for this that would be natural in your language. Alternate translation: [and people buried him] or [and he was buried]
13:20	yfsv		rc://*/ta/man/translate/writing-background	וּ⁠גְדוּדֵ֥י מוֹאָ֛ב יָבֹ֥אוּ בָ⁠אָ֖רֶץ בָּ֥א שָׁנָֽה	1	The author is providing background information to help readers understand what happens next in the story. In your translation, introduce this information in a way that would be natural in your own language and culture.
13:20	xw1a		rc://*/ta/man/translate/figs-idiom	בָּ֥א שָׁנָֽה	1	The author is using **{at} the coming {of} the year** as a common expression of his culture to mean “in the springtime.” This culture followed an agricultural year, which began at the time when it became possible to plant crops. If this phrase does not have that meaning in your language, you could use a comparable expression from your language that does have that meaning, or you could state the meaning plainly. Alternate translation: [in the springtime]
13:21	u576		rc://*/ta/man/translate/writing-newevent	וַ⁠יְהִ֞י	1	The author is using the phrase **And it happened** to introduce a new event in the story. Use a word, phrase, or other method in your language that is natural for introducing a new event.
13:21	hiyl		rc://*/ta/man/translate/writing-pronouns	הֵ֣ם ׀ קֹבְרִ֣ים אִ֗ישׁ	1	Here the author is using the pronoun **they** in a general sense, not to refer to specific people. Use an expression for this that would be natural in your language. Alternate translation: [some people were burying a man] or [a man was being buried]
13:21	qcxj		rc://*/ta/man/translate/figs-metaphor	וְ⁠הִנֵּה֙	1	See how you translated the similar expression in [1:9](../01/09.md).
13:21	nk3n		rc://*/ta/man/translate/figs-explicit	וַ⁠יֵּ֜לֶךְ וַ⁠יִּגַּ֤ע הָ⁠אִישׁ֙ בְּ⁠עַצְמ֣וֹת אֱלִישָׁ֔ע	1	Since **the man** was dead, it is not the case that he **went** anywhere on his own. In this case the author is using a verb of motion to indicate a change of location. What he means is that the man’s body came into contact with **the bones of Elisha**. You could indicate this explicitly in your translation if that would be helpful to your readers. Alternate translation: [And the man’s body came into contact with the bones of Elisha]
13:21	zmcp		rc://*/ta/man/translate/figs-metonymy	בְּ⁠עַצְמ֣וֹת אֱלִישָׁ֔ע	1	Since Elisha had only recently died, the author seems to be using his **bones** to represent all of his remains. If it would be helpful in your language, you could use an equivalent expression or plain language. Alternate translation: [Elisha’s remains]
13:21	lvze		rc://*/ta/man/translate/writing-pronouns	וַ⁠יָּ֥קָם עַל־רַגְלָֽי⁠ו	1	The pronoun **he** refers to the man, not to Elisha. It may be helpful to clarify this for your readers. Alternate translation: [that the man arose onto his feet]
13:22	s6di		rc://*/ta/man/translate/writing-background	וַֽ⁠חֲזָאֵל֙ מֶ֣לֶךְ אֲרָ֔ם לָחַ֖ץ אֶת־יִשְׂרָאֵ֑ל כֹּ֖ל יְמֵ֥י יְהוֹאָחָֽז	1	The author is providing background information to help readers understand what happens next in the story. In your translation, introduce this information in a way that would be natural in your own language and culture.
13:22	poo4		rc://*/ta/man/translate/figs-metonymy	כֹּ֖ל יְמֵ֥י יְהוֹאָחָֽז	1	The author is using **days** to represent “time,” since time is made up of days. If it would be helpful in your language, you could use an equivalent expression or plain language. Alternate translation: [during the whole time when Jehoahaz was king]
13:23	wkn6		rc://*/ta/man/translate/figs-metaphor	וַ⁠יִּ֣פֶן אֲלֵי⁠הֶ֔ם	1	The author is speaking as if Yahweh had actually **turned** to look at the Israelites. He means that Yahweh paid attention to them out of concern for them. If it would be helpful in your language, you could state the meaning plainly. Alternate translation: [and he paid attention to them out of concern for them]
13:23	gglq		rc://*/ta/man/translate/figs-metaphor	וְ⁠לֹֽא־הִשְׁלִיכָ֥⁠ם	1	The author is speaking as if Yahweh might actually have **cast** or thrown the Israelites somewhere. If it would be helpful in your language, you could state the meaning plainly. Alternate translation: [and he has not allowed anyone to take them]
13:23	rmru		rc://*/ta/man/translate/figs-metonymy	מֵֽ⁠עַל־פָּנָ֖י⁠ו	1	Here, the **face** of Yahweh represents his presence, and in this context it means specifically the land of Israel, where Yahweh was understood to be present in a special way. If it would be helpful in your language, you could use an equivalent expression or plain language. Alternate translation: [away from the land of Israel]
13:23	wl3g		rc://*/ta/man/translate/figs-explicit	עַד־עָֽתָּה	1	The author is using the term **now** to refer to the time at which he is writing. As in the case of the phrase “to this day,” translators should bear in mind that the phrase refers to a time that is now in the past. They should avoid giving the impression that it means the present day of the translation’s readers. Alternate translation: [up to the time of this writing]
13:25	fwji		rc://*/ta/man/translate/figs-hendiadys	וַ⁠יָּ֜שָׁב & וַ⁠יִּקַּ֤ח	1	The phrase **returned and took** expresses a single idea. The word **returned** tells in what way Jehoash **took** these cities. Specifically, he took them back after Hazael had taken them from his father. If it would be more natural in your language, you could express this meaning in a different way. Alternate translation: [took back] or [retook]
13:25	u462		rc://*/ta/man/translate/figs-metonymy	מִ⁠יַּד֙ בֶּן־הֲדַ֣ד & מִ⁠יַּ֛ד יְהוֹאָחָ֥ז	1	See how you translated the similar expression in [5:5](../05/05.md). Alternate translation: [from the possession of Ben-Hadad &amp; from the possession of Jehoahaz]
13:25	uw65		rc://*/ta/man/translate/translate-names	הִכָּ֣⁠הוּ יוֹאָ֔שׁ	1	Here the author calls Jehoash by a shortened form of his name, **Joash**. If you have decided to use the same names in your translation that the biblical author does in each place, you may wish to use the name Joash here. If you have decided to use the same name consistently for a given person, you may wish to use the name Jehoash here.
13:25	bqae		rc://*/ta/man/translate/figs-metonymy	הִכָּ֣⁠הוּ	1	See how you translated the similar expression in [3:24](../03/24.md). Alternate translation: [defeated him]
13:25	x5oy		rc://*/ta/man/translate/figs-metaphor	וַ⁠יָּ֖שֶׁב אֶת־עָרֵ֥י יִשְׂרָאֵֽל	1	The author is speaking as if Jehoash had actually **made** these cities **return** to Israel. If it would be helpful in your language, you could state the meaning plainly. Alternate translation: [and he established Israelite control over the cities once again]
14:intro	abce				0	# 2 Kings 14 Introduction\n\n## Structure and Formatting\n\nIn this chapter, the author continues to tell what the kings were like who ruled over the kingdoms of Israel and Judah.\n\n  1. King Amaziah of Judah (1–22)\n  2. King Jeroboam of Israel (23–29)\n\n## Religious and Cultural Concepts in This Chapter\n\n### Why did Amaziah want to fight a battle with Jehoash?\n\nIt seems that Amaziah wanted to fight a battle with Jehoash primarily because of the pride and self-confidence he felt as a result of his recent victory over the Edomites. But the challenge to Jehoash may also have been motivated in part by a desire for revenge against the Israelites. As [2 Chronicles 25:5–13](../2ch/25/05.md) describes, Amaziah hired soldiers from Israel to help him fight the Edomites. But a prophet warned Amaziah not to bring those soldiers with his army, so he sent them back to Israel. On their way home, they plundered Judean towns and killed 3,000 people. Amaziah may also have held a grudge against the family of Jehoash because his grandfather Jehu had massacred Amaziah’s ancestors. For some or all of these reasons, Amaziah challenged Jehoash to a battle to test their strength against each other. He wanted to expand the power and influence of his kingdom, and he may also have wanted to get some kind of revenge.\n\n### What does it mean that Jeroboam “brought Damascus and Hamath of Judah back into Israel” (14:28)?\n\nDamascus and Hamath were cities in Aram. David and Solomon had conquered them and made them subject to their rule. The Arameans had later recaptured them. So when the author speaks of “Damascus and Hamath of Judah,” he probably means that those cities had formerly been subjugated by kings from the tribe of Judah. When he says that Jeroboam “brought” them “back into Israel,” he means that they were once again ruled by Israelites, although this time by the northern kingdom. He does not mean that Jeroboam took these cities away from the possession of Judah and made them subject to his own rule.\n\n## Translation Issues in This Chapter\n\n### The names Jehoash and Joash\n\nIn this chapter, the author calls the son of Jehoahaz who succeeded him as king of Israel by two different names. He calls him by his full name, Jehoash, in verses 15, 16, 21, and 29. He calls him by a shortened form of his name, Joash, in verses 1, 23, and 27, as he also did in 13:25. If you have decided to use the same names in your translation that the biblical author does in each place, you may wish to use the name Joash in those verses. If you have decided to use the same name consistently for a given person, you may wish to use the name Jehoash instead.
14:1	gl6x		rc://*/ta/man/translate/writing-participants	בִּ⁠שְׁנַ֣ת שְׁתַּ֔יִם לְ⁠יוֹאָ֥שׁ בֶּן־יוֹאָחָ֖ז מֶ֣לֶךְ יִשְׂרָאֵ֑ל מָלַ֛ךְ אֲמַצְיָ֥הוּ בֶן־יוֹאָ֖שׁ מֶ֥לֶךְ יְהוּדָֽה	1	In this verse and the next two verses, the author is introducing **Amaziah** as a participant in the story as the new king of **Judah**. To translate this verse, see how you translated the similar expressions in [8:16](../08/16.md).
14:1	kyn9		rc://*/ta/man/translate/translate-ordinal	בִּ⁠שְׁנַ֣ת שְׁתַּ֔יִם לְ⁠יוֹאָ֥שׁ	1	If your language would not describe a year of a king’s reign in a form such as **the year of two**, you could represent this year in a form that your language would use. Alternate translation: [in the second year of Jehoash]
14:1	uw66		rc://*/ta/man/translate/translate-names	לְ⁠יוֹאָ֥שׁ	1	Here and in verses 23 and 27, the author calls Jehoash by a shortened form of his name, **Joash**, as he also does in [13:25](../13/25.md). See what form of the name you decided to use there, and use the same form here and in those verses.
14:2	r13a		rc://*/ta/man/translate/figs-idiom	בֶּן־עֶשְׂרִ֨ים וְ⁠חָמֵ֤שׁ שָׁנָה֙ הָיָ֣ה	1	See how you translated the similar expression in [8:17](../08/17.md). Alternate translation: [He was 25 years old]
14:2	t47x		rc://*/ta/man/translate/figs-ellipsis	יהועדין מִן־יְרוּשָׁלִָֽם	1	The author is leaving out some of the words that in many languages a sentence would need in order to be complete. You can supply these words from the context if that would be clearer in your language. Alternate translation: [was Jehoaddan, and she was from Jerusalem]
14:3	i0hw		rc://*/ta/man/translate/figs-idiom	וַ⁠יַּ֤עַשׂ הַ⁠יָּשָׁר֙ בְּ⁠עֵינֵ֣י יְהוָ֔ה	1	See how you translated the similar expression in [1:13](../01/13.md). Alternate translation: [And he did what Yahweh considered to be right]
14:3	r1vs		rc://*/ta/man/translate/figs-metaphor	אָבִ֑י⁠ו	1	See how you translated the similar expression in [8:24](../08/24.md). Alternate translation: [his ancestor]
14:4	g6j1		rc://*/ta/man/translate/figs-activepassive	הַ⁠בָּמ֖וֹת לֹא־סָ֑רוּ	1	The expression **were not removed** contains a passive verbal form. If your language would not use that form, you could express the idea in active form or in another way that would be natural in your language. Alternate translation: [he did not remove the high places]
14:5	h12f		rc://*/ta/man/translate/figs-metonymy	כַּ⁠אֲשֶׁ֛ר חָזְקָ֥ה הַ⁠מַּמְלָכָ֖ה בְּ⁠יָד֑⁠וֹ	1	See how you translated the similar expression in [3:10](../03/10.md). Alternate translation: [as soon as he had firm control of the kingdom]
14:5	y9gl		rc://*/ta/man/translate/figs-explicit	וַ⁠יַּךְ֙ & הַ⁠מַּכִּ֖ים	1	See how you translated the similar expression in [3:23](../03/23.md). Alternate translation: [that he killed … the ones having killed]
14:6	uw67		rc://*/ta/man/translate/figs-activepassive	כַּ⁠כָּת֣וּב בְּ⁠סֵ֣פֶר תּֽוֹרַת־מֹ֠שֶׁה	1	The expression **written** is a passive verbal form. If your language would not use that form, you could express the idea in active form or in another way that would be natural in your language. Alternate translation: [as Moses wrote in the book of the law]
14:6	k04t		rc://*/ta/man/translate/figs-activepassive	לֹא־יוּמְת֨וּ אָב֤וֹת עַל־בָּנִים֙ וּ⁠בָנִים֙ לֹא־יוּמְת֣וּ עַל־אָב֔וֹת כִּ֛י אִם־אִ֥ישׁ בְּ⁠חֶטְא֖⁠וֹ ימות	1	The expression **shall not be killed** contains a passive verbal form. If your language would not use that form, you could express the idea in active form or in another way that would be natural in your language. Alternate translation: [You shall not kill fathers for sons, and you shall not kill sons for fathers. Rather, you shall kill a man for his sin]
14:6	cwcc		rc://*/ta/man/translate/figs-gendernotations	אָב֤וֹת & בָּנִים֙ & אִ֥ישׁ	1	Here the masculine terms **Fathers**, **sons**, and **man** have a generic sense that includes both men and women. If it would be helpful to your readers, you could use language in your translation that is clearly inclusive of both men and women. The UST models one way to do that.
14:7	mc60		rc://*/ta/man/translate/writing-pronouns	הוּא־הִכָּ֨ה	1	The author is stating the pronoun **he** separately, even though the verb translated as **he struck** already includes this meaning. He is doing that to put focus on Amaziah as the king who led the Judean army to do this. If a speaker of your language would use an explicit pronoun for the same purpose, you may want to use that construction in your translation. If not, your language may have other ways of showing the meaning here. Alternate translation: [He was the king who struck]
14:7	y8rm		rc://*/ta/man/translate/figs-explicit	הִכָּ֨ה	1	See how you translated the similar expression in [3:24](../03/24.md). Alternate translation: [he defeated]
14:7	biw0		rc://*/ta/man/translate/figs-metonymy	אֶת־אֱד֤וֹם	1	See how you translated the similar expression in [1:1](../01/01.md). Alternate translation: [the Edomites]
14:7	vak7		rc://*/ta/man/translate/figs-ellipsis	עֲשֶׂ֣רֶת אֲלָפִ֔ים	1	The author is leaving out some of the words that in many languages a sentence would need in order to be complete. You can supply these words from the context if that would be clearer in your language. Alternate translation: [where the Israelite killed 10,000 of their soldiers]
14:7	l3l6		rc://*/ta/man/translate/figs-explicitinfo	וַ⁠יִּקְרָ֤א אֶת־שְׁמָ⁠הּ֙	1	It might seem that the expression **called its name** contains extra information that would not be natural to express in your language. If so, you can shorten it. Alternate translation: [And he called it] or [And he named it]
14:7	jtdf		rc://*/ta/man/translate/figs-explicit	עַ֖ד הַ⁠יּ֥וֹם הַ⁠זֶּֽה	1	See how you translated the similar expression in [2:22](../02/22.md). Alternate translation: [and that is still its name at the time of this writing]
14:8	mxk3		rc://*/ta/man/translate/figs-explicit	לְכָ֖⁠ה	1	Amaziah is not telling Jehoash to **Come** somewhere. He is saying **Come** to encourage him to take the action that he describes. Your language may have a comparable expression that you can use in your translation. You could also use plain language. Alternate translation: [Come on]
14:8	a7h7		rc://*/ta/man/translate/figs-idiom	נִתְרָאֶ֥ה פָנִֽים	1	Amaziah is using **let us see one another’s faces** as a common expression of his culture to mean “let us fight a battle against each other.” If this phrase does not have that meaning in your language, you could use a comparable expression from your language that does have that meaning, or you could state the meaning plainly, as the UST does. Alternate translation: [let us meet face to face] or [let us fight a battle against each other]
14:9	i1sh		rc://*/ta/man/translate/figs-parables	לֵ⁠אמֹר֒ הַ⁠ח֜וֹחַ אֲשֶׁ֣ר בַּ⁠לְּבָנ֗וֹן	1	To try to make Amaziah realize that he will lose the battle if they fight, Jehoash has his messengers tells him a story. It is a parable, a brief story that teaches something that is true and delivers its lesson in a way that is easy to understand and hard to forget. If it would be helpful to your readers, you could state explicitly that the messengers are telling a story. You could also begin this story in the way that made-up stories usually begin in your language. Alternate translation: [and he had them tell Amaziah a story to make him realize he would lose the battle if they fought. They said, “Once upon a time, a thornbush that {was} in Lebanon]
14:9	nlwm		rc://*/ta/man/translate/figs-quotesinquotes	לֵ⁠אמֹ֔ר תְּנָֽ⁠ה־אֶת־בִּתְּ⁠ךָ֥ לִ⁠בְנִ֖⁠י לְ⁠אִשָּׁ֑ה	1	If it would be clearer in your language, you could translate this so that there is not a quotation within a quotation. Alternate translation: [telling it to give its daughter to its son as a wife]
14:9	ur23		rc://*/ta/man/translate/translate-symaction	תְּנָֽ⁠ה־אֶת־בִּתְּ⁠ךָ֥ לִ⁠בְנִ֖⁠י לְ⁠אִשָּׁ֑ה	1	By making this request or demand, the thornbush was symbolically claiming to be equal to the cedar, since in the ancient world fathers would only let their daughters marry the sons of men who were their equals. if it would be helpful to your readers, you could explain the significance of this action in the text or in a footnote.
14:10	vr4g		rc://*/ta/man/translate/figs-reduplication	הַכֵּ֤ה הִכִּ֨יתָ֙	1	Jehoash is repeating forms of the verb “strike” in order to intensify his expression of the idea that it conveys. If your language can repeat words for intensification, it would be appropriate to do that here in your translation. If not, your language may have another way of expressing the intensification. Alternate translation: [Certainly you have struck]
14:10	oq2f		rc://*/ta/man/translate/figs-explicit	הַכֵּ֤ה הִכִּ֨יתָ֙	1	See how you translated the similar expression in [3:24](../03/24.md). Alternate translation: [Certainly you have defeated]
14:10	kszo		rc://*/ta/man/translate/figs-metaphor	וּֽ⁠נְשָׂאֲ⁠ךָ֖ לִבֶּ֑⁠ךָ	1	Jehoash is speaking as if Amaziah’s **heart** had actually **lifted** him up. He is using the heart to represent a person’s feelings, and he is using being lifted to a high position to mean becoming proud. If it would be helpful in your language, you could state the meaning plainly. Alternate translation: [and you are so elated that you have become proud]
14:10	y2mf		rc://*/ta/man/translate/figs-activepassive	הִכָּבֵד֙	1	The expression **Be honored** is a passive verbal form. If your language would not use that form, you could express the idea in active form or in another way that would be natural in your language. Alternate translation: [Be content with the honors that come with your victory]
14:10	ybki		rc://*/ta/man/translate/figs-explicit	וְ⁠שֵׁ֣ב בְּ⁠בֵיתֶ֔⁠ךָ	1	Jehoash assumes that Amaziah will know that by **stay in your house**, he does not mean that Amaziah should not leave his palace. He means that he should not lead his army out to war against him. You could indicate this explicitly in your translation if that would be helpful to your readers. Alternate translation: [but do not lead your army out to war against me]
14:10	wwzu		rc://*/ta/man/translate/figs-rquestion	וְ⁠לָ֤⁠מָּה תִתְגָּרֶה֙ בְּ⁠רָעָ֔ה וְ⁠נָ֣פַלְתָּ֔ה אַתָּ֖ה וִ⁠יהוּדָ֥ה עִמָּֽ⁠ךְ	1	Jehoash is using the question form to warn Amaziah and discourage him from fighting. If a speaker of your language would not use the question form for that purpose, you could translate this as a statement or as an exclamation. Alternate translation: [There is no reason for you to contend with calamity, so that you will fall, you and Judah with you!]
14:10	w32h		rc://*/ta/man/translate/figs-personification	תִתְגָּרֶה֙ בְּ⁠רָעָ֔ה	1	Jehoash is speaking of **calamity** as if it were a living thing that Amaziah could actually **contend with**. If it would be helpful in your language, you could use a comparable expression from your language that does have that meaning, or you could state the meaning plainly. Alternate translation: [why should you stir up trouble] or [why should you risk causing calamity for your kingdom]
14:10	nrez		rc://*/ta/man/translate/figs-metaphor	וְ⁠נָ֣פַלְתָּ֔ה אַתָּ֖ה וִ⁠יהוּדָ֥ה עִמָּֽ⁠ךְ	1	Jehoash is speaking as if Amaziah and Judah would actually **fall** from a height. If it would be helpful in your language, you could state the meaning plainly. Alternate translation: [so that you will be destroyed, you and Judah with you] or [so that both you and Judah will be destroyed]
14:11	hfep		rc://*/ta/man/translate/figs-explicit	וְ⁠לֹא־שָׁמַ֣ע אֲמַצְיָ֔הוּ	1	See how you translated the similar expression in [10:6](../10/06.md). Alternate translation: [But Amaziah did not do what Jehoash said]
14:11	t7c1		rc://*/ta/man/translate/figs-idiom	וַ⁠יִּתְרָא֣וּ פָנִ֔ים	1	See how you translated the similar expression in [14:8](../14/08.md). Alternate translation: [and they met face to face] or [and they fought a battle against each other]
14:12	nby0		rc://*/ta/man/translate/figs-metonymy	וַ⁠יִּנָּ֥גֶף יְהוּדָ֖ה לִ⁠פְנֵ֣י יִשְׂרָאֵ֑ל	1	See how you translated the similar expression in [3:24](../03/24.md). Alternate translation: [And Judah was struck as it opposed Israel]
14:12	trga		rc://*/ta/man/translate/figs-activepassive	וַ⁠יִּנָּ֥גֶף יְהוּדָ֖ה לִ⁠פְנֵ֣י יִשְׂרָאֵ֑ל	1	The expression **was struck** is a passive verbal form. If your language would not use that form, you could express the idea in active form or in another way that would be natural in your language. Alternate translation: [And Israel struck Judah in this conflict]
14:12	ueaz		rc://*/ta/man/translate/figs-metonymy	וַ⁠יִּנָּ֥גֶף יְהוּדָ֖ה לִ⁠פְנֵ֣י יִשְׂרָאֵ֑ל	1	See how you translated the similar expression in [3:24](../03/24.md). Alternate translation: [And Israel defeated Judah in this conflict]
14:12	z2z2		rc://*/ta/man/translate/figs-idiom	וַ⁠יָּנֻ֖סוּ אִ֥ישׁ ל⁠אהל⁠ו	1	See how you translated the similar expression in [8:21](../08/21.md). Alternate translation: [And their soldiers abandoned the army and returned home]
14:13	woum		rc://*/ta/man/translate/figs-ellipsis	אַרְבַּ֥ע מֵא֖וֹת אַמָּֽה	1	The author is leaving out some of the words that in many languages a sentence would need in order to be complete. You can supply these words from the context if that would be clearer in your language. Alternate translation: [a distance of 400 cubits]
14:13	y35l		rc://*/ta/man/translate/translate-bdistance	אַרְבַּ֥ע מֵא֖וֹת אַמָּֽה	1	These **cubits** were a unit of measurement corresponding to the distance between an average person’s elbow and middle fingertip, or about 46 centimeters or about 18 inches. If it would be helpful to your readers, you could express this length in modern measurements, either in the text of your translation or in a footnote. The UST models one way to do that.
14:14	ih4m		rc://*/ta/man/translate/figs-idiom	הַ⁠נִּמְצְאִ֣ים	1	See how you translated the similar expression in [12:18](../12/18.md). Alternate translation: [that were]
14:14	z7nv		rc://*/ta/man/translate/figs-metaphor	בֵּית־יְהוָ֗ה	1	See how you translated the similar expression in [5:18](../05/18.md). Alternate translation: [in the temple of Yahweh]
14:14	ouzq		rc://*/ta/man/translate/figs-ellipsis	וְ⁠אֵ֖ת בְּנֵ֣י הַ⁠תַּֽעֲרֻב֑וֹת	1	The author is leaving out some of the words that in many languages a sentence would need in order to be complete. You can supply these words from the context if that would be clearer in your language. Alternate translation: [and he took sons of pledges]
14:14	ocek		rc://*/ta/man/translate/figs-idiom	וְ⁠אֵ֖ת בְּנֵ֣י הַ⁠תַּֽעֲרֻב֑וֹת	1	The author is using the phrase **sons of** to indicate that these people had the characteristic of something. In this case, he means that these people had the characteristic of serving as a guarantee of **pledges** that Amaziah made not to attack Israel. See how you translated the similar expression in [2:16](../02/16.md). Alternate translation: [hostages]
14:15	iwb8		rc://*/ta/man/translate/writing-endofstory	וְ⁠יֶתֶר֩ דִּבְרֵ֨י יְהוֹאָ֜שׁ אֲשֶׁ֤ר עָשָׂה֙ וּ⁠גְב֣וּרָת֔⁠וֹ וַ⁠אֲשֶׁ֣ר נִלְחַ֔ם עִ֖ם אֲמַצְיָ֣הוּ מֶֽלֶךְ־יְהוּדָ֑ה הֲ⁠לֹא־הֵ֣ם כְּתוּבִ֗ים עַל־סֵ֛פֶר דִּבְרֵ֥י הַ⁠יָּמִ֖ים לְ⁠מַלְכֵ֥י יִשְׂרָאֵֽל	1	In this verse and the next verse, the author is concluding the story of Jehoash. To translate this verse, see how you translated the similar phrases in [1:18](../01/18.md).
14:16	od1q		rc://*/ta/man/translate/figs-euphemism	וַ⁠יִּשְׁכַּ֤ב יְהוֹאָשׁ֙ עִם־אֲבֹתָ֔י⁠ו	1	See how you translated the same expression in [8:24](../08/24.md). Alternate translation: [And Jehoash passed away] or [And Jehoash died]
14:16	ie9u		rc://*/ta/man/translate/figs-activepassive	וַ⁠יִּקָּבֵר֙	1	The expression **was buried** is a passive verbal form. If your language would not use that form, you could express the idea in active form or in another way that is natural in your language. Alternate translation: [and people buried him]
14:18	dbzl		rc://*/ta/man/translate/writing-endofstory	וְ⁠יֶ֖תֶר דִּבְרֵ֣י אֲמַצְיָ֑הוּ הֲ⁠לֹא־הֵ֣ם כְּתוּבִ֗ים עַל־סֵ֛פֶר דִּבְרֵ֥י הַ⁠יָּמִ֖ים לְ⁠מַלְכֵ֥י יְהוּדָֽה	1	In this verse and the next two verses, the author is concluding the story of Amaziah. To translate this verse, see how you translated the similar phrases in [1:18](../01/18.md).
14:19	tpfr		rc://*/ta/man/translate/writing-poetry	וַ⁠יִּקְשְׁר֨וּ & קֶ֛שֶׁר	1	The author is using a construction in which a verb and its object come from the same root. You may be able to use the same construction in your language to express the meaning here. Alternatively, your language may have another way of saying this. Alternate translation: [And they formed a conspiracy] or [And a conspiracy formed]
14:19	afre		rc://*/ta/man/translate/writing-pronouns	וַ⁠יִּקְשְׁר֨וּ & קֶ֛שֶׁר	1	Here the author is using the pronoun **they** in a general sense, not to refer to specific people. The context suggests that Amaziah’s own officials conspired against him. Use an expression for this that would be natural in your language. Alternate translation: [And his officials formed a conspiracy]
14:20	q34q		rc://*/ta/man/translate/figs-explicit	וַ⁠יִּשְׂא֥וּ אֹת֖⁠וֹ עַל־הַ⁠סּוּסִ֑ים	1	Because the author says **the** horses, he probably means Amaziah’s own horses. In that case, he would be using the **horses** to represent Amaziah’s royal chariot, which the horses pulled. Alternate translation: [And they brought him back in his royal chariot]
14:20	ch8s		rc://*/ta/man/translate/translate-symaction	וַ⁠יִּשְׂא֥וּ אֹת֖⁠וֹ עַל־הַ⁠סּוּסִ֑ים	1	Bringing Amaziah’s body back to Jerusalem in his royal chariot was a symbolic action by which the conspirators who killed him nevertheless showed respect for his role as king. If it would be helpful to your readers, you could explain the significance of this action in the text or in a footnote. Alternate translation: [And they brought him back to Jerusalem respectfully in his royal chariot]
14:21	ke02		rc://*/ta/man/translate/figs-hyperbole	וַ⁠יִּקְח֞וּ כָּל־עַ֤ם יְהוּדָה֙	1	The author is saying **all** as a generalization. If it would be helpful in your language, you could use a different way to express the meaning. Alternate translation: [And by general agreement the people of Judah took]
14:21	sfnx		rc://*/ta/man/translate/figs-idiom	וְ⁠ה֕וּא בֶּן־שֵׁ֥שׁ עֶשְׂרֵ֖ה שָׁנָ֑ה	1	See how you translated the similar expression in [8:17](../08/17.md). Alternate translation: [now he was 16 years old]
14:22	px9h		rc://*/ta/man/translate/figs-events	ה֚וּא בָּנָ֣ה אֶת־אֵילַ֔ת וַ⁠יְשִׁבֶ֖⁠הָ לִֽ⁠יהוּדָ֑ה	1	The author is describing one event before describing another event that preceded it. If it would be helpful your language, you may wish to relate these events in the order in which they happened. Alternate translation: [He, he returned Elath to Judah and built it up]
14:22	xu13		rc://*/ta/man/translate/writing-pronouns	ה֚וּא בָּנָ֣ה & וַ⁠יְשִׁבֶ֖⁠הָ	1	The author is stating the pronoun **He** separately, even though the verb translated as **he built up** already includes this meaning. He is doing that to specify that while it was Amaziah who defeated the Edomites generally (as he describes in [14:7](../14/07.md)), it was Azariah who reconquered and fortified Elath. If a speaker of your language would use an explicit pronoun for the same purpose, you may want to use that construction in your translation. If not, your language may have other ways of showing the meaning here. Alternate translation: [He was the one who built up]
14:22	qqdw		rc://*/ta/man/translate/figs-euphemism	אַחֲרֵ֥י שְׁכַֽב־הַ⁠מֶּ֖לֶךְ עִם־אֲבֹתָֽי⁠ו	1	See how you translated the same expression in [8:24](../08/24.md). Alternate translation: [after the king passed away] or [after the king died]
14:23	lkoz		rc://*/ta/man/translate/writing-participants	בִּ⁠שְׁנַת֙ חֲמֵשׁ־עֶשְׂרֵ֣ה שָׁנָ֔ה לַ⁠אֲמַצְיָ֥הוּ בֶן־יוֹאָ֖שׁ מֶ֣לֶךְ יְהוּדָ֑ה מָ֠לַךְ יָרָבְעָ֨ם בֶּן־יוֹאָ֤שׁ מֶֽלֶךְ־יִשְׂרָאֵל֙ בְּ⁠שֹׁ֣מְר֔וֹן אַרְבָּעִ֥ים וְ⁠אַחַ֖ת שָׁנָֽה	1	In this verse and the next verse, the author is introducing **Jeroboam** as a participant in the story as the new king of **Israel**. To translate this verse, see how you translated the similar expressions in [8:25](../08/25.md) and [13:10](../13/10.md).
14:24	zjep		rc://*/ta/man/translate/figs-metaphor	וַ⁠יַּ֥עַשׂ הָ⁠רַ֖ע בְּ⁠עֵינֵ֣י יְהוָ֑ה לֹ֣א סָ֗ר מִ⁠כָּל־חַטֹּאות֙ יָרָבְעָ֣ם בֶּן־נְבָ֔ט אֲשֶׁ֥ר הֶחֱטִ֖יא אֶת־יִשְׂרָאֵֽל	1	The author is continuing to introduce Jeroboam, the son of Jehoash. See how you translated the similar expressions in [3:3](../03/03.md) and [8:18](../08/18.md). Alternate translation: [And he did what Yahweh considered to be evil. He did not stop committing the same sins as Jeroboam, the son of Nebat, who caused Israel to sin]
14:25	hk9e		rc://*/ta/man/translate/writing-pronouns	ה֗וּא הֵשִׁיב֙	1	See how you translated the similar expression in [14:22](../14/22.md). Alternate translation: [He was the one who restored]
14:25	esjo		rc://*/ta/man/translate/figs-metonymy	אֶת־גְּב֣וּל יִשְׂרָאֵ֔ל	1	See how you translated the similar expression in [10:32](../10/32.md). Alternate translation: [the territory of Israel]
14:25	ifu5		rc://*/ta/man/translate/figs-metonymy	כִּ⁠דְבַ֤ר יְהוָה֙ אֱלֹהֵ֣י יִשְׂרָאֵ֔ל אֲשֶׁ֣ר דִּבֶּ֗ר בְּ⁠יַד	1	See how you translated the similar expression in [1:7](../01/07.md). Alternate translation: [according to the message that Yahweh the God of Israel spoke]
14:25	mjqh		rc://*/ta/man/translate/figs-metonymy	אֱלֹהֵ֣י & בְּ⁠יַד	1	See how you translated the similar expression in [9:36](../09/36.md). Alternate translation: [through the agency of]
14:26	iix0		rc://*/ta/man/translate/grammar-connect-words-phrases	כִּי־רָאָ֧ה יְהוָ֛ה	1	Here the word **For** introduces an explanation. Alternate translation: [Yahweh enabled Jeroboam to do that because he saw]
14:26	pkca		rc://*/ta/man/translate/figs-ellipsis	וְ⁠אֶ֤פֶס עָצוּר֙ וְ⁠אֶ֣פֶס עָז֔וּב וְ⁠אֵ֥ין עֹזֵ֖ר לְ⁠יִשְׂרָאֵֽל	1	The author is leaving out some of the words that in many languages a sentence would need in order to be complete. You can supply these words from the context if that would be clearer in your language. Alternate translation: [and he saw that there was and none restrained and none set free and no helper for Israel]
14:26	g0jw		rc://*/ta/man/translate/figs-infostructure	וְ⁠אֶ֤פֶס עָצוּר֙ וְ⁠אֶ֣פֶס עָז֔וּב וְ⁠אֵ֥ין עֹזֵ֖ר לְ⁠יִשְׂרָאֵֽל	1	If it would be more natural in your language, in order to put a general statement before more specific details about it, you may want to put the information that there was **no helper for Israel** before the information that no one **restrained** and no one **set free** was able to help Israel. Alternate translation: [and there was no helper for Israel, none restrained and none set free]
14:26	cisb		rc://*/ta/man/translate/figs-merism	וְ⁠אֶ֤פֶס עָצוּר֙ וְ⁠אֶ֣פֶס עָז֔וּב	1	The author is referring to all Israelites by naming the two main categories of them, those **restrained** (legal slaves) and those **set free** (legal free men). If it would be helpful in your language, you could use an equivalent expression or plain language. If you have already translated the book of 1 Kings, see how you translated the same expression in [1 Kings 14:10](../1ki/14/10.md). Alternate translation: [no one at all]
14:26	d5xb		rc://*/ta/man/translate/figs-activepassive	וְ⁠אֶ֤פֶס עָצוּר֙ וְ⁠אֶ֣פֶס עָז֔וּב	1	The expressions **restrained** and **set free** are passive verbal forms. If your language would not use those forms, you could express these ideas in active form or in another way that would be natural in your language. Alternate translation: [whether slave or free]
14:27	sxpc		rc://*/ta/man/translate/figs-metaphor	לִ⁠מְחוֹת֙ אֶת־שֵׁ֣ם יִשְׂרָאֵ֔ל מִ⁠תַּ֖חַת הַ⁠שָּׁמָ֑יִם	1	The author is speaking as if the **name of Israel** were actually written in ink on a scroll somewhere and that Yahweh would actually **wipe** the ink off the scroll. If it would be helpful in your language, you could state the meaning plainly. Alternate translation: [that he would make Israel cease to exist as a nation anywhere on earth]
14:27	a83f		rc://*/ta/man/translate/figs-explicit	וַ⁠יּ֣וֹשִׁיעֵ֔⁠ם	1	The word that the ULT translates as **saved** here comes from the same root as the word that it translates as “savior” in [13:5](../13/05.md). There, after saying that Yahweh “saw the oppression of Israel,” the author says that “Yahweh gave to Israel a savior.” The similarity of language between that passage and this one suggests that the author meant that Jeroboam was that “savior.” To help your readers make this connection, see how you translated the term in [13:5](../13/05.md) that the ULT translates as “savior” and translate the term **saved** similarly here. Alternate translation: [so he delivered them] or [so he rescued them]
14:27	csh2		rc://*/ta/man/translate/figs-metonymy	בְּ⁠יַ֖ד	1	See how you translated the similar expression in [9:36](../09/36.md). Alternate translation: [through the agency of]
14:28	egz6		rc://*/ta/man/translate/writing-endofstory	וְ⁠יֶתֶר֩ דִּבְרֵ֨י יָרָבְעָ֜ם וְ⁠כָל־אֲשֶׁ֤ר עָשָׂה֙ וּ⁠גְבוּרָת֣⁠וֹ אֲשֶׁר־נִלְחָ֔ם וַ⁠אֲשֶׁ֨ר הֵשִׁ֜יב אֶת־דַּמֶּ֧שֶׂק וְ⁠אֶת־חֲמָ֛ת לִ⁠יהוּדָ֖ה בְּ⁠יִשְׂרָאֵ֑ל הֲ⁠לֹא־הֵ֣ם כְּתוּבִ֗ים עַל־סֵ֛פֶר דִּבְרֵ֥י הַ⁠יָּמִ֖ים לְ⁠מַלְכֵ֥י יִשְׂרָאֵֽל	1	In this verse and the next verse, the author is concluding the story of Jeroboam. To translate this verse, see how you translated the similar phrases in [1:18](../01/18.md).
14:29	tjeh		rc://*/ta/man/translate/figs-euphemism	וַ⁠יִּשְׁכַּ֤ב יָֽרָבְעָם֙ & אֲבֹתָ֔י⁠ו עִ֖ם	1	See how you translated the same expression in [8:24](../08/24.md). Alternate translation: [And Jeroboam passed away] or [And Jeroboam died]
14:29	m3eo		rc://*/ta/man/translate/figs-ellipsis	עִם & מַלְכֵ֣י יִשְׂרָאֵ֑ל	1	Based on how the author usually concludes his stories of Israelite kings, here he has probably left out some of the words that he ordinarily uses. He probably means “and he was buried in Samaria with the kings of Israel.” See how you translated that statement in [13:13](../13/13.md) and [14:16](../14/16.md).
15:intro	abcf				0	# 2 Kings 15 Introduction\n\n## Structure and Formatting\n\nIn this chapter, the author continues to tell what the kings were like who ruled over the kingdoms of Israel and Judah.\n\n  1. King Azariah of Judah (1–7)\n  2. King Zechariah of Israel (8–12)\n  3. King Shallum of Israel (13–15)\n  4. King Menahem of Israel (6–22)\n  5. King Shallum of Israel (23–26)\n  6. King Pekah of Israel (27–31)\n  7. King Jotham of Judah (32–38)\n\n## Religious and Cultural Concepts in This Chapter\n\n### Why did Yahweh cause Azariah to become a leper?\n\nYahweh caused Azariah to become a leper because he unlawfully entered the temple to burn incense. That was something that only priests were allowed to do. This incident is explained in detail in [2 Chronicles 26:16–21](../../2ch/26/16.md), where Azariah is called by his other name Uzziah and where the text says specifically that pride led him to want to have more power and privileges than the law of Moses allowed kings to have. The priests confronted him in the temple, and leprosy broke out on his forehead. They immediately forced him out of the temple, and he had to live in isolation until he died.\n\n### Why did Yahweh “send” enemy armies to invade Judah?\n\nThe author says in 15:37 that during the reign of Jotham, “Yahweh began to send Rezin, the king of Aram, and Pekah, the son of Remaliah, against Judah.” He means that Yahweh allowed those kings, whose kingdoms had previously been enemies, to form an alliance and make plans to invade Judah together. Yahweh did this because he knew that the next king, Jotham’s son Ahaz, would be unfaithful to him. Ahaz would make an alliance with the king of Assyria and worship the false gods of other nations. Yahweh wanted to make Ahaz realize that he must trust in him alone for help and protection, not in idols or in foreign rulers. The prophet Isaiah told Ahaz this specifically, as [Isaiah 7:1–17](../isa/07/01.md) describes.
15:1	uad9		rc://*/ta/man/translate/writing-participants	בִּ⁠שְׁנַ֨ת עֶשְׂרִ֤ים וָ⁠שֶׁ֨בַע֙ שָׁנָ֔ה לְ⁠יָרָבְעָ֖ם מֶ֣לֶךְ יִשְׂרָאֵ֑ל מָלַ֛ךְ עֲזַרְיָ֥ה בֶן־אֲמַצְיָ֖ה מֶ֥לֶךְ יְהוּדָֽה	1	In this verse and the next two verses, the author is introducing **Azariah** as a participant in the story as the new king of **Judah**. To translate this verse, see how you translated the similar expressions in [8:25](../08/25.md).
15:2	sddf		rc://*/ta/man/translate/figs-idiom	בֶּן־שֵׁ֨שׁ עֶשְׂרֵ֤ה שָׁנָה֙ הָיָ֣ה	1	See how you translated the similar expression in [8:17](../08/17.md). Alternate translation: [He was 16 years old]
15:2	amep		rc://*/ta/man/translate/figs-ellipsis	יְכָלְיָ֖הוּ מִ⁠ירוּשָׁלִָֽם	1	See how you translated the similar expression in [14:2](../14/02.md). Alternate translation: [was Jekoliah, and she was from Jerusalem]
15:3	mc19		rc://*/ta/man/translate/figs-idiom	וַ⁠יַּ֥עַשׂ הַ⁠יָּשָׁ֖ר בְּ⁠עֵינֵ֣י יְהוָ֑ה	1	See how you translated the similar expression in [1:13](../01/13.md). Alternate translation: [And he did what Yahweh considered to be right]
15:4	rnyd		rc://*/ta/man/translate/figs-activepassive	הַ⁠בָּמ֖וֹת לֹא־סָ֑רוּ	1	See how you translated the similar expression in [14:4](../14/04.md). Alternate translation: [he did not remove the high places]
15:5	ug5c		rc://*/ta/man/translate/figs-explicit	וַ⁠יְנַגַּ֨ע יְהוָ֜ה אֶת־הַ⁠מֶּ֗לֶךְ	1	In this context, the word **touched** means that Yahweh “afflicted” Azariah with a disease. (See the discussion in the introduction to this chapter of why Yahweh did that.) You could indicate this explicitly in your translation if that would be helpful to your readers. Alternate translation: [And Yahweh afflicted the king with a disease]
15:6	i3l3		rc://*/ta/man/translate/writing-endofstory	וְ⁠יֶ֛תֶר דִּבְרֵ֥י עֲזַרְיָ֖הוּ וְ⁠כָל־אֲשֶׁ֣ר עָשָׂ֑ה הֲ⁠לֹא־הֵ֣ם כְּתוּבִ֗ים עַל־סֵ֛פֶר דִּבְרֵ֥י הַ⁠יָּמִ֖ים לְ⁠מַלְכֵ֥י יְהוּדָֽה	1	In this verse and the next verse, the author is concluding the story of Azariah. To translate this verse, see how you translated the similar phrases in [1:18](../01/18.md).
15:7	voej		rc://*/ta/man/translate/figs-euphemism	וַ⁠יִּשְׁכַּ֤ב עֲזַרְיָה֙ עִם־אֲבֹתָ֔י⁠ו	1	See how you translated the same expression in [8:24](../08/24.md). Alternate translation: [And Azariah passed away] or [And Azariah died]
15:7	ci52		rc://*/ta/man/translate/writing-pronouns	וַ⁠יִּקְבְּר֥וּ אֹת֛⁠וֹ	1	Here the author is using the pronoun **they** in a general sense, not to refer to specific people. Use an expression for this that would be natural in your language. Alternate translation: [and people buried him] or [and he was buried]
15:7	vuzo		rc://*/ta/man/translate/figs-metaphor	אֹת֛⁠וֹ עִם־אֲבֹתָ֖י⁠ו	1	See how you translated the similar expression in [8:24](../08/24.md). Alternate translation: [in the same place where people had buried his ancestors]
15:8	wo94		rc://*/ta/man/translate/writing-participants	בִּ⁠שְׁנַ֨ת שְׁלֹשִׁ֤ים וּ⁠שְׁמֹנֶה֙ שָׁנָ֔ה לַ⁠עֲזַרְיָ֖הוּ מֶ֣לֶךְ יְהוּדָ֑ה מָ֠לַךְ זְכַרְיָ֨הוּ בֶן־יָרָבְעָ֧ם עַל־יִשְׂרָאֵ֛ל בְּ⁠שֹׁמְר֖וֹן שִׁשָּׁ֥ה חֳדָשִֽׁים	1	In this verse and the next verse, the author is introducing **Zechariah** as a participant in the story as the new king of **Israel**. To translate this verse, see how you translated the similar expressions in [8:25](../08/25.md) and [13:1](../13/01.md).
15:9	lqfi		rc://*/ta/man/translate/figs-metaphor	וַ⁠יַּ֤עַשׂ הָ⁠רַע֙ בְּ⁠עֵינֵ֣י יְהוָ֔ה כַּ⁠אֲשֶׁ֥ר עָשׂ֖וּ אֲבֹתָ֑י⁠ו לֹ֣א סָ֗ר מֵֽ⁠חַטֹּאות֙ יָרָבְעָ֣ם בֶּן־נְבָ֔ט אֲשֶׁ֥ר הֶחֱטִ֖יא אֶת־יִשְׂרָאֵֽל	1	The author is continuing to introduce Zechariah. See how you translated the similar expressions in [3:3](../03/03.md) and [8:18](../08/18.md). Alternate translation: [And he did what Yahweh considered to be evil. He did not stop committing the same sins as Jeroboam, the son of Nebat, who had caused Israel to sin]
15:10	quz7		rc://*/ta/man/translate/figs-explicit	וַ⁠יַּכֵּ֥⁠הוּ	1	See how you translated the similar expression in [3:24](../03/24.md). Alternate translation: [and he attacked him]
15:11	nj2p		rc://*/ta/man/translate/writing-endofstory	וְ⁠יֶ֖תֶר דִּבְרֵ֣י זְכַרְיָ֑ה הִנָּ֣⁠ם כְּתוּבִ֗ים עַל־סֵ֛פֶר דִּבְרֵ֥י הַ⁠יָּמִ֖ים לְ⁠מַלְכֵ֥י יִשְׂרָאֵֽל	1	In this verse and the next verse, the author is concluding the story of Zechariah. To translate this verse, see how you translated the similar phrases in [1:18](../01/18.md).
15:12	pdyj		rc://*/ta/man/translate/figs-metonymy	ה֣וּא דְבַר־יְהוָ֗ה אֲשֶׁ֨ר דִּבֶּ֤ר אֶל־יֵהוּא֙	1	See how you translated the similar expression in [1:7](../01/07.md). Alternate translation: [It was the message that Yahweh had spoken to Jehu]
15:12	uk29		rc://*/ta/man/translate/figs-idiom	בְּנֵ֣י רְבִיעִ֔ים יֵשְׁב֥וּ לְ⁠ךָ֖ עַל־כִּסֵּ֣א יִשְׂרָאֵ֑ל	1	See how you translated the similar expression in [10:30](../10/30.md). Alternate translation: [Four generations of your descendants will succeed you as the king of Israel]
15:13	t2xn		rc://*/ta/man/translate/writing-participants	שַׁלּ֤וּם בֶּן־יָבֵישׁ֙ מָלַ֔ךְ בִּ⁠שְׁנַ֨ת שְׁלֹשִׁ֤ים וָ⁠תֵ֨שַׁע֙ שָׁנָ֔ה לְ⁠עֻזִיָּ֖ה מֶ֣לֶךְ יְהוּדָ֑ה וַ⁠יִּמְלֹ֥ךְ יֶֽרַח־יָמִ֖ים בְּ⁠שֹׁמְרֽוֹן	1	In this verse, the author is introducing **Shallum** as a participant in the story as the new king of **Israel**. See how you translated the similar expressions in [8:25](../08/25.md).
15:14	ncoo		rc://*/ta/man/translate/figs-explicitinfo	וַ⁠יַּעַל֩ מְנַחֵ֨ם בֶּן־גָּדִ֜י	1	See how you translated the similar expression in [1:3](../01/03.md). Alternate translation: [And Menahem, the son of Gadi, came]
15:14	kedk		rc://*/ta/man/translate/figs-explicit	וַ⁠יַּ֛ךְ אֶת־שַׁלּ֥וּם	1	See how you translated the similar expression in [3:24](../03/24.md). Alternate translation: [And he attacked Shallum]
15:15	attl		rc://*/ta/man/translate/writing-endofstory	וְ⁠יֶ֨תֶר֙ דִּבְרֵ֣י שַׁלּ֔וּם וְ⁠קִשְׁר֖⁠וֹ אֲשֶׁ֣ר קָשָׁ֑ר הִנָּ֣⁠ם כְּתֻבִ֗ים עַל־סֵ֛פֶר דִּבְרֵ֥י הַ⁠יָּמִ֖ים לְ⁠מַלְכֵ֥י יִשְׂרָאֵֽל	1	In this verse, the author is concluding the story of Shallum. To translate it, see how you translated the similar phrases in [1:18](../01/18.md).
15:15	ixii		rc://*/ta/man/translate/writing-poetry	וְ⁠קִשְׁר֖⁠וֹ אֲשֶׁ֣ר קָשָׁ֑ר	1	See how you translated the similar expression in [12:20](../12/20.md). Alternate translation: [and the conspiracy that he carried out]
15:16	qggi		rc://*/ta/man/translate/grammar-connect-logic-result	אָ֣ז יַכֶּֽה־מְ֠נַחֵם אֶת־תִּפְסַ֨ח וְ⁠אֶת־כָּל־אֲשֶׁר־בָּ֤⁠הּ וְ⁠אֶת־גְּבוּלֶ֨י⁠הָ֙ מִ⁠תִּרְצָ֔ה כִּ֛י לֹ֥א פָתַ֖ח	1	If it would be more natural in your language, you could reverse the order of these phrases, since the second phrase gives the reason for the result that the first phrase describes. Alternate translation: [Then, because one did not open, Menahem struck Tiphsah and all who were in it and its borders, from Tirzah]
15:16	lp8z		rc://*/ta/man/translate/figs-infostructure	אָ֣ז יַכֶּֽה־מְ֠נַחֵם אֶת־תִּפְסַ֨ח וְ⁠אֶת־כָּל־אֲשֶׁר־בָּ֤⁠הּ וְ⁠אֶת־גְּבוּלֶ֨י⁠הָ֙ מִ⁠תִּרְצָ֔ה	1	If it would be more natural in your language, you may want to put the information that Menahem began this military campaign **from Tirzah** at the beginning of the sentence. Alternate translation: [Then from Tirzah Menahem struck Tiphsah and all who were in it and its borders]
15:16	x6ae		rc://*/ta/man/translate/figs-explicit	אָ֣ז יַכֶּֽה־מְ֠נַחֵם אֶת־תִּפְסַ֨ח	1	See how you translated the similar expression in [3:19](../03/19.md). Alternate translation: [Then Menahem destroyed Tiphsah]
15:16	vchz		rc://*/ta/man/translate/figs-metonymy	וְ⁠אֶת־גְּבוּלֶ֨י⁠הָ֙	1	See how you translated the similar expression in [10:32](../10/32.md). Alternate translation: [and the surrounding territory]
15:16	yme9		rc://*/ta/man/translate/writing-pronouns	לֹ֥א פָתַ֖ח	1	Here the author is using the pronoun **one** in a general sense, not to refer to a specific person. Use an expression for this that would be natural in your language. Alternate translation: [the people of the city refused to open its gates and admit him]
15:16	j7y2		rc://*/ta/man/translate/figs-metonymy	לֹ֥א פָתַ֖ח	1	The author is using the action of not opening the city gates for Menahem to represent refusing to accept him as king. If it would be helpful in your language, you could use an equivalent expression or plain language. Alternate translation: [the people of the city refused to accept him as their king]
15:16	m9xa		rc://*/ta/man/translate/figs-explicit	וַ⁠יַּ֑ךְ	1	See how you translated the similar expression in [3:23](../03/23.md). Alternate translation: [And he killed all the people of the city]
15:17	ov9n		rc://*/ta/man/translate/writing-participants	בִּ⁠שְׁנַ֨ת שְׁלֹשִׁ֤ים וָ⁠תֵ֨שַׁע֙ שָׁנָ֔ה לַ⁠עֲזַרְיָ֖ה מֶ֣לֶךְ יְהוּדָ֑ה מָ֠לַךְ מְנַחֵ֨ם בֶּן־גָּדִ֧י עַל־יִשְׂרָאֵ֛ל עֶ֥שֶׂר שָׁנִ֖ים בְּ⁠שֹׁמְרֽוֹן	1	In this verse and the next verse, the author is introducing **Menahem** as a participant in the story as the new king of **Israel**. To translate this verse, see how you translated the similar expressions in [8:25](../08/25.md) and [13:1](../13/01.md).
15:18	rvce		rc://*/ta/man/translate/figs-metaphor	וַ⁠יַּ֥עַשׂ הָ⁠רַ֖ע בְּ⁠עֵינֵ֣י יְהוָ֑ה לֹ֣א סָ֠ר מֵ⁠עַ֨ל חַטֹּ֜אות יָרָבְעָ֧ם בֶּן־נְבָ֛ט אֲשֶׁר־הֶחֱטִ֥יא אֶת־יִשְׂרָאֵ֖ל כָּל־יָמָֽי⁠ו	1	The author is continuing to introduce Menahem. See how you translated the similar expressions in [3:3](../03/03.md) and [8:18](../08/18.md). Alternate translation: [And he did what Yahweh considered to be evil. He did not stop committing the same sins as Jeroboam, the son of Nebat, who had caused Israel to sin, all of his days]
15:18	kl4l		rc://*/ta/man/translate/figs-infostructure	לֹ֣א סָ֠ר מֵ⁠עַ֨ל חַטֹּ֜אות יָרָבְעָ֧ם בֶּן־נְבָ֛ט אֲשֶׁר־הֶחֱטִ֥יא אֶת־יִשְׂרָאֵ֖ל כָּל־יָמָֽי⁠ו	1	If it would be more natural in your language, before the information that Menahem **did not turn away from the sins of Jeroboam**, you may want to put the information that Menahem did that **all of his days**. Alternate translation: [All of his days, he did not turn away from the sins of Jeroboam, the son of Nebat, who caused Israel to sin]
15:19	sacu		rc://*/ta/man/translate/translate-names	פ֤וּל	1	Many interpreters consider **Pul** to be the same king who is known elsewhere as Tiglath Pileser. See what you decided to do in the cases of the Israelite and Judean kings whom the author sometimes calls Jehoram and sometimes calls Joram. If you have decided to use the same names in your translation that the biblical author does in each place, you may wish to use the name Pul here. If you decided to use the same name consistently for a given person, you may wish to use the name Tiglath Pileser here, since that king appears later in this chapter and in chapter 16.
15:19	fhlx		rc://*/ta/man/translate/translate-bweight	אֶ֖לֶף כִּכַּר־כָּ֑סֶף	1	See how you decided to represent the weight of a kikkar of silver in [5:5](../05/05.md).
15:19	zhbs		rc://*/ta/man/translate/figs-metonymy	לִ⁠הְי֤וֹת יָדָי⁠ו֙ אִתּ֔⁠וֹ	1	See how you translated the similar expression in [3:10](../03/10.md). Alternate translation: [so that Pul would use his power to help him]
15:19	q28v		rc://*/ta/man/translate/figs-metonymy	לְ⁠הַחֲזִ֥יק הַ⁠מַּמְלָכָ֖ה בְּ⁠יָדֽ⁠וֹ	1	See how you translated the similar expression in [14:5](../14/05.md). Alternate translation: [so that he would have firmer control of the kingdom]
15:20	ygyl		rc://*/ta/man/translate/figs-explicit	וַ⁠יֹּצֵא֩ מְנַחֵ֨ם אֶת־הַ⁠כֶּ֜סֶף עַל־יִשְׂרָאֵ֗ל עַ֚ל כָּל־גִּבּוֹרֵ֣י הַ⁠חַ֔יִל	1	The author is using the preposition **over** in these two instances in order to depict the imposition of a financial burden on or **over** wealthy Israelites. If your language would not use a term comparable to “over” in this way, you could use a preposition that indicated the source of the funds, as many versions do. Alternate translation: [And Menahem exacted the silver from Israel, from all of the mighty of valor]
15:20	uw56		rc://*/ta/man/translate/figs-explicit	גִּבּוֹרֵ֣י הַ⁠חַ֔יִל	1	While in many biblical contexts this expression describes a soldier who can fight powerfully and effectively, the term can also describe a person of great wealth and standing, and that seems to be the meaning in this context. If you have already translated the book of 1 Samuel, see how you translated the similar expression in [1 Samuel 9:1](../1sa/09/01.md). Alternate translation: [the wealthy citizens]
15:20	bsn9		rc://*/ta/man/translate/translate-bweight	חֲמִשִּׁ֧ים שְׁקָלִ֛ים כֶּ֖סֶף	1	See how you decided to represent the weight of a shekel at [5:5](../05/05.md).
15:20	y0sr		rc://*/ta/man/translate/figs-events	וַ⁠יָּ֨שָׁב֙ מֶ֣לֶךְ אַשּׁ֔וּר וְ⁠לֹא־עָ֥מַד שָׁ֖ם בָּ⁠אָֽרֶץ	1	The author is describing one event before describing another event that preceded it. If it would be helpful your language, you may wish to relate these events in the order in which they happened. Alternate translation: [And the king of Assyria did not stay there in the land. Instead, he returned home]
15:21	gy06		rc://*/ta/man/translate/writing-endofstory	וְ⁠יֶ֛תֶר דִּבְרֵ֥י מְנַחֵ֖ם וְ⁠כָל־אֲשֶׁ֣ר עָשָׂ֑ה הֲ⁠לוֹא־הֵ֣ם כְּתוּבִ֗ים עַל־סֵ֛פֶר דִּבְרֵ֥י הַ⁠יָּמִ֖ים לְ⁠מַלְכֵ֥י יִשְׂרָאֵֽל	1	In this verse and the next verse, the author is concluding the story of Menahem. To translate this verse, see how you translated the similar phrases in [1:18](../01/18.md).
15:22	h7yt		rc://*/ta/man/translate/figs-euphemism	וַ⁠יִּשְׁכַּ֥ב מְנַחֵ֖ם עִם־אֲבֹתָ֑י⁠ו	1	See how you translated the same expression in [8:24](../08/24.md). Alternate translation: [And Menahem passed away] or [And Menahem died]
15:23	pe4v		rc://*/ta/man/translate/writing-participants	בִּ⁠שְׁנַת֙ חֲמִשִּׁ֣ים שָׁנָ֔ה לַ⁠עֲזַרְיָ֖ה מֶ֣לֶךְ יְהוּדָ֑ה מָ֠לַךְ פְּקַֽחְיָ֨ה בֶן־מְנַחֵ֧ם עַל־יִשְׂרָאֵ֛ל בְּ⁠שֹׁמְר֖וֹן שְׁנָתָֽיִם	1	In this verse and the next verse, the author is introducing **Pekahiah** as a participant in the story as the new king of **Israel**. To translate this verse, see how you translated the similar expressions in [8:25](../08/25.md) and [13:1](../13/01.md).
15:24	q7zu		rc://*/ta/man/translate/figs-metaphor	וַ⁠יַּ֥עַשׂ הָ⁠רַ֖ע בְּ⁠עֵינֵ֣י יְהוָ֑ה לֹ֣א סָ֗ר מֵֽ⁠חַטֹּאות֙ יָרָבְעָ֣ם בֶּן־נְבָ֔ט אֲשֶׁ֥ר הֶחֱטִ֖יא אֶת־יִשְׂרָאֵֽל	1	The author is continuing to introduce Pekahiah. See how you translated the similar expressions in [3:3](../03/03.md) and [8:18](../08/18.md). Alternate translation: [And he did what Yahweh considered to be evil. He did not stop committing the same sins as Jeroboam, the son of Nebat, who had caused Israel to sin]
15:25	vrqb		rc://*/ta/man/translate/figs-infostructure	וַ⁠יִּקְשֹׁ֣ר עָלָי⁠ו֩ פֶּ֨קַח בֶּן־רְמַלְיָ֜הוּ שָׁלִישׁ֗⁠וֹ וַ⁠יַּכֵּ֨⁠הוּ בְ⁠שֹׁמְר֜וֹן בְּ⁠אַרְמ֤וֹן בֵּית־מלך אֶת־אַרְגֹּ֣ב וְ⁠אֶת־הָ⁠אַרְיֵ֔ה וְ⁠עִמּ֛⁠וֹ חֲמִשִּׁ֥ים אִ֖ישׁ מִ⁠בְּנֵ֣י גִלְעָדִ֑ים	1	If it would be more natural in your language, you may want to put the information that Pekah also “struck” Argob and Arieh with the information that he **struck** the king and the information that **50 men of the sons of the Gileadites** were **with him** with the information that Pekah **conspired against** Pekahiah. Alternate translation: [And Pekah, the son of Remaliah, his captain, and with him 50 men of the sons of the Gileadites, conspired against him, and in Samaria, in the citadel of the house of the king, he struck him, Argob, and Arieh]
15:25	d5ki		rc://*/ta/man/translate/figs-explicit	וַ⁠יַּכֵּ֨⁠הוּ	1	See how you translated the similar expression in [3:24](../03/24.md). Alternate translation: [and he attacked him]
15:25	qxzs		rc://*/ta/man/translate/figs-metaphor	אִ֖ישׁ מִ⁠בְּנֵ֣י גִלְעָדִ֑ים	1	See how you translated the similar expression in [8:12](../08/12.md). Alternate translation: [men who were Gileadites]
15:26	o3wi		rc://*/ta/man/translate/writing-endofstory	וְ⁠יֶ֛תֶר דִּבְרֵ֥י פְקַחְיָ֖ה וְ⁠כָל־אֲשֶׁ֣ר עָשָׂ֑ה הִנָּ֣⁠ם כְּתוּבִ֗ים עַל־סֵ֛פֶר דִּבְרֵ֥י הַ⁠יָּמִ֖ים לְ⁠מַלְכֵ֥י יִשְׂרָאֵֽל	1	The author is concluding the story of Pekahiah. See how you translated the similar phrases in [1:18](../01/18.md).
15:27	vlc1		rc://*/ta/man/translate/writing-participants	בִּ⁠שְׁנַ֨ת חֲמִשִּׁ֤ים וּ⁠שְׁתַּ֨יִם֙ שָׁנָ֔ה לַ⁠עֲזַרְיָ֖ה מֶ֣לֶךְ יְהוּדָ֑ה מָ֠לַךְ פֶּ֣קַח בֶּן־רְמַלְיָ֧הוּ עַל־יִשְׂרָאֵ֛ל בְּ⁠שֹׁמְר֖וֹן עֶשְׂרִ֥ים שָׁנָֽה	1	In this verse and the next verse, the author is introducing **Pekah** as a participant in the story as the new king of **Israel**. To translate this verse, see how you translated the similar expressions in [8:25](../08/25.md) and [13:1](../13/01.md).
15:28	atjh		rc://*/ta/man/translate/writing-participants	וַ⁠יַּ֥עַשׂ הָ⁠רַ֖ע בְּ⁠עֵינֵ֣י יְהוָ֑ה לֹ֣א סָ֗ר מִן־חַטֹּאות֙ יָרָבְעָ֣ם בֶּן־נְבָ֔ט אֲשֶׁ֥ר הֶחֱטִ֖יא אֶת־יִשְׂרָאֵֽל	1	The author is continuing to introduce Pekah. See how you translated the similar expressions in [3:2](../03/02.md) and [8:18](../08/18.md). Alternate translation: [And he did what Yahweh considered to be evil. He did not stop committing the same sins as Jeroboam, the son of Nebat, who caused Israel to sin]
15:29	wyl7		rc://*/ta/man/translate/figs-metonymy	בִּ⁠ימֵ֞י פֶּ֣קַח	1	See how you translated the similar expression in [8:20](../08/20.md). Alternate translation: [During the reign of Pekah]
15:29	swsy		rc://*/ta/man/translate/writing-pronouns	וַ⁠יַּגְלֵ֖⁠ם	1	The pronoun **them** refers to the people of the cities and regions the author has just listed. It may be helpful to clarify this for your readers. Alternate translation: [and he exiled the people who lived in those areas]
15:30	qql5		rc://*/ta/man/translate/writing-poetry	וַ⁠יִּקְשָׁר־קֶ֜שֶׁר הוֹשֵׁ֣עַ בֶּן־אֵלָ֗ה	1	See how you translated the similar expression in [12:20](../12/20.md). Alternate translation: [And Hoshea, the son of Elah, formed a conspiracy]
15:30	rtr1		rc://*/ta/man/translate/figs-explicit	וַ⁠יַּכֵּ֨⁠הוּ֙	1	See how you translated the similar expression in [3:24](../03/24.md). Alternate translation: [and he attacked him]
15:30	tgsv		rc://*/ta/man/translate/translate-ordinal	בִּ⁠שְׁנַ֣ת עֶשְׂרִ֔ים לְ⁠יוֹתָ֖ם	1	If your language would not represent a number in a form such as **20**, you could represent this number in a form that your language would use. Alternate translation: [in the twentieth year of Jotham]
15:30	xl15		rc://*/ta/man/translate/translate-names	עֻזִיָּֽה	1	**Uzziah** is another name for Azariah, whose reign the author describes in [15:1–7](../15/01.md). The author calls this same king Azariah in verses 32 and 34. If you have decided to use the same names in your translation that the biblical author does in each place, you may wish to use the name Uzziah here. If you have decided to use the same name consistently for a given person, you may wish to use the name Azariah here.
15:31	lw2n		rc://*/ta/man/translate/writing-endofstory	וְ⁠יֶ֥תֶר דִּבְרֵי־פֶ֖קַח וְ⁠כָל־אֲשֶׁ֣ר עָשָׂ֑ה הִנָּ֣⁠ם כְּתוּבִ֗ים עַל־סֵ֛פֶר דִּבְרֵ֥י הַ⁠יָּמִ֖ים לְ⁠מַלְכֵ֥י יִשְׂרָאֵֽל	1	The author is concluding the story of Pekah. See how you translated the similar phrases in [1:18](../01/18.md).
15:32	eqa2		rc://*/ta/man/translate/writing-participants	בִּ⁠שְׁנַ֣ת שְׁתַּ֔יִם לְ⁠פֶ֥קַח בֶּן־רְמַלְיָ֖הוּ מֶ֣לֶךְ יִשְׂרָאֵ֑ל מָלַ֛ךְ יוֹתָ֥ם בֶּן־עֻזִיָּ֖הוּ מֶ֥לֶךְ יְהוּדָֽה	1	In this verse and the next two verses, the author is introducing **Jotham** as a participant in the story as the new king of **Judah**. To translate this verse, see how you translated the similar expressions in [8:16](../08/16.md).
15:32	jkjx		rc://*/ta/man/translate/translate-ordinal	בִּ⁠שְׁנַ֣ת שְׁתַּ֔יִם לְ⁠פֶ֥קַח	1	If your language would not describe a year of a king’s reign in a form such as **the year of two**, you could represent this year in a form that your language would use. Alternate translation: [In the second year of Pekah]
15:33	set4		rc://*/ta/man/translate/figs-idiom	בֶּן־עֶשְׂרִ֨ים וְ⁠חָמֵ֤שׁ שָׁנָה֙ הָיָ֣ה	1	See how you translated the similar expression in [8:17](../08/17.md). Alternate translation: [He was 25 years old]
15:35	wpck		rc://*/ta/man/translate/figs-activepassive	הַ⁠בָּמוֹת֙ לֹ֣א סָ֔רוּ	1	See how you translated the similar expression in [14:4](../14/04.md). Alternate translation: [he did not remove the high places]
15:35	zhz1		rc://*/ta/man/translate/writing-pronouns	ה֗וּא בָּנָ֛ה	1	See how you translated the similar expression in [14:22](../14/22.md). Alternate translation: [He was the one who built]
15:35	hkd2		rc://*/ta/man/translate/figs-metaphor	בֵּית־יְהוָ֖ה	1	See how you translated the similar expression in [5:18](../05/18.md). Alternate translation: [the temple of Yahweh]
15:35	eq1i		rc://*/ta/man/translate/figs-explicit	בֵּית־יְהוָ֖ה	1	The author assumes that readers will understand that by **the house of Yahweh**, he means the courtyard around the temple, into which this **gate** led. You could indicate this explicitly in your translation if that would be helpful to your readers. Alternate translation: [the courtyard of Yahweh’s temple]
15:36	h1pr		rc://*/ta/man/translate/writing-endofstory	וְ⁠יֶ֛תֶר דִּבְרֵ֥י יוֹתָ֖ם אֲשֶׁ֣ר עָשָׂ֑ה הֲ⁠לֹא־הֵ֣ם כְּתוּבִ֗ים עַל־סֵ֛פֶר דִּבְרֵ֥י הַ⁠יָּמִ֖ים לְ⁠מַלְכֵ֥י יְהוּדָֽה	1	In this verse and the next two verses, the author is concluding the story of Jotham. To translate this verse, see how you translated the similar phrases in [1:18](../01/18.md).
15:37	cm9n		rc://*/ta/man/translate/figs-metonymy	בַּ⁠יָּמִ֣ים הָ⁠הֵ֔ם	1	See how you translated the similar expression in [3:6](../03/06.md). Alternate translation: [At that time]
15:38	f3m2		rc://*/ta/man/translate/figs-euphemism	וַ⁠יִּשְׁכַּ֤ב יוֹתָם֙ עִם־אֲבֹתָ֔י⁠ו	1	See how you translated the same expression in [8:24](../08/24.md). Alternate translation: [And Jotham passed away] or [And Jotham died]
15:38	u0oa		rc://*/ta/man/translate/figs-activepassive	וַ⁠יִּקָּבֵר֙	1	The expression **was buried** is a passive verbal form. If your language would not use that form, you could express the idea in active form or in another way that is natural in your language. Alternate translation: [and people buried him]
15:38	yifk		rc://*/ta/man/translate/figs-metaphor	עִם־אֲבֹתָ֔י⁠ו & אָבִ֑י⁠ו	1	See how you translated the similar expression in [8:24](../08/24.md). Alternate translation: [with his ancestors … his ancestor] or [in the same place where people had buried his ancestors … his ancestor]
16:intro	abcg				0	# 2 Kings 16 Introduction\n\n## Structure and Formatting\n\nIn this chapter, the author continues to tell what the kings were like who ruled over the kingdoms of Israel and Judah.\n\n  1. King Ahaz of Judah (16:1–20)\n\n## Religious and Cultural Concepts in This Chapter\n\n### Why did King Ahaz remove many of the fixtures of the temple courtyard?\n\nThe author describes in 16:17–18 how King Ahaz cut off the panels and removed the basins from the bronze stands (carts) in the temple courtyard, removed the sea (the giant water basin) from the oxen that supported it, took down a canopy that people walked under to reach the temple courtyard on the Sabbath, and closed up a special entrance to the courtyard for the royal family. Ahaz did this after witnessing Assyrian worship practices in the city of Damascus, which the Assyrians had just conquered and occupied. Ahaz had made an alliance with the powerful king of Assyria, and he wanted to appease him. So he removed many features of the temple courtyard that were crafted specifically for the worship of Yahweh or that showed how devoted the king and people (supposedly) were to Yahweh. The panels and basins on the carts and the large bronze sea were beautifully decorated with symbols such as lions, oxen, and cherubim that showed they were crafted for the worship of Yahweh. They thereby marked the Judeans as God’s people. Similarly, the Sabbath canopy showed that the Judeans worshiped Yahweh each week on a special day that he had chosen, and the special royal entrance showed that the king and his family were personally devoted to Yahweh. Even though Ahaz had a godly father in Jotham and a godly grandfather in Azariah (Uzziah), he chose not to follow their example and instead relied on foreign gods and an alliance with a pagan king. Such actions by Israelite and Judean kings ultimately led to the conquest and exile of both kingdoms.
16:1	x8bm		rc://*/ta/man/translate/writing-participants	בִּ⁠שְׁנַת֙ שְׁבַֽע־עֶשְׂרֵ֣ה שָׁנָ֔ה לְ⁠פֶ֖קַח בֶּן־רְמַלְיָ֑הוּ מָלַ֛ךְ אָחָ֥ז בֶּן־יוֹתָ֖ם מֶ֥לֶךְ יְהוּדָֽה	1	In this verse and the next two verses, the author is introducing **Ahaz** as a participant in the story as the new king of **Judah**. To translate this verse, see how you translated the similar expressions in [8:16](../08/16.md).
16:2	vhgr		rc://*/ta/man/translate/figs-idiom	בֶּן־עֶשְׂרִ֤ים שָׁנָה֙ אָחָ֣ז	1	See how you translated the similar expression in [8:17](../08/17.md). Alternate translation: [Ahaz was 20 years old]
16:2	u95d		rc://*/ta/man/translate/figs-idiom	וְ⁠לֹא־עָשָׂ֣ה הַ⁠יָּשָׁ֗ר בְּ⁠עֵינֵ֛י יְהוָ֥ה אֱלֹהָ֖י⁠ו	1	See how you translated the similar expression in [3:2](../03/02.md). Alternate translation: [But he did not do what Yahweh his God considered to be right]
16:2	dm6q		rc://*/ta/man/translate/figs-metaphor	אָבִֽי⁠ו	1	See how you translated the similar expression in [8:24](../08/24.md). Alternate translation: [his ancestor]
16:3	ohvq		rc://*/ta/man/translate/figs-metaphor	וַ⁠יֵּ֕לֶךְ בְּ⁠דֶ֖רֶךְ מַלְכֵ֣י יִשְׂרָאֵ֑ל	1	See how you translated the similar expression in [8:18](../08/18.md). Alternate translation: [And he lived as the kings of Israel had lived]
16:3	y0bu		rc://*/ta/man/translate/figs-idiom	וְ⁠גַ֤ם אֶת־בְּנ⁠וֹ֙ הֶעֱבִ֣יר בָּ⁠אֵ֔שׁ	1	The author is using **made … pass through the fire** as a common expression of his culture to mean “burned completely as an offering to an idol.” If this phrase does not have that meaning in your language, you could use a comparable expression from your language that does have that meaning, or you could state the meaning plainly. The UST models one way to do that.
16:3	p0fr		rc://*/ta/man/translate/figs-explicitinfo	אֲשֶׁ֨ר הוֹרִ֤ישׁ יְהוָה֙ אֹתָ֔⁠ם	1	It might seem that this expression contains extra information that would not be natural to express in your language. If so, you can shorten it. Alternate translation: [that Yahweh had driven out]
16:3	halo		rc://*/ta/man/translate/figs-idiom	מִ⁠פְּנֵ֖י בְּנֵ֥י יִשְׂרָאֵֽל	1	Here the phrase **from the face of** could: (1) be a common expression of the culture that means “on account of” or “on behalf of” a group. Alternate translation: [on behalf of the sons of Israel] or (2) represent [from the presence] of a group. Alternate translation: [from before the sons of Israel]
16:3	bk80		rc://*/ta/man/translate/figs-metaphor	בְּנֵ֥י יִשְׂרָאֵֽל	1	See how you translated the similar expression in [8:12](../08/12.md). Alternate translation: [the Israelites]
16:4	v1n7		rc://*/ta/man/translate/figs-hyperbole	וְ⁠תַ֖חַת כָּל־עֵ֥ץ רַעֲנָֽן	1	The author is saying **every** green tree as a generalization for emphasis. If it would be clearer in your language, you could express the emphasis in a different way. Alternate translation: [and under green trees throughout his kingdom]
16:5	wr58		rc://*/ta/man/translate/figs-explicitinfo	אָ֣ז יַעֲלֶ֣ה רְצִ֣ין מֶֽלֶךְ־אֲ֠רָם	1	See how you translated the similar expression in [1:3](../01/03.md). Alternate translation: [Then Rezin, the king of Aram, came]
16:5	faqx		rc://*/ta/man/translate/figs-explicit	וְ⁠לֹ֥א יָכְל֖וּ לְ⁠הִלָּחֵֽם	1	The author assumes that readers will understand that by **fight**, in this context he means that the two kings were not immediately able to “overcome” or “defeat” Ahaz. You could indicate this explicitly in your translation if that would be helpful to your readers. Alternate translation: [but they were not able to defeat him right away]
16:6	l0io		rc://*/ta/man/translate/writing-background	בָּ⁠עֵ֣ת הַ⁠הִ֗יא הֵ֠שִׁיב רְצִ֨ין מֶֽלֶךְ־אֲרָ֤ם אֶת־אֵילַת֙ לַֽ⁠אֲרָ֔ם וַ⁠יְנַשֵּׁ֥ל אֶת־הַ⁠יְהוּדִ֖ים מֵֽ⁠אֵיל֑וֹת ו⁠ארמים בָּ֣אוּ אֵילַ֔ת וַ⁠יֵּ֣שְׁבוּ שָׁ֔ם עַ֖ד הַ⁠יּ֥וֹם הַ⁠זֶּֽה	1	The author is providing background information about something that Rezin did on this same military campaign. The author related in [14:22](../14/22.md) how Azariah, the grandfather of Ahaz, recaptured Elath and brought it back under the control of the kingdom of Judah. The renewed loss of this city shows how the kingdom declined because of the idolatry of Ahaz. In your translation, introduce this information in a way that would be natural in your own language and culture.
16:6	rzp8		rc://*/ta/man/translate/figs-events	הֵ֠שִׁיב & אֶת־אֵילַת֙ לַֽ⁠אֲרָ֔ם וַ⁠יְנַשֵּׁ֥ל אֶת־הַ⁠יְהוּדִ֖ים מֵֽ⁠אֵיל֑וֹת	1	The author is describing one event before describing another event that preceded it. If it would be helpful your language, you may wish to relate these events in the order in which they happened. Alternate translation: [drove the Judeans from Elath and restored Elath to Aram]
16:6	ro7u		rc://*/ta/man/translate/figs-explicit	וַ⁠יֵּ֣שְׁבוּ שָׁ֔ם עַ֖ד הַ⁠יּ֥וֹם הַ⁠זֶּֽה	1	See how you translated the same expression in [2:22](../02/22.md). Alternate translation: [and they are still living there at the time of this writing]
16:7	i5x8		rc://*/ta/man/translate/writing-politeness	עַבְדְּ⁠ךָ֥ וּ⁠בִנְ⁠ךָ֖ אָ֑נִי	1	Ahaz is using each of the terms **servant** and **son** to offer to become a vassal of Tiglath-Pileser if he will help him. The term **servant** indicates more literally that Ahaz will obey Tiglath-Pileser, while the term **son** is a respectful form of address that makes Tiglath-Pileser, by implication, a “father” to Ahaz. See how you translated the term “son” in [8:9](../08/09.md) and use a comparable expression for addressing someone respectfully in your language. You could also use plain language. Alternate translation: [I will obey you and I will be personally loyal to you]
16:7	xzq1		rc://*/ta/man/translate/figs-metonymy	מִ⁠כַּ֣ף מֶֽלֶךְ־אֲרָ֗ם וּ⁠מִ⁠כַּף֙ מֶ֣לֶךְ יִשְׂרָאֵ֔ל	1	In this context, the word **palm** represents power, as the word “hand” often does elsewhere in the book. Alternate translation: [from the power of the king of Aram and from the power of the king of Israel]
16:7	r1r0		rc://*/ta/man/translate/figs-metaphor	הַ⁠קּוֹמִ֖ים עָלָֽ⁠י	1	Ahaz is speaking as if Rezin and Pekah had actually **arisen** or stood up. If it would be helpful in your language, you could state the meaning plainly. Alternate translation: [the ones who are attacking me]
16:8	d7q1		rc://*/ta/man/translate/figs-idiom	אֶת־הַ⁠כֶּ֣סֶף וְ⁠אֶת־הַ⁠זָּהָ֗ב הַ⁠נִּמְצָא֙	1	See how you translated the similar expression in [12:18](../12/18.md). Alternate translation: [the silver and the gold that was]
16:8	n4do		rc://*/ta/man/translate/figs-metaphor	בֵּ֣ית יְהוָ֔ה	1	See how you translated the similar expression in [5:18](../05/18.md). Alternate translation: [in the temple of Yahweh]
16:9	me6q		rc://*/ta/man/translate/figs-explicit	וַ⁠יִּשְׁמַ֤ע אֵלָי⁠ו֙ מֶ֣לֶךְ אַשּׁ֔וּר	1	See how you translated the similar expression in [10:6](../10/06.md). Alternate translation: [And the king of Assyria did what he asked]
16:9	x0zn		rc://*/ta/man/translate/writing-pronouns	וַ⁠יַּעַל֩ מֶ֨לֶךְ אַשּׁ֤וּר	1	Since the author has already used the title **the king of Assyria** earlier in this sentence, it may be more natural in your language to use a pronoun here. Alternate translation: [and he came up]
16:9	ou7d		rc://*/ta/man/translate/writing-pronouns	וַ⁠יַּגְלֶ֖⁠הָ	1	See how you translated the similar expression in [15:29](../15/29.md). Alternate translation: [And he exiled the people of the city]
16:10	wbga		rc://*/ta/man/translate/figs-explicitinfo	וְ⁠אֶת־תַּבְנִית֖⁠וֹ לְ⁠כָֽל־מַעֲשֵֽׂ⁠הוּ	1	It might seem that this expression contains extra information that would not be natural to express in your language. If so, you can say this in a way that would be more natural. Alternate translation: [and the pattern for all of its work]
16:12	qeax		rc://*/ta/man/translate/writing-pronouns	וַ⁠יַּ֥רְא הַ⁠מֶּ֖לֶךְ	1	Since the author has already used the title **the king** earlier in this sentence, it may be more natural in your language to use a pronoun here. Alternate translation: [and he saw]
16:13	tdfl		rc://*/ta/man/translate/figs-infostructure	וַ⁠יַּקְטֵ֤ר אֶת־עֹֽלָת⁠וֹ֙ וְ⁠אֶת־מִנְחָת֔⁠וֹ וַ⁠יַּסֵּ֖ךְ אֶת־נִסְכּ֑⁠וֹ וַ⁠יִּזְרֹ֛ק אֶת־דַּֽם־הַ⁠שְּׁלָמִ֥ים אֲשֶׁר־ל֖⁠וֹ עַל־הַ⁠מִּזְבֵּֽחַ	1	To show that Ahaz not only **sprinkled … blood** on the **altar** but also did the other actions there, you may want to put the information that he did these things **on the altar** at the start of the verse. Alternate translation: [And on the altar he burned his burnt offering and his grain offering and poured out his drink offering and sprinkled the blood of the peace offerings that were to him]
16:14	dsf0		rc://*/ta/man/translate/figs-metonymy	לִ⁠פְנֵ֣י יְהוָה֒	1	See how you translated the similar expression in [3:14](../03/14.md). Alternate translation: [was in the presence of Yahweh]
16:14	z7vu		rc://*/ta/man/translate/figs-metonymy	מֵ⁠אֵת֙ פְּנֵ֣י הַ⁠בַּ֔יִת	1	See how you translated the similar expression in [4:12](../04/12.md). Alternate translation: [from in front of the temple]
16:14	q7c4		rc://*/ta/man/translate/figs-explicit	צָפֽוֹנָ⁠ה	1	The author assumes that readers will understand that when he says the bronze altar was **to the north** of the new altar, he means that it was on the right side of that altar. You could indicate this explicitly in your translation if that would be helpful to your readers. Alternate translation: [on the right]
16:15	qppo		rc://*/ta/man/translate/figs-explicit	הַ⁠מִּזְבֵּ֣חַ הַ⁠גָּד֡וֹל	1	The implication is that the new altar was larger than the old bronze altar. You could indicate in your translation that Ahaz is referring to the new altar here if that would be helpful to your readers. Alternate translation: [the new altar]
16:15	d0bb		rc://*/ta/man/translate/grammar-collectivenouns	וְ⁠כָל־דַּ֥ם עֹלָ֛ה וְ⁠כָל־דַּם־זֶ֖בַח	1	In this verse, the terms **burnt offering** and **sacrifice** are singular in form, but Ahaz is using them to describe every burnt offering and fellowship offering that would be offered on this altar. You could indicate this in your translation if that would be helpful to your readers. Alternate translation: [the blood of every burnt offering and the blood of every fellowship offering]
16:15	uw57		rc://*/ta/man/translate/figs-ellipsis	לְ⁠בַקֵּֽר	1	Ahaz is leaving out some of the words that in many languages a sentence would need in order to be complete. You can supply these words from the context if that would be clearer in your language. Alternate translation: [to seek guidance from Yahweh]
16:17-18	u390		rc://*/ta/man/translate/translate-versebridge	וַ⁠יְקַצֵּץ֩ הַ⁠מֶּ֨לֶךְ אָחָ֜ז אֶת־הַ⁠מִּסְגְּר֣וֹת הַ⁠מְּכֹנ֗וֹת וַ⁠יָּ֤סַר מֵֽ⁠עֲלֵי⁠הֶם֙ אֶת־הַ⁠כִּיֹּ֔ר וְ⁠אֶת־הַ⁠יָּ֣ם הוֹרִ֔ד מֵ⁠עַ֛ל הַ⁠בָּקָ֥ר הַ⁠נְּחֹ֖שֶׁת אֲשֶׁ֣ר תַּחְתֶּ֑י⁠הָ וַ⁠יִּתֵּ֣ן אֹת֔⁠וֹ עַ֖ל מַרְצֶ֥פֶת אֲבָנִֽים׃ וְ⁠אֶת־מוּסַ֨ךְ הַ⁠שַּׁבָּ֜ת אֲשֶׁר־בָּנ֣וּ בַ⁠בַּ֗יִת וְ⁠אֶת־מְב֤וֹא הַ⁠מֶּ֨לֶךְ֙ הַֽ⁠חִיצ֔וֹנָ⁠ה הֵסֵ֖ב בֵּ֣ית יְהוָ֑ה מִ⁠פְּנֵ֖י מֶ֥לֶךְ אַשּֽׁוּר	1	Ahaz took all of the actions that the author describes in [16:17](../16/17.md) and [16:18](../16/18.md) **from the face of the king of Assyria**, that is, out of deference to him or to please him. If it would be helpful to your readers, in order to indicate this, you could combine these two verses into a verse bridge. You could put the phrase **from the face of the king of Assyria**, which gives the reason for Ahaz’s actions, at the beginning. Alternate translation: [And from the face of the king of Assyria, King Ahaz cut off the panels of the stands, and he removed the basin from upon them, and he took down the sea from upon the oxen of bronze that were beneath it and put it on a pavement of stones, and the canopy of the Sabbath that they had built at the house and the outer entrance of the king, he removed from the house of Yahweh]
16:17	lf6y		rc://*/ta/man/translate/figs-explicit	ו⁠את־הַ⁠מִּסְגְּר֣וֹת הַ⁠מְּכֹנ֗וֹת & ו⁠את־הַ⁠כִּיֹּ֔ר & הַ⁠יָּ֣ם	1	These are all technical terms relating to the furnishings of the temple courtyard. If you have already translated the book of 1 Kings, see how you translated these terms in [1 Kings 7:23–39](../1ki/07/23.md).
16:17	u4pj		rc://*/ta/man/translate/grammar-collectivenouns	מֵֽ⁠עֲלֵי⁠הֶם֙ ו⁠את־הַ⁠כִּיֹּ֔ר	1	In this verse, the word **basin** is singular in form, but it refers to the basins on all ten of the **stands** in the temple courtyard. You could indicate this in your translation if that would be helpful to your readers. Alternate translation: [the basins from upon them] or [the basin that was on each one]
16:18	j9qf		rc://*/ta/man/translate/writing-pronouns	אֲשֶׁר־בָּנ֣וּ	1	Here the author is using the pronoun **they** in a general sense, not to refer to specific people. Use an expression for this that would be natural in your language. Alternate translation: [that had been built]
16:18	ey8e		rc://*/ta/man/translate/figs-idiom	מִ⁠פְּנֵ֖י	1	See how you translated the similar expression in [16:3](../16/03.md). Alternate translation: [on account of]
16:19	bf42		rc://*/ta/man/translate/writing-endofstory	וְ⁠יֶ֛תֶר דִּבְרֵ֥י אָחָ֖ז אֲשֶׁ֣ר עָשָׂ֑ה הֲ⁠לֹא־הֵ֣ם כְּתוּבִ֗ים עַל־סֵ֛פֶר דִּבְרֵ֥י הַ⁠יָּמִ֖ים לְ⁠מַלְכֵ֥י יְהוּדָֽה	1	In this verse and the next verse, the author is concluding the story of Ahaz. To translate this verse, see how you translated the similar phrases in [1:18](../01/18.md).
16:20	gj23		rc://*/ta/man/translate/figs-euphemism	וַ⁠יִּשְׁכַּ֤ב אָחָז֙ עִם־אֲבֹתָ֔י⁠ו	1	See how you translated the same expression in [8:24](../08/24.md). Alternate translation: [And Ahaz passed away] or [And Ahaz died]
16:20	lahr		rc://*/ta/man/translate/figs-activepassive	וַ⁠יִּקָּבֵ֥ר עִם־אֲבֹתָ֖י⁠ו	1	The expression **was buried** is a passive verbal form. If your language would not use that form, you could express the idea in active form or in another way that is natural in your language. Alternate translation: [and people buried him in the same place where people had buried his ancestors]
17:intro	abch				0	# 2 Kings 17 Introduction\n\n## Structure and Formatting\n\nAt the start of this chapter (verses 1–6), the author tells the story of Hoshea, who was the last king of the northern kingdom of Israel. During his reign, the Assyrians conquered that kingdom and exiled its people. So in the following chapters, the author tells what the kings were like who ruled the kingdom of Judah in the years afterward.\n\nMuch of this chapter (verses 7–23) is devoted to an explanation that Yahweh allowed the exile of the people of the northern kingdom because they persistently disobeyed him and engaged in idolatry and wickedness despite repeated warnings from his prophets. This can be understood as the closing argument, applied initially to the northern kingdom, of the case that the author or authors of these historical books have been building that Yahweh was not at fault when the Israelites were conquered and exiled from their land. Instead, this happened because the people disobeyed Yahweh and broke their covenant with him.\n\nThe remainder of the chapter (verses 24–31) describes how the Assyrians resettled other peoples in the land of Israel and how those peoples worshiped other gods in addition to Yahweh.
17:1	wp9e		rc://*/ta/man/translate/writing-participants	בִּ⁠שְׁנַת֙ שְׁתֵּ֣ים עֶשְׂרֵ֔ה לְ⁠אָחָ֖ז מֶ֣לֶךְ יְהוּדָ֑ה מָ֠לַךְ הוֹשֵׁ֨עַ בֶּן־אֵלָ֧ה בְ⁠שֹׁמְר֛וֹן עַל־יִשְׂרָאֵ֖ל תֵּ֥שַׁע שָׁנִֽים	1	In this verse and the next verse, the author is introducing **Hoshea** as a participant in the story as the new king of **Israel**. To translate this verse, see how you translated the similar expressions in [8:25](../08/25.md) and [13:1](../13/01.md).
17:2	hsby		rc://*/ta/man/translate/figs-idiom	וַ⁠יַּ֥עַשׂ הָ⁠רַ֖ע בְּ⁠עֵינֵ֣י יְהוָ֑ה	1	See how you translated the similar expression in [3:2](../03/02.md). Alternate translation: [And he did what Yahweh considered to be evil]
17:2	exxo		rc://*/ta/man/translate/figs-metonymy	אֲשֶׁ֥ר הָי֖וּ לְ⁠פָנָֽי⁠ו	1	See the discussion in the introduction to 2 Kings of how the author and characters may use the term “face” to mean “before in time.” Alternate translation: [who had preceded him] or [who had ruled before he did]
17:3	y865		rc://*/ta/man/translate/figs-explicitinfo	עָלָ֔ה שַׁלְמַנְאֶ֖סֶר מֶ֣לֶךְ אַשּׁ֑וּר	1	See how you translated the similar expression in [1:3](../01/03.md). Alternate translation: [Shalmaneser, the king of Assyria, came]
17:5	z72s		rc://*/ta/man/translate/grammar-connect-time-background	וַ⁠יַּ֥עַל מֶֽלֶךְ־אַשּׁ֖וּר בְּ⁠כָל־הָ⁠אָ֑רֶץ	1	The author described the ultimate result of Hoshea’s rebellion in the previous verse. In this verse and the next verse, he is describing the ongoing events that led to this result. Connect these verses to the previous verse in a way that makes it clear in your language that they are describing something that led to the result already stated.
17:5	yx53		rc://*/ta/man/translate/figs-hyperbole	וַ⁠יַּ֥עַל & בְּ⁠כָל־הָ⁠אָ֑רֶץ	1	The author is saying **all of the land** as a generalization for emphasis. If it would be helpful in your language, you could use a different way to express the emphasis. Alternate translation: [subjugated the kingdom as a whole]
17:6	km4b		rc://*/ta/man/translate/translate-ordinal	בִּ⁠שְׁנַ֨ת הַ⁠תְּשִׁיעִ֜ית לְ⁠הוֹשֵׁ֗עַ	1	If your language would not describe a year of a king’s reign in a form such as **the year of nine**, you could represent this year in a form that your language would use. Alternate translation: [In the ninth year of Hoshea]
17:7	xe2n		rc://*/ta/man/translate/figs-metaphor	בְנֵֽי־יִשְׂרָאֵל֙	1	See how you translated the similar expression in [8:12](../08/12.md). Alternate translation: [the Israelites]
17:7	kf3x		rc://*/ta/man/translate/figs-metonymy	הַ⁠מַּעֲלֶ֤ה אֹתָ⁠ם֙ מֵ⁠אֶ֣רֶץ מִצְרַ֔יִם	1	The author is using the current generation of Israelites, referring to them with the pronoun **them**, to represent the Israelite people and specifically the earlier generation of them whom Yahweh rescued from slavery in Egypt. If it would be helpful in your language, you could use an equivalent expression or plain language. Alternate translation: [the one having brought the Israelite people up from the land of Egypt] or [the one having brought their ancestors up from the land of Egypt]
17:7	d4ew		rc://*/ta/man/translate/figs-metonymy	יַ֖ד	1	See how you translated the similar expression in [3:10](../03/10.md). Alternate translation: [the control of]
17:8	x9t4		rc://*/ta/man/translate/figs-metaphor	וַ⁠יֵּֽלְכוּ֙ בְּ⁠חֻקּ֣וֹת הַ⁠גּוֹיִ֔ם	1	The author is speaking as if the customs of these **nations** had actually been **statutes** or laws that they had obeyed. If it would be helpful in your language, you could state the meaning plainly. Alternate translation: [and they walked in the customs of the nations]
17:8	a20l		rc://*/ta/man/translate/figs-metaphor	וַ⁠יֵּֽלְכוּ֙ בְּ⁠חֻקּ֣וֹת הַ⁠גּוֹיִ֔ם	1	See how you translated the similar expression in [8:18](../08/18.md). Alternate translation: [and they followed the same customs as the nations]
17:8	su4u		rc://*/ta/man/translate/figs-idiom	מִ⁠פְּנֵ֖י	1	See how you translated the similar expression in [16:3](../16/03.md). Alternate translation: [on account of]
17:8	chhp		rc://*/ta/man/translate/figs-ellipsis	וּ⁠מַלְכֵ֥י יִשְׂרָאֵ֖ל אֲשֶׁ֥ר עָשֽׂוּ	1	The author is leaving out some of the words that in many languages a sentence would need in order to be complete. You can supply these words from the context if that would be clearer in your language. Alternate translation: [and they walked in the statutes of the kings of Israel that they did] or [and they followed the same customs that the kings of Israel followed]
17:9	ne6i		rc://*/ta/man/translate/figs-explicit	וַ⁠יְחַפְּא֣וּ בְנֵֽי־יִשְׂרָאֵ֗ל דְּבָרִים֙ אֲשֶׁ֣ר לֹא־כֵ֔ן עַל־יְהוָ֖ה אֱלֹהֵי⁠הֶ֑ם	1	The meaning of the word **covered** here seems to be that the Israelites pretended they were worshiping Yahweh even as they did **things** that they knew **were not thus**, that is, that Yahweh had not commanded and in fact had forbidden. (While many versions translate the word as “did secretly,” all of the practices that the author describes in [17:9–12](../17/09.md) were done openly.) Your language may have a comparable expression that you can use in your translation. You could also use plain language, as the UST does. Alternate translation: [And the sons of Israel put a veneer of religiosity over the things they did against Yahweh their God, things that he had not commanded them to do]
17:9	qp2p		rc://*/ta/man/translate/figs-hyperbole	בְּ⁠כָל־עָ֣רֵי⁠הֶ֔ם	1	The author is saying **all** as an overstatement for emphasis. If it would be helpful in your language, you could use a different way to express the emphasis. Alternate translation: [in cities throughout their land]
17:9	cyuf		rc://*/ta/man/translate/figs-merism	מִ⁠מִּגְדַּ֥ל נוֹצְרִ֖ים עַד־עִ֥יר מִבְצָֽר	1	The author is referring to every kind of inhabited place by naming two extremes. A **tower of watchmen**, from which a few people would guard crops, was an isolated post in a rural area. A **city of fortification** was a major urban center. If it would be helpful in your language, you could use an equivalent expression or plain language. Alternate translation: [wherever people lived]
17:10	gyon		rc://*/ta/man/translate/figs-hyperbole	עַ֚ל כָּל־גִּבְעָ֣ה גְבֹהָ֔ה וְ⁠תַ֖חַת כָּל־עֵ֥ץ רַעֲנָֽן	1	See how you translated the similar expression in [16:4](../16/04.md). Alternate translation: [and on high hills and under green trees throughout their kingdom]
17:11	jngy		rc://*/ta/man/translate/figs-explicitinfo	וַ⁠יְקַטְּרוּ־שָׁם֙ בְּ⁠כָל־בָּמ֔וֹת	1	It might seem that this expression contains extra information that would not be natural to express in your language. If so, you can shorten it. Alternate translation: [And they burned incense in all of those high places]
17:11	n4sw		rc://*/ta/man/translate/figs-idiom	מִ⁠פְּנֵי⁠הֶ֑ם	1	See how you translated the similar expression in [16:3](../16/03.md). Alternate translation: [on their account]
17:13	rcl5		rc://*/ta/man/translate/figs-metonymy	בְּ⁠יִשְׂרָאֵ֣ל וּ⁠בִ⁠יהוּדָ֡ה	1	See how you translated the similar expression in [1:1](../01/01.md). Alternate translation: [the people of Israel and Judah]
17:13	sqeh		rc://*/ta/man/translate/figs-metonymy	בְּ⁠יַד֩ כָּל־נביא⁠ו & בְּ⁠יַ֖ד עֲבָדַ֥⁠י הַ⁠נְּבִיאִֽים	1	See how you translated the similar expression in [9:36](../09/36.md). Alternate translation: [through the agency of all of his prophets … through the agency of my servants the prophets]
17:13	vd53		rc://*/ta/man/translate/figs-hyperbole	כָּל־נביא⁠ו כָל־חֹזֶ֜ה	1	The author is saying **all** and **every** as generalizations for emphasis. He means specifically the prophets and seers to whom Yahweh gave messages for this purpose. If it would be helpful in your language, you could use a different way to express the emphasis. Alternate translation: [every prophet and seer whom he sent to them]
17:13	bply		rc://*/ta/man/translate/figs-metaphor	שֻׁ֝֠בוּ מִ⁠דַּרְכֵי⁠כֶ֤ם הָֽ⁠רָעִים֙	1	See how you translated the similar expression in [3:3](../03/03.md). Alternate translation: [Stop committing your evil deeds]
17:13	ojcu		rc://*/ta/man/translate/figs-doublet	מִצְוֺתַ֣⁠י חֻקּוֹתַ֔⁠י	1	The terms **commandments** and **statutes** mean similar things. Yahweh is using the two terms together for emphasis. If it would be clearer for your readers, you could express the emphasis with a single phrase. Alternate translation: [all of my commandments]
17:13	kebc		rc://*/ta/man/translate/figs-metaphor	אֶת־אֲבֹֽתֵי⁠כֶ֑ם	1	To translate the term “fathers” here and in the next two verses, see how you translated it in [8:24](../08/24.md). Alternate translation: [your ancestors]
17:14	kkbc		rc://*/ta/man/translate/figs-explicit	וְ⁠לֹ֖א שָׁמֵ֑עוּ	1	See how you translated the similar expression in [10:6](../10/06.md). Alternate translation: [But they did not obey]
17:14	lut8		rc://*/ta/man/translate/figs-metaphor	וַ⁠יַּקְשׁ֤וּ אֶת־עָרְפָּ⁠ם֙ כְּ⁠עֹ֣רֶף אֲבוֹתָ֔⁠ם	1	The author is speaking as if the Israelites he is describing and their ancestors had actually **stiffened their neck**, as an ox would do that did not want to turn in the direction that a farmer was indicating. If it would be helpful in your language, you could state the meaning plainly. Alternate translation: [and they resisted stubbornly, as their fathers did]
17:14	cvux		rc://*/ta/man/translate/grammar-collectivenouns	וַ⁠יַּקְשׁ֤וּ אֶת־עָרְפָּ⁠ם֙ כְּ⁠עֹ֣רֶף אֲבוֹתָ֔⁠ם	1	In this verse, the word **neck** is singular in form, but it refers to all of the necks of the Israelites and their ancestors. If it would be helpful in your language, if you decide to retain the image in your translation, you could use the plural form of “neck.” Alternate translation: [and they stiffened their necks, like the necks of their fathers]
17:15	ohip		rc://*/ta/man/translate/figs-idiom	וְ⁠אֶת־בְּרִית⁠וֹ֙ אֲשֶׁ֣ר כָּרַ֣ת אֶת־אֲבוֹתָ֔⁠ם	1	See how you translated the similar expression in [11:4](../11/04.md). Alternate translation: [and the covenant that he had made with their fathers]
17:15	is28		rc://*/ta/man/translate/writing-poetry	וְ⁠אֵת֙ עֵֽדְוֺתָ֔י⁠ו אֲשֶׁ֥ר הֵעִ֖יד בָּ֑⁠ם	1	The author is using a construction in which a verb and its object come from the same root. You may be able to use the same construction in your language to express the meaning here. Alternatively, your language may have another way of saying this. In this context, the idea is that Yahweh **testified** against the Israelites the way someone would testify against another person in court. Yahweh sent the prophets to give evidence that the Israelites had broken his covenant and needed to change the way they were acting. Alternate translation: [and the evidence that his prophets brought against them]
17:15	sp38		rc://*/ta/man/translate/figs-ellipsis	וְ⁠אַחֲרֵ֤י הַ⁠גּוֹיִם֙ אֲשֶׁ֣ר סְבִֽיבֹתָ֔⁠ם	1	The author is leaving out some of the words that in many languages a sentence would need in order to be complete. You can supply these words from the context if that would be clearer in your language. Alternate translation: [and they went after the nations that were around them] or [and they followed the nations that were around them]
17:15	nh38		rc://*/ta/man/translate/figs-metaphor	וְ⁠אַחֲרֵ֤י הַ⁠גּוֹיִם֙ אֲשֶׁ֣ר סְבִֽיבֹתָ֔⁠ם	1	The author is speaking as if the Israelites had actually gone **after** or physically followed the surrounding nations. If it would be helpful in your language, you could state the meaning plainly. Alternate translation: [and they did the same things as the nations that were around them]
17:16	boyz		rc://*/ta/man/translate/grammar-collectivenouns	מַסֵּכָ֖ה	1	While the word **image** is singular in form, it refers to both of the **calves**. If it would be helpful in your language, you could use the plural form of “image.” Alternate translation: [molded images]
17:16	qv30		rc://*/ta/man/translate/figs-genericnoun	אֲשֵׁירָ֗ה	1	The author is not referring to a specific **Asherah**. He means all of the Asherahs that the Israelites made. If it would be helpful to your readers, you could use an expression that would be more natural in your language. Alternate translation: [Asherahs] or [Asherah poles]
17:16	rltg		rc://*/ta/man/translate/figs-metaphor	לְ⁠כָל־צְבָ֣א הַ⁠שָּׁמַ֔יִם	1	The author is speaking of the sun, moon, and stars as if they were an **army** in the sky. Your language may have a comparable expression that you can use in your translation, or you could state the meaning plainly, as the UST does. Alternate translation: [to all the lights in the sky] or [to the heavenly bodies]
17:17	miin		rc://*/ta/man/translate/figs-idiom	וַֽ֠⁠יַּעֲבִירוּ אֶת־בְּנֵי⁠הֶ֤ם וְ⁠אֶת־בְּנֽוֹתֵי⁠הֶם֙ בָּ⁠אֵ֔שׁ	1	See how you translated the similar expression in [16:3](../16/03.md). Alternate translation: [And they burned up their sons and daughters completely as offerings to idols]
17:17	dh2b		rc://*/ta/man/translate/writing-poetry	וַ⁠יִּקְסְמ֥וּ קְסָמִ֖ים	1	The author is using a construction in which a verb and its object come from the same root. You may be able to use the same construction in your language to express the meaning here. Alternatively, your language may have another way of saying this. Alternate translation: [And they practiced divination]
17:17	mg3p		rc://*/ta/man/translate/figs-idiom	וַ⁠יִּֽתְמַכְּר֗וּ לַ⁠עֲשׂ֥וֹת הָ⁠רַ֛ע	1	The author is using **they sold themselves** as a common expression of his culture to mean that the Israelites allowed doing evil to take complete control of their lives. If this phrase does not have that meaning in your language, you could use a comparable expression from your language that does have that meaning, or you could state the meaning plainly. If you have already translated the book of 1 Kings, see how you translated the similar expression in [1 Kings 21:20](../1ki/21/20.md). Alternate translation: [And they surrendered themselves completely to doing evil] or [And they gave in completely to doing evil]
17:18	y4oo		rc://*/ta/man/translate/figs-activepassive	וַ⁠יִּתְאַנַּ֨ף יְהוָ֤ה מְאֹד֙	1	The expression **was exceedingly enraged** contains a passive verbal form. If your language would not use that form, you could express the idea in active form or in another way that would be natural in your language. Alternate translation: [And this enraged Yahweh exceedingly]
17:18	rv1p		rc://*/ta/man/translate/figs-metonymy	מֵ⁠עַ֣ל פָּנָ֑י⁠ו	1	To translate the term **face** here and in verses 20 and 23, see how you translated the similar expression in [13:23](../13/23.md). Alternate translation: [away from his presence] or [away from the land of Israel]
17:18	rhi5		rc://*/ta/man/translate/grammar-connect-exceptions	לֹ֣א נִשְׁאַ֔ר רַ֛ק שֵׁ֥בֶט יְהוּדָ֖ה לְ⁠בַדּֽ⁠וֹ	1	If it would appear in your language that the author was making a statement and then contradicting it, you could reword this as a positive statement. Alternate translation: [The only tribe that was left was Judah alone]
17:19	ij4g		rc://*/ta/man/translate/figs-metaphor	וַ⁠יֵּ֣לְכ֔וּ בְּ⁠חֻקּ֥וֹת יִשְׂרָאֵ֖ל אֲשֶׁ֥ר עָשֽׂוּ	1	See how you translated the similar expression in [17:8](../17/08.md). Alternate translation: [And they followed the same customs that the people followed in the kingdom of Israel]
17:20	emkf		rc://*/ta/man/translate/figs-metaphor	זֶ֤רַע יִשְׂרָאֵל֙	1	See how you translated the similar expression in [5:27](../05/27.md). Alternate translation: [the descendants of Israel] or [the people of Israel]
17:20	w5jc		rc://*/ta/man/translate/figs-metonymy	וַֽ⁠יִּתְּנֵ֖⁠ם בְּ⁠יַד־שֹׁסִ֑ים	1	See how you translated the similar expression in [3:10](../03/10.md). Alternate translation: [and he gave them into the power of plunderers] or [and he allowed people to plunder them]
17:20	xxf0		rc://*/ta/man/translate/figs-metaphor	הִשְׁלִיכָ֖⁠ם	1	The author is speaking as if Yahweh had actually **cast** or thrown the Israelites somewhere. If it would be helpful in your language, you could state the meaning plainly. Alternate translation: [he allowed enemies to take them]
17:21	cjh1		rc://*/ta/man/translate/figs-metaphor	קָרַ֣ע יִשְׂרָאֵ֗ל מֵ⁠עַל֙	1	The author is speaking as if Yahweh actually **tore** Israel away from the kings descended from David, the way someone might tear a piece of cloth away from the rest of a garment. If it would be helpful in your language, you could state the meaning plainly. If you have already translated the book of 1 Kings, see how you translated the similar expression in [1 Kings 11:11](../1ki/11/11.md). Alternate translation: [he took Israel away]
17:21	w4f2		rc://*/ta/man/translate/figs-metaphor	בֵּ֣ית דָּוִ֔ד	1	See how you translated the similar expression in [8:18](../08/18.md). Alternate translation: [the dynasty of David]
17:21	wr0n		rc://*/ta/man/translate/figs-metaphor	ו⁠ידא יָרָבְעָ֤ם אֶת־יִשְׂרָאֵל֙ מֵ⁠אַחֲרֵ֣י יְהוָ֔ה	1	Speaker is speaking as if Jeroboam actually **drove** the Israelites away from worshiping and obeying Yahweh, the way the author says in [16:16](../16/16.md) that Rezin “drove the Judeans out of Elath.” If it would be helpful in your language, you could state the meaning plainly. Alternate translation: [And Jeroboam influenced the Israelites to stop worshiping and obeying Yahweh]
17:21	gtnw		rc://*/ta/man/translate/writing-poetry	וְ⁠הֶחֱטֵיאָ֖⁠ם חֲטָאָ֥ה גְדוֹלָֽה	1	The author is using a construction in which a verb and its object come from the same root. You may be able to use the same construction in your language to express the meaning here. Alternatively, your language may have another way of saying this. Alternate translation: [and he caused them to sin greatly]
17:22	whmu		rc://*/ta/man/translate/figs-metaphor	וַ⁠יֵּֽלְכוּ֙ בְּנֵ֣י יִשְׂרָאֵ֔ל בְּ⁠כָל־חַטֹּ֥אות יָרָבְעָ֖ם אֲשֶׁ֣ר עָשָׂ֑ה לֹא־סָ֖רוּ מִמֶּֽ⁠נָּה	1	See how you translated the similar expressions in [3:3](../03/03.md) and [8:18](../08/18.md). Alternate translation: [And the sons of Israel committed the same sins that Jeroboam committed. They did not stop committing those sins]
17:22	mfz7		rc://*/ta/man/translate/writing-pronouns	לֹא־סָ֖רוּ מִמֶּֽ⁠נָּה	1	Since the pronoun **it** refers back to the **sins** of Jeroboam, it may be more natural in your language to use a plural pronoun. Alternate translation: [They did not turn away from them]
17:23	r0ft		rc://*/ta/man/translate/figs-metonymy	בְּ⁠יַ֖ד כָּל־עֲבָדָ֣י⁠ו הַ⁠נְּבִיאִ֑ים	1	See how you translated the similar expression in [9:36](../09/36.md). Alternate translation: [through the agency of his servants the prophets]
17:23	ayzm		rc://*/ta/man/translate/figs-explicit	עַ֖ד הַ⁠יּ֥וֹם הַ⁠זֶּֽה	1	See how you translated the same expression in [2:22](../02/22.md). Alternate translation: [and that is still the case as of the time of this writing]
17:24	ppvt		rc://*/ta/man/translate/figs-metonymy	בְּ⁠עָרֵ֣י שֹֽׁמְר֔וֹן & וַ⁠יִּֽרְשׁוּ֙ אֶת־שֹׁ֣מְר֔וֹן	1	The author is using the name **Samaria** for the kingdom of Israel. Since the Assyrians now controlled the area, he is using the same name that the Assyrians used, as [17:26](../17/26.md) shows. If you have decided to use the same names in your translation that the biblical author does in each place, you may wish to use the name Samaria here and in verse 28. If you decided to use the same name consistently for a given place, you may wish to use the name Israel.
17:25	pikg		rc://*/ta/man/translate/writing-newevent	וַ⁠יְהִ֗י	1	The author is using this phrase to introduce a new event. See how you translated the phrase in [2:1](../02/01.md).
17:26	wra2		rc://*/ta/man/translate/writing-pronouns	וַ⁠יֹּאמְר֗וּ לְ⁠מֶ֣לֶךְ אַשּׁוּר֮	1	Here the author is using the pronoun **they** in a general sense, not to refer to specific people. Use an expression for this that would be natural in your language. Alternate translation: [And the king of Assyria was told]
17:26	w7jy		rc://*/ta/man/translate/translate-names	שֹׁמְר֔וֹן	1	Even if you used the name “Israel” in your translation in [17:24](../17/24.md) to reflect the author’s meaning, it would be appropriate to use the name **Samaria** here, since that is apparently how the people in the Assyrian royal court referred to the land that had been the northern kingdom of Israel.
17:26	omc0		rc://*/ta/man/translate/figs-idiom	וְ⁠הִנָּ⁠ם֙ מְמִיתִ֣ים אוֹתָ֔⁠ם	1	The people who are informing the Assyrian king are using **behold them** as a common expression of their culture to describe an activity that is ongoing at the time when they are speaking. If this phrase does not have that meaning in your language, you could use a comparable expression from your language that does have that meaning, or you could state the meaning plainly. If you have already translated the book of 1 Kings, see how you translated the similar expression in [1 Kings 1:25](../1ki/01/25.md). Alternate translation: [and they are killing them as we speak] or [and they are killing them right now]
17:27	wvi7		rc://*/ta/man/translate/writing-pronouns	וְ⁠יֵלְכ֖וּ וְ⁠יֵ֣שְׁבוּ שָׁ֑ם וְ⁠יֹרֵ֕⁠ם	1	The pronoun **them** likely refers in this instance to the household and assistants of the priest. It may be helpful to clarify this for your readers. (In the second instance, in the phrase **let him teach them**, the pronoun **them** refers to the people whom the Assyrians resettled in Israel.) Alternate translation: [And let him go and settle there with his household and assistants]
17:29	ylw6		rc://*/ta/man/translate/figs-idiom	וַ⁠יִּהְי֣וּ עֹשִׂ֔ים גּ֥וֹי גּ֖וֹי אֱלֹהָ֑י⁠ו & גּ֥וֹי גּוֹי֙ בְּ⁠עָ֣רֵי⁠הֶ֔ם אֲשֶׁ֛ר הֵ֥ם יֹשְׁבִ֖ים שָֽׁם	1	The author is using **a nation, a nation** as a common expression of his culture to mean “each nation” or “every nation.” If this phrase does not have that meaning in your language, you could use a comparable expression from your language that does have that meaning, or you could state the meaning plainly. Alternate translation: [And all the nations were making their own gods … all the nations in their cities where they were settling there] or [And each nation was making its own gods … each nation in their cities where it was settling there]
17:29	vtae		rc://*/ta/man/translate/grammar-collectivenouns	בְּ⁠בֵ֣ית	1	In this verse, the word **house** is singular in form, but it refers to all of the temples on the high places as a group. If it would be helpful in your language, you could use the plural form of “house.” Alternate translation: [in the temples of]
17:29	rmpb		rc://*/ta/man/translate/figs-metaphor	בְּ⁠בֵ֣ית הַ⁠בָּמ֗וֹת	1	See how you translated the similar expression in [5:18](../05/18.md). Alternate translation: [in the temples of the high places] or [in the shrines at the high places]
17:29	uyjw		rc://*/ta/man/translate/figs-explicitinfo	אֲשֶׁ֛ר הֵ֥ם יֹשְׁבִ֖ים שָֽׁם	1	It might seem that this expression contains extra information that would not be natural to express in your language. If so, you can shorten it. Alternate translation: [where they were settling]
17:32	v9gk		rc://*/ta/man/translate/figs-merism	מִ⁠קְצוֹתָ⁠ם֙	1	The author is using the term **extremities** to mean the outer limits of the population of these groups, and he is using those outer limits to represent them and everything in between. In other words, he means that these people groups made priests from throughout their entire population, not from a specific priestly tribe such as the Levites. If it would be helpful in your language, you could state the meaning plainly. If you have already translated the book of 1 Kings, see how you translated the similar expression in [1 Kings 12:31](../1ki/12/31.md). Alternate translation: [from throughout their populations]
17:32	fpni		rc://*/ta/man/translate/writing-pronouns	וַ⁠יִּהְי֛וּ עֹשִׂ֥ים לָ⁠הֶ֖ם	1	The pronoun **they** refers to these **priests**, while the pronoun **them** refers to the gods whom these people groups made idols to represent. It may be helpful to clarify this for your readers. Alternate translation: [and those priests were making sacrifices to the gods that their nations had made]
17:33	jidm		rc://*/ta/man/translate/writing-pronouns	הִגְל֥וּ אֹתָ֖⁠ם	1	The pronoun **they** refers to the Assyrians. It may be helpful to clarify this for your readers. Alternate translation: [the Assyrians had exiled them]
17:33	jwxz		rc://*/ta/man/translate/figs-explicitinfo	מִ⁠שָּֽׁם	1	It might seem that this expression contains extra information that would not be natural to express in your language. If so, you do not need to represent it explicitly in your translation.
17:34	gvw4		rc://*/ta/man/translate/figs-explicit	עַ֣ד הַ⁠יּ֤וֹם הַ⁠זֶּה֙	1	See how you translated the same expression in [2:22](../02/22.md). Alternate translation: [At the time of this writing]
17:34	tlqd		rc://*/ta/man/translate/writing-pronouns	הֵ֣ם עֹשִׂ֔ים	1	The pronoun **they** refers to the people groups whom the Assyrians settled in the land of Israel and specifically to their descendants who were alive at the time the author wrote this verse. It may be helpful to clarify this for your readers. Alternate translation: [their descendants are acting]
17:34	ubm7		rc://*/ta/man/translate/figs-explicit	אֵינָ֤⁠ם יְרֵאִים֙ אֶת־יְהוָ֔ה	1	The implication, based on what the author says in the following verses, is that here he means that these people were not genuinely fearing Yahweh. He said in the previous two verses that they “were fearing Yahweh,” but by that he meant that they observed certain religious practices. They were not truly devoted to Yahweh, as their worship of other gods showed. You could indicate this explicitly in your translation if that would be helpful to your readers. Alternate translation: [They are not genuinely fearing Yahweh]
17:34	pt1z		rc://*/ta/man/translate/writing-pronouns	כְּ⁠חֻקֹּתָ⁠ם֙ וּ⁠כְ⁠מִשְׁפָּטָ֔⁠ם וְ⁠כַ⁠תּוֹרָ֣ה וְ⁠כַ⁠מִּצְוָ֗ה אֲשֶׁ֨ר צִוָּ֤ה יְהוָה֙ אֶת־בְּנֵ֣י יַעֲקֹ֔ב	1	It may be more natural in your language to use a noun phrase in the first part of this sentence and a pronoun in the second part of the sentence. Alternate translation: [according to the statutes of the sons of Jacob, whose name he made Israel, or according to their judgment or according to the law or according to the commandment that Yahweh commanded them]
17:34	wptm		rc://*/ta/man/translate/figs-doublet	כְּ⁠חֻקֹּתָ⁠ם֙ וּ⁠כְ⁠מִשְׁפָּטָ֔⁠ם וְ⁠כַ⁠תּוֹרָ֣ה וְ⁠כַ⁠מִּצְוָ֗ה אֲשֶׁ֨ר צִוָּ֤ה יְהוָה֙ אֶת־בְּנֵ֣י יַעֲקֹ֔ב	1	The terms **statutes**, **judgment**, **law**, and **commandment** mean similar things. The author is using these terms together for emphasis. If it would be clearer for your readers, you could express the emphasis with a single phrase. Alternate translation: [according to the entire law that Yahweh gave to the sons of Jacob]
17:34	in3n		rc://*/ta/man/translate/grammar-collectivenouns	וּ⁠כְ⁠מִשְׁפָּטָ֔⁠ם & וְ⁠כַ⁠מִּצְוָ֗ה	1	In this verse, the words **judgment** and **commandment** are singular in form, but they refer to all of the judgments and commandments that Yahweh gave to **the sons of Jacob**. If it would be helpful in your language, you could use the plural forms of these words. Alternate translation: [or according to their judgments … or according to the commandments]
17:34	kgdn		rc://*/ta/man/translate/writing-poetry	וְ⁠כַ⁠מִּצְוָ֗ה אֲשֶׁ֨ר צִוָּ֤ה יְהוָה֙	1	The author is using a construction in which a verb and its object come from the same root. You may be able to use the same construction in your language to express the meaning here. Alternatively, your language may have another way of saying this. Alternate translation: [or according to the commandments that Yahweh gave to]
17:34	ug4l		rc://*/ta/man/translate/figs-metaphor	אֶת־בְּנֵ֣י יַעֲקֹ֔ב	1	See how you translated the similar expression in [8:12](../08/12.md). Alternate translation: [the descendants of Jacob]
17:35	km03		rc://*/ta/man/translate/figs-idiom	וַ⁠יִּכְרֹ֨ת יְהוָ֤ה & בְּרִ֔ית	1	To translate the expression **cut a covenant** here and in verse 38, see how you translated the similar expression in [11:4](../11/04.md). Alternate translation: [For Yahweh had made a covenant here]
17:36	fbwh		rc://*/ta/man/translate/grammar-connect-exceptions	כִּ֣י אִֽם־אֶת־יְהוָ֗ה	1	If it would appear in your language that Yahweh was making a statement and then contradicting it, you could reword this as a positive statement. In some languages this may be particularly helpful to avoid the idea that Yahweh is one of the “other gods” described in the previous verse. Alternate translation: [The only God you shall worship is Yahweh]
17:36	sdj9		rc://*/ta/man/translate/figs-123person	אֶת־יְהוָ֗ה & אֹת֣⁠וֹ & וְ⁠ל֥⁠וֹ & וְ⁠ל֥⁠וֹ	1	Yahweh is speaking of himself in the third person because he is making an authoritative proclamation. If it would be helpful in your language, you could translate this in the first person. Alternate translation: [me, Yahweh … me … to me … to me]
17:36	a23y		rc://*/ta/man/translate/figs-metonymy	בְּ⁠כֹ֧חַ גָּד֛וֹל וּ⁠בִ⁠זְר֥וֹעַ נְטוּיָ֖ה	1	Yahweh stretching out his **arm** represents Yahweh doing supernatural acts. If it would be helpful in your language, you could use an equivalent expression or plain language. If you have already translated the book of Deuteronomy, see how you translated the same expression in [Deuteronomy 4:34](../../deu/04/34.md). Alternate translation: [with great power and supernatural deeds]
17:36	jvj7		rc://*/ta/man/translate/figs-hendiadys	בְּ⁠כֹ֧חַ גָּד֛וֹל וּ⁠בִ⁠זְר֥וֹעַ נְטוּיָ֖ה	1	Together the phrases **great power** and **an outstretched arm** express a single idea. The phrase **great power** tells in what way Yahweh accomplished the deeds that his **outstretched arm** represents. If it would be more natural in your language, you could express this meaning in a different way. Alternate translation: [powerfully with supernatural deeds]
17:37	p8p2		rc://*/ta/man/translate/figs-doublet	וְ⁠אֶת־הַ⁠חֻקִּ֨ים וְ⁠אֶת־הַ⁠מִּשְׁפָּטִ֜ים וְ⁠הַ⁠תּוֹרָ֤ה וְ⁠הַ⁠מִּצְוָה֙	1	See how you translated the similar expression in [17:34](../17/34.md). Alternate translation: [And the entire law]
17:37	ijmz		rc://*/ta/man/translate/writing-pronouns	אֲשֶׁ֣ר כָּתַ֣ב לָ⁠כֶ֔ם	1	The pronoun **he** refers to Moses. It may be helpful to clarify this for your readers. Alternate translation: [that Moses wrote down for you]
17:37	o4si		rc://*/ta/man/translate/figs-metonymy	כָּל־הַ⁠יָּמִ֑ים	1	See how you translated the similar expression in [8:19](../08/19.md). Alternate translation: [always] or [continually]
17:38	yi6h		rc://*/ta/man/translate/figs-doublenegatives	וְ⁠הַ⁠בְּרִ֛ית & לֹ֣א תִשְׁכָּ֑חוּ	1	This is a double negative, consisting of the negative particle **not** and the negative word **forget**. If it would be clearer in your language, you could use a positive expression to translate this. Alternate translation: [And you must always remember]
17:39	tsoy		rc://*/ta/man/translate/grammar-connect-exceptions	כִּ֛י אִֽם־אֶת־יְהוָ֥ה אֱלֹהֵי⁠כֶ֖ם תִּירָ֑אוּ	1	See how you translated the similar expression in [17:36](../17/36.md). Alternate translation: [You shall fear only Yahweh your God]
17:39	kiw9		rc://*/ta/man/translate/figs-123person	אֶת־יְהוָ֥ה & וְ⁠הוּא֙ יַצִּ֣יל	1	Yahweh is continuing to speak of himself in the third person because he is making an authoritative proclamation. See what you did in [17:36](../17/36.md). Alternate translation: [me, Yahweh … and I, I will deliver]
17:39	dy3q		rc://*/ta/man/translate/writing-pronouns	וְ⁠הוּא֙ יַצִּ֣יל	1	See how you translated the similar expression in [14:7](../14/07.md). Alternate translation: [and he is the one who will deliver] or [and I am the one who will deliver]
17:39	btqm		rc://*/ta/man/translate/figs-metonymy	מִ⁠יַּ֖ד	1	See how you translated the similar expression in [3:10](../03/10.md). Alternate translation: [from the power of]
17:41	fi23		rc://*/ta/man/translate/figs-gendernotations	גַּם־בְּנֵי⁠הֶ֣ם ׀ וּ⁠בְנֵ֣י בְנֵי⁠הֶ֗ם	1	See how you translated the similar expression in [4:4](../04/04.md). Alternate translation: [Both their children and the children of their children]
17:41	ll8q		rc://*/ta/man/translate/translate-kinship	גַּם־בְּנֵי⁠הֶ֣ם ׀ וּ⁠בְנֵ֣י בְנֵי⁠הֶ֗ם	1	Your language may have its own term or expression for the relationship that the author describes with the phrase **the sons of their sons**. Alternate translation: [Both their children and grandchildren]
17:41	qe66		rc://*/ta/man/translate/figs-metonymy	גַּם־בְּנֵי⁠הֶ֣ם ׀ וּ⁠בְנֵ֣י בְנֵי⁠הֶ֗ם	1	The author may be using the first two generations of descendants to represent many generations. If it would be helpful in your language, you could use an equivalent expression or plain language. Alternate translation: [Subsequent generations of their descendants]
17:41	p9yu		rc://*/ta/man/translate/figs-metaphor	אֲבֹתָ⁠ם֙	1	See how you translated the similar expression in [8:24](../08/24.md). Alternate translation: [their ancestors]
17:41	f9v3		rc://*/ta/man/translate/figs-explicit	עַ֖ד הַ⁠יּ֥וֹם הַ⁠זֶּֽה	1	See how you translated the same expression in [2:22](../02/22.md).
18:intro	abci				0	# 2 Kings 18 Introduction\n\n## Structure and Formatting\n\nThis chapter begins the story of Hezekiah, one of the great kings of Judah. Because he is so important, the author describes the history of his reign at length, in chapters 18, 19, and 20.\n\n## Religious and Cultural Concepts in This Chapter\n\n### What was “the serpent of bronze that Moses had made”?\n\nThe author refers in 18:4 to “the serpent of bronze that Moses had made.” This was an artifact originally constructed during the Israelites’ wilderness journey, as described in [Numbers 21:4–9](../../num/24/04.md). Yahweh instructed Moses to make this bronze serpent and place it on a pole so that anyone bitten by poisonous snakes could look at it and be healed. Over time, however, the Israelites began to worship the bronze serpent itself (they even gave it a name, Nehushtan) and burn incense to it as an idol. King Hezekiah destroyed this object during his reforms, recognizing that what was once a symbol associated with Yahweh’s healing had become an object of improper worship.\n\n### Why did Sennacherib not end his invasion of Judah even after Hezekiah paid him what he demanded?\n\nThe author describes in 18:13–16 how Sennacherib, the king of Assyria, invaded Judah. Hezekiah had rebelled against him (as verse 7 describes), but he agreed to become his vassal again and pay any tribute he demanded. Sennacherib specified an amount, and Hezekiah paid it. But Sennacherib did not end his invasion of Judah after that. Instead, he continued to besiege the cities he had not yet conquered, and he sent officials at the head of a large army to demand the surrender of Jerusalem. It seems that Sennacherib was not content with tribute. He wanted complete control over the Judean kingdom. He did not want to risk another Judean king rebelling against him. So he had to conquer or achieve the surrender of the capital, Jerusalem. It is possible that Sennacherib used the tribute as a means of weakening Judah before insisting on full surrender. If so, that shows his determination to assert his dominance and destroy any resistance.\n\n### Why did the Assyrians stop where they did?\n\nThe author says in 18:17 that the large Assyrian army that advanced against Jerusalem “stopped by the conduit of the upper pool that was on the highway of the Field of the Fuller.” One reason for stopping and apparently setting up camp there was probably the need for water for a large army. According to the parallel account in 2 Chronicles, Hezekiah had blocked up all the water sources around the city in order to keep the Assyrians from having a water supply. But the location where their army stopped was right next to an aqueduct that brought water down to Jerusalem from springs above the city. That provided a ready source of water. This was also a prominent location right outside the city walls. This allowed the Assyrian officials to demand a conference with King Hezekiah’s representatives that would take place within the hearing of Judeans who gathered on the city walls. The Assyrians exploited this and said things publicly to try to terrify and demoralize the Judeans.\n\n## Translation Issues in This Chapter\n\n### Levels of quotation\n\nThere are multiple levels of quotation in the long quotations in verses 19–25 and 28–35. In the first case, it is complicated to follow who is speaking and on whose behalf. But here is one probable explanation. This is the interpretation that the ULT follows.\n- Verse 19 introduces three levels of quotation. The author begins quoting what the Rabshakeh said (level 1). The Rabshakeh begins to tell Hezekiah’s officials what he wants them to say to Hezekiah (level 2). This includes the beginning of a quotation from Sennacherib, the king of Assyria (level 3).\n- The third-level quotation continues through verses 20 and 21. A fourth-level quotation begins in verse 20, as Sennacherib quotes something that Hezekiah is supposedly saying. The pronouns “you” and “yourself” are singular because Sennacherib is addressing Hezekiah. The second-level and third-level quotations that began in verse 19 conclude at the end of verse 21.\n- In verse 22, there are two levels of quotation. The “you” in “if you say” is plural, so the Rabshakeh is now addressing Hezekiah’s officials directly. He speaks of Hezekiah in the third person. But he quotes what the officials might say and what Hezekiah has said.\n- The first-level quotation from the Rabshakeh continues in v. 23, but now the Rabshakeh is addressing Hezekiah directly. (He is implicitly expecting the Judean officials to pass along his words). The implied “you” in the imperative “wager” and the pronoun “yourself” are singular, but the king of Assyria is spoken of in the third person (“my master”), so the Rabshakeh is not quoting the king as he did in vv. 19–21.\n- This seems to be the case in v. 24, as well, where the Rabshakeh continues to speak of Sennacherib as “my master.”\n- But the speaker in v. 25 seems to be Sennacherib again, speaking of himself in the first person. (The Rabshakeh would not say of himself, “Now have I come up against this place.”) This is an implicit return to the third-level quotation, although the author does not signal it directly in the text.\nNotes describe different possible ways of indicating the speakers throughout this long quotation.\n\nThe long quotation in verses 28–35 contains three levels of quotation, but it the identity of the speakers seems clearer throughout. Notes also describe ways of indicating the speakers throughout this quotation.\n\n### The Rabshakeh’s strong language\n\nIn 18:27, to try to terrify the Judeans into surrendering, the Rabshakeh speaks graphically of the effects of a prolonged siege. He tells them that they will “eat their dung and drink their urine.” His language might be considered offensive in some cultures. If it would not be appropriate for your readers if you reproduced his exact words, you could use an equivalent expression that would still reflect his ominous threat. You might have him say, for example, that the Judeans will “consume their own waste.”
18:1	lypd		rc://*/ta/man/translate/writing-participants	וַֽ⁠יְהִי֙ בִּ⁠שְׁנַ֣ת שָׁלֹ֔שׁ לְ⁠הוֹשֵׁ֥עַ בֶּן־אֵלָ֖ה מֶ֣לֶךְ יִשְׂרָאֵ֑ל מָלַ֛ךְ חִזְקִיָּ֥ה בֶן־אָחָ֖ז מֶ֥לֶךְ יְהוּדָֽה	1	In this verse and the next two verses, the author is introducing **Hezekiah** as a participant in the story as the new king of **Judah**. To translate this verse, see how you translated the similar expressions in [8:16](../08/16.md). (In this instance, the author uses the phrase **And it happened** to introduce a participant. He may do this to highlight the exceptional godly character of Hezekiah. Consider how you have been translating that phrase and how you might express its meaning here.)
18:1	k6od		rc://*/ta/man/translate/translate-ordinal	בִּ⁠שְׁנַ֣ת שָׁלֹ֔שׁ לְ⁠הוֹשֵׁ֥עַ	1	See how you translated the similar expression in [8:25](../08/25.md). Alternate translation: [in the third year of Hoshea]
18:2	vm3z		rc://*/ta/man/translate/figs-idiom	בֶּן־עֶשְׂרִ֨ים וְ⁠חָמֵ֤שׁ שָׁנָה֙ הָיָ֣ה	1	See how you translated the similar expression in [8:17](../08/17.md). Alternate translation: [He was 25 years old]
18:3	adg6		rc://*/ta/man/translate/figs-idiom	הַ⁠יָּשָׁ֖ר בְּ⁠עֵינֵ֣י יְהוָ֑ה	1	See how you translated the similar expression in [1:13](../01/13.md). Alternate translation: [what Yahweh considered to be right]
18:3	vqcs		rc://*/ta/man/translate/figs-metaphor	אָבִֽי⁠ו	1	See how you translated the similar expression in [8:24](../08/24.md). Alternate translation: [his ancestor]
18:4	a5h5		rc://*/ta/man/translate/writing-pronouns	ה֣וּא ׀ הֵסִ֣יר	1	The author is stating the pronoun **he** separately, even though the verb translated as **he removed** already includes this meaning. He may be doing that in order to emphasize a contrast between what Hezekiah did and what previous kings had done, even godly ones such as Joash, Azariah, and Jotham. The author notes that those kings “did right in the eyes of Yahweh,” but even so, “the high places were not removed.” Alternate translation: [Unlike previous kings, he removed]
18:4	w0ln		rc://*/ta/man/translate/grammar-collectivenouns	אֶת־הָֽ⁠אֲשֵׁרָ֑ה	1	This could be a reference to: (1) many different Asherah poles that the Judeans had set up throughout their kingdom. The word **Asherah** is singular in form, but it would be referring to all of these poles as a group. Alternate translation: [all of the Asherah poles that people had set up] or (2) a specific prominent Asherah pole, such as the one the author describes in [13:6](../13/06.md). If so, it would have been in Jerusalem. Alternate translation: [the prominent Asherah pole in Jerusalem]
18:4	hos8		rc://*/ta/man/translate/grammar-connect-logic-result	וְ⁠כִתַּת֩ נְחַ֨שׁ הַ⁠נְּחֹ֜שֶׁת אֲשֶׁר־עָשָׂ֣ה מֹשֶׁ֗ה כִּ֣י עַד־הַ⁠יָּמִ֤ים הָ⁠הֵ֨מָּה֙ הָי֤וּ בְנֵֽי־יִשְׂרָאֵל֙ מְקַטְּרִ֣ים ל֔⁠וֹ וַ⁠יִּקְרָא־ל֖⁠וֹ נְחֻשְׁתָּֽן	1	If it would be more natural in your language, you could reverse the order of these phrases, since the second phrase gives the reason for the result that the first phrase describes. Alternate translation: [And because until those days the sons of Israel were offering incense to the serpent of bronze that Moses had made (and one called it Nehushtan), he broke it up]
18:4	p8sk		rc://*/ta/man/translate/figs-metonymy	הַ⁠יָּמִ֤ים הָ⁠הֵ֨מָּה֙	1	See how you translated the similar expression in [3:6](../03/06.md). Alternate translation: [that time]
18:4	pnzc		rc://*/ta/man/translate/figs-metaphor	בְנֵֽי־יִשְׂרָאֵל֙	1	See how you translated the similar expression in [8:12](../08/12.md). Alternate translation: [the Israelites]
18:4	u9xx		rc://*/ta/man/translate/writing-pronouns	וַ⁠יִּקְרָא־ל֖⁠וֹ נְחֻשְׁתָּֽן	1	Here the author is using the pronoun **one** in a general sense, not to refer to specific people. Use an expression for this that would be natural in your language. Alternate translation: [and it was called Nehushtan] or [and it had come to be called Nehushtan]
18:5	ctdx		rc://*/ta/man/translate/figs-metonymy	וַ⁠אֲשֶׁ֥ר הָי֖וּ לְ⁠פָנָֽי⁠ו	1	See how you translated the similar expression in [17:2](../17/02.md). Alternate translation: [nor those who were before him]
18:5	pyft		rc://*/ta/man/translate/figs-ellipsis	וַ⁠אֲשֶׁ֥ר הָי֖וּ לְ⁠פָנָֽי⁠ו	1	The author is leaving out some of the words that in many languages a sentence would need in order to be complete. You can supply these words from the context if that would be clearer in your language. Alternate translation: [, nor had any of those who were before him been like him]
18:6	g77n		rc://*/ta/man/translate/figs-metaphor	וַ⁠יִּדְבַּק֙ בַּֽ⁠יהוָ֔ה	1	The author is speaking of Hezekiah continually being loyal to Yahweh as if he had **clung** to him physically. If it would be helpful in your language, you could state the meaning plainly. Alternate translation: [And he was loyal to Yahweh continually]
18:6	g8p8		rc://*/ta/man/translate/figs-metaphor	לֹא־סָ֖ר מֵ⁠אַֽחֲרָ֑י⁠ו	1	The author is speaking as if Hezekiah had been following Yahweh down a path and as if he could have **turned away** from him physically. If it would be helpful in your language, you could state the meaning plainly. Alternate translation: [he did not stop obeying him]
18:6	dtlt		rc://*/ta/man/translate/writing-pronouns	וַ⁠יִּשְׁמֹר֙ מִצְוֺתָ֔י⁠ו אֲשֶׁר־צִוָּ֥ה יְהוָ֖ה אֶת־מֹשֶֽׁה	1	In some languages it may be more natural to use the name **Yahweh** earlier and a pronoun later. Alternate translation: [and he kept Yahweh’s commandments, which he had commanded Moses]
18:7	ttbg		rc://*/ta/man/translate/figs-idiom	וְ⁠הָיָ֤ה יְהוָה֙ עִמּ֔⁠וֹ	1	The author is using a common expression of his culture to mean that Yahweh helped Samuel. If it would be helpful in your language, you could state the meaning plainly. If you have already translated the book of 1 Samuel, see how you translated the same expression in [1 Samuel 3:19](../1sa/03/19.md). Alternate translation, as in the UST: [And Yahweh helped him]
18:7	uvlv		rc://*/ta/man/translate/figs-idiom	יֵצֵ֖א	1	The author is using **he went out** as a common expression of his culture to mean “he led his army into battle.” If this phrase does not have that meaning in your language, you could use a comparable expression from your language that does have that meaning, or you could state the meaning plainly. Alternate translation: [he went to war] or [he led his army into battle]
18:8	ypxg		rc://*/ta/man/translate/writing-pronouns	הֽוּא־הִכָּ֧ה אֶת־פְּלִשְׁתִּ֛ים	1	The author is stating the pronoun **He** separately, even though the verb translated as **he struck** already includes this meaning. He is doing that to put focus on Hezekiah as the king who led the Judean army to do this. If a speaker of your language would use an explicit pronoun for the same purpose, you may want to use that construction in your translation. If not, your language may have other ways of showing the meaning here. See how you translated the same expression in [14:7](../14/07.md). Alternate translation: [He was the king who struck]
18:8	jx9t		rc://*/ta/man/translate/figs-explicit	הִכָּ֧ה אֶת־פְּלִשְׁתִּ֛ים	1	See how you translated the similar expression in [3:24](../03/24.md). Alternate translation: [he defeated the Philistines]
18:8	txdc		rc://*/ta/man/translate/figs-metonymy	וְ⁠אֶת־גְּבוּלֶ֑י⁠הָ	1	See how you translated the similar expression in [10:32](../10/32.md). Alternate translation: [and its territory]
18:8	ka5y		rc://*/ta/man/translate/figs-merism	מִ⁠מִּגְדַּ֥ל נוֹצְרִ֖ים עַד־עִ֥יר מִבְצָֽר	1	See how you translated the similar expression in [17:9](../17/09.md). Alternate translation: [conquering settlements of all sizes]
18:9	tvhx		rc://*/ta/man/translate/writing-newevent	וַֽ⁠יְהִ֞י	1	The author is using this phrase to introduce a new event. See how you translated the same phrase in [2:1](../02/01.md).
18:9	dqby		rc://*/ta/man/translate/translate-ordinal	בַּ⁠שָּׁנָ֤ה הָֽ⁠רְבִיעִית֙ לַ⁠מֶּ֣לֶךְ חִזְקִיָּ֔הוּ הִ֚יא הַ⁠שָּׁנָ֣ה הַ⁠שְּׁבִיעִ֔ית לְ⁠הוֹשֵׁ֥עַ	1	If your language would not represent a number in a form such as **fourth** or **seventh**, you could represent these number in a form that your language would use. Alternate translation: [in year four of Hezekiah (it was year seven of Hoshea]
18:9	vmz6		rc://*/ta/man/translate/figs-explicitinfo	עָלָ֞ה	1	See how you translated the similar expression in [1:3](../01/03.md). Alternate translation: [came]
18:10	kx1b		rc://*/ta/man/translate/writing-pronouns	וַֽ⁠יִּלְכְּדֻ֗⁠הָ	1	The pronoun **they** refers to the Assyrians. It may be helpful to clarify this for your readers. Alternate translation: [And the Assyrians captured it]
18:10	cips		rc://*/ta/man/translate/translate-ordinal	בִּ⁠שְׁנַת־שֵׁ֖שׁ לְ⁠חִזְקִיָּ֑ה הִ֣יא שְׁנַת־תֵּ֗שַׁע לְ⁠הוֹשֵׁ֨עַ֙	1	See how you translated the similar expression in [8:25](../08/25.md). Alternate translation: [In the sixth year of Hezekiah, which was the ninth year of Hoshea]
18:10	oeq3		rc://*/ta/man/translate/figs-activepassive	נִלְכְּדָ֖ה שֹׁמְרֽוֹן	1	The expression **was captured** is a passive verbal form. If your language would not use that form, you could express the idea in active form or in another way that would be natural in your language. Alternate translation: [the Assyrians captured Samaria]
18:11	ccm4		rc://*/ta/man/translate/figs-metonymy	אֶת־יִשְׂרָאֵ֖ל	1	Here, **Israel** represents the Israelites. Since the author uses the plural pronoun **them** for the Israelites in the next sentence, it may be helpful to use a plural term here. Alternate translation: [the Israelites]
18:12	nreq		rc://*/ta/man/translate/grammar-connect-words-phrases	עַ֣ל ׀ אֲשֶׁ֣ר	1	Here the word **For** introduces not a reason but an explanation. The author does not mean that the king of Assyria did the things he described in the previous verse because of the things he describes in this verse. He is explaining that the things in the previous verse happened because of the things in this verse. It may be helpful to clarify this for your readers. The UST models one way to do that.
18:12	qblj		rc://*/ta/man/translate/figs-metonymy	לֹֽא־שָׁמְע֗וּ בְּ⁠קוֹל֙ יְהוָ֣ה	1	See how you translated the similar expression in [10:6](../10/06.md). Alternate translation: [they did not listen to what Yahweh their God had told them to do]
18:12	yr30		rc://*/ta/man/translate/figs-explicit	לֹֽא־שָׁמְע֗וּ בְּ⁠קוֹל֙ יְהוָ֣ה אֱלֹהֵי⁠הֶ֔ם	1	See how you translated the similar expression in [10:6](../10/06.md). Alternate translation: [they did not obey what Yahweh their God had told them to do]
18:12	ijsb		rc://*/ta/man/translate/figs-parallelism	וְ⁠לֹ֥א שָׁמְע֖וּ וְ⁠לֹ֥א עָשֽׂוּ	1	Since, in this context, the term **listen** means “obey,” these two phrases mean basically the same thing. The second emphasizes the meaning of the first by repeating the same idea with different words. If it would be helpful to your readers, you could combine them and express the emphasis in another way. Alternate translation: [and they did not obey him at all]
18:13	vak6		rc://*/ta/man/translate/translate-ordinal	וּ⁠בְ⁠אַרְבַּע֩ עֶשְׂרֵ֨ה שָׁנָ֜ה לַ⁠מֶּ֣לֶךְ חִזְקִיָּ֗ה	1	See how you translated the similar expression in [8:25](../08/25.md). Alternate translation: [And in the fourteenth year of Hezekiah]
18:13	bq80		rc://*/ta/man/translate/figs-hyperbole	וַֽ⁠יִּתְפְּשֵֽׂ⁠ם	1	The author is saying **all** as an overstatement for emphasis. It becomes clear in the next verse, understood in light of [19:8](../19/08.md), that there were some significant cities that Sennacherib had not yet captured. If it would be helpful in your language, you could use a different way to express the emphasis. Alternate translation: [and he captured one after another] or [and he captured many of them]
18:14	akys		rc://*/ta/man/translate/figs-metaphor	חָטָ֨אתִי֙	1	Hezekiah is speaking as if he had actually **sinned** or done something that was against Yahweh’s commandments. If it would be helpful in your language, you could state the meaning plainly. Alternate translation: [I have done the wrong thing by not serving you]
18:14	nmed		rc://*/ta/man/translate/figs-metaphor	אֵ֛ת אֲשֶׁר־תִּתֵּ֥ן עָלַ֖⁠י אֶשָּׂ֑א	1	Hezekiah is speaking as if he were actually a beast of burden and would **bear** a load that Sennacherib would put on him. If it would be helpful in your language, you could state the meaning plainly. Alternate translation: [Whatever you impose on me, I will pay]
18:14	opcm		rc://*/ta/man/translate/translate-bweight	שְׁלֹ֤שׁ מֵאוֹת֙ כִּכַּר־כֶּ֔סֶף וּ⁠שְׁלֹשִׁ֖ים כִּכַּ֥ר זָהָֽב	1	See how you decided to represent the weight of a kikkar in [5:5](../05/05.md).
18:15	iiah		rc://*/ta/man/translate/figs-idiom	הַ⁠נִּמְצָ֣א	1	See how you translated the similar expression in [12:18](../12/18.md). Alternate translation: [that was]
18:15	qri6		rc://*/ta/man/translate/figs-metaphor	בֵית־יְהוָ֑ה	1	See how you translated the similar expression in [5:18](../05/18.md). Alternate translation: [in the temple of Yahweh]
18:16	l6r6		rc://*/ta/man/translate/figs-ellipsis	קִצַּ֨ץ & אֶת־דַּלְת֨וֹת הֵיכַ֤ל יְהוָה֙ וְ⁠אֶת־הָ⁠אֹ֣מְנ֔וֹת	1	The author is leaving out some of the words that in many languages a sentence would need in order to be complete. You can supply these words from the context if that would be clearer in your language. Alternate translation: [cut off the gold from the doors of the temple of Yahweh and the doorposts]
18:16	qs9o		rc://*/ta/man/translate/writing-pronouns	אֲשֶׁ֣ר צִפָּ֔ה חִזְקִיָּ֖ה מֶ֣לֶךְ יְהוּדָ֑ה	1	Since the author has already used Hezekiah’s name earlier in this sentence, it may be more natural in your language to use a pronoun here. Alternate translation: [that he had overlaid]
18:16	tesd		rc://*/ta/man/translate/writing-pronouns	וַֽ⁠יִּתְּנֵ֖⁠ם	1	The pronoun **them** refers to the gold that Hezekiah **cut off** from the doors and doorposts of the temple. In some languages it may be more natural to use a singular pronoun to represent this gold, particularly if it might otherwise seem that Hezekiah sent the doors and doorposts to the king of Assyria. Alternate translation: [and he gave it]
18:17	s5gd		rc://*/ta/man/translate/figs-infostructure	וַ⁠יִּשְׁלַ֣ח & אֶת־תַּרְתָּ֥ן וְ⁠אֶת־רַב־סָרִ֣יס ׀ וְ⁠אֶת־רַב־שָׁקֵ֨ה מִן־לָכִ֜ישׁ אֶל־הַ⁠מֶּ֧לֶךְ חִזְקִיָּ֛הוּ בְּ⁠חֵ֥יל כָּבֵ֖ד יְרוּשָׁלִָ֑ם	1	If it would be more natural in your language, you may want to put the information about the **heavy army** with the information about the officials whom the Assyrian king sent, and the information that he sent them **{to} Jerusalem** with the information that he sent them **from Lachish**. Alternate translation: [sent the Tartan and the Rabsaris and the Rabshakeh with a heavy army from Lachish {to} Jerusalem, to King Hezekiah]
18:17	jspx		rc://*/ta/man/translate/translate-transliterate	אֶת־תַּרְתָּ֥ן וְ⁠אֶת־רַב־סָרִ֣יס ׀ וְ⁠אֶת־רַב־שָׁקֵ֨ה	1	The terms **Tartan**, **Rabsaris**, and **Rabshakeh** are Assyrian words, titles of important officials, that the biblical author is using in his account and spelling the way they sound in his language. You could do the same thing, or you could translate the meaning of each term into your language. If you use the Assyrian words, you could explain what they mean in a footnote. Alternate translation: [his supreme commander, his chief officer, and his field commander]
18:17	f4ed		rc://*/ta/man/translate/figs-reduplication	וַֽ⁠יַּעֲלוּ֙ וַ⁠יָּבֹ֣אוּ יְרוּשָׁלִַ֔ם וַ⁠יַּעֲל֣וּ וַ⁠יָּבֹ֗אוּ וַ⁠יַּֽעַמְדוּ֙	1	The author is repeating the statement **And they went up, and they came** for stylistic purposes. The repetition illustrates and dramatizes the steady advance of the Assyrian army up the mountain slopes to the city of Jerusalem. It allows readers to share in the suspense and dread that the people of Jerusalem felt as this army approached. If a storyteller in your language would not repeat a statement in this way, you may be able to achieve the same effects in your translation in some other way. Alternate translation: [And the Assyrians advanced inexorably up the mountain slopes to the city of Jerusalem, finally stopping]
18:19	dy1n		rc://*/ta/man/translate/figs-quotemarks	וַ⁠יֹּ֤אמֶר אֲלֵ⁠הֶם֙ רַב־שָׁקֵ֔ה אִמְרוּ־נָ֖א אֶל־חִזְקִיָּ֑הוּ כֹּֽה־אָמַ֞ר הַ⁠מֶּ֤לֶךְ הַ⁠גָּדוֹל֙ מֶ֣לֶךְ אַשּׁ֔וּר מָ֧ה הַ⁠בִּטָּח֛וֹן הַ⁠זֶּ֖ה אֲשֶׁ֥ר בָּטָֽחְתָּ	1	See the discussion in the introduction to this chapter of the multiple levels of quotation in verses 19–25. There are three levels of quotation in this verse. The author is quoting what **the Rabshakeh** said (level 1). The Rabshakeh tells Hezekiah’s officials what he wants them to say **to Hezekiah** (level 2). This includes a quotation from **the king of Assyria** (level 3). Use the appropriate punctuation in your language to mark these levels of quotation. Alternatively, you could translate this so that there are not second-level or third-level quotations.
18:19	hjvf		rc://*/ta/man/translate/figs-quotesinquotes	וַ⁠יֹּ֤אמֶר אֲלֵ⁠הֶם֙ רַב־שָׁקֵ֔ה אִמְרוּ־נָ֖א אֶל־חִזְקִיָּ֑הוּ כֹּֽה־אָמַ֞ר הַ⁠מֶּ֤לֶךְ הַ⁠גָּדוֹל֙ מֶ֣לֶךְ אַשּׁ֔וּר מָ֧ה הַ⁠בִּטָּח֛וֹן הַ⁠זֶּ֖ה אֲשֶׁ֥ר בָּטָֽחְתָּ	1	If it would be clearer in your language, you could translate all of this long quotation in such a way that there will not be quotations within quotations, starting in this verse. Alternate translation: [And the Rabshakeh told them, “Tell Hezekiah that the great king, the king of Assyria, wants to know what this trust is that he is trusting]
18:19	stx3		rc://*/ta/man/translate/figs-yousingular	אִמְרוּ	1	The implied “you” in the imperative **say** is plural here because the Rabshakeh is addressing all three of Hezekiah’s officials. So use the plural form here in your translation if your language marks that distinction.
18:19	blnl		rc://*/ta/man/translate/figs-yousingular	בָּטָֽחְתָּ	1	The word **you** is singular here because the king of Assyria (speaking through the Rabshakeh) is addressing Hezekiah directly. The words “you” and “yourself” are singular in verses 20 and 21 for the same reason. So use singular forms in these verses in your translation if your language marks that distinction.
18:19	plk0		rc://*/ta/man/translate/writing-poetry	מָ֧ה הַ⁠בִּטָּח֛וֹן הַ⁠זֶּ֖ה אֲשֶׁ֥ר בָּטָֽחְתָּ	1	The king of Assyria is using a construction in which a verb and its object come from the same root. You may be able to use the same construction in your language to express the meaning here. Alternatively, your language may have another way of saying this. Alternate translation: [What is this trust that you have] or [In whom are you trusting]
18:19	g2ej		rc://*/ta/man/translate/figs-rquestion	מָ֧ה הַ⁠בִּטָּח֛וֹן הַ⁠זֶּ֖ה אֲשֶׁ֥ר בָּטָֽחְתָּ	1	The king of Assyria is using the question form for emphasis. If a speaker of your language would not use the question form for that purpose, you could translate this as a statement or as an exclamation. Alternate translation: [There is no one in whom you can trust to protect you from us!]
18:20	m6il		rc://*/ta/man/translate/figs-quotesinquotes	אָמַ֨רְתָּ֙ אַךְ־דְּבַר־שְׂפָתַ֔יִם עֵצָ֥ה וּ⁠גְבוּרָ֖ה לַ⁠מִּלְחָמָ֑ה עַתָּה֙ עַל־מִ֣י בָטַ֔חְתָּ כִּ֥י מָרַ֖דְתָּ בִּֽ⁠י	1	If you have decided to translate all of this long quotation in such a way that there will not be quotations within quotations, you can continue doing that in this verse. Alternate translation: [The great king says that he is only speaking a word of lips when he says that he has counsel and might for war. The king asks in whom he is trusting, that he rebels against him.]
18:20	icc0		rc://*/ta/man/translate/figs-explicit	אָמַ֨רְתָּ֙ אַךְ־דְּבַר־שְׂפָתַ֔יִם עֵצָ֥ה וּ⁠גְבוּרָ֖ה לַ⁠מִּלְחָמָ֑ה	1	This could mean: (1) that the Assyrian king is saying Hezekiah claims to have sufficient military strength and strategy to resist, but that is mere talk. The ULT follows this interpretation. Alternate translation: [When you say, ‘I have counsel and might for war,’ that is just a word of lips] or (2) that the king is contrasting brave talk with what is actually needed for war. In that case, he would not be quoting Hezekiah. Alternate translation: [All you have is mere talk. Counsel and might are actually needed for war]
18:20	ckvb		rc://*/ta/man/translate/figs-quotemarks	אָמַ֨רְתָּ֙ אַךְ־דְּבַר־שְׂפָתַ֔יִם עֵצָ֥ה וּ⁠גְבוּרָ֖ה לַ⁠מִּלְחָמָ֑ה	1	There is a fourth level of quotation here, in addition to the three that a note describes in the previous verse. According to the interpretation that the ULT follows, the king of Assyria (level 3), whom Hezekiah’s officials are to quote (level 2), as the Rabshakeh tells them to do (level 1), is quoting what he believes Hezekiah is saying (level 4). If you have decided to mark levels of quotation with punctuation, use the appropriate punctuation in your language for this level as well.
18:20	y7uz		rc://*/ta/man/translate/figs-idiom	אָמַ֨רְתָּ֙ אַךְ־דְּבַר־שְׂפָתַ֔יִם	1	The king of Assyria is using **a word of lips** as a common expression of his culture to mean “mere talk.” If this phrase does not have that meaning in your language, you could use a comparable expression from your language that does have that meaning, or you could state the meaning plainly. Alternate translation: [You speak only empty words] or [It is mere talk when you say]
18:20	yzck		rc://*/ta/man/translate/figs-rquestion	עַתָּה֙ עַל־מִ֣י בָטַ֔חְתָּ כִּ֥י מָרַ֖דְתָּ בִּֽ⁠י	1	The king of Assyria is using the question form for emphasis. If a speaker of your language would not use the question form for that purpose, you could translate this as a statement or as an exclamation. Alternate translation: [There is no one you can trust to help you, that you should rebel against me]
18:21	ofrc		rc://*/ta/man/translate/figs-quotesinquotes	עַתָּ֡ה הִנֵּ֣ה בָטַ֣חְתָּ לְּ⁠ךָ֡ עַל־מִשְׁעֶנֶת֩ הַ⁠קָּנֶ֨ה הָ⁠רָצ֤וּץ הַ⁠זֶּה֙ עַל־מִצְרַ֔יִם אֲשֶׁ֨ר יִסָּמֵ֥ךְ אִישׁ֙ עָלָ֔י⁠ו וּ⁠בָ֥א בְ⁠כַפּ֖⁠וֹ וּ⁠נְקָבָ֑⁠הּ כֵּ֚ן פַּרְעֹ֣ה מֶֽלֶךְ־מִצְרַ֔יִם לְ⁠כָֽל־הַ⁠בֹּטְחִ֖ים עָלָֽי⁠ו	1	If you have decided to translate all of this long quotation in such a way that there will not be quotations within quotations, you can continue doing that in this verse. Alternate translation: [The great king says that behold, Hezekiah is trusting in Egypt to help him, but that is like using a broken reed as a staff. If a man leans on it, it goes into his palm and pierces it. That is what Pharaoh, the king of Egypt, is like for anyone who trusts in him]
18:21	wb0c		rc://*/ta/man/translate/figs-metaphor	הִנֵּ֣ה	1	See how you translated the similar expression in [1:9](../01/09.md).
18:21	nyxj		rc://*/ta/man/translate/figs-metaphor	בָטַ֣חְתָּ לְּ⁠ךָ֡ עַל־מִשְׁעֶנֶת֩ הַ⁠קָּנֶ֨ה הָ⁠רָצ֤וּץ הַ⁠זֶּה֙ עַל־מִצְרַ֔יִם	1	The king of Assyria is speaking as if **Egypt** were actually a **broken reed**. If it would be helpful in your language, you could state the meaning plainly. Alternate translation: [you believe that you can rely on Egypt, but that is like using a broken reed as a staff]
18:21	cfzk		rc://*/ta/man/translate/figs-possession	עַל־מִשְׁעֶנֶת֩ הַ⁠קָּנֶ֨ה הָ⁠רָצ֤וּץ הַ⁠זֶּה֙ עַל־מִצְרַ֔יִם	1	The king of Assyria is using the possessive form to describe a **staff** that consists of a **broken reed**. If a speaker of your language would not use the possessive form for this, you could express this idea in another way. Alternate translation: [in this broken reed, Egypt, as a staff]
18:22	ysze		rc://*/ta/man/translate/figs-rquestion	וְ⁠כִי־תֹאמְר֣וּ⁠ן אֵלַ֔⁠י אֶל־יְהוָ֥ה אֱלֹהֵ֖י⁠נוּ בָּטָ֑חְנוּ הֲ⁠לוֹא־ה֗וּא אֲשֶׁ֨ר הֵסִ֤יר חִזְקִיָּ֨הוּ֙ אֶת־בָּמֹתָ֣י⁠ו וְ⁠אֶת־מִזְבְּחֹתָ֔י⁠ו וַ⁠יֹּ֤אמֶר לִֽ⁠יהוּדָה֙ וְ⁠לִ⁠יר֣וּשָׁלִַ֔ם לִ⁠פְנֵי֙ הַ⁠מִּזְבֵּ֣חַ הַ⁠זֶּ֔ה תִּֽשְׁתַּחֲו֖וּ בִּ⁠ירוּשָׁלִָֽם	1	The Rabshakeh is using the question form to challenge the claim that Hezekiah’s officials might make that they are trusting in Yahweh. If a speaker of your language would not use the question form for that purpose, you could translate this as a statement or as an exclamation. Alternate translation: [And you should not say to me, ‘We trust in Yahweh our God,’ since he is the one whose high places and altars Hezekiah has removed and said to Judah and to Jerusalem, ‘To the face of this altar in Jerusalem you shall prostrate yourselves’!]
18:22	huvm		rc://*/ta/man/translate/figs-quotemarks	וְ⁠כִי־תֹאמְר֣וּ⁠ן אֵלַ֔⁠י אֶל־יְהוָ֥ה אֱלֹהֵ֖י⁠נוּ בָּטָ֑חְנוּ הֲ⁠לוֹא־ה֗וּא אֲשֶׁ֨ר הֵסִ֤יר חִזְקִיָּ֨הוּ֙ אֶת־בָּמֹתָ֣י⁠ו וְ⁠אֶת־מִזְבְּחֹתָ֔י⁠ו וַ⁠יֹּ֤אמֶר לִֽ⁠יהוּדָה֙ וְ⁠לִ⁠יר֣וּשָׁלִַ֔ם לִ⁠פְנֵי֙ הַ⁠מִּזְבֵּ֣חַ הַ⁠זֶּ֔ה תִּֽשְׁתַּחֲו֖וּ בִּ⁠ירוּשָׁלִָֽם	1	The second-level and third-level quotations that began in verse 19 conclude at the end of verse 21. There are two levels of quotation in this verse. The Rabshakeh is addressing Hezekiah’s officials directly (level 1), and he quotes what the officials might say and what Hezekiah has said (level 2). If you have been marking levels of quotation with punctuation, use the appropriate punctuation in your language for the levels in this verse.
18:22	xiwx		rc://*/ta/man/translate/figs-quotesinquotes	וְ⁠כִי־תֹאמְר֣וּ⁠ן אֵלַ֔⁠י אֶל־יְהוָ֥ה אֱלֹהֵ֖י⁠נוּ בָּטָ֑חְנוּ הֲ⁠לוֹא־ה֗וּא אֲשֶׁ֨ר הֵסִ֤יר חִזְקִיָּ֨הוּ֙ אֶת־בָּמֹתָ֣י⁠ו וְ⁠אֶת־מִזְבְּחֹתָ֔י⁠ו וַ⁠יֹּ֤אמֶר לִֽ⁠יהוּדָה֙ וְ⁠לִ⁠יר֣וּשָׁלִַ֔ם לִ⁠פְנֵי֙ הַ⁠מִּזְבֵּ֣חַ הַ⁠זֶּ֔ה תִּֽשְׁתַּחֲו֖וּ בִּ⁠ירוּשָׁלִָֽם	1	If you have decided to translate all of this long quotation in such a way that there will not be quotations within quotations, you can continue doing that in this verse. Alternate translation: [The great king says that Hezekiah should not tell him that you Judeans are trusting in Yahweh your God. After all, he is the one whose high places and whose altars Hezekiah has removed and told the people of Judah and Jerusalem that they must prostrate themselves to the face of the altar in Jerusalem.]
18:22	lmkl		rc://*/ta/man/translate/figs-yousingular	תֹאמְר֣וּ⁠ן & תִּֽשְׁתַּחֲו֖וּ	1	The word **you** is plural in the first instance because the Rabshakeh is addressing Hezekiah’s three officials. The word **you** in the second instance and the word **yourself** are plural because Hezekiah was addressing all of the Judeans. So use plural forms in your translation if your language marks that distinction.
18:22	h5ur		rc://*/ta/man/translate/figs-exclusive	אֶל־יְהוָ֥ה אֱלֹהֵ֖י⁠נוּ בָּטָ֑חְנוּ	1	By **We**, Hezekiah’s officials would mean themselves and their fellow Judeans but not the Rabshakeh, to whom they would be speaking. So use the exclusive form of that word in your translation if your language marks that distinction.
18:22	tkdg		rc://*/ta/man/translate/figs-metonymy	לִֽ⁠יהוּדָה֙ וְ⁠לִ⁠יר֣וּשָׁלִַ֔ם	1	Here, **Judah** and **Jerusalem** represent the people who live in those places. If it would be helpful in your language, you could use an equivalent expression or plain language. Alternate translation: [to the people of Judah and Jerusalem]
18:22	kse4		rc://*/ta/man/translate/figs-metonymy	לִ⁠פְנֵי֙	1	See how you translated the similar expression in [4:12](../04/12.md). Alternate translation: [In front of]
18:23	vuxg		rc://*/ta/man/translate/figs-quotesinquotes	וְ⁠עַתָּה֙ הִתְעָ֣רֶב נָ֔א אֶת־אֲדֹנִ֖⁠י אֶת־מֶ֣לֶךְ אַשּׁ֑וּר וְ⁠אֶתְּנָ֤ה לְ⁠ךָ֙ אַלְפַּ֣יִם סוּסִ֔ים אִם־תּוּכַ֕ל לָ֥⁠תֶת לְ⁠ךָ֖ רֹכְבִ֥ים עֲלֵי⁠הֶֽם	1	If you have decided to translate all of this long quotation in such a way that there will not be quotations within quotations, you can continue doing that in this verse. Alternate translation: [And now, please invite Hezekiah to make a wager with my master, the king of Assyria. Tell him that I will give him 2,000 horses if he is able to put riders on them for himself]
18:23	lorc		rc://*/ta/man/translate/writing-quotations	וְ⁠עַתָּה֙	1	This is the beginning of something that the Rabshakeh is saying directly to Hezekiah. He implicitly wants the Judean officials to quote to Hezekiah what he says. If it would be helpful to your readers, you could indicate this in your translation. Alternate translation: [Tell Hezekiah from me, ‘And now]
18:23	wm6d		rc://*/ta/man/translate/grammar-connect-words-phrases	וְ⁠עַתָּה֙	1	**And now** was an expression that speakers in this culture commonly used to introduce an important point such as the implications of what they were just saying. Your language may have a comparable expression that you can use in your translation. See how you translated this expression in [3:23](../03/23.md).
18:23	x39h		rc://*/ta/man/translate/figs-yousingular	הִתְעָ֣רֶב & לְ⁠ךָ֙ & תּוּכַ֕ל & לְ⁠ךָ֖	1	The implied “you” in the imperative **wager** and the pronouns **you** and **yourself** are singular in each instance because the Rabshakeh is addressing Hezekiah directly. The words “you” and “yourself” are singular in verse 24 for the same reason. So use singular forms in these verses in your translation if your language marks that distinction.
18:24	rjdk		rc://*/ta/man/translate/figs-quotesinquotes	וְ⁠אֵ֣יךְ תָּשִׁ֗יב אֵ֠ת פְּנֵ֨י פַחַ֥ת אַחַ֛ד עַבְדֵ֥י אֲדֹנִ֖⁠י הַ⁠קְּטַנִּ֑ים וַ⁠תִּבְטַ֤ח לְ⁠ךָ֙ עַל־מִצְרַ֔יִם לְ⁠רֶ֖כֶב וּ⁠לְ⁠פָרָשִֽׁים	1	If you have decided to translate all of this long quotation in such a way that there will not be quotations within quotations, you can continue doing that in this verse. Alternate translation: [But ask him how he would turn back the face of a captain of one of the least servants of my master. Tell him I know that is why he is trusting for himself in Egypt for chariots and for horsemen]
18:24	fnt1		rc://*/ta/man/translate/figs-rquestion	וְ⁠אֵ֣יךְ תָּשִׁ֗יב אֵ֠ת פְּנֵ֨י פַחַ֥ת אַחַ֛ד עַבְדֵ֥י אֲדֹנִ֖⁠י הַ⁠קְּטַנִּ֑ים	1	The Rabshakeh is using the question form for emphasis. If a speaker of your language would not use the question form for that purpose, you could translate this as a statement or as an exclamation. Alternate translation: [But even then, you would not be able to turn back the face of a captain of one of the least servants of my master!]
18:24	cp3t		rc://*/ta/man/translate/figs-synecdoche	וְ⁠אֵ֣יךְ תָּשִׁ֗יב אֵ֠ת פְּנֵ֨י פַחַ֥ת אַחַ֛ד עַבְדֵ֥י אֲדֹנִ֖⁠י הַ⁠קְּטַנִּ֑ים	1	The Rabshakeh is using one part of a person, his **face**, to mean all of him. If it would be helpful in your language, you could state the meaning plainly. Alternate translation: [But how would you turn back a captain of one of the least servants of my master] or [But how would you force a captain to retreat even if he was one of the least servants of my master]
18:24	nzj8		rc://*/ta/man/translate/figs-possession	פַחַ֥ת אַחַ֛ד עַבְדֵ֥י אֲדֹנִ֖⁠י הַ⁠קְּטַנִּ֑ים	1	The Rabshakeh is using the possessive form to describe a **captain** who would be **one of the least servants** of the king of Assyria, that is, one of his weakest soldiers. If a speaker of your language would not use the possessive form for this, you could express this idea in another way. Alternate translation: [a captain who was among the least servants of my master]
18:24	ezt9		rc://*/ta/man/translate/figs-quotemarks	וּ⁠לְ⁠פָרָשִֽׁים	1	This is the end of what the Rabshakeh is saying directly to Hezekiah. In the next verse, the Rabshakeh quotes the end of the message from Sennacherib that he wants the officials to give to Hezekiah. If you have been marking levels of quotation with punctuation, use the appropriate closing punctuation at the end of this verse.
18:25	z36i		rc://*/ta/man/translate/figs-quotesinquotes	עַתָּה֙ הֲ⁠מִ⁠בַּלְעֲדֵ֣י יְהוָ֔ה עָלִ֛יתִי עַל־הַ⁠מָּק֥וֹם הַ⁠זֶּ֖ה לְ⁠הַשְׁחִת֑⁠וֹ יְהוָה֙ אָמַ֣ר אֵלַ֔⁠י עֲלֵ֛ה עַל־הָ⁠אָ֥רֶץ הַ⁠זֹּ֖את וְ⁠הַשְׁחִיתָֽ⁠הּ	1	If you have decided to translate all of this long quotation in such a way that there will not be quotations within quotations, you can continue doing that in this verse. Alternate translation: [Tell Hezekiah that the king of Assyria says that he has not come up against this place to destroy it without Yahweh. Yahweh told him to go up against this land and destroy it]
18:25	rojs		rc://*/ta/man/translate/figs-quotemarks	עַתָּה֙ הֲ⁠מִ⁠בַּלְעֲדֵ֣י יְהוָ֔ה עָלִ֛יתִי עַל־הַ⁠מָּק֥וֹם הַ⁠זֶּ֖ה לְ⁠הַשְׁחִת֑⁠וֹ יְהוָה֙ אָמַ֣ר אֵלַ֔⁠י עֲלֵ֛ה עַל־הָ⁠אָ֥רֶץ הַ⁠זֹּ֖את וְ⁠הַשְׁחִיתָֽ⁠הּ	1	There are four levels of quotation in this verse. If you have decided to mark levels of quotation with punctuation, see what you did in the similar case of the four levels in verses 19 and 20.
18:25	ggsb		rc://*/ta/man/translate/writing-quotations	עַתָּה֙ הֲ⁠מִ⁠בַּלְעֲדֵ֣י יְהוָ֔ה עָלִ֛יתִי עַל־הַ⁠מָּק֥וֹם הַ⁠זֶּ֖ה לְ⁠הַשְׁחִת֑⁠וֹ	1	This is the beginning of something that Sennacherib is saying directly to Hezekiah. It is the rest of the message that the Rabshakeh began to quote in verses 19–21. The Rabshakeh implicitly wants the Judean officials to quote this to Hezekiah as something that Sennacherib has said. If it would be helpful to your readers, you could indicate this in your translation. Alternate translation: [Say to Hezekiah, ‘Thus says the great king, “Now have I come up]
18:25	e82v		rc://*/ta/man/translate/figs-rquestion	עַתָּה֙ הֲ⁠מִ⁠בַּלְעֲדֵ֣י יְהוָ֔ה עָלִ֛יתִי עַל־הַ⁠מָּק֥וֹם הַ⁠זֶּ֖ה לְ⁠הַשְׁחִת֑⁠וֹ	1	The king of Assyria is using the question form for emphasis. If a speaker of your language would not use the question form for that purpose, you could translate this as a statement or as an exclamation. Alternate translation: [Do not think that I have come up against this place to destroy it without Yahweh!]
18:25	mqxi		rc://*/ta/man/translate/figs-explicit	הֲ⁠מִ⁠בַּלְעֲדֵ֣י יְהוָ֔ה	1	Sennacherib is not using the phrase **without Yahweh** to mean that Hezekiah should not think that he has come without Yahweh accompanying him. Rather, he means that he has come after receiving a command from Yahweh. You could indicate this explicitly in your translation if that would be helpful to your readers. Alternate translation: [without receiving a command to do so from Yahweh]
18:26	ut53		rc://*/ta/man/translate/figs-123person	אֶל־עֲבָדֶ֨י⁠ךָ֙	1	Eliakim, Shebna, and Joah are speaking of themselves in the third person as **your servants** to show respect. If it would be helpful in your language, you could translate this in a respectful form in the first person. Alternate translation: [to us, your servants,]
18:26	e576		rc://*/ta/man/translate/grammar-connect-logic-result	דַּבֶּר־נָ֤א אֶל־עֲבָדֶ֨י⁠ךָ֙ אֲרָמִ֔ית כִּ֥י שֹׁמְעִ֖ים אֲנָ֑חְנוּ	1	If it would be more natural in your language, you could reverse the order of these phrases, since the second phrase gives the reason for the result that the first phrase describes. Alternate translation: [Since we, your servants, understand Aramaic, please speak to us in that language]
18:26	aukk		rc://*/ta/man/translate/translate-names	יְהוּדִ֔ית	1	Eliakim is using the name of the dialect of Hebrew that people spoke in the kingdom of Judah. Some versions use the name of the language rather than the name of this dialect and say “in Hebrew.” If you have decided to use the same names in your translation that the biblical author does, you may wish to use the name Judean here. If not, you may wish to use the name Hebrew here.
18:26	c455		rc://*/ta/man/translate/figs-metonymy	בְּ⁠אָזְנֵ֣י הָ⁠עָ֔ם אֲשֶׁ֖ר עַל־הַ⁠חֹמָֽה	1	Here, **ears** represent “hearing.” If it would be helpful in your language, you could use an equivalent expression or plain language. Alternate translation: [in the hearing of the people who are on the wall] or [, since the people who are on the wall can hear us]
18:27	h691		rc://*/ta/man/translate/figs-rquestion	הַ⁠עַ֨ל אֲדֹנֶ֤י⁠ךָ וְ⁠אֵלֶ֨י⁠ךָ֙ שְׁלָחַ֣⁠נִי אֲדֹנִ֔⁠י לְ⁠דַבֵּ֖ר אֶת־הַ⁠דְּבָרִ֣ים הָ⁠אֵ֑לֶּה הֲ⁠לֹ֣א עַל־הָ⁠אֲנָשִׁ֗ים הַ⁠יֹּֽשְׁבִים֙ עַל־הַ֣⁠חֹמָ֔ה לֶ⁠אֱכֹ֣ל אֶת חרי⁠הם וְ⁠לִ⁠שְׁתּ֛וֹת אֶת־שיני⁠הם עִמָּ⁠כֶֽם	1	The Rabshakeh is using the question form for emphasis. If a speaker of your language would not use the question form for that purpose, you could translate this as a statement or as an exclamation. Alternate translation: [My master did not send me to speak these words only to your master and to you! He also sent me to speak them to the men sitting on the wall, who will eat their dung and drink their urine with you!]
18:27	buri		rc://*/ta/man/translate/figs-metonymy	אֶת־הַ⁠דְּבָרִ֣ים הָ⁠אֵ֑לֶּה	1	See how you translated the similar expression in [1:7](../01/07.md). Alternate translation: [this message]
18:27	m0hj		rc://*/ta/man/translate/figs-yousingular	הַ⁠עַ֨ל אֲדֹנֶ֤י⁠ךָ וְ⁠אֵלֶ֨י⁠ךָ֙ & עִמָּ⁠כֶֽם	1	Even though the author says that the Rabshakeh spoke to **them**, the word **your** and the word **you** in its first instance are singular because the Rabshakeh is replying directly to Eliakim, who spoke on behalf of all three Judean officials. The word **you** in its second instance is plural because the Rabshakeh is including Shebnah and Joah in what he says will happen. Use the appropriate singular and plural forms in your translation if your language marks that distinction.
18:28	ojzc		rc://*/ta/man/translate/figs-explicit	וַֽ⁠יַּעֲמֹד֙ רַב־שָׁקֵ֔ה	1	The author probably does not mean that the Rabshakeh had been sitting down and having a private conversation with the Judean officials and that he then **stood** up. If the conversation had been private, there would have been no need for Eliakim to ask him to speak in Aramaic so that the people on the wall would not understand. So the author probably means that the Rabshakeh stood in such a way that his speech to the people on the wall would seem even more forceful and intimidating. Alternate translation: [And the Rabshakeh assumed a dominating stance]
18:28	va2d		rc://*/ta/man/translate/writing-quotations	וַ⁠יֹּ֔אמֶר	1	See how you decided at [1:10](../01/10.md) to represent the phrase **and said** when it introduces a direct quotation.
18:29	eq7w		rc://*/ta/man/translate/figs-quotesinquotes	כֹּ֚ה אָמַ֣ר הַ⁠מֶּ֔לֶךְ אַל־יַשִּׁ֥יא לָ⁠כֶ֖ם חִזְקִיָּ֑הוּ כִּי־לֹ֣א יוּכַ֔ל לְ⁠הַצִּ֥יל אֶתְ⁠כֶ֖ם מִ⁠יָּדֽ⁠וֹ	1	See the discussion in the introduction to this chapter of the multiple levels of quotation in verses 19–25. If it would be clearer in your language, you could translate all of this long quotation so that there are not quotations within quotations. Alternate translation: [The king says that you should not let Hezekiah deceive you, since he is not able to deliver you from his hand]
18:29	dd19		rc://*/ta/man/translate/translate-textvariants	אַל־יַשִּׁ֥יא לָ⁠כֶ֖ם חִזְקִיָּ֑הוּ כִּי־לֹ֣א יוּכַ֔ל לְ⁠הַצִּ֥יל אֶתְ⁠כֶ֖ם מִ⁠יָּדֽ⁠וֹ	1	Some ancient manuscripts read “his hand.” The ULT follows that reading. Other ancient manuscripts read “my hand.” If a translation of the Bible exists in your region, you may wish to use the reading that it uses. If a translation of the Bible does not exist in your region, you may wish to use the reading of the ULT.
18:29	okee		rc://*/ta/man/translate/grammar-connect-logic-result	אַל־יַשִּׁ֥יא לָ⁠כֶ֖ם חִזְקִיָּ֑הוּ כִּי־לֹ֣א יוּכַ֔ל לְ⁠הַצִּ֥יל אֶתְ⁠כֶ֖ם מִ⁠יָּדֽ⁠וֹ	1	If it would be more natural in your language, you could reverse the order of these phrases, since the second phrase gives the reason for the result that the first phrase describes. Alternate translation: [Since Hezekiah is not able to deliver you from my hand, do not let him deceive you]
18:29	uqd4		rc://*/ta/man/translate/figs-yousingular	לָ⁠כֶ֖ם & אֶתְ⁠כֶ֖ם	1	The word **you** is plural in both of these instances because king of Assyria, speaking through the Rabshakeh, is addressing the Judeans who have gathered on the city wall. For the same reason, the words “you” and “your” and the implied “you” in imperatives are also plural throughout verses 30–32. So use plural forms in your translation if your language marks that distinction.
18:30	kw6o		rc://*/ta/man/translate/figs-quotemarks	וְ⁠אַל־יַבְטַ֨ח אֶתְ⁠כֶ֤ם חִזְקִיָּ֨הוּ֙ אֶל־יְהוָ֣ה לֵ⁠אמֹ֔ר הַצֵּ֥ל יַצִּילֵ֖⁠נוּ יְהוָ֑ה וְ⁠לֹ֤א תִנָּתֵן֙ אֶת־הָ⁠עִ֣יר הַ⁠זֹּ֔את בְּ⁠יַ֖ד מֶ֥לֶךְ אַשּֽׁוּר	1	There are three levels of quotation here. The author is quoting what the Rabshakeh said (level 1), continuing from the previous verse. The Rabshakeh is quoting the king of Assyria (level 2), also continuing from the previous verse. The king is quoting Hezekiah (level 3). Use the appropriate punctuation in your language to mark these levels of quotation. Alternatively, you could translate this so that there are not second-level or third-level quotations.
18:30	one8		rc://*/ta/man/translate/figs-quotesinquotes	וְ⁠אַל־יַבְטַ֨ח אֶתְ⁠כֶ֤ם חִזְקִיָּ֨הוּ֙ אֶל־יְהוָ֣ה לֵ⁠אמֹ֔ר הַצֵּ֥ל יַצִּילֵ֖⁠נוּ יְהוָ֑ה וְ⁠לֹ֤א תִנָּתֵן֙ אֶת־הָ⁠עִ֣יר הַ⁠זֹּ֔את בְּ⁠יַ֖ד מֶ֥לֶךְ אַשּֽׁוּר	1	If you have decided to translate all of this long quotation in such a way that there will not be quotations within quotations, you can continue doing that in this verse. Alternate translation: [The king says that you should not let Hezekiah make you trust in Yahweh by telling you that delivering, Yahweh will deliver all of you, and this city will not be given into the hand of the king of Assyria]
18:30	ygz7		rc://*/ta/man/translate/figs-reduplication	הַצֵּ֥ל יַצִּילֵ֖⁠נוּ יְהוָ֑ה	1	According to the king of Assyria, Hezekiah has been repeating forms of the verb **deliver** in order to intensify his expression of the idea that it conveys. If your language can repeat words for intensification, it would be appropriate to do that here in your translation. If not, your language may have another way of expressing the intensification. Alternate translation: [Yahweh will certainly deliver us]
18:30	hsjm		rc://*/ta/man/translate/figs-exclusive	הַצֵּ֥ל יַצִּילֵ֖⁠נוּ יְהוָ֑ה	1	By **us**, Hezekiah means to include both himself and those to whom he is speaking, so use the inclusive form of that word if your language marks that distinction, here and in verse 32.
18:30	r0i1		rc://*/ta/man/translate/figs-activepassive	וְ⁠לֹ֤א תִנָּתֵן֙ אֶת־הָ⁠עִ֣יר הַ⁠זֹּ֔את	1	The expression **will not be given** contains a passive verbal form. If your language would not use that form, you could express the idea in active form or in another way that would be natural in your language. Alternate translation: [and he will not give this city]
18:30	j1ve		rc://*/ta/man/translate/figs-metonymy	בְּ⁠יַ֖ד	1	See how you translated the similar expression in [3:10](../03/10.md). Alternate translation: [into the control of]
18:31	j8me		rc://*/ta/man/translate/figs-explicit	אַֽל־תִּשְׁמְע֖וּ אֶל־חִזְקִיָּ֑הוּ	1	To translate the term “listen” here and in the next verse, see how you translated the similar expression in [10:6](../10/06.md). Alternate translation: [Do not do what Hezekiah wants you to do here]
18:31	f59f		rc://*/ta/man/translate/figs-quotesinquotes	כִּי֩ כֹ֨ה אָמַ֜ר מֶ֣לֶךְ אַשּׁ֗וּר עֲשֽׂוּ־אִתִּ֤⁠י בְרָכָה֙ וּ⁠צְא֣וּ אֵלַ֔⁠י וְ⁠אִכְל֤וּ אִישׁ־גַּפְנ⁠וֹ֙ וְ⁠אִ֣ישׁ תְּאֵֽנָת֔⁠וֹ וּ⁠שְׁת֖וּ אִ֥ישׁ מֵֽי־בוֹרֽ⁠וֹ	1	If you have decided to translate all of this long quotation in such a way that there will not be quotations within quotations, you can continue doing that in this verse. Alternate translation: [the king of Assyria is telling you to make a blessing with him and come out to him. Then you will be able to eat, a man of his vine and a man of his fig tree, and drink, a man from the waters of his well]
18:31	g4lt		rc://*/ta/man/translate/figs-metonymy	עֲשֽׂוּ־אִתִּ֤⁠י בְרָכָה֙	1	Here, **a blessing**, meaning a gift, represents “a peace agreement,” since in this culture people exchanged gifts when they made peace agreements. If it would be helpful in your language, you could use an equivalent expression or plain language. Alternate translation: [Make a peace agreement with me]
18:31	ypxh		rc://*/ta/man/translate/figs-idiom	וְ⁠אִכְל֤וּ אִישׁ־גַּפְנ⁠וֹ֙ וְ⁠אִ֣ישׁ תְּאֵֽנָת֔⁠וֹ וּ⁠שְׁת֖וּ אִ֥ישׁ מֵֽי־בוֹרֽ⁠וֹ	1	See how you translated the similar expression in [3:23](../03/23.md). Alternate translation: [and let each of you eat from his vine and fig tree, and let each of you drink from the waters of his well]
18:32	ogw5		rc://*/ta/man/translate/figs-quotemarks	עַד־בֹּאִ⁠י֩ וְ⁠לָקַחְתִּ֨י אֶתְ⁠כֶ֜ם אֶל־אֶ֣רֶץ כְּ⁠אַרְצְ⁠כֶ֗ם אֶרֶץ֩ דָּגָ֨ן וְ⁠תִיר֜וֹשׁ אֶ֧רֶץ לֶ֣חֶם וּ⁠כְרָמִ֗ים אֶ֣רֶץ זֵ֤ית יִצְהָר֙ וּ⁠דְבַ֔שׁ וִֽ⁠חְי֖וּ וְ⁠לֹ֣א תָמֻ֑תוּ וְ⁠אַֽל־תִּשְׁמְעוּ֙ אֶל־חִזְקִיָּ֔הוּ כִּֽי־יַסִּ֤ית אֶתְ⁠כֶם֙ לֵ⁠אמֹ֔ר יְהוָ֖ה יַצִּילֵֽ⁠נוּ	1	There are three levels of quotation here. The author is quoting what the Rabshakeh said (level 1), continuing from the previous verse. The Rabshakeh is quoting the king of Assyria (level 2), also continuing from the previous verse. The king is quoting Hezekiah (level 3). Use the appropriate punctuation in your language to mark these levels of quotation. Alternatively, you could translate this so that there are not second-level or third-level quotations.
18:32	nke3		rc://*/ta/man/translate/figs-quotesinquotes	עַד־בֹּאִ⁠י֩ וְ⁠לָקַחְתִּ֨י אֶתְ⁠כֶ֜ם אֶל־אֶ֣רֶץ כְּ⁠אַרְצְ⁠כֶ֗ם אֶרֶץ֩ דָּגָ֨ן וְ⁠תִיר֜וֹשׁ אֶ֧רֶץ לֶ֣חֶם וּ⁠כְרָמִ֗ים אֶ֣רֶץ זֵ֤ית יִצְהָר֙ וּ⁠דְבַ֔שׁ וִֽ⁠חְי֖וּ וְ⁠לֹ֣א תָמֻ֑תוּ וְ⁠אַֽל־תִּשְׁמְעוּ֙ אֶל־חִזְקִיָּ֔הוּ כִּֽי־יַסִּ֤ית אֶתְ⁠כֶם֙ לֵ⁠אמֹ֔ר יְהוָ֖ה יַצִּילֵֽ⁠נוּ	1	If you have decided to translate all of this long quotation in such a way that there will not be quotations within quotations, you can continue doing that in this verse. Alternate translation: [until he comes and takes you to a land like your land, a land of grain and new wine, a land of bread and vineyards, a land of olive of oil and honey. He tells you to live and not die. He says that you should not listen to Hezekiah when he misleads you by telling you that Yahweh will deliver all of you]
18:32	e6wt		rc://*/ta/man/translate/figs-metonymy	וּ⁠כְרָמִ֗ים	1	Since the rest of the items on this list are agricultural products, these **vineyards** may represent the products of vineyards. Alternate translation: [and grapes]
18:32	fzhi		rc://*/ta/man/translate/figs-explicit	זֵ֤ית יִצְהָר֙	1	The phrase **olive of oil** describes cultivated olives, that is, olives from trees in orchards as opposed to wild olives, which yielded less and worse oil. You could indicate this explicitly in your translation if that would be helpful to your readers. Alternate translation: [cultivated olives]
18:33	bzu7		rc://*/ta/man/translate/figs-rquestion	הַ⁠הַצֵּ֥ל הִצִּ֛ילוּ אֱלֹהֵ֥י הַ⁠גּוֹיִ֖ם אִ֣ישׁ אֶת־אַרְצ֑⁠וֹ מִ⁠יַּ֖ד מֶ֥לֶךְ אַשּֽׁוּר	1	The king of Assyria is using the question form for emphasis. If a speaker of your language would not use the question form for that purpose, you could translate this as a statement or as an exclamation. Alternate translation: [None of the gods of the nations actually delivered the land where people worshiped it from the hand of the king of Assyria!]
18:33	q8mg		rc://*/ta/man/translate/figs-quotesinquotes	הַ⁠הַצֵּ֥ל הִצִּ֛ילוּ אֱלֹהֵ֥י הַ⁠גּוֹיִ֖ם אִ֣ישׁ אֶת־אַרְצ֑⁠וֹ מִ⁠יַּ֖ד מֶ֥לֶךְ אַשּֽׁוּר	1	If you have decided to translate all of this long quotation in such a way that there will not be quotations within quotations, you can continue doing that in this verse. Alternate translation: [The king tells you to consider that none of the gods of the nations has delivered its land from the hand of the king of Assyria]
18:33	xwjz		rc://*/ta/man/translate/figs-reduplication	הַ⁠הַצֵּ֥ל הִצִּ֛ילוּ אֱלֹהֵ֥י הַ⁠גּוֹיִ֖ם	1	The king is repeating forms of the verb **deliver** in order to intensify his expression of the idea that it conveys. If your language can repeat words for intensification, it would be appropriate to do that here in your translation. If not, your language may have another way of expressing the intensification. Alternate translation: [Did the gods of the nations actually deliver]
18:33	nsuq		rc://*/ta/man/translate/figs-idiom	הִצִּ֛ילוּ אֱלֹהֵ֥י הַ⁠גּוֹיִ֖ם אִ֣ישׁ אֶת־אַרְצ֑⁠וֹ	1	The king is not suggesting that each of these **gods** is a **man** at best. He is using a common expression of this culture. See how you translated the similar expressions in [3:23](../03/23.md) and, in this context, [18:31](../18/31.md). Alternate translation: [did the gods of the nations deliver, any of them, its land] or [did any of the gods of the nations deliver its land]
18:33	slmy		rc://*/ta/man/translate/figs-metonymy	מִ⁠יַּ֖ד מֶ֥לֶךְ אַשּֽׁוּר	1	See how you translated the similar expression in [3:10](../03/10.md). Alternate translation: [from the power of the king of Assyria and similarly in the next two verses]
18:33	b9d0		rc://*/ta/man/translate/figs-123person	מִ⁠יַּ֖ד מֶ֥לֶךְ אַשּֽׁוּר	1	The king of Assyria is speaking of himself in the third person because he is making a triumphant declaration. (The expression “my hand” in verses 34 and 35 is equivalent in this context.) If it would be helpful in your language, you could translate this in the first person. Alternate translation: [from my hand]
18:34	d8pt		rc://*/ta/man/translate/figs-rquestion	אַיֵּה֩ אֱלֹהֵ֨י חֲמָ֜ת וְ⁠אַרְפָּ֗ד אַיֵּ֛ה אֱלֹהֵ֥י סְפַרְוַ֖יִם הֵנַ֣ע וְ⁠עִוָּ֑ה כִּֽי־הִצִּ֥ילוּ אֶת־שֹׁמְר֖וֹן מִ⁠יָּדִֽ⁠י	1	The king of Assyria is using the question form for emphasis. If a speaker of your language would not use the question form for that purpose, you could translate these questions as statements or as exclamations. Alternate translation: [The gods of Hamath and Arpad did nothing to help those people! The gods of Sepharvaim, Hena, and Ivvah did nothing to help those people! Indeed, the gods of Samaria did not deliver it from my hand!]
18:34	e5iq		rc://*/ta/man/translate/figs-quotesinquotes	אַיֵּה֩ אֱלֹהֵ֨י חֲמָ֜ת וְ⁠אַרְפָּ֗ד אַיֵּ֛ה אֱלֹהֵ֥י סְפַרְוַ֖יִם הֵנַ֣ע וְ⁠עִוָּ֑ה כִּֽי־הִצִּ֥ילוּ אֶת־שֹׁמְר֖וֹן מִ⁠יָּדִֽ⁠י	1	If you have decided to translate all of this long quotation in such a way that there will not be quotations within quotations, you can continue doing that in this verse. Alternate translation: [The king points out that the gods of Hamath and Arpad did nothing to help those people, and the gods of Sepharvaim, Hena, and Ivvah did nothing to help those people, and in fact the gods of Samaria did not deliver it from his hand]
18:34	nw4e		rc://*/ta/man/translate/writing-pronouns	הִצִּ֥ילוּ אֶת־שֹׁמְר֖וֹן	1	The pronoun **they** does not refer to the gods that the king has just listed. It refers generally back to “the gods of the nations” in the previous verse and specifically to the gods that the people of the kingdom of Israel, called **Samaria** here, were worshiping. Alternate translation: [did the gods of Samaria deliver it]
18:35	ftpf		rc://*/ta/man/translate/figs-rquestion	מִ֚י בְּ⁠כָל־אֱלֹהֵ֣י הָֽ⁠אֲרָצ֔וֹת אֲשֶׁר־הִצִּ֥ילוּ אֶת־אַרְצָ֖⁠ם מִ⁠יָּדִ֑⁠י כִּי־יַצִּ֧יל יְהוָ֛ה אֶת־יְרוּשָׁלִַ֖ם מִ⁠יָּדִֽ⁠י	1	The king of Assyria is using the question form to emphasize that none of the gods of other nations have been able to rescue their lands from the Assyrian king. If a speaker of your language would not use the question form for that purpose, you could translate this as a statement or as an exclamation. Alternate translation: [You cannot name any of the gods of the lands that have delivered their land from my hand, so do not believe that Yahweh will deliver Jerusalem from my hand!]
18:35	v6pw		rc://*/ta/man/translate/figs-quotesinquotes	מִ֚י בְּ⁠כָל־אֱלֹהֵ֣י הָֽ⁠אֲרָצ֔וֹת אֲשֶׁר־הִצִּ֥ילוּ אֶת־אַרְצָ֖⁠ם מִ⁠יָּדִ֑⁠י כִּי־יַצִּ֧יל יְהוָ֛ה אֶת־יְרוּשָׁלִַ֖ם מִ⁠יָּדִֽ⁠י	1	If you have decided to translate all of this long quotation in such a way that there would not be quotations within quotations, you can continue doing that in this verse. Alternate translation: [The king emphasizes that none of the gods of the lands have delivered their lands from his hand, so you should not believe that Yahweh will deliver Jerusalem from his hand]
18:35	axjd		rc://*/ta/man/translate/grammar-collectivenouns	אֶת־אַרְצָ֖⁠ם	1	In this instance, the word **land** is singular in form, but it refers to all of the lands where these **gods** were worshiped. If it would be helpful in your language, you could use the plural form of “land.” Alternate translation: [their lands]
18:36	z4uf		rc://*/ta/man/translate/grammar-connect-logic-result	וְ⁠הֶחֱרִ֣ישׁוּ הָ⁠עָ֔ם וְ⁠לֹֽא־עָנ֥וּ אֹת֖⁠וֹ דָּבָ֑ר כִּי־מִצְוַ֨ת הַ⁠מֶּ֥לֶךְ הִ֛יא לֵ⁠אמֹ֖ר לֹ֥א תַעֲנֻֽ⁠הוּ	1	If it would be more natural in your language, you could reverse the order of these phrases, since the second phrase gives the reason for the result that the first phrase describes. Alternate translation: [But since it was a commandment of the king, saying, “You shall not answer him,” the people were silent and did not answer him a word]
18:36	kmvo		rc://*/ta/man/translate/figs-parallelism	וְ⁠הֶחֱרִ֣ישׁוּ הָ⁠עָ֔ם וְ⁠לֹֽא־עָנ֥וּ אֹת֖⁠וֹ דָּבָ֑ר	1	These two phrases mean basically the same thing. The second emphasizes the meaning of the first by repeating the same idea with different words. If it would be helpful to your readers, you could combine them and express the emphasis in another way. Alternate translation: [But the people said nothing in response to him]
18:37	gdoi		rc://*/ta/man/translate/figs-activepassive	וַ⁠יָּבֹ֣א & אֶל־חִזְקִיָּ֖הוּ קְרוּעֵ֣י בְגָדִ֑ים	1	The expression **torn** is a passive verbal form. If your language would not use that form, you could express the idea in active form or in another way that would be natural in your language. Alternate translation: [tore their clothes and came to Hezekiah]
18:37	sw32		rc://*/ta/man/translate/translate-symaction	קְרוּעֵ֣י בְגָדִ֑ים	1	See how you indicated the symbolic significance of this action in [2:12](../02/12.md).
19:intro	abcj				0	# 2 Kings 19 Introduction\n\n## Structure and Formatting\n\nThe story of Hezekiah continues in this chapter. He is one of the great kings of Judah, so the author is describing his reign in detail.\n\n## Religious and Cultural Concepts in This Chapter\n\n### Why did Sennacherib’s sons kill him?\n\nThe author reports in 19:37 that after Sennacherib returned to Nineveh, while he was worshiping in the temple of the Assyrian god Nisrok, Adrammelek and Sharezer, two of his sons, assassinated him. They did that because of a bitter conflict over who would succeed him as king, as ancient Assyrian sources report. The crown prince Assur-nadin-shumi died, and Sennacherib at first named Adrammelech his heir. But later he replaced him with Esarhaddon, a younger son, for reasons that the sources do not specify. This made Adrammelek very angry, but Sennacherib refused to reinstate him. So he conspired with his brother Sharezer to assassinate their father. They had hoped to seize power for themselves, but they had to flee, and Esarhaddon became the next king.\n\n## Translation Issues in This Chapter\n\nAs in chapter 18, there are two long quotations in this chapter that contain multiple levels of quotation. They are in verses 10–13 and 20–34. Notes describe ways of indicating the speakers throughout these quotations. See what you did in the case of the quotations in the previous chapter, and present these quotations in the same way.\n\n### Images in the king of Assyria’s boast\n\nIn 19:23, Yahweh uses vivid imagery to depict how the Assyrian king has been boasting of his military conquests. Here is an explanation of the various images that he uses.\n- As Yahweh quotes him, Assyrian king is speaking as if he had actually gone up the highest and most remote mountains of **Lebanon** and cut down its tallest and most valuable trees.\n- He is using **Lebanon** to represent the entire geographical area of which Israel is a part.\n- He is using the giant **trees** that grow in Lebanon to represent huge, strong entities, so that his boast to have cut them down means that he has defeated powerful foes.\n- By **the lodging place of its end**, he means the place where his army would stop at the end of a successful campaign to conquer the whole country, that is, Jerusalem. (The author says in [18:13](../18/13.md) that Sennacherib sought first to conquer all of the other fortified cities in Judah, and then he attacked Jerusalem.)\n- By **the forest of its garden** (that is, its forest that is like a garden), he means the place where the forest has been most transformed by cultivation into a park for human recreation and enjoyment. This seems to represent the grounds of the royal palace and temple, particularly in light of how extensively cedar and cypress wood was used in the construction of those buildings.\nConsider how best to represent these images in your translation. A note to this verse suggests one possible way to do that.
19:1	j8qa		rc://*/ta/man/translate/translate-symaction	וַ⁠יִּקְרַ֖ע אֶת־בְּגָדָ֑י⁠ו וַ⁠יִּתְכַּ֣ס בַּ⁠שָּׂ֔ק	1	See how you indicated in [6:30](../06/30.md) the symbolic significance of the actions of tearing one’s **clothes** and wearing **sackcloth**.
19:1	easg		rc://*/ta/man/translate/figs-metaphor	בֵּ֥ית יְהוָֽה	1	See how you translated the similar expression in [5:18](../05/18.md). Alternate translation: [into the temple of Yahweh]
19:3	t06y		rc://*/ta/man/translate/figs-quotesinquotes	כֹּ֚ה אָמַ֣ר חִזְקִיָּ֔הוּ יוֹם־צָרָ֧ה וְ⁠תוֹכֵחָ֛ה וּ⁠נְאָצָ֖ה הַ⁠יּ֣וֹם הַ⁠זֶּ֑ה כִּ֣י בָ֤אוּ בָנִים֙ עַד־מַשְׁבֵּ֔ר וְ⁠כֹ֥חַ אַ֖יִן לְ⁠לֵדָֽה	1	If it would be clearer in your language, you could translate this so that there is not a quotation within a quotation. Alternate translation: [Hezekiah says that this day is a day of trouble and chastisement and reproach, for sons have come to the birth canal, but there is no strength to give birth]
19:3	z6z6		rc://*/ta/man/translate/writing-proverbs	בָ֤אוּ בָנִים֙ עַד־מַשְׁבֵּ֔ר וְ⁠כֹ֥חַ אַ֖יִן לְ⁠לֵדָֽה	1	Hezekiah is using or inventing a proverb in order to illustrate that the Judeans are in a life-and-death situation, but they do not have the resources to rescue themselves from it. Translate this proverb in a way that will be recognized as a proverb and be meaningful in your language and culture.
19:4	yqwj		rc://*/ta/man/translate/figs-quotesinquotes	אוּלַ֡י יִשְׁמַע֩ יְהוָ֨ה אֱלֹהֶ֜י⁠ךָ	1	If you decided in the previous verse to translate this quotation in such a way that there would not be a quotation within a quotation, you can continue doing that here. In many languages it will not be necessary to make significant alterations. Alternate translation: [Hezekiah says that perhaps Yahweh your God will have heard]
19:4	ixe8		rc://*/ta/man/translate/figs-metonymy	אֵ֣ת ׀ כָּל־דִּבְרֵ֣י רַב־שָׁקֵ֗ה	1	See how you translated the similar expression in [1:7](../01/07.md). Alternate translation: [everything that the Rabshakeh said]
19:4	fblq		rc://*/ta/man/translate/writing-pronouns	וְ⁠הוֹכִ֨יחַ֙ בַּ⁠דְּבָרִ֔ים אֲשֶׁ֥ר שָׁמַ֖ע יְהוָ֣ה אֱלֹהֶ֑י⁠ךָ	1	Since the author has already used the name Yahweh earlier in this sentence, it may be more natural in your language to use a pronoun here. Alternate translation: [and he will chastise the words that he has heard]
19:4	azbf		rc://*/ta/man/translate/figs-metonymy	וְ⁠הוֹכִ֨יחַ֙ בַּ⁠דְּבָרִ֔ים אֲשֶׁ֥ר שָׁמַ֖ע יְהוָ֣ה אֱלֹהֶ֑י⁠ךָ	1	The messengers are using the **words** that the Rabshakeh spoke to represent the Rabshakeh himself. If it would be helpful in your language, you could use an equivalent expression or plain language. Alternate translation: [and he will chastise him for what he heard him say]
19:4	tfmw		rc://*/ta/man/translate/figs-idiom	הַ⁠שְּׁאֵרִ֖ית הַ⁠נִּמְצָאָֽה	1	See how you translated the similar expression in [12:18](../12/18.md). Alternate translation: [the remnant of Judeans who still survive]
19:4	jlve		rc://*/ta/man/translate/figs-metaphor	וְ⁠נָשָׂ֣אתָ תְפִלָּ֔ה	1	The messengers are speaking as if a **prayer** were something that Isaiah could physically **lift up**. If it would be helpful in your language, you could state the meaning plainly. Alternate translation: [And may you say a prayer]
19:5	vbt9		rc://*/ta/man/translate/figs-events	וַ⁠יָּבֹ֗אוּ עַבְדֵ֛י הַ⁠מֶּ֥לֶךְ חִזְקִיָּ֖הוּ אֶל־יְשַֽׁעַיָֽהוּ	1	In this verse, the author is describing an event after describing in the previous two verses an event that followed it. If it would be helpful your language, you may wish to relate these events in the order in which they happened. You could do that by putting this sentence at the start of verse 3. You could also translate this verse in such a way as to show that this event preceded the events of the previous two verses and begin verse 6 with “then.” Alternate translation: [And when the servants of King Hezekiah had come to Isaiah]
19:6	zmtk		rc://*/ta/man/translate/figs-quotemarks	וַ⁠יֹּ֤אמֶר לָ⁠הֶם֙ יְשַֽׁעְיָ֔הוּ כֹּ֥ה תֹאמְר֖וּ⁠ן אֶל־אֲדֹֽנֵי⁠כֶ֑ם כֹּ֣ה ׀ אָמַ֣ר יְהוָ֗ה אַל־תִּירָא֙ מִ⁠פְּנֵ֤י הַ⁠דְּבָרִים֙ אֲשֶׁ֣ר שָׁמַ֗עְתָּ אֲשֶׁ֧ר גִּדְּפ֛וּ נַעֲרֵ֥י מֶֽלֶךְ־אַשּׁ֖וּר אֹתִֽ⁠י	1	There are three levels of quotation in this verse. The author is quoting what **Isaiah** said (level 1). Isaiah tells Hezekiah’s officials what he wants them to say to their **master** Hezekiah (level 2). This includes a quotation from **Yahweh** (level 3). Use the appropriate punctuation in your language to mark these levels of quotation, here and at the end of the next verse. Alternatively, you could translate this so that there are not second-level or third-level quotations.
19:6	bb8u		rc://*/ta/man/translate/figs-quotesinquotes	וַ⁠יֹּ֤אמֶר לָ⁠הֶם֙ יְשַֽׁעְיָ֔הוּ כֹּ֥ה תֹאמְר֖וּ⁠ן אֶל־אֲדֹֽנֵי⁠כֶ֑ם כֹּ֣ה ׀ אָמַ֣ר יְהוָ֗ה אַל־תִּירָא֙ מִ⁠פְּנֵ֤י הַ⁠דְּבָרִים֙ אֲשֶׁ֣ר שָׁמַ֗עְתָּ אֲשֶׁ֧ר גִּדְּפ֛וּ נַעֲרֵ֥י מֶֽלֶךְ־אַשּׁ֖וּר אֹתִֽ⁠י	1	If it would be clearer in your language, you could translate this so that there is not a quotation within a quotation. Alternate translation: [and Isaiah told them to tell Hezekiah that Yahweh said he should not be afraid from the face of the words that he had heard, by which the servants of the king of Assyria had blasphemed him]
19:6	f1rp		rc://*/ta/man/translate/figs-idiom	מִ⁠פְּנֵ֤י	1	See how you translated the similar expression in [16:3](../16/03.md). Alternate translation: [on account of]
19:6	bexe		rc://*/ta/man/translate/figs-explicit	נַעֲרֵ֥י מֶֽלֶךְ־אַשּׁ֖וּר	1	Isaiah uses a specific word for **servants** that in other contexts can mean a “young man” or “boy.” While Hezekiah told his officials to refer to the Rabshakeh by his official title, Isaiah is belittling the Assyrian officials. Your language may have a comparable expression that you can use in your translation. Alternate translation: [the lackeys of the king of Assyria]
19:7	qfbu		rc://*/ta/man/translate/figs-quotesinquotes	הִנְ⁠נִ֨י נֹתֵ֥ן בּ⁠וֹ֙ ר֔וּחַ וְ⁠שָׁמַ֥ע שְׁמוּעָ֖ה וְ⁠שָׁ֣ב לְ⁠אַרְצ֑⁠וֹ וְ⁠הִפַּלְתִּ֥י⁠ו בַּ⁠חֶ֖רֶב בְּ⁠אַרְצֽ⁠וֹ	1	If you decided in the previous verse to translate this quotation in such a way that there would not be quotations within a quotations, you can continue doing that here. Alternate translation: [Tell Hezekiah that Yahweh says that he is about to put a spirit on the king of Assyria, and he will hear a report, and he will return to his land, and Yahweh will make him fall by the sword in his land]
19:7	xvl6		rc://*/ta/man/translate/figs-idiom	הִנְ⁠נִ֨י נֹתֵ֥ן	1	Yahweh is using a common expression of this culture, **behold me**, to indicate that he is about to do something. If this phrase does not have that meaning in your language, you could use a comparable expression from your language that does have that meaning, or you could state the meaning plainly. If you have already translated the book of 2 Samuel, see how you translated the similar expression in [2 Samuel 12:11](../2sa/12/11.md). Alternate translation: [I am about to put]
19:8	hw74		rc://*/ta/man/translate/grammar-connect-logic-result	וַ⁠יִּמְצָא֙ אֶת־מֶ֣לֶךְ אַשּׁ֔וּר נִלְחָ֖ם עַל־לִבְנָ֑ה כִּ֣י שָׁמַ֔ע כִּ֥י נָסַ֖ע מִ⁠לָּכִֽישׁ	1	If it would be more natural in your language, you could reverse the order of these phrases, since the second phrase gives the reason for the result that the first phrase describes. Alternate translation: [and since he had heard that the king of Assyria had departed from Lachish, he found him fighting against Libnah]
19:8	w8i0		rc://*/ta/man/translate/figs-explicit	וַ⁠יִּמְצָא֙	1	The author does not mean that the Rabshakeh had to look for the **king of Assyria** and that he **found him** at **Libnah**. He means that he met him there. See how you translated the similar expression in [9:21](../09/21.md). Alternate translation: [and he met]
19:8	rqmz		rc://*/ta/man/translate/writing-pronouns	שָׁמַ֔ע כִּ֥י נָסַ֖ע מִ⁠לָּכִֽישׁ	1	The pronoun **he** refers in the first instance to **the Rabshakeh**, and it refers in the second instance to **the king of Assyria**. It may be helpful to clarify this for your readers. Alternate translation: [the Rabshakeh had heard that the king had departed from Lachish]
19:9	p292		rc://*/ta/man/translate/writing-pronouns	וַ⁠יִּשְׁמַ֗ע	1	The pronoun **he** refers to the king of Assyria. It may be helpful to clarify this for your readers. Alternate translation: [Then the king of Assyria heard]
19:9	qap5		rc://*/ta/man/translate/figs-metaphor	הִנֵּ֥ה	1	See how you translated the similar expression in [1:9](../01/09.md).
19:9	ep1y		rc://*/ta/man/translate/figs-hendiadys	וַ⁠יָּ֨שָׁב֙ וַ⁠יִּשְׁלַ֣ח	1	See how you translated the similar expression in [1:11](../01/11.md). Alternate translation: [And once again he sent]
19:10	yk47		rc://*/ta/man/translate/figs-quotemarks	כֹּ֣ה תֹאמְר֗וּ⁠ן אֶל־חִזְקִיָּ֤הוּ מֶֽלֶךְ־יְהוּדָה֙ לֵ⁠אמֹ֔ר אַל־יַשִּׁאֲ⁠ךָ֣ אֱלֹהֶ֔י⁠ךָ אֲשֶׁ֥ר אַתָּ֛ה בֹּטֵ֥חַ בּ֖⁠וֹ לֵ⁠אמֹ֑ר לֹ֤א תִנָּתֵן֙ יְר֣וּשָׁלִַ֔ם בְּ⁠יַ֖ד מֶ֥לֶךְ אַשּֽׁוּר	1	See the discussion in the introduction to this chapter of the long quotation in verses 10–13. There are three levels of quotation in this verse. The author is quoting what the king of Assyria said to his messengers (level 1). The king is telling his messengers what he wants them to say to Hezekiah (level 2). This includes a quotation of something that the Assyrian king believes Yahweh is telling Hezekiah (level 3). Use the appropriate punctuation in your language to mark these levels of quotation. Alternatively, you could translate this so that there are not second-level or third-level quotations.
19:10	v0ec		rc://*/ta/man/translate/figs-quotesinquotes	כֹּ֣ה תֹאמְר֗וּ⁠ן אֶל־חִזְקִיָּ֤הוּ מֶֽלֶךְ־יְהוּדָה֙ לֵ⁠אמֹ֔ר אַל־יַשִּׁאֲ⁠ךָ֣ אֱלֹהֶ֔י⁠ךָ אֲשֶׁ֥ר אַתָּ֛ה בֹּטֵ֥חַ בּ֖⁠וֹ לֵ⁠אמֹ֑ר לֹ֤א תִנָּתֵן֙ יְר֣וּשָׁלִַ֔ם בְּ⁠יַ֖ד מֶ֥לֶךְ אַשּֽׁוּר	1	If it would be clearer in your language, you could translate this so that there are not quotations within a quotations. Alternate translation: [Tell Hezekiah, the king of Judah, that he should not let his God, in whom he is trusting, deceive him by telling him that Jerusalem will not be given into my hand]
19:10	qwqw		rc://*/ta/man/translate/figs-activepassive	לֹ֤א תִנָּתֵן֙ יְר֣וּשָׁלִַ֔ם בְּ⁠יַ֖ד מֶ֥לֶךְ אַשּֽׁוּר	1	See how you translated the similar expression in [18:30](../18/30.md). Alternate translation: [I will not give Jerusalem into the control of the king of Assyria] or [I will not allow the king of Assyria to conquer Jerusalem]
19:11	mpbn		rc://*/ta/man/translate/figs-quotesinquotes	הִנֵּ֣ה ׀ אַתָּ֣ה שָׁמַ֗עְתָּ אֵת֩ אֲשֶׁ֨ר עָשׂ֜וּ מַלְכֵ֥י אַשּׁ֛וּר לְ⁠כָל־הָ⁠אֲרָצ֖וֹת לְ⁠הַֽחֲרִימָ֑⁠ם וְ⁠אַתָּ֖ה תִּנָּצֵֽל	1	If you have decided to translate all of this long quotation in such a way that there will not be quotations within quotations, you can continue doing that in this verse. Alternate translation: [Remind him that he has personally heard what the kings of Assyria have done to all of the lands by destroying them. Tell him there is no reason why he should expect that, by contrast, his God will deliver him]
19:11	xlf5		rc://*/ta/man/translate/writing-pronouns	אַתָּ֣ה שָׁמַ֗עְתָּ	1	See how you translated the similar expression “you, you know” in [4:1](../04/01.md). Alternate translation: [you have heard personally]
19:11	flhq		rc://*/ta/man/translate/figs-hyperbole	לְ⁠כָל־הָ⁠אֲרָצ֖וֹת	1	The king is saying **all** as an overstatement for emphasis. He is referring specifically to **to all of the lands** that the Assyrians have so far invaded. If it would be helpful in your language, you could use a different way to express the emphasis. Alternate translation: [to every single one of the lands they have attacked]
19:11	wmr2		rc://*/ta/man/translate/writing-pronouns	וְ⁠אַתָּ֖ה תִּנָּצֵֽל	1	See how you translated the expression “he, he came” in [5:25](../05/25.md), which emphasizes a contrast as the expression here does. Alternate translation: [So will you, by contrast, be delivered] or [So for your part, will you be delivered]
19:11	vdh2		rc://*/ta/man/translate/figs-activepassive	וְ⁠אַתָּ֖ה תִּנָּצֵֽל	1	The expression **will you be delivered** is a passive verbal form. If your language would not use that form, you could express the idea in active form or in another way that would be natural in your language. Alternate translation: [So, by contrast, will Yahweh deliver you]
19:11	mw5c		rc://*/ta/man/translate/figs-rquestion	וְ⁠אַתָּ֖ה תִּנָּצֵֽל	1	The king of Assyria is using the question form to emphasize that de does not believe that Yahweh will deliver Hezekiah. If a speaker of your language would not use the question form for that purpose, you could translate this as a statement or as an exclamation. Alternate translation: [So do not think that you will be delivered] or [So do not think that Yahweh will deliver you]
19:12	f84x		rc://*/ta/man/translate/figs-rquestion	הַ⁠הִצִּ֨ילוּ אֹתָ֜⁠ם אֱלֹהֵ֤י הַ⁠גּוֹיִם֙ אֲשֶׁ֣ר שִׁחֲת֣וּ אֲבוֹתַ֔⁠י אֶת־גּוֹזָ֖ן וְ⁠אֶת־חָרָ֑ן וְ⁠רֶ֥צֶף וּ⁠בְנֵי־עֶ֖דֶן אֲשֶׁ֥ר בִּ⁠תְלַאשָּֽׂר	1	The Assyrian king is using the question form for emphasis. If a speaker of your language would not use the question form for that purpose, you could translate this as a statement or as an exclamation. Alternate translation: [The gods of the nations that my fathers destroyed, Gozan and Haran and Rezeph and the sons of Eden who were in Tel Assar, did not deliver any of them!]
19:12	hqzz		rc://*/ta/man/translate/figs-quotesinquotes	הַ⁠הִצִּ֨ילוּ אֹתָ֜⁠ם אֱלֹהֵ֤י הַ⁠גּוֹיִם֙ אֲשֶׁ֣ר שִׁחֲת֣וּ אֲבוֹתַ֔⁠י אֶת־גּוֹזָ֖ן וְ⁠אֶת־חָרָ֑ן וְ⁠רֶ֥צֶף וּ⁠בְנֵי־עֶ֖דֶן אֲשֶׁ֥ר בִּ⁠תְלַאשָּֽׂר	1	If you have decided to translate all of this long quotation in such a way that there will not be quotations within quotations, you can continue doing that in this verse. Alternate translation: [Remind Hezekiah that the gods of the nations that my fathers destroyed did not deliver them, Gozan and Haran and Rezeph and the sons of Eden who were in Tel Assar.]
19:12	hsqp		rc://*/ta/man/translate/figs-metaphor	אֲבוֹתַ֔⁠י	1	See how you translated the similar expression in [8:24](../08/24.md). Alternate translation: [my ancestors]
19:12	f35k		rc://*/ta/man/translate/figs-metaphor	וּ⁠בְנֵי־עֶ֖דֶן	1	See how you translated the similar expression in [8:12](../08/12.md). Alternate translation: [the Edenites]
19:13	lhzu		rc://*/ta/man/translate/figs-rquestion	אַיּ֤⁠וֹ מֶֽלֶךְ־חֲמָת֙ וּ⁠מֶ֣לֶךְ אַרְפָּ֔ד וּ⁠מֶ֖לֶךְ לָעִ֣יר סְפַרְוָ֑יִם הֵנַ֖ע וְ⁠עִוָּֽה	1	The king of Assyria is using the question form for emphasis. If a speaker of your language would not use the question form for that purpose, you could translate this as a statement or as an exclamation. Alternate translation: [The kings of Hamath and Arpad and of the cities of Sepharvaim, Hena, and Ivvah are all gone!]
19:13	axj4		rc://*/ta/man/translate/figs-quotesinquotes	אַיּ֤⁠וֹ מֶֽלֶךְ־חֲמָת֙ וּ⁠מֶ֣לֶךְ אַרְפָּ֔ד וּ⁠מֶ֖לֶךְ לָעִ֣יר סְפַרְוָ֑יִם הֵנַ֖ע וְ⁠עִוָּֽה	1	If you have decided to translate all of this long quotation in such a way that there will not be quotations within quotations, you can continue doing that in this verse. Alternate translation: [Remind Hezekiah that Assyrians defeated the kings of Hamath and Arpad and of the cities of Sepharvaim, Hena, and Ivvah, so all those kings no longer rule.]
19:13	z65w		rc://*/ta/man/translate/grammar-collectivenouns	וּ⁠מֶ֖לֶךְ לָעִ֣יר סְפַרְוָ֑יִם הֵנַ֖ע וְ⁠עִוָּֽה	1	In this expression, the words **king** and **city** are singular in form, but they refer to the kings of all three of the cities listed. If it would be helpful in your language, you could use the plural forms in your translation. Alternate translation: [or the kings of the cities of Sepharvaim, Hena, or Ivvah]
19:14	uxdk		rc://*/ta/man/translate/translate-plural	וַ⁠יִּקַּ֨ח חִזְקִיָּ֧הוּ אֶת־הַ⁠סְּפָרִ֛ים מִ⁠יַּ֥ד הַ⁠מַּלְאָכִ֖ים וַ⁠יִּקְרָאֵ֑⁠ם	1	While the term **writings** and the pronoun **them** are plural, the author’s use of the singular pronoun **it** in the next sentence shows that Hezekiah received one letter from the king of Assyria. (His messengers apparently read the contents of this letter out loud to Hezekiah and then gave him the written copy of the message for confirmation.) So in this context, the term **writings** has the sense of “the things that the king had written.” You could indicate that explicitly in your translation if that would be helpful to your readers. You could also use singular forms instead of plural ones. Alternate translation: [Then the messengers handed Hezekiah a copy of what they had said, and he read the things that the king had written] or [Then Hezekiah took the letter from the hand of the messengers, and he read it]
19:14	rz0l		rc://*/ta/man/translate/figs-explicitinfo	וַ⁠יַּ֨עַל֙	1	See how you translated the similar expression in [1:3](../01/03.md). Alternate translation: [And he went]
19:14	vfwu		rc://*/ta/man/translate/translate-symaction	וַ⁠יִּפְרְשֵׂ֥⁠הוּ חִזְקִיָּ֖הוּ לִ⁠פְנֵ֥י יְהוָֽה	1	When Hezekiah **spread** the letter **out** (unrolled the scroll on which it was written) so that the contents were visible to Yahweh, this was a symbolic action by which he was asking for help by calling Yahweh’s attention to what Sennacherib had written, specifically the claim that Yahweh was no different from the gods of other nations. (Hezekiah did not believe that Yahweh would not know what was in the letter if he did not unroll the scroll. Sennacherib’s messengers had stated the contents out loud before giving him this written version.) If it would be helpful to your readers, you could explain the significance of this action in the text of your translation or in a footnote. Alternate translation: [and Hezekiah spread it out before Yahweh as an appeal for help]
19:14	sm7x		rc://*/ta/man/translate/figs-metonymy	לִ⁠פְנֵ֥י יְהוָֽה	1	See how you translated the similar expression in [4:12](../04/12.md). Alternate translation: [in front of Yahweh] or [where Yahweh could see it]
19:15	ap0b		rc://*/ta/man/translate/figs-metonymy	לִ⁠פְנֵ֣י יְהוָה֮	1	See how you translated the similar expression in [3:14](../03/14.md). Alternate translation: [in the presence of Yahweh]
19:15	f2w5		rc://*/ta/man/translate/writing-quotations	וַ⁠יֹּאמַר֒	1	See how you decided at [1:10](../01/10.md) to represent the phrase **and said** when it introduces a direct quotation.
19:15	k36s		rc://*/ta/man/translate/writing-pronouns	אַתָּ֣ה עָשִׂ֔יתָ	1	See how you translated the similar expression “He, he built up” in [14:22](../14/22.md). Alternate translation: [You are the one who made]
19:16	q7km		rc://*/ta/man/translate/figs-metaphor	הַטֵּ֨ה & אָזְנְ⁠ךָ֙	1	Hezekiah is speaking as if he wants Yahweh physically to **Incline** his **ear**, that is, to lean over the way someone would do to listen to someone who was located below him, such as a supplicant who was kneeling in front of him. If it would be helpful in your language, you could state the meaning plainly. Alternate translation: [Listen carefully]
19:16	q4av		rc://*/ta/man/translate/writing-pronouns	שְׁלָח֔⁠וֹ	1	The pronoun **it** refers to the message from the king of Assyria. It may be helpful to clarify this for your readers. Alternate translation: [he has sent this message]
19:17	cuoa		rc://*/ta/man/translate/grammar-collectivenouns	וְ⁠אֶת־אַרְצָֽ⁠ם	1	In this verse, the word **land** is singular in form, but it refers to all of the lands of these **nations** as a group. If it would be helpful in your language, you could use the plural form of “land.” Alternate translation: [and their lands]
19:18	mte1		rc://*/ta/man/translate/grammar-connect-logic-result	וְ⁠נָתְנ֥וּ אֶת־אֱלֹהֵי⁠הֶ֖ם בָּ⁠אֵ֑שׁ כִּי֩ לֹ֨א אֱלֹהִ֜ים הֵ֗מָּה כִּ֣י אִם־מַעֲשֵׂ֧ה יְדֵֽי־אָדָ֛ם עֵ֥ץ וָ⁠אֶ֖בֶן וַֽ⁠יְאַבְּדֽוּ⁠ם	1	If it would be more natural in your language, you could reverse the order of these phrases, since the second phrase gives the reason for the result that the first phrase describes. Alternate translation: [And since their gods are not gods, but rather the work of the hands of man, wood and stone, they have put them in the fire and destroyed them]
19:18	wk33		rc://*/ta/man/translate/figs-synecdoche	מַעֲשֵׂ֧ה יְדֵֽי־אָדָ֛ם	1	Hezekiah is using one part of people, their **hands**, to mean all of them in the act of making **gods** out of **wood** and **stone**. If it would be helpful in your language, you could state the meaning plainly. Alternate translation: [the work of craftsmen]
19:19	ucq3		rc://*/ta/man/translate/grammar-connect-words-phrases	וְ⁠עַתָּה֙	1	See how you translated the same expression in [3:23](../03/23.md).
19:19	fqwu		rc://*/ta/man/translate/figs-metonymy	מִ⁠יָּד֑⁠וֹ	1	See how you translated the similar expression in [3:10](../03/10.md). Alternate translation: [from his power]
19:20	ecrb		rc://*/ta/man/translate/figs-quotesinquotes	לֵ⁠אמֹ֑ר כֹּֽה־אָמַ֤ר יְהוָה֙ אֱלֹהֵ֣י יִשְׂרָאֵ֔ל אֲשֶׁ֨ר הִתְפַּלַּ֧לְתָּ אֵלַ֛⁠י אֶל־סַנְחֵרִ֥ב מֶֽלֶךְ־אַשּׁ֖וּר שָׁמָֽעְתִּי	1	See the discussion in the introduction to this chapter of the long quotation in verses 20–34, in which there are multiple levels of quotation. If it would be clearer in your language, you could translate this verse so that there is not a quotation within a quotation. Alternate translation: [telling him that Yahweh, the God of Israel, said that he had heard what he had prayed to him about Sennacherib, the king of Assyria]
19:20	wnui		rc://*/ta/man/translate/figs-explicit	שָׁמָֽעְתִּי	1	See how you translated the similar expression in [10:6](../10/06.md). Alternate translation: [I will do]
19:21	kyge		rc://*/ta/man/translate/figs-quotesinquotes	זֶ֣ה הַ⁠דָּבָ֔ר אֲשֶׁר־דִּבֶּ֥ר יְהוָ֖ה עָלָ֑י⁠ו בָּזָ֨ה לְ⁠ךָ֜ לָעֲגָ֣ה לְ⁠ךָ֗ בְּתוּלַת֙ בַּת־צִיּ֔וֹן אַחֲרֶ֨י⁠ךָ֙ רֹ֣אשׁ הֵנִ֔יעָה בַּ֖ת יְרוּשָׁלִָֽם	1	If you have decided to translate all of this long quotation in such a way that there will not be quotations within quotations, you can continue doing that in this verse. Alternate translation: [This {is} the word that Yahweh has spoken about him. He says that the virgin, the daughter of Zion, despises him, she derides him. The daughter of Jerusalem shakes a head after him]
19:21	cgh0		rc://*/ta/man/translate/figs-metaphor	בָּזָ֨ה לְ⁠ךָ֜ לָעֲגָ֣ה לְ⁠ךָ֗ בְּתוּלַת֙ בַּת־צִיּ֔וֹן אַחֲרֶ֨י⁠ךָ֙ רֹ֣אשׁ הֵנִ֔יעָה בַּ֖ת יְרוּשָׁלִָֽם	1	Isaiah is speaking as if the city of **Jerusalem** were actually a mother and its inhabitants were her **daughter**. (In the first instance of this image, he uses the term **Zion**, the mountain on which the city was located, to represent the city itself.) If it would be helpful in your language, you could state the meaning plainly. Alternate translation: [The people of Jerusalem despise you, they deride you. The people of Jerusalem shake their heads after you]
19:21	sh59		rc://*/ta/man/translate/translate-tense	בָּזָ֨ה לְ⁠ךָ֜ לָעֲגָ֣ה לְ⁠ךָ֗ בְּתוּלַת֙ בַּת־צִיּ֔וֹן אַחֲרֶ֨י⁠ךָ֙ רֹ֣אשׁ הֵנִ֔יעָה בַּ֖ת יְרוּשָׁלִָֽם	1	Isaiah is using the present tense to describe something that is going to happen in the future in order to show that it will certainly happen and that it will happen soon. If it would be clearer in your language, you could use the future tense. Alternate translation: [The people of Jerusalem will despise you, they will deride you. The people of Jerusalem will shake their heads after you]
19:21	pw4t		rc://*/ta/man/translate/figs-apostrophe	בָּזָ֨ה לְ⁠ךָ֜ לָעֲגָ֣ה לְ⁠ךָ֗ בְּתוּלַת֙ בַּת־צִיּ֔וֹן אַחֲרֶ֨י⁠ךָ֙ רֹ֣אשׁ הֵנִ֔יעָה בַּ֖ת יְרוּשָׁלִָֽם	1	Yahweh, speaking through Isaiah, is speaking to someone whom he knows cannot hear him, the king of Assyria. He is doing this to communicate to Hezekiah that he feels very strongly about that king’s arrogance and mockery. If it would be helpful in your language, here and through verse 28, you could translate these words as if Yahweh were speaking directly to Hezekiah about the king of Assyria. Alternate translation: [The virgin, the daughter of Zion, despises him, she derides him. The daughter of Jerusalem shakes her head after him] or [The people of Jerusalem will despise him, they will deride him. The people of Jerusalem will shake their heads after him]
19:21	d8wn		rc://*/ta/man/translate/translate-symaction	אַחֲרֶ֨י⁠ךָ֙ רֹ֣אשׁ הֵנִ֔יעָה בַּ֖ת יְרוּשָׁלִָֽם	1	In this culture, shaking or wagging one’s head at a person was a symbolic action by which people showed contempt and expressed mockery toward that person. If it would be helpful to your readers, you could explain the significance of this action in the text of your translation or in a footnote. Alternate translation: [The daughter will shake her head disdainfully and mockingly after you]
19:21	p9vh		rc://*/ta/man/translate/figs-explicit	אַחֲרֶ֨י⁠ךָ֙	1	Isaiah assumes that his listeners will know that by **after you**, he means that the Assyrians will flee from Jerusalem and that the people of the city will make this gesture at them as they run away. You could indicate this explicitly in your translation if that would be helpful to your readers. Alternate translation: [at you as you flee] or [at him as he flees]
19:22	w32u		rc://*/ta/man/translate/figs-quotesinquotes	אֶת־מִ֤י חֵרַ֨פְתָּ֙ וְ⁠גִדַּ֔פְתָּ וְ⁠עַל־מִ֖י הֲרִימ֣וֹתָ קּ֑וֹל וַ⁠תִּשָּׂ֥א מָר֛וֹם עֵינֶ֖י⁠ךָ עַל־קְד֥וֹשׁ יִשְׂרָאֵֽל	1	If you have decided to translate all of this long quotation in such a way that there will not be quotations within quotations, you can continue doing that in this verse. Alternate translation: [Yahweh asks him whom he has mocked and taunted. Yahweh asks him against whom he has raised a voice and lifted his eyes upward. The answer is that he has done that against him, the Holy One of Israel!]
19:22	trc8		rc://*/ta/man/translate/figs-rquestion	אֶת־מִ֤י חֵרַ֨פְתָּ֙ וְ⁠גִדַּ֔פְתָּ וְ⁠עַל־מִ֖י הֲרִימ֣וֹתָ קּ֑וֹל וַ⁠תִּשָּׂ֥א מָר֛וֹם עֵינֶ֖י⁠ךָ	1	Yahweh is using the question form for emphasis. If a speaker of your language would not use the question form for that purpose, you could translate these questions as statements or as exclamations. Alternate translation: [You must realize whom have you mocked and taunted! You must realize against whom have you raised a voice and lifted your eyes upward!]
19:22	etud		rc://*/ta/man/translate/translate-symaction	וַ⁠תִּשָּׂ֥א מָר֛וֹם עֵינֶ֖י⁠ךָ	1	The action of **lifting** his **eyes upward** was a symbolic action by which the king of Assyria showed arrogance and defiance toward Yahweh. If it would be helpful to your readers, you could explain the significance of this action in the text of your translation or in a footnote. Alternate translation: [and arrogantly lifted your eyes upward] or [and defiantly lifted your eyes upward]
19:22	qjd5		rc://*/ta/man/translate/figs-possession	קְד֥וֹשׁ יִשְׂרָאֵֽל	1	Yahweh is using this possessive form to describe the holy God with whom the Israelites are in a covenant relationship. It may be helpful to clarify this for your readers. Alternate translation: [the holy God with whom you Israelites are in a covenant relationship]
19:23	fp6j		rc://*/ta/man/translate/figs-quotemarks	בְּ⁠יַ֣ד מַלְאָכֶי⁠ךָ֮ חֵרַ֣פְתָּ ׀ אֲדֹנָ⁠י֒ וַ⁠תֹּ֗אמֶר ב⁠רכב רִכְבִּ֛⁠י אֲנִ֥י עָלִ֛יתִי מְר֥וֹם הָרִ֖ים יַרְכְּתֵ֣י לְבָנ֑וֹן וְ⁠אֶכְרֹ֞ת קוֹמַ֤ת אֲרָזָי⁠ו֙ מִבְח֣וֹר בְּרֹשָׁ֔י⁠ו וְ⁠אָב֨וֹאָה֙ מְל֣וֹן קִצֹּ֔⁠ה יַ֖עַר כַּרְמִלּֽ⁠וֹ	1	There are three levels of quotation here. The author is quoting what Isaiah told Hezekiah in his message (level 1), continuing from the previous verses. This includes what, according to Isaiah, Yahweh was saying to Hezekiah, also continuing from the previous verse (level 2). This includes a quotation from the king of Assyria (level 3). Use the appropriate punctuation in your language to mark these levels of quotation. Alternatively, you could translate this so that there are not second-level or third-level quotations.
19:23	d0c3		rc://*/ta/man/translate/figs-quotesinquotes	בְּ⁠יַ֣ד מַלְאָכֶי⁠ךָ֮ חֵרַ֣פְתָּ ׀ אֲדֹנָ⁠י֒ וַ⁠תֹּ֗אמֶר ב⁠רכב רִכְבִּ֛⁠י אֲנִ֥י עָלִ֛יתִי מְר֥וֹם הָרִ֖ים יַרְכְּתֵ֣י לְבָנ֑וֹן וְ⁠אֶכְרֹ֞ת קוֹמַ֤ת אֲרָזָי⁠ו֙ מִבְח֣וֹר בְּרֹשָׁ֔י⁠ו וְ⁠אָב֨וֹאָה֙ מְל֣וֹן קִצֹּ֔⁠ה יַ֖עַר כַּרְמִלּֽ⁠וֹ	1	If you have decided to translate all of this long quotation in such a way that there will not be quotations within quotations, you can continue doing that in this verse. Alternate translation: [Yahweh says that by the hand of his messengers he mocked him and said boastfully that with the multitude of his chariotry, he went up to the height of the mountains, the recesses of Lebanon. He boasted that he cut down the heights of its cedars, the choicest of its cypress trees, that he might enter the lodging place of its end, the forest of its orchard]
19:23	m1ay		rc://*/ta/man/translate/figs-metaphor	ב⁠רכב רִכְבִּ֛⁠י אֲנִ֥י עָלִ֛יתִי מְר֥וֹם הָרִ֖ים יַרְכְּתֵ֣י לְבָנ֑וֹן וְ⁠אֶכְרֹ֞ת קוֹמַ֤ת אֲרָזָי⁠ו֙ מִבְח֣וֹר בְּרֹשָׁ֔י⁠ו וְ⁠אָב֨וֹאָה֙ מְל֣וֹן קִצֹּ֔⁠ה יַ֖עַר כַּרְמִלּֽ⁠וֹ	1	See the discussion in the introduction to this chapter of the elaborate comparison that the Assyrian king is drawing in this verse. If it would be helpful in your language, you could state the meaning plainly. Alternate translation: [I commanded my chariot forces and invaded this land, even though it was remote from me and secure. I defeated the most powerful and skillful opponents. Now I am going to enter Jerusalem and capture the royal palace and temple]
19:23	tebo		rc://*/ta/man/translate/figs-metonymy	בְּ⁠יַ֣ד מַלְאָכֶי⁠ךָ֮	1	See how you translated the similar expression in [9:36](../09/36.md). Alternate translation: [Through the agency of your messengers]
19:23	qec2		rc://*/ta/man/translate/writing-pronouns	וַ⁠תֹּ֗אמֶר ב⁠רכב רִכְבִּ֛⁠י אֲנִ֥י עָלִ֛יתִי	1	The Assyrian king is stating the pronoun **I** separately, even though the verb translated as **I went up** already includes this meaning. He is doing that because he is boasting. If a speaker of your language would use an explicit pronoun for the same purpose, you may want to use that construction in your translation. If not, your language may have other ways of showing the meaning here. Alternate translation: [and said boastfully, “With the multitude of my chariotry, I went up]
19:24	csbn		rc://*/ta/man/translate/figs-quotemarks	אֲנִ֣י קַ֔רְתִּי וְ⁠שָׁתִ֖יתִי מַ֣יִם זָרִ֑ים וְ⁠אַחְרִב֙ בְּ⁠כַף־פְּעָמַ֔⁠י כֹּ֖ל יְאֹרֵ֥י מָצֽוֹר	1	This verse is the conclusion of the third-level quotation that begins in the previous verse. If you have decided to use punctuation to mark levels of quotation, end this verse with the appropriate punctuation for closing a third-level quotation.
19:24	swl0		rc://*/ta/man/translate/figs-quotesinquotes	אֲנִ֣י קַ֔רְתִּי וְ⁠שָׁתִ֖יתִי מַ֣יִם זָרִ֑ים וְ⁠אַחְרִב֙ בְּ⁠כַף־פְּעָמַ֔⁠י כֹּ֖ל יְאֹרֵ֥י מָצֽוֹר	1	If you have decided to translate all of this long quotation in such a way that there will not be quotations within quotations, you can continue doing that in this verse. Alternate translation: [Yahweh says that the Assyrian king has boasted that he has dug wells and drunk foreign waters. He has also boasted that he will dry up all of the streams of Matsor with the sole of his feet]
19:24	an9n		rc://*/ta/man/translate/writing-pronouns	אֲנִ֣י קַ֔רְתִּי וְ⁠שָׁתִ֖יתִי מַ֣יִם זָרִ֑ים	1	The Assyrian king is stating the pronoun **I** explicitly, even though the verb translated as **I dug** already includes this meaning, because he is boasting. See how you translated the similar expression in the previous verse.
19:24	lroo		rc://*/ta/man/translate/figs-explicit	אֲנִ֣י קַ֔רְתִּי וְ⁠שָׁתִ֖יתִי מַ֣יִם זָרִ֑ים	1	The Assyrian king could be saying: (1) that he was able to dig wells and drink water from them in **foreign** countries. This would be a boast that his armies could successfully traverse arid, desolate areas. (Compare how the Israelite army and its allies nearly perished of thirst in [3:9–10](../03/09.md).) Alternate translation: [I have wells in foreign countries and drank water from them] or (2) that he was able to dig wells and find water in places where no one suspected it would be. This might be a taunt at Hezekiah, who, according to [2 Chronicles 32:3–4](../2ch/32/03.md), tried to eliminate the supply of water around the city of Jerusalem to thwart the Assyrians. Alternate translation: [I have been able to dig wells and find water in places my enemies did not expect]
19:24	je7w		rc://*/ta/man/translate/translate-names	וְ⁠אַחְרִב֙ בְּ⁠כַף־פְּעָמַ֔⁠י כֹּ֖ל יְאֹרֵ֥י מָצֽוֹר	1	The word **Matsor** is another name for Egypt. (The word is related to the word for “border.” Egypt was considered the border of Israel.) Alternate translation: [And with the sole of my feet I will dry up all of the streams of Egypt]
19:24	fof6		rc://*/ta/man/translate/grammar-collectivenouns	וְ⁠אַחְרִב֙ בְּ⁠כַף־פְּעָמַ֔⁠י כֹּ֖ל יְאֹרֵ֥י מָצֽוֹר	1	In this verse, the word **sole** is singular in form, but the king is using it to refer to both of his feet. If it would be helpful in your language, you could use the plural or dual form of “sole.” Alternate translation: [And with the soles of my feet I will dry up all of the streams of Egypt]
19:24	n787		rc://*/ta/man/translate/figs-metaphor	וְ⁠אַחְרִב֙ בְּ⁠כַף־פְּעָמַ֔⁠י כֹּ֖ל יְאֹרֵ֥י מָצֽוֹר	1	The king is speaking as if he could actually **dry up all the streams of** Egypt with the soles of his **feet**, the way a person could stamp out a small puddle. The **streams** of Egypt, meaning the Nile and its tributary, represent something formidable, like the giant trees of Lebanon in the previous verse. The king is boasting that after conquering Jerusalem, he will conquer the Egyptian empire without great effort. If it would be helpful in your language, you could state the meaning plainly. Alternate translation: [And next I will conquer Egypt without great effort]
19:25	s58a		rc://*/ta/man/translate/figs-quotesinquotes	הֲ⁠לֹֽא־שָׁמַ֤עְתָּ לְ⁠מֵֽ⁠רָחוֹק֙ אֹתָ֣⁠הּ עָשִׂ֔יתִי לְ⁠מִ֥⁠ימֵי קֶ֖דֶם וִֽ⁠יצַרְתִּ֑י⁠הָ עַתָּ֣ה הֲבֵיאתִ֗י⁠הָ וּ⁠תְהִ֗י לַ⁠הְשׁ֛וֹת גַּלִּ֥ים נִצִּ֖ים עָרִ֥ים בְּצֻרֽוֹת	1	If you have decided to translate all of this long quotation in such a way that there will not be quotations within quotations, you can continue doing that in this verse. Alternate translation: [Yahweh says that the Assyrian king must surely have heard that from long ago, he did it, that from days of antiquity, he formed it. Now Yahweh has brought it, that the king should be for devastating fortified cities into ruined heaps]
19:25	rlaq		rc://*/ta/man/translate/figs-rquestion	הֲ⁠לֹֽא־שָׁמַ֤עְתָּ לְ⁠מֵֽ⁠רָחוֹק֙ אֹתָ֣⁠הּ עָשִׂ֔יתִי לְ⁠מִ֥⁠ימֵי קֶ֖דֶם וִֽ⁠יצַרְתִּ֑י⁠הָ	1	Yahweh is using the question form for emphasis. If a speaker of your language would not use the question form for that purpose, you could translate this as a statement or as an exclamation. Alternate translation: [Surely you must have heard that from long ago, I did it, that from days of antiquity, I formed it]
19:25	uaka		rc://*/ta/man/translate/figs-parallelism	לְ⁠מֵֽ⁠רָחוֹק֙ אֹתָ֣⁠הּ עָשִׂ֔יתִי לְ⁠מִ֥⁠ימֵי קֶ֖דֶם וִֽ⁠יצַרְתִּ֑י⁠הָ	1	These two phrases mean basically the same thing. The second emphasizes the meaning of the first by repeating the same idea with different words. If it would be helpful to your readers, you could combine them and express the emphasis in another way. Alternate translation: [I decided a long time ago that this would happen]
19:25	uw68		rc://*/ta/man/translate/figs-metonymy	לְ⁠מִ֥⁠ימֵי קֶ֖דֶם	1	See how you translated the similar expression in [10:36](../10/36.md). Alternate translation: [from ancient times]
19:25	gugv		rc://*/ta/man/translate/figs-activepassive	גַּלִּ֥ים נִצִּ֖ים	1	The expression **ruined** is a passive verbal form. If your language would not use that form, you could express the idea in active form or in another way that would be natural in your language. Alternate translation: [into heaps of ruins]
19:26	irfv		rc://*/ta/man/translate/figs-quotesinquotes	וְ⁠יֹֽשְׁבֵי⁠הֶן֙ קִצְרֵי־יָ֔ד חַ֖תּוּ וַ⁠יֵּבֹ֑שׁוּ הָי֞וּ עֵ֤שֶׂב שָׂדֶה֙ וִ֣⁠ירַק דֶּ֔שֶׁא חֲצִ֣יר גַּגּ֔וֹת וּ⁠שְׁדֵפָ֖ה לִ⁠פְנֵ֥י קָמָֽה	1	If you have decided to translate all of this long quotation in such a way that there will not be quotations within quotations, you can continue doing that in this verse. Alternate translation: [Yahweh says that their dwellers are short of hand, they feel dismay and feel shame. They are vegetation of the field or green of herb; grass of roofs, blasting to the face of growing up]
19:26	atqg		rc://*/ta/man/translate/figs-idiom	קִצְרֵי־יָ֔ד	1	Yahweh is using **short of hand** as a common expression of this culture to mean “powerless.” If this phrase does not have that meaning in your language, you could use a comparable expression from your language that does have that meaning, or you could state the meaning plainly. Alternate translation: [are powerless]
19:26	jbky		rc://*/ta/man/translate/figs-metaphor	הָי֞וּ עֵ֤שֶׂב שָׂדֶה֙ וִ֣⁠ירַק דֶּ֔שֶׁא חֲצִ֣יר גַּגּ֔וֹת וּ⁠שְׁדֵפָ֖ה לִ⁠פְנֵ֥י קָמָֽה	1	Yahweh is speaking as if the people whom the Assyrians are conquering are actually tender plants that are defenseless against certain threats. Plants growing in the **field** can be easily trampled, for example, while **grass** growing on the flat **roofs** of this culture could easily wither in the heat of the sun. If it would be helpful in your language, you could state the meaning plainly. Alternate translation: [They are as defenseless before the Assyrians as vegetation or green herbs out in the field or as grass on a flat roof, which withers in the heat of the sun]
19:26	x4an		rc://*/ta/man/translate/figs-possession	וִ֣⁠ירַק דֶּ֔שֶׁא	1	Yahweh is using the possessive form to describe an **herb** that is characterized by being **green**. If a speaker of your language would not use the possessive form for this, you could express this idea in another way. Alternate translation: [or green herbs]
19:26	yhh5		rc://*/ta/man/translate/figs-metonymy	חֲצִ֣יר גַּגּ֔וֹת וּ⁠שְׁדֵפָ֖ה לִ⁠פְנֵ֥י קָמָֽה	1	See how you translated the similar expression in [17:2](../17/02.md). Alternate translation: [grass on roofs, which the sun blasts before it can grow up]
19:27	dj1d		rc://*/ta/man/translate/figs-quotesinquotes	וְ⁠שִׁבְתְּ⁠ךָ֛ וְ⁠צֵאתְ⁠ךָ֥ וּ⁠בֹאֲ⁠ךָ֖ יָדָ֑עְתִּי וְ⁠אֵ֖ת הִֽתְרַגֶּזְ⁠ךָ֥ אֵלָֽ⁠י	1	If you have decided to translate all of this long quotation in such a way that there will not be quotations within quotations, you can continue doing that in this verse. Alternate translation: [But Yahweh says he knows the dwelling of the king of Assyria and his going out and his coming in and his raging against him]
19:27	axk2		rc://*/ta/man/translate/figs-merism	וְ⁠שִׁבְתְּ⁠ךָ֛ וְ⁠צֵאתְ⁠ךָ֥ וּ⁠בֹאֲ⁠ךָ֖ יָדָ֑עְתִּי וְ⁠אֵ֖ת הִֽתְרַגֶּזְ⁠ךָ֥ אֵלָֽ⁠י	1	Yahweh is using two different conditions, either being at home or leaving or returning, to represent all conditions that the king of Assyria might be in. If it would be helpful in your language, you could use an equivalent expression or plain language. Alternate translation: [But I know everything about you, including how you rage against me]
19:28	uxjx		rc://*/ta/man/translate/figs-quotemarks	יַ֚עַן הִתְרַגֶּזְ⁠ךָ֣ אֵלַ֔⁠י וְ⁠שַׁאֲנַנְ⁠ךָ֖ עָלָ֣ה בְ⁠אָזְנָ֑⁠י וְ⁠שַׂמְתִּ֨י חַחִ֜⁠י בְּ⁠אַפֶּ֗⁠ךָ וּ⁠מִתְגִּ⁠י֙ בִּ⁠שְׂפָתֶ֔י⁠ךָ וַ⁠הֲשִׁ֣בֹתִ֔י⁠ךָ בַּ⁠דֶּ֖רֶךְ אֲשֶׁר־בָּ֥אתָ בָּֽ⁠הּ	1	The second-level quotation that begins in verse 21, in which Yahweh addresses the king of Assyria even though he cannot hear him, ends with this verse. If you have decided to use punctuation to mark levels of quotation, end this verse with the appropriate punctuation for closing a second-level quotation.
19:28	ajb5		rc://*/ta/man/translate/figs-quotesinquotes	יַ֚עַן הִתְרַגֶּזְ⁠ךָ֣ אֵלַ֔⁠י וְ⁠שַׁאֲנַנְ⁠ךָ֖ עָלָ֣ה בְ⁠אָזְנָ֑⁠י וְ⁠שַׂמְתִּ֨י חַחִ֜⁠י בְּ⁠אַפֶּ֗⁠ךָ וּ⁠מִתְגִּ⁠י֙ בִּ⁠שְׂפָתֶ֔י⁠ךָ וַ⁠הֲשִׁ֣בֹתִ֔י⁠ךָ בַּ⁠דֶּ֖רֶךְ אֲשֶׁר־בָּ֥אתָ בָּֽ⁠הּ	1	If you have decided to translate all of this long quotation in such a way that there will not be quotations within quotations, you can continue doing that in this verse. Alternate translation: [Yahweh says that because of his raging against him, and his arrogance has come up into his ears, he will put his hook in his nose and his bit in his lips. And he will make him return on the way by which he came]
19:28	mksp		rc://*/ta/man/translate/figs-ellipsis	וְ⁠שַׁאֲנַנְ⁠ךָ֖ עָלָ֣ה בְ⁠אָזְנָ֑⁠י	1	Yahweh is leaving out some of the words that in many languages a sentence would need in order to be complete. You can supply these words from the context if that would be clearer in your language. Alternate translation: [and because your arrogance has come up into my ears]
19:28	hl7n		rc://*/ta/man/translate/figs-metonymy	וְ⁠שַׁאֲנַנְ⁠ךָ֖ עָלָ֣ה בְ⁠אָזְנָ֑⁠י	1	Here, **ears** represent hearing. If it would be helpful in your language, you could use an equivalent expression or plain language. Alternate translation: [and your arrogance has come up into my hearing] or [and I have heard from heaven the arrogant things you have been saying]
19:28	ruyw		rc://*/ta/man/translate/figs-metaphor	וְ⁠שַׂמְתִּ֨י חַחִ֜⁠י בְּ⁠אַפֶּ֗⁠ךָ וּ⁠מִתְגִּ⁠י֙ בִּ⁠שְׂפָתֶ֔י⁠ךָ וַ⁠הֲשִׁ֣בֹתִ֔י⁠ךָ בַּ⁠דֶּ֖רֶךְ אֲשֶׁר־בָּ֥אתָ בָּֽ⁠הּ	1	Yahweh is speaking as if he were actually going to put a **hook** in the **nose** of the king of Assyria and a **bit** in his **lips**, as if the king were an animal such as people would control by these means. If it would be helpful in your language, you could state the meaning plainly. Alternate translation: [I will control you by powerful means, and I will make you return on the way by which you came]
19:28	l8nl		rc://*/ta/man/translate/figs-metonymy	בִּ⁠שְׂפָתֶ֔י⁠ךָ	1	Here, the king’s **lips** represent his mouth. If it would be helpful in your language, you could use an equivalent expression or plain language. Alternate translation: [your mouth]
19:29	arja		rc://*/ta/man/translate/figs-explicit	וְ⁠זֶה־לְּ⁠ךָ֣ הָ⁠א֔וֹת	1	Isaiah is now addressing Hezekiah directly. He is no longer speaking in the first person on behalf of Yahweh (although he will do that again in verses 32–34). It may be helpful to clarify this for your readers. Alternate translation: [And this {will be} the sign for you, Hezekiah]
19:29	v12x		rc://*/ta/man/translate/translate-ordinal	וּ⁠בַ⁠שָּׁנָ֥ה הַ⁠שֵּׁנִ֖ית & וּ⁠בַ⁠שָּׁנָ֣ה הַ⁠שְּׁלִישִׁ֗ית	1	If your language would not represent number in forms such as **second** or **third**, you could represent these numbers in forms that your language would use. Alternate translation: [and in year two … But in year three] or [and next year … But in the year after that]
19:29	fg1c		rc://*/ta/man/translate/figs-ellipsis	סָחִ֑ישׁ	1	Yahweh is leaving out some of the words that in many languages a sentence would need in order to be complete. You can supply these words from the context if that would be clearer in your language. Alternate translation: [you will eat its offspring] or [you will eat what grows from that]
19:30	wvz0		rc://*/ta/man/translate/figs-metaphor	וְ⁠יָ֨סְפָ֜ה פְּלֵיטַ֧ת בֵּית־יְהוּדָ֛ה הַ⁠נִּשְׁאָרָ֖ה שֹׁ֣רֶשׁ לְ⁠מָ֑טָּה וְ⁠עָשָׂ֥ה פְרִ֖י לְ⁠מָֽעְלָ⁠ה	1	Isaiah is speaking as if the Judeans were actually a plant that would **{take} root** and **make fruit**. If it would be helpful in your language, you could state the meaning plainly. Alternate translation: [And the Judeans who have survived and remain will establish themselves in their land again and have many children]
19:30	mpif		rc://*/ta/man/translate/figs-abstractnouns	וְ⁠יָ֨סְפָ֜ה פְּלֵיטַ֧ת בֵּית־יְהוּדָ֛ה הַ⁠נִּשְׁאָרָ֖ה	1	If your language does not use an abstract noun for the idea of **survival**, you could express the same idea in another way, here and in the next verse. Alternate translation: [And the remaining survivors of the house of Judah]
19:30	solx		rc://*/ta/man/translate/figs-metaphor	בֵּית־יְהוּדָ֛ה	1	See how you translated the similar expression in [8:12](../08/12.md). Alternate translation: [the descendants of Judah]
19:31	w0k6		rc://*/ta/man/translate/figs-ellipsis	וּ⁠פְלֵיטָ֖ה מֵ⁠הַ֣ר צִיּ֑וֹן	1	Isaiah is leaving out some of the words that in many languages a sentence would need in order to be complete. You can supply these words from the context if that would be clearer in your language. Alternate translation: [and survivors will come out from Mount Zion]
19:31	uw58		rc://*/ta/man/translate/translate-textvariants	קִנְאַ֛ת יְהוָ֥ה תַּֽעֲשֶׂה־זֹּֽאת	1	Some ancient manuscripts read “The zeal of Yahweh will do this.” The ULT follows that reading. Other ancient manuscripts read “The zeal of Yahweh of armies will do this.” If a translation of the Bible exists in your region, you may wish to use the reading that it uses. If a translation of the Bible does not exist in your region, you may wish to use the reading of the ULT.
19:31	zqir		rc://*/ta/man/translate/figs-personification	קִנְאַ֛ת יְהוָ֥ה תַּֽעֲשֶׂה־זֹּֽאת	1	Isaiah is speaking of the **zeal** of Yahweh as if it were a living thing that could do the things he describes. If it would be helpful in your language, you could state the meaning plainly. Alternate translation: [Yahweh will do this in his zeal] or [Yahweh will zealously do this]
19:32	ij7w		rc://*/ta/man/translate/figs-quotesinquotes	לָ⁠כֵ֗ן כֹּֽה־אָמַ֤ר יְהוָה֙ אֶל־מֶ֣לֶךְ אַשּׁ֔וּר לֹ֤א יָבֹא֙ אֶל־הָ⁠עִ֣יר הַ⁠זֹּ֔את וְ⁠לֹֽא־יוֹרֶ֥ה שָׁ֖ם חֵ֑ץ וְ⁠לֹֽא־יְקַדְּמֶ֣⁠נָּה מָגֵ֔ן וְ⁠לֹֽא־יִשְׁפֹּ֥ךְ עָלֶ֖י⁠הָ סֹלְלָֽה	1	If it would be clearer in your language, you could translate this so that there is not a quotation within a quotation. Alternate translation: [Therefore Yahweh says about the king of Assyria that he will not come to this city, and he will not shoot an arrow there, and he will not come before it with a shield, and he will not pour out a mound against it]
19:33	u80y		rc://*/ta/man/translate/figs-quotesinquotes	בַּ⁠דֶּ֥רֶךְ אֲשֶׁר־יָבֹ֖א בָּ֣⁠הּ יָשׁ֑וּב וְ⁠אֶל־הָ⁠עִ֥יר הַ⁠זֹּ֛את לֹ֥א יָבֹ֖א נְאֻם־יְהוָֽה	1	If it would be clearer in your language, you could translate this so that there is not a quotation within a quotation. Alternate translation: [Yahweh declares that he will return by the way on which he came, and he will not come to this city]
19:33	afsw		rc://*/ta/man/translate/figs-events	בַּ⁠דֶּ֥רֶךְ אֲשֶׁר־יָבֹ֖א בָּ֣⁠הּ יָשׁ֑וּב וְ⁠אֶל־הָ⁠עִ֥יר הַ⁠זֹּ֛את לֹ֥א יָבֹ֖א	1	Yahweh is describing one event before describing another event that would precede it. If it would be helpful your language, you may wish to relate these events in the order in which they happened. Alternate translation: [He will not come to this city, but he will return by the way on which he came]
19:34	dqr8		rc://*/ta/man/translate/writing-quotations	וְ⁠גַנּוֹתִ֛י אֶל־הָ⁠עִ֥יר הַ⁠זֹּ֖את לְ⁠הֽוֹשִׁיעָ֑⁠הּ לְמַֽעֲנִ֔⁠י וּ⁠לְמַ֖עַן דָּוִ֥ד עַבְדִּֽ⁠י	1	This is a direct quotation from Yahweh that Isaiah is relaying to Hezekiah. If it would be helpful to your readers, you could indicate that Yahweh is the speaker. Alternate translation: [Yahweh says, ‘For I will cover over this city to save it, for my sake and for the sake of David my servant.’]
19:34	g9sb		rc://*/ta/man/translate/figs-quotesinquotes	וְ⁠גַנּוֹתִ֛י אֶל־הָ⁠עִ֥יר הַ⁠זֹּ֖את לְ⁠הֽוֹשִׁיעָ֑⁠הּ לְמַֽעֲנִ֔⁠י וּ⁠לְמַ֖עַן דָּוִ֥ד עַבְדִּֽ⁠י	1	If it would be clearer in your language, you could translate this so that there is not a quotation within a quotation. Alternate translation: [Yahweh says that he will cover over this city to save it, for his own sake and for the sake of David his servant]
19:34	fe5p		rc://*/ta/man/translate/figs-metaphor	וְ⁠גַנּוֹתִ֛י אֶל־הָ⁠עִ֥יר הַ⁠זֹּ֖את	1	Yahweh is speaking as if he were actually going to **cover over** the city of Jerusalem to protect it, as with a shield. If it would be helpful in your language, you could state the meaning plainly. Alternate translation: [For I will protect this city]
19:34	yuir		rc://*/ta/man/translate/grammar-connect-words-phrases	וְ⁠גַנּוֹתִ֛י	1	Here the word **For** introduces not a reason but an explanation. Alternate translation: [This will happen because]
19:34	gl8r		rc://*/ta/man/translate/figs-quotemarks	וּ⁠לְמַ֖עַן דָּוִ֥ד עַבְדִּֽ⁠י	1	This verse ends the long first-level quotation that begins at verse 20. It also contains a second-level quotation from Yahweh that concludes at the end of the verse. If you have decided to use punctuation to mark levels of quotation, end this verse with the appropriate punctuation for closing both a second-level and first-level quotation.
19:35	ze9h		rc://*/ta/man/translate/writing-newevent	וַ⁠יְהִי֮	1	The author is using the phrase **And it happened** to introduce a new development within the event of the Assyrians invading Judah. Use a word, phrase, or other method in your language that is natural for introducing a new development.
19:35	jc04		rc://*/ta/man/translate/figs-explicit	יְהוָ֗ה וַ⁠יַּךְ֙	1	See how you translated the similar expression in [3:23](../03/23.md). Alternate translation: [and killed]
19:35	uu8o		rc://*/ta/man/translate/figs-ellipsis	מֵאָ֛ה שְׁמוֹנִ֥ים וַ⁠חֲמִשָּׁ֖ה אָ֑לֶף	1	The author is leaving out some of the words that in many languages a sentence would need in order to be complete. You can supply these words from the context if that would be clearer in your language. Alternate translation: [185,000 soldiers]
19:35	o78j		rc://*/ta/man/translate/writing-pronouns	וַ⁠יַּשְׁכִּ֣ימוּ	1	The pronoun **they** refers to the soldiers in the Assyrian camp whom the angel of Yahweh did not kill. It may be helpful to clarify this for your readers. Alternate translation: [And the surviving soldiers arose early]
19:36	dcxm		rc://*/ta/man/translate/writing-pronouns	וַ⁠יִּסַּ֣ע וַ⁠יֵּ֔לֶךְ וַ⁠יָּ֖שָׁב סַנְחֵרִ֣יב מֶֽלֶךְ־אַשּׁ֑וּר וַ⁠יֵּ֖שֶׁב בְּ⁠נִֽינְוֵֽה	1	If it would be clearer in your language, you could name the king in the earlier part of the sentence and use the pronoun in the later part of the sentence. Alternate translation: [And Sennacherib, the king of Assyria, departed and went, and he returned and stayed in Nineveh]
19:37	qs7e		rc://*/ta/man/translate/writing-newevent	וַ⁠יְהִי֩	1	The author is using the phrase **And it happened** to introduce a new development within the event of the Assyrians invading Judah. Use a word, phrase, or other method in your language that is natural for introducing a new development.
19:37	uw59		rc://*/ta/man/translate/translate-textvariants	וְֽ⁠אַדְרַמֶּ֨לֶךְ וְ⁠שַׂרְאֶ֤צֶר הִכֻּ֣⁠הוּ בַ⁠חֶ֔רֶב	1	Some ancient manuscripts read “and Adrammelech and Sharezer struck him with the sword.” The ULT follows that reading. Other ancient manuscripts read “and Adrammelech and Sharezer, his sons, struck him with the sword.” If a translation of the Bible exists in your region, you may wish to use the reading that it uses. If a translation of the Bible does not exist in your region, you may wish to use the reading of the ULT.
19:37	ojg4		rc://*/ta/man/translate/figs-explicit	הִכֻּ֣⁠הוּ	1	See how you translated the similar expression in [3:23](../03/23.md). Alternate translation: [killed him]
19:37	pwh9		rc://*/ta/man/translate/writing-pronouns	וְ⁠הֵ֥מָּה נִמְלְט֖וּ	1	See how you translated the similar expression in [5:25](../05/25.md). Alternate translation: [and for their part, they escaped]
20:intro	abck				0	# 2 Kings 20 Introduction\n\n## Structure and Formatting\n\nIn this chapter, the author concludes his detailed account of the reign of Hezekiah, one of the great kings of Judah.\n\n## Religious and Cultural Concepts in This Chapter\n\n### Why did Isaiah say to put figs on Hezekiah’s sore?\n\nIn the ancient world, figs were a known remedy for sores and boils. Figs contain natural compounds and enzymes that have anti-inflammatory, soothing, and drawing effects. These can help bring a festering boil to a head and reduce swelling and infection. However, Hezekiah was so ill that he was near death, so it was improbable that the effects of the figs alone would have cured him. So agreeing to have his servants put the figs on his sore anyway was therefore an act of faith, trust, and obedience by Hezekiah. It showed that he was prepared to follow the instructions of Yahweh’s prophet, even if it did not seem that the measures he specified would be sufficient. Isaiah had the king’s servants use the best means available, so that they and he and the king were doing their part. But Hezekiah ultimately had to trust Yahweh for his healing.
20:1	dtpv		rc://*/ta/man/translate/figs-metonymy	בַּ⁠יָּמִ֣ים הָ⁠הֵ֔ם	1	See how you translated the similar expression in [10:36](../10/36.md). Alternate translation: [Around that time]
20:1	ynco		rc://*/ta/man/translate/figs-quotesinquotes	כֹּֽה־אָמַ֤ר יְהוָה֙ צַ֣ו לְ⁠בֵיתֶ֔⁠ךָ כִּ֛י מֵ֥ת אַתָּ֖ה וְ⁠לֹ֥א תִֽחְיֶֽה	1	If it would be clearer in your language, you could translate this so that there is not a quotation within a quotation. Alternate translation: [Yahweh says that you should command regarding your house, for you are dying, and you will not live]
20:1	e7ww		rc://*/ta/man/translate/grammar-connect-logic-result	צַ֣ו לְ⁠בֵיתֶ֔⁠ךָ כִּ֛י מֵ֥ת אַתָּ֖ה וְ⁠לֹ֥א תִֽחְיֶֽה	1	If it would be more natural in your language, you could reverse the order of these phrases, since the second phrase gives the reason for the result that the first phrase describes. Alternate translation: [Since you are dying, and you will not live, command regarding your house]
20:1	elhd		rc://*/ta/man/translate/figs-metonymy	צַ֣ו לְ⁠בֵיתֶ֔⁠ךָ	1	Here Hezekiah’s **house** could represent: (1) his household affairs. Alternate translation: [Put your affairs in order] or (2) his royal dynasty. Hezekiah lived 15 years after this illness, but his son and successor Manasseh was 12 years old when he became king, indicating that Hezekiah did not have an heir at this time. He would therefore have had to identify someone as his successor. Alternate translation: [Name your successor]
20:1	mzrx		rc://*/ta/man/translate/figs-parallelism	מֵ֥ת אַתָּ֖ה וְ⁠לֹ֥א תִֽחְיֶֽה	1	These two phrases mean basically the same thing. The second emphasizes the meaning of the first by repeating the same idea with different words. If it would be helpful to your readers, you could combine them and express the emphasis in another way. Alternate translation: [you will surely die from this illness]
20:3	j7qe		rc://*/ta/man/translate/figs-explicit	זְכָר	1	Hezekiah is not suggesting that Yahweh does not **remember** these things and needs to be reminded of them. He is asking Yahweh to take them into consideration. Alternate translation: [consider] or [take into consideration]
20:3	grd2		rc://*/ta/man/translate/figs-metaphor	הִתְהַלַּ֣כְתִּי	1	See how you translated the similar expression in [8:18](../08/18.md). Alternate translation: [I have lived]
20:3	ir1z		rc://*/ta/man/translate/figs-metonymy	לְ⁠פָנֶ֗י⁠ךָ	1	See how you translated the similar expression in [3:14](../03/14.md). Alternate translation: [in your presence]
20:3	ggl8		rc://*/ta/man/translate/figs-abstractnouns	בֶּֽ⁠אֱמֶת֙	1	If your language does not use an abstract noun for the idea of **faithfulness**, you could express the same idea in another way. Alternate translation: [faithfully]
20:3	p6bo		rc://*/ta/man/translate/figs-metaphor	וּ⁠בְ⁠לֵבָ֣ב שָׁלֵ֔ם	1	Here the **heart** represents a person’s intentions and commitments. If it would be helpful in your language, you could state the meaning plainly. Alternate translation: [and in complete devotion]
20:3	q83g		rc://*/ta/man/translate/figs-idiom	וְ⁠הַ⁠טּ֥וֹב בְּ⁠עֵינֶ֖י⁠ךָ עָשִׂ֑יתִי	1	See how you translated the similar expression in [1:13](../01/13.md). Alternate translation: [and I have done what you consider to be good]
20:3	hnl8		rc://*/ta/man/translate/writing-poetry	וַ⁠יֵּ֥בְךְּ חִזְקִיָּ֖הוּ בְּכִ֥י גָדֽוֹל	1	The author is using a construction in which a verb and its object come from the same root. You may be able to use the same construction in your language to express the meaning here. Alternatively, your language may have another way of saying this. Alternate translation: [And Hezekiah wept bitterly]
20:4	vb4z		rc://*/ta/man/translate/figs-idiom	וּ⁠דְבַר־יְהוָ֔ה הָיָ֥ה אֵלָ֖י⁠ו	1	The author is using a common expression of his culture to mean that Yahweh spoke a message to Isaiah. If this phrase does not have that meaning in your language, you could use a comparable expression from your language that does have that meaning, or you could state the meaning plainly. If you have already translated the book of 1 Samuel, see how you translated the similar expression in [1 Samuel 15:10](../1sa/15/10.md). Alternate translation: [and Yahweh spoke a message to him]
20:5	wsg0		rc://*/ta/man/translate/figs-quotemarks	שׁ֣וּב וְ⁠אָמַרְתָּ֞ אֶל־חִזְקִיָּ֣הוּ נְגִיד־עַמִּ֗⁠י כֹּֽה־אָמַ֤ר יְהוָה֙ אֱלֹהֵי֙ דָּוִ֣ד אָבִ֔י⁠ךָ שָׁמַ֨עְתִּי֙ אֶת־תְּפִלָּתֶ֔⁠ךָ רָאִ֖יתִי אֶת־דִּמְעָתֶ֑⁠ךָ הִנְ⁠נִי֙ רֹ֣פֶא לָ֔⁠ךְ בַּ⁠יּוֹם֙ הַ⁠שְּׁלִישִׁ֔י תַּעֲלֶ֖ה בֵּ֥ית יְהוָֽה	1	There are three levels of quotation here. The author is quoting what Yahweh said (level 1). Yahweh is quoting what he wants Isaiah to say to Hezekiah. (level 2). This includes a quotation from Yahweh himself. (level 3). Use the appropriate punctuation in your language to mark these levels of quotation, in this verse and at the end of the next verse. Alternatively, you could translate this so that there are not second-level or third-level quotations.
20:5	x2u2		rc://*/ta/man/translate/figs-quotesinquotes	שׁ֣וּב וְ⁠אָמַרְתָּ֞ אֶל־חִזְקִיָּ֣הוּ נְגִיד־עַמִּ֗⁠י כֹּֽה־אָמַ֤ר יְהוָה֙ אֱלֹהֵי֙ דָּוִ֣ד אָבִ֔י⁠ךָ שָׁמַ֨עְתִּי֙ אֶת־תְּפִלָּתֶ֔⁠ךָ רָאִ֖יתִי אֶת־דִּמְעָתֶ֑⁠ךָ הִנְ⁠נִי֙ רֹ֣פֶא לָ֔⁠ךְ בַּ⁠יּוֹם֙ הַ⁠שְּׁלִישִׁ֔י תַּעֲלֶ֖ה בֵּ֥ית יְהוָֽה	1	If it would be clearer in your language, you could translate this so that there is not a quotation within a quotation. Alternate translation: [Return and tell Hezekiah, the leader of my people, that I, Yahweh, the God of David his father, have heard his prayer and have seen his weeping. I am going to heal him. On the third day, he will go up {to} my temple]
20:5	ispf		rc://*/ta/man/translate/figs-metaphor	אָבִ֔י⁠ךָ	1	See how you translated the similar expression in [8:24](../08/24.md). Alternate translation: [your ancestor]
20:5	rgio		rc://*/ta/man/translate/figs-idiom	הִנְ⁠נִי֙ רֹ֣פֶא לָ֔⁠ךְ	1	See how you translated the similar expression in [19:7](../19/07.md). Alternate translation: [I am going to heal you]
20:5	f4c4		rc://*/ta/man/translate/figs-explicitinfo	תַּעֲלֶ֖ה	1	See how you translated the similar expression in [1:3](../01/03.md). Alternate translation: [you will go]
20:5	tlmm		rc://*/ta/man/translate/figs-explicit	בַּ⁠יּוֹם֙ הַ⁠שְּׁלִישִׁ֔י	1	In this culture, the current day was considered the first day, the next day was considered the second day, and the day after that was considered **the third day**. In your translation, describe these days as your language and culture naturally would. If you have already translated the book of 1 Samuel, see how you translated the similar expression in [1 Samuel 30:1](../1sa/30/01.md). Alternate translation: [On the day after tomorrow]
20:5	pxge		rc://*/ta/man/translate/figs-metaphor	בֵּ֥ית יְהוָֽה	1	See how you translated the similar expression in [5:18](../05/18.md). Alternate translation: [to the temple of Yahweh]
20:5	fujv		rc://*/ta/man/translate/figs-123person	בֵּ֥ית יְהוָֽה	1	Yahweh is speaking of himself in the third person because he is making a solemn declaration. If it would be helpful in your language, you could translate this in the first person. Alternate translation, as in the UST: [to my temple]
20:6	m86q		rc://*/ta/man/translate/figs-quotesinquotes	וְ⁠הֹסַפְתִּ֣י עַל־יָמֶ֗י⁠ךָ חֲמֵ֤שׁ עֶשְׂרֵה֙ שָׁנָ֔ה וּ⁠מִ⁠כַּ֤ף מֶֽלֶךְ־אַשּׁוּר֙ אַצִּ֣ילְ⁠ךָ֔ וְ⁠אֵ֖ת הָ⁠עִ֣יר הַ⁠זֹּ֑את וְ⁠גַנּוֹתִי֙ עַל־הָ⁠עִ֣יר הַ⁠זֹּ֔את לְמַֽעֲנִ֔⁠י וּ⁠לְמַ֖עַן דָּוִ֥ד עַבְדִּֽ⁠י	1	If you decided in the previous verse to translate this quotation in such a way that there would not be quotations within a quotations, you can continue doing that here. Alternate translation: [Tell Hezekiah that I say that I will add 15 years to his days and that I will deliver him and this city from the palm of the king of Assyria. And I will cover over this city for my sake and for the sake of David my servant]
20:6	otq9		rc://*/ta/man/translate/figs-metonymy	עַל־יָמֶ֗י⁠ךָ	1	See how you translated the similar expression in [10:36](../10/36.md). Alternate translation: [to your lifetime]
20:6	emtf		rc://*/ta/man/translate/figs-metonymy	וּ⁠מִ⁠כַּ֤ף מֶֽלֶךְ־אַשּׁוּר֙	1	See how you translated the similar expression in [3:10](../03/10.md). Alternate translation: [from the power of the king of Assyria]
20:6	tvl2		rc://*/ta/man/translate/figs-metaphor	וְ⁠גַנּוֹתִי֙ עַל־הָ⁠עִ֣יר הַ⁠זֹּ֔את	1	See how you translated the similar expression in [19:34](../19/34.md). Alternate translation: [And I will protect this city]
20:8	ogtj		rc://*/ta/man/translate/figs-idiom	בַּ⁠יּ֥וֹם הַ⁠שְּׁלִישִׁ֖י בֵּ֥ית יְהוָֽה	1	See how you translated the similar expression in [20:5](../20/05.md). Alternate translation: [on the day after tomorrow to the temple of Yahweh]
20:9	vsvu		rc://*/ta/man/translate/figs-extrainfo	הָלַ֤ךְ הַ⁠צֵּל֙ עֶ֣שֶׂר מַֽעֲל֔וֹת	1	Since the author explains in verse 11 that these **steps** were the “steps of Ahaz,” that is, a sundial that Hezekiah’s father King Ahaz had built, you do not need to explain here what these steps were.
20:11	eo0u		rc://*/ta/man/translate/writing-pronouns	וַ⁠יָּ֣שֶׁב	1	The pronoun **he** refers to Yahweh. It may be helpful to clarify this for your readers. Alternate translation: [and Yahweh made]
20:11	cdkn		rc://*/ta/man/translate/translate-unknown	בְּ⁠מַעֲל֥וֹת אָחָ֛ז	1	The phrase **the steps of Ahaz** describes a structure that King Ahaz, the father of Hezekiah, built to track the passage of time. It showed the time of day by the position of the shadow that a pole cast on a series of **steps** below the pole. Such a structure is sometimes called a “shadow clock.” It is similar to what many cultures know as a sundial. If your readers would not be familiar with such a structure, you could use the name of a similar thing that your readers would recognize, or you could use a more general term. Alternate translation: [on the steps of the shadow clock that King Ahaz had built] or [on the sundial of King Ahaz]
20:11	t4oo		rc://*/ta/man/translate/figs-ellipsis	אֲחֹֽרַנִּ֖ית עֶ֥שֶׂר מַעֲלֽוֹת	1	The author is leaving out some of the words that in many languages a sentence would need in order to be complete. You can supply these words from the context if that would be clearer in your language. Alternate translation: [The shadow went backward ten steps]
20:12	vryw		rc://*/ta/man/translate/writing-newevent	בָּ⁠עֵ֣ת הַ⁠הִ֡יא	1	The author is using the time reference **At that time** to introduce a new event in the story. Use a word, phrase, or other method in your language that is natural for introducing a new event.
20:12	su9h		rc://*/ta/man/translate/grammar-connect-logic-result	שָׁלַ֡ח בְּרֹאדַ֣ךְ בַּ֠לְאֲדָן בֶּֽן־בַּלְאֲדָ֧ן מֶֽלֶךְ־בָּבֶ֛ל סְפָרִ֥ים וּ⁠מִנְחָ֖ה אֶל־חִזְקִיָּ֑הוּ כִּ֣י שָׁמַ֔ע כִּ֥י חָלָ֖ה חִזְקִיָּֽהוּ	1	If it would be more natural in your language, you could reverse the order of these phrases, since the second phrase gives the reason for the result that the first phrase describes. Alternate translation: [since Berodach-Baladan, the son of Baladan, the king of Babylon, had heard that Hezekiah was sick, he sent letters and a gift to Hezekiah]
20:12	mx8x		rc://*/ta/man/translate/translate-textvariants	בְּרֹאדַ֣ךְ בַּ֠לְאֲדָן	1	Some ancient manuscripts read “Berodach Baladan.” The ULT follows that reading. Other ancient manuscripts and the parallel passage in [Isaiah 39:1](../isa/39/01.md) read “Merodach Baladan.” If a translation of the Bible exists in your region, you may wish to use the reading that it uses. If a translation of the Bible does not exist in your region, you may wish to use the reading of the ULT.
20:12	ztwq		rc://*/ta/man/translate/translate-plural	סְפָרִ֥ים	1	See how you translated the similar expression in [19:14](../19/14.md). Alternate translation: [a letter]
20:12	d8ue		rc://*/ta/man/translate/writing-pronouns	כִּ֥י חָלָ֖ה חִזְקִיָּֽהוּ	1	Since the author has already used the name Hezekiah earlier in this sentence, it may be more natural in your language to use a pronoun here. Alternate translation: [that he was sick]
20:13	emqi		rc://*/ta/man/translate/translate-textvariants	וַ⁠יִּשְׁמַ֣ע עֲלֵי⁠הֶם֮ חִזְקִיָּהוּ֒	1	Some ancient manuscripts read “And Hezekiah listened to them.” The ULT follows that reading. Other ancient manuscripts and the parallel passage in [Isaiah 39:2](../isa/39/02.md) read “And Hezekiah rejoiced over them.” If a translation of the Bible exists in your region, you may wish to use the reading that it uses. If a translation of the Bible does not exist in your region, you may wish to use the reading of the ULT.
20:13	gfiw		rc://*/ta/man/translate/figs-idiom	וְ⁠אֵ֛ת כָּל־אֲשֶׁ֥ר נִמְצָ֖א בְּ⁠אֽוֹצְרֹתָ֑י⁠ו	1	See how you translated the similar expression in [12:18](../12/18.md). Alternate translation: [and everything that was in his treasuries]
20:13	ngnw		rc://*/ta/man/translate/figs-doublenegatives	לֹֽא־הָיָ֣ה דָבָ֗ר אֲ֠שֶׁר לֹֽא־הֶרְאָ֧⁠ם חִזְקִיָּ֛הוּ בְּ⁠בֵית֖⁠וֹ וּ⁠בְ⁠כָל־מֶמְשַׁלְתּֽ⁠וֹ	1	This is a double negative, consisting of two instances of the negative particle **not**. If it would be clearer in your language, you could use a positive expression to translate this. Alternate translation: [Hezekiah showed them everything in his palace and in his realm]
20:15	smi1		rc://*/ta/man/translate/figs-doublenegatives	לֹא־הָיָ֥ה דָבָ֛ר אֲשֶׁ֥ר לֹֽא־הִרְאִיתִ֖⁠ם בְּ⁠אֹצְרֹתָֽ⁠י	1	See how you translated the similar expression in [20:13](../20/13.md). Alternate translation: [I showed them everything in my treasuries]
20:16	acr1		rc://*/ta/man/translate/figs-metonymy	שְׁמַ֖ע דְּבַר־יְהוָֽה	1	See how you translated the similar expression in [1:7](../01/07.md). Alternate translation: [Hear a message from Yahweh]
20:17	w9rv		rc://*/ta/man/translate/figs-quotesinquotes	הִנֵּה֮ יָמִ֣ים בָּאִים֒ וְ⁠נִשָּׂ֣א ׀ כָּל־אֲשֶׁ֣ר בְּ⁠בֵיתֶ֗⁠ךָ וַ⁠אֲשֶׁ֨ר אָצְר֧וּ אֲבֹתֶ֛י⁠ךָ עַד־הַ⁠יּ֥וֹם הַ⁠זֶּ֖ה בָּבֶ֑לָ⁠ה לֹֽא־יִוָּתֵ֥ר דָּבָ֖ר אָמַ֥ר יְהוָֽה	1	If it would be clearer in your language, you could translate this so that there is not a quotation within a quotation. Alternate translation: [Yahweh says that behold, days are coming when all that is in your house and that your fathers have stored up to this day will be carried away to Babylon. A thing will not be left]
20:17	z2u0		rc://*/ta/man/translate/figs-metaphor	הִנֵּה֮	1	See how you translated the similar expression in [1:9](../01/09.md).
20:17	gevb		rc://*/ta/man/translate/figs-metonymy	יָמִ֣ים בָּאִים֒	1	See how you translated the similar expression in [10:36](../10/36.md). Alternate translation: [a time is coming]
20:17	n8cc		rc://*/ta/man/translate/figs-activepassive	וְ⁠נִשָּׂ֣א ׀ כָּל־אֲשֶׁ֣ר בְּ⁠בֵיתֶ֗⁠ךָ וַ⁠אֲשֶׁ֨ר אָצְר֧וּ אֲבֹתֶ֛י⁠ךָ עַד־הַ⁠יּ֥וֹם הַ⁠זֶּ֖ה בָּבֶ֑לָ⁠ה	1	The expression **will be carried away** is a passive verbal form. If your language would not use that form, you could express the idea in active form or in another way that would be natural in your language. Alternate translation: [when soldiers will carry away to Babylon everything that {is} in your house and that your fathers have stored up to this day]
20:17	ba1k		rc://*/ta/man/translate/figs-metaphor	אֲבֹתֶ֛י⁠ךָ	1	See how you translated the similar expression in [8:24](../08/24.md). Alternate translation: [your ancestors]
20:18	ntmp		rc://*/ta/man/translate/figs-quotesinquotes	וּ⁠מִ⁠בָּנֶ֜י⁠ךָ אֲשֶׁ֨ר יֵצְא֧וּ מִמְּ⁠ךָ֛ אֲשֶׁ֥ר תּוֹלִ֖יד יקח וְ⁠הָיוּ֙ סָֽרִיסִ֔ים בְּ⁠הֵיכַ֖ל מֶ֥לֶךְ בָּבֶֽל	1	If it would be clearer in your language, you could translate this so that there is not a quotation within a quotation. Alternate translation: [Yahweh also says that soldiers will take away some of your sons who will come forth from you, whom you will beget, and those sons will be eunuchs in the palace of the king of Babylon]
20:18	sm16		rc://*/ta/man/translate/figs-metaphor	וּ⁠מִ⁠בָּנֶ֜י⁠ךָ אֲשֶׁ֨ר יֵצְא֧וּ מִמְּ⁠ךָ֛ אֲשֶׁ֥ר תּוֹלִ֖יד	1	See how you translated the similar expression in [8:12](../08/12.md). Alternate translation: [some of the men of later generations who will descend from you, whose ancestor you will be]
20:18	uan4		rc://*/ta/man/translate/figs-parallelism	וּ⁠מִ⁠בָּנֶ֜י⁠ךָ אֲשֶׁ֨ר יֵצְא֧וּ מִמְּ⁠ךָ֛ אֲשֶׁ֥ר תּוֹלִ֖יד	1	These two phrases mean basically the same thing. The second emphasizes the meaning of the first by repeating the same idea with different words. If it would be helpful to your readers, you could combine them and express the emphasis in another way. Alternate translation: [some of your actual biological descendants]
20:19	p577		rc://*/ta/man/translate/figs-explicit	ט֥וֹב דְּבַר־יְהוָ֖ה אֲשֶׁ֣ר דִּבַּ֑רְתָּ	1	Hezekiah does not mean that the content of this message from Yahweh is objectively **good**. He means that he accepts and submits to what Yahweh has decided. You could indicate this explicitly in your translation if that would be helpful to your readers. The UST models one way to do that.
20:19	c48r		rc://*/ta/man/translate/figs-explicit	וַ⁠יֹּ֕אמֶר	1	See how you translated the similar expression in [11:15](../11/15.md). Alternate translation: [For he thought]
20:19	bl8a		rc://*/ta/man/translate/figs-ellipsis	הֲ⁠ל֛וֹא אִם־שָׁל֥וֹם וֶ⁠אֱמֶ֖ת יִהְיֶ֥ה בְ⁠יָמָֽ⁠י	1	Hezekiah is leaving out some of the words that in many languages a sentence would need in order to be complete. You can supply these words from the context if that would be clearer in your language. Alternate translation: [Is it not good, if peace and stability will be in my days?]
20:19	qzxm		rc://*/ta/man/translate/figs-rquestion	הֲ⁠ל֛וֹא אִם־שָׁל֥וֹם וֶ⁠אֱמֶ֖ת יִהְיֶ֥ה בְ⁠יָמָֽ⁠י	1	Hezekiah is using the question form for emphasis. If a speaker of your language would not use the question form for that purpose, you could translate this as a statement or as an exclamation. Alternate translation: [It is good, since peace and stability will be in my days.]
20:19	zzve		rc://*/ta/man/translate/figs-abstractnouns	אִם־שָׁל֥וֹם וֶ⁠אֱמֶ֖ת יִהְיֶ֥ה בְ⁠יָמָֽ⁠י	1	If your language does not use abstract nouns for the ideas of **peace** and **stability**, you could express the same idea in another way. Alternate translation: [if my kingdom will be peaceful and stabile in my days]
20:19	swxl		rc://*/ta/man/translate/figs-metonymy	בְ⁠יָמָֽ⁠י	1	See how you translated the similar expression in [10:36](../10/36.md). Alternate translation: [during my lifetime]
20:20	b8kz		rc://*/ta/man/translate/writing-endofstory	וְ⁠יֶ֨תֶר דִּבְרֵ֤י חִזְקִיָּ֨הוּ֙ וְ⁠כָל־גְּב֣וּרָת֔⁠וֹ וַ⁠אֲשֶׁ֣ר עָשָׂ֗ה אֶת־הַ⁠בְּרֵכָה֙ וְ⁠אֶת־הַ⁠תְּעָלָ֔ה וַ⁠יָּבֵ֥א אֶת־הַ⁠מַּ֖יִם הָ⁠עִ֑ירָ⁠ה הֲ⁠לֹא־הֵ֣ם כְּתוּבִ֗ים עַל־סֵ֛פֶר דִּבְרֵ֥י הַ⁠יָּמִ֖ים לְ⁠מַלְכֵ֥י יְהוּדָֽה	1	In this verse and the next verse, the author is concluding the story of Hezekiah. To translate this verse, see how you translated the similar phrases in [1:18](../01/18.md).
20:21	gwsx		rc://*/ta/man/translate/figs-euphemism	וַ⁠יִּשְׁכַּ֥ב חִזְקִיָּ֖הוּ עִם־אֲבֹתָ֑י⁠ו	1	See how you translated the same expression in [8:24](../08/24.md). Alternate translation: [And Hezekiah passed away] or [And Hezekiah died]
21:intro	abcl				0	# 2 Kings 21 Introduction\n\n## Structure and Formatting\n\nIn this chapter, the author continues to tell what the kings were like who ruled over the kingdom of Judah.\n\n  1. King Manasseh of Judah (1–18)\n  2. King Amon of Judah (19–26)\n\n## Religious and Cultural Concepts in This Chapter\n\n### How could such a good king as Hezekiah have had such a bad son as Manasseh?\n\nThe author says in 18:5 that Hezekiah “trusted in Yahweh the God of Israel” more than any of the kings of Judah who lived before him or after him. By contrast, he says that Hezekiah’s son Manasseh was even more evil than the pagan nations that had lived in Canaan before the Israelites. How could such a good king have had such a bad son? Manasseh was only 12 years old when his father died and he became king. He was still young and impressionable, and he seems to have come under the influence of a group of Judean leaders who had consistently opposed Hezekiah’s reforms. The book of Isaiah describes how these leaders continued to worship foreign gods and cultivate foreign alliances (Isaiah 2:6–9, 20:5, 30:1–7). They seem to have done all they could to influence Manasseh to become like them and, unfortunately, they seem to have succeeded.
21:1	a58s		rc://*/ta/man/translate/writing-participants	בֶּן־שְׁתֵּ֨ים עֶשְׂרֵ֤ה שָׁנָה֙ מְנַשֶּׁ֣ה בְ⁠מָלְכ֔⁠וֹ וַ⁠חֲמִשִּׁ֤ים וְ⁠חָמֵשׁ֙ שָׁנָ֔ה מָלַ֖ךְ בִּ⁠ירוּשָׁלִָ֑ם וְ⁠שֵׁ֥ם אִמּ֖⁠וֹ חֶפְצִי־בָֽהּ	1	In this verse and the next verse, the author is introducing **Manasseh** as a participant in the story as the new king of Judah. Since there were no more kings of Israel, from this point on the author no longer refers to a year in the reign of the king of Israel to identify when a king began to reign Judah. So to translate this verse, see how you translated the similar expressions in [8:26](../08/26.md) and similar verses.
21:2	stxw		rc://*/ta/man/translate/figs-idiom	וַ⁠יַּ֥עַשׂ הָ⁠רַ֖ע בְּ⁠עֵינֵ֣י יְהוָ֑ה	1	To translate the expression **in the eyes of Yahweh** here and in verse 6, see how you translated the similar expression in [3:2](../03/02.md). Alternate translation: [And he did what Yahweh considered to be evil]
21:2	poeb		rc://*/ta/man/translate/figs-idiom	מִ⁠פְּנֵ֖י	1	See how you translated the similar expression in [16:3](../16/03.md). Alternate translation: [on account of]
21:2	szlw		rc://*/ta/man/translate/figs-metaphor	בְּנֵ֥י יִשְׂרָאֵֽל	1	See how you translated the similar expression in [8:12](../08/12.md). Alternate translation: [the Israelites]
21:3	f430		rc://*/ta/man/translate/figs-hendiadys	וַ⁠יָּ֗שָׁב וַ⁠יִּ֨בֶן֙	1	See how you translated the similar expression in [1:11](../01/11.md). Alternate translation: [And he once more built] or [And he rebuilt]
21:3	dzky		rc://*/ta/man/translate/figs-metaphor	לְ⁠כָל־צְבָ֣א הַ⁠שָּׁמַ֔יִם	1	To translate the expression **the whole army of the heavens** here and in verse 5, see how you translated the similar expression in [17:16](../17/16.md). Alternate translation: [to all the lights in the sky] or [to the heavenly bodies here]
21:4	yqe3		rc://*/ta/man/translate/figs-metaphor	בְּ⁠בֵ֣ית יְהוָ֑ה	1	See how you translated the similar expression in [5:18](../05/18.md). Alternate translation: [in the temple of Yahweh]
21:4	off7		rc://*/ta/man/translate/figs-metonymy	בִּ⁠ירוּשָׁלִַ֖ם אָשִׂ֥ים אֶת־שְׁמִֽ⁠י	1	Here, the **name** of Yahweh represents people calling on him by name as their God and thus worshiping him. If it would be helpful in your language, here and in verse 7, you could use an equivalent expression or plain language. If you have already translated the book of 1 Kings, see how you translated the similar expression in [1 Kings 8:16](../1ki/08/16.md). Alternate translation: [I will make Jerusalem a special place for people to worship me]
21:5	ynoh		rc://*/ta/man/translate/figs-explicit	בִּ⁠שְׁתֵּ֖י חַצְר֥וֹת בֵּית־יְהוָֽה	1	By **the two courts**, the author is referring to the inner court, where the priests offered sacrifices, and the outer court, where other Judeans could go. It may be helpful to clarify this for your readers. Alternate translation: [in the inner and outer courtyards of the temple of Yahweh]
21:6	w702		rc://*/ta/man/translate/figs-idiom	וְ⁠הֶעֱבִ֤יר אֶת־בְּנ⁠וֹ֙ בָּ⁠אֵ֔שׁ	1	See how you translated the similar expression in [16:3](../16/03.md). Alternate translation: [And he burned his son completely as an offering to an idol]
21:6	frf1		rc://*/ta/man/translate/translate-unknown	א֖וֹב	1	A **ritual pit** was a hole in the ground that was used in ceremonies to try to contact the spirits of dead people. If your readers would not be familiar with what a ritual pit was, in your translation you could use the name of a similar thing that your readers would recognize, or you could use a general expression. If you have already translated the book of 1 Samuel, see how you translated the same expression in [1 Samuel 28:3](../../1sa/28/03.md). Alternate translation: [a place to use to try to contact dead people]
21:6	djwp		rc://*/ta/man/translate/translate-unknown	וְ⁠יִדְּעֹנִ֑ים	1	The expression **familiar spirits** describes supernatural beings that people in this culture believed existed and could help them gain secret knowledge. If your readers would not be familiar with this, in your translation you could use the name of a similar thing that your readers would recognize, or you could use a general expression. If you have already translated the book of 1 Samuel, see how you translated the same expression in [1 Samuel 28:3](../../1sa/28/03.md). Alternate translation: [for spirits that people believed could give them secret knowledge]
21:6	msxb		rc://*/ta/man/translate/figs-idiom	הִרְבָּ֗ה לַ⁠עֲשׂ֥וֹת הָ⁠רַ֛ע	1	The author is using **multiplied doing evil** as a common expression of his culture to mean “did very many evil things.” If this phrase does not have that meaning in your language, you could use a comparable expression from your language that does have that meaning, or you could state the meaning plainly. Alternate translation: [He did evil after evil] or [He did very many evil things]
21:7	uw60		rc://*/ta/man/translate/figs-metonymy	בַּ⁠בַּ֨יִת הַ⁠זֶּ֜ה וּ⁠בִ⁠ירוּשָׁלִַ֗ם אֲשֶׁ֤ר בָּחַ֨רְתִּי֙ מִ⁠כֹּל֙ שִׁבְטֵ֣י יִשְׂרָאֵ֔ל אָשִׂ֥ים אֶת־שְׁמִ֖⁠י לְ⁠עוֹלָֽם	1	If you have already translated the book of 1 Kings, see how you translated the similar expression “for my name to be there” in [1 Kings 8:16](../1ki/08/16.md). In the context of the expression here **I will put my name**, the term **name** could refer to: (1) Yahweh providing a place for people to call on him by name as their God and thus worship him. Alternate translation: [I will make this temple in Jerusalem, which I have chosen from all of the tribes of Israel, a special place for people to worship me] or (2) Yahweh providing a place that would promote his reputation. Alternate translation: [I will make this temple in Jerusalem, which I have chosen from all of the tribes of Israel, a place that will promote my reputation]
21:7	ms8g		rc://*/ta/man/translate/figs-metonymy	מִ⁠כֹּל֙ שִׁבְטֵ֣י יִשְׂרָאֵ֔ל	1	Here the **tribes of Israel** represent their territories. If it would be helpful in your language, you could use an equivalent expression or plain language. Alternate translation: [from the whole territory of Israel]
21:8	wfpk		rc://*/ta/man/translate/figs-synecdoche	וְ⁠לֹ֣א אֹסִ֗יף לְ⁠הָנִיד֙ רֶ֣גֶל יִשְׂרָאֵ֔ל	1	Yahweh, envisioning all the Israelites as if they were a single person, their ancestor **Israel**, is using one part of that person, his **foot**, to mean all of him in the act of wandering. If it would be helpful in your language, you could state the meaning plainly. Alternate translation: [And I will not add to make the Israelites wander]
21:8	r5kl		rc://*/ta/man/translate/figs-idiom	וְ⁠לֹ֣א אֹסִ֗יף לְ⁠הָנִיד֙ רֶ֣גֶל יִשְׂרָאֵ֔ל	1	Yahweh is using **I will not add to make** as a common expression of this culture to mean “I will not again make.” If this phrase does not have that meaning in your language, you could use a comparable expression from your language that does have that meaning, or you could state the meaning plainly. Alternate translation: [And I will not make the Israelites wander again]
21:8	fd6l		rc://*/ta/man/translate/figs-metaphor	לַֽ⁠אֲבוֹתָ֑⁠ם	1	See how you translated the similar expression in [8:24](../08/24.md). Alternate translation: [to their ancestors]
21:9	zehd		rc://*/ta/man/translate/figs-idiom	מִ⁠פְּנֵ֖י בְּנֵ֥י יִשְׂרָאֵֽל	1	See how you translated the similar expression in [21:2](../21/02.md). Alternate translation: [on account of the Israelites]
21:10	za7t		rc://*/ta/man/translate/figs-metonymy	בְּ⁠יַד־עֲבָדָ֥י⁠ו הַ⁠נְּבִיאִ֖ים	1	See how you translated the similar expression in [9:36](../09/36.md). Alternate translation: [through the agency of his servants the prophets]
21:11	lc14		rc://*/ta/man/translate/figs-genericnoun	עָשׂ֥וּ הָ⁠אֱמֹרִ֖י אֲשֶׁ֣ר לְ⁠פָנָ֑י⁠ו	1	The author is not referring to a specific **Amorite**. He means the Amorites in general. (The verb translated as **did** is plural.) If it would be helpful to your readers, you could use an expression that would be more natural in your language. Alternate translation: [the Amorites did who were to his face]
21:11	qxv9		rc://*/ta/man/translate/figs-metonymy	אֲשֶׁ֣ר לְ⁠פָנָ֑י⁠ו	1	See how you translated the similar expression in [17:2](../17/02.md). Alternate translation: [who was before him]
21:12	vm7o		rc://*/ta/man/translate/figs-quotesinquotes	לָ⁠כֵ֗ן כֹּֽה־אָמַ֤ר יְהוָה֙ אֱלֹהֵ֣י יִשְׂרָאֵ֔ל הִנְ⁠נִי֙ מֵבִ֣יא רָעָ֔ה עַל־יְרוּשָׁלִַ֖ם וִֽ⁠יהוּדָ֑ה אֲשֶׁר֙ כָּל־שמעי⁠ו תִּצַּ֖לְנָה שְׁתֵּ֥י אָזְנָֽי⁠ו	1	If it would be clearer in your language, you could translate this so that there is not a quotation within a quotation. Alternate translation: [therefore Yahweh, the God of Israel, says to behold him, bringing disaster on Jerusalem and Judah that everyone hearing it, the two of his ears will tingle]
21:12	h39m		rc://*/ta/man/translate/figs-metonymy	אֲשֶׁר֙ כָּל־שמעי⁠ו תִּצַּ֖לְנָה שְׁתֵּ֥י אָזְנָֽי⁠ו	1	Yahweh is using a physical sensation that people will have (their **ears** will **tingle**) to represent the emotion that people will feel when they hear about this disaster. If it would be helpful in your language, you could use an equivalent expression or plain language. If you have already translated the book of 1 Samuel, see how you translated the similar expression in [1 Samuel 3:11](../1sa/03/11.md). Alternate translation: [that will horrify everyone who hears about it]
21:12	md2m		rc://*/ta/man/translate/figs-idiom	הִנְ⁠נִי֙ מֵבִ֣יא	1	See how you translated the similar expression in [19:7](../19/07.md). Alternate translation: [I am about to bring]
21:13	x1rj		rc://*/ta/man/translate/translate-unknown	וְ⁠נָטִ֣יתִי עַל־יְרוּשָׁלִַ֗ם אֵ֚ת קָ֣ו שֹֽׁמְר֔וֹן וְ⁠אֶת־מִשְׁקֹ֖לֶת בֵּ֣ית אַחְאָ֑ב	1	A **measuring line** is a cord with markings on it that is used to determine length. A **plumb line** is a weight on the end of a cord that is used to determine whether a wall is straight upright. Alternate translation: [And I will measure Jerusalem with the same marked cord that I used to measure Samaria, and I will determine whether Jerusalem is upright by using the same weight on the end of a cord that I used to determine whether the house of Ahab was upright]
21:13	a354		rc://*/ta/man/translate/figs-metaphor	וְ⁠נָטִ֣יתִי עַל־יְרוּשָׁלִַ֗ם אֵ֚ת קָ֣ו שֹֽׁמְר֔וֹן וְ⁠אֶת־מִשְׁקֹ֖לֶת בֵּ֣ית אַחְאָ֑ב	1	If builders using a **measuring line** or **plumb line** discovered that a structure was not the right size or that a wall was leaning, they would tear down the structure or wall. Yahweh is using these instruments to represent the standards by which he judged and punished the people of **Samaria** (the northern kingdom of Israel) and the descendants of **Ahab**. If it would be helpful in your language, you could state the meaning plainly. The UST models one way to do that.
21:13	l62w		rc://*/ta/man/translate/figs-simile	וּ⁠מָחִ֨יתִי אֶת־יְרוּשָׁלִַ֜ם כַּֽ⁠אֲשֶׁר־יִמְחֶ֤ה אֶת־הַ⁠צַּלַּ֨חַת֙ מָחָ֔ה וְ⁠הָפַ֖ךְ עַל־פָּנֶֽי⁠הָ	1	The point of this comparison is that just as a person who ensures that he has wiped a **dish** thoroughly by turning it over and wiping both sides, so Yahweh will **wipe Jerusalem away** thoroughly and completely. If it would be helpful in your language, you could make this point explicitly. Alternate translation: [And I will wipe Jerusalem away just as thoroughly as a person wipes a dish who turns it over to make sure that he has wiped both sides]
21:13	cu9w		rc://*/ta/man/translate/figs-idiom	וְ⁠הָפַ֖ךְ עַל־פָּנֶֽי⁠הָ	1	Yahweh is using the term **face** to mean the “front” of this **dish**. If this term does not have that meaning in your language, you could use a comparable expression from your language that does have that meaning, or you could state the meaning plainly. Alternate translation: [and turns it over and also wipes the back]
21:14-15	go4l		rc://*/ta/man/translate/translate-versebridge	וְ⁠נָטַשְׁתִּ֗י אֵ֚ת שְׁאֵרִ֣ית נַחֲלָתִ֔⁠י וּ⁠נְתַתִּ֖י⁠ם בְּ⁠יַ֣ד אֹֽיְבֵי⁠הֶ֑ם וְ⁠הָי֥וּ לְ⁠בַ֛ז וְ⁠לִ⁠מְשִׁסָּ֖ה לְ⁠כָל־אֹיְבֵי⁠הֶֽם׃ יַ֗עַן אֲשֶׁ֨ר עָשׂ֤וּ אֶת־הָ⁠רַע֙ בְּ⁠עֵינַ֔⁠י וַ⁠יִּהְי֥וּ מַכְעִסִ֖ים אֹתִ֑⁠י מִן־הַ⁠יּ֗וֹם אֲשֶׁ֨ר יָצְא֤וּ אֲבוֹתָ⁠ם֙ מִ⁠מִּצְרַ֔יִם וְ⁠עַ֖ד הַ⁠יּ֥וֹם הַ⁠זֶּֽה	1	If it would be more natural in your language, you could create a verse bridge and put verse 15 before verse 14, since verse 15 gives the reason for the result that verse 14 describes. Alternate translation: [And because they have done evil in my eyes and they have been making me angry from the day that their fathers came out from Egypt and to this day, I will abandon the remnant of my inheritance, and I will give them into the hand of their enemies. And they will become spoil and plunder for all of their enemies]
21:14	uhh1		rc://*/ta/man/translate/figs-quotesinquotes	וְ⁠נָטַשְׁתִּ֗י אֵ֚ת שְׁאֵרִ֣ית נַחֲלָתִ֔⁠י וּ⁠נְתַתִּ֖י⁠ם בְּ⁠יַ֣ד אֹֽיְבֵי⁠הֶ֑ם וְ⁠הָי֥וּ לְ⁠בַ֛ז וְ⁠לִ⁠מְשִׁסָּ֖ה לְ⁠כָל־אֹיְבֵי⁠הֶֽם	1	If it would be clearer in your language, you could translate this so that there is not a quotation within a quotation. Alternate translation: [Yahweh says that he will abandon the remnant of his inheritance, and he will give them into the hand of their enemies. And they will become spoil and plunder for all of their enemies]
21:14	uqw3		rc://*/ta/man/translate/figs-metaphor	נַחֲלָתִ֔⁠י	1	Yahweh is speaking of the people of Israel as if they were something that he had inherited as a lasting possession. He is referring to the Israelites as the people who were supposed to belong to him perpetually. If it would be clearer in your language, you could state the meaning plainly. If you have already translated the book of 1 Samuel, see how you translated the similar expression in [1 Samuel 10:1](../1sa/10/01.md). Alternate translation: [my people, who were supposed to belong to me perpetually]
21:14	h2ys		rc://*/ta/man/translate/figs-metonymy	וּ⁠נְתַתִּ֖י⁠ם בְּ⁠יַ֣ד אֹֽיְבֵי⁠הֶ֑ם	1	See how you translated the similar expression in [3:10](../03/10.md). Alternate translation: [and I will allow their enemies to have power over them]
21:14	zieg		rc://*/ta/man/translate/figs-doublet	וְ⁠הָי֥וּ לְ⁠בַ֛ז וְ⁠לִ⁠מְשִׁסָּ֖ה לְ⁠כָל־אֹיְבֵי⁠הֶֽם	1	The terms **spoil** and **plunder** mean similar things. Yahweh is using the two terms together for emphasis. If it would be clearer for your readers, you could express the emphasis with a single phrase. Alternate translation: [And all of their enemies will plunder them completely]
21:15	ht2g		rc://*/ta/man/translate/figs-quotesinquotes	יַ֗עַן אֲשֶׁ֨ר עָשׂ֤וּ אֶת־הָ⁠רַע֙ בְּ⁠עֵינַ֔⁠י וַ⁠יִּהְי֥וּ מַכְעִסִ֖ים אֹתִ֑⁠י מִן־הַ⁠יּ֗וֹם אֲשֶׁ֨ר יָצְא֤וּ אֲבוֹתָ⁠ם֙ מִ⁠מִּצְרַ֔יִם וְ⁠עַ֖ד הַ⁠יּ֥וֹם הַ⁠זֶּֽה	1	If it would be clearer in your language, you could translate this so that there is not a quotation within a quotation. Alternate translation: [Yahweh says that he will do this because they have done evil in his eyes and they have been making him angry from the day that their fathers came out from Egypt and to this day]
21:16	px69		rc://*/ta/man/translate/figs-metonymy	וְ⁠גַם֩ דָּ֨ם נָקִ֜י שָׁפַ֤ךְ מְנַשֶּׁה֙ הַרְבֵּ֣ה מְאֹ֔ד	1	The author is using the expression **poured out … blood** to represent killing, since blood pours out of people when they are killed violently. If it would be helpful in your language, you could use an equivalent expression or plain language. Alternate translation: [And Manasseh also killed very many innocent people] or [And Manasseh also had very many innocent people killed]
21:16	xhoa		rc://*/ta/man/translate/figs-idiom	עַ֛ד אֲשֶׁר־מִלֵּ֥א אֶת־יְרוּשָׁלִַ֖ם פֶּ֣ה לָ⁠פֶ֑ה	1	The author is using the term **mouth** to mean “end” or “side.” If this term does not have that meaning in your language, you could use a comparable expression from your language that does have that meaning, or you could state the meaning plainly. See how you translated the similar expression in [10:21](../10/21.md). Alternate translation: [until he filled Jerusalem from one end to the other] or [until he filled Jerusalem completely]
21:16	g78s		rc://*/ta/man/translate/figs-metaphor	עַ֛ד אֲשֶׁר־מִלֵּ֥א אֶת־יְרוּשָׁלִַ֖ם פֶּ֣ה לָ⁠פֶ֑ה	1	The author is speaking as if Jerusalem had been a container and Manasseh had actually **filled** it with blood. If it would be helpful in your language, you could state the meaning plainly. Alternate translation: [until people had been killed violently in every part of Jerusalem]
21:17	tfz7		rc://*/ta/man/translate/writing-endofstory	וְ⁠יֶ֨תֶר דִּבְרֵ֤י מְנַשֶּׁה֙ וְ⁠כָל־אֲשֶׁ֣ר עָשָׂ֔ה וְ⁠חַטָּאת֖⁠וֹ אֲשֶׁ֣ר חָטָ֑א הֲ⁠לֹא־הֵ֣ם כְּתוּבִ֗ים עַל־סֵ֛פֶר דִּבְרֵ֥י הַ⁠יָּמִ֖ים לְ⁠מַלְכֵ֥י יְהוּדָֽה	1	In this verse and the next verse, the author is concluding the story of Manasseh. To translate this verse, see how you translated the similar phrases in [1:18](../01/18.md).
21:17	le9r		rc://*/ta/man/translate/writing-poetry	וְ⁠חַטָּאת֖⁠וֹ אֲשֶׁ֣ר חָטָ֑א	1	The author is using a construction in which a verb and its object come from the same root. You may be able to use the same construction in your language to express the meaning here. Alternatively, your language may have another way of saying this. Alternate translation: [and the sins that he committed]
21:18	smm2		rc://*/ta/man/translate/figs-euphemism	וַ⁠יִּשְׁכַּ֤ב מְנַשֶּׁה֙ עִם־אֲבֹתָ֔י⁠ו	1	See how you translated the same expression in [8:24](../08/24.md). Alternate translation: [And Manasseh passed away] or [And Manasseh died]
21:18	hp8i		rc://*/ta/man/translate/figs-activepassive	וַ⁠יִּקָּבֵ֥ר	1	The expression **was buried** is a passive verbal form. If your language would not use that form, you could express the idea in active form or in another way that is natural in your language. Alternate translation: [and people buried him]
21:19	cyq1		rc://*/ta/man/translate/writing-participants	בֶּן־עֶשְׂרִ֨ים וּ⁠שְׁתַּ֤יִם שָׁנָה֙ אָמ֣וֹן בְּ⁠מָלְכ֔⁠וֹ וּ⁠שְׁתַּ֣יִם שָׁנִ֔ים מָלַ֖ךְ בִּ⁠ירוּשָׁלִָ֑ם וְ⁠שֵׁ֣ם אִמּ֔⁠וֹ מְשֻׁלֶּ֥מֶת בַּת־חָר֖וּץ מִן־יָטְבָֽה	1	In this verse and the next three verses, the author is introducing **Amon** as a participant in the story as the new king of **Judah**. To translate this verse, see how you translated the similar expressions in [8:26](../08/26.md).
21:21	ihsd		rc://*/ta/man/translate/figs-metaphor	וַ⁠יֵּ֕לֶךְ בְּ⁠כָל־הַ⁠דֶּ֖רֶךְ אֲשֶׁר־הָלַ֣ךְ אָבִ֑י⁠ו	1	See how you translated the similar expression in [8:18](../08/18.md). Alternate translation: [And he lived just as his father had lived]
21:22	icsx		rc://*/ta/man/translate/figs-metaphor	וְ⁠לֹ֥א הָלַ֖ךְ בְּ⁠דֶ֥רֶךְ יְהוָֽה	1	See how you translated the similar expression in [8:18](../08/18.md). Alternate translation: [and he did not live as Yahweh wants people to live]
21:24	aohc		rc://*/ta/man/translate/figs-explicit	וַ⁠יַּךְ֙ עַם־הָ⁠אָ֔רֶץ אֵ֥ת	1	See how you translated the similar expression in [3:23](../03/23.md). Alternate translation: [But the people of the land killed]
21:24	t9dt		rc://*/ta/man/translate/writing-pronouns	וַ⁠יַּמְלִ֧יכוּ עַם־הָ⁠אָ֛רֶץ אֶת־יֹאשִׁיָּ֥הוּ בְנ֖⁠וֹ	1	Since the author has already used the expression **the people of the land** earlier in this sentence, it may be more natural in your language to use a pronoun here. Alternate translation: [and they made Josiah his son reign]
21:25	e9hu		rc://*/ta/man/translate/writing-endofstory	וְ⁠יֶ֛תֶר דִּבְרֵ֥י אָמ֖וֹן אֲשֶׁ֣ר עָשָׂ֑ה הֲ⁠לֹא־הֵ֣ם כְּתוּבִ֗ים עַל־סֵ֛פֶר דִּבְרֵ֥י הַ⁠יָּמִ֖ים לְ⁠מַלְכֵ֥י יְהוּדָֽה	1	In this verse and the next verse, the author is concluding the story of Amon. To translate this verse, see how you translated the similar phrases in [1:18](../01/18.md).
21:26	ikx3		rc://*/ta/man/translate/writing-pronouns	וַ⁠יִּקְבְֹּ֥ר אֹת֛⁠וֹ	1	Here the author is using the pronoun **one** in a general sense, not to refer to a specific person. Use an expression for this that would be natural in your language. Alternate translation: [And he was buried]
22:intro	abcm				0	# 2 Kings 22 Introduction\n\n## Structure and Formatting\n\nThis chapter begins the story of Josiah, another of the great kings of Judah. Because he is so important, the author describes the history of his reign at length, in chapters 22 and 23.\n\n## Translation Issues in This Chapter\n\n### Long quotation in verses 15–20\n\nThere is a long quotation in verses 15–20 that contains multiple levels of quotation. Notes describe ways of indicating the speakers throughout this quotation. See what you did in the case of the similar long quotations in chapters 18 and 19, and present this quotation in the same way.
22:1	uydp		rc://*/ta/man/translate/writing-participants	בֶּן־שְׁמֹנֶ֤ה שָׁנָה֙ יֹאשִׁיָּ֣הוּ בְ⁠מָלְכ֔⁠וֹ וּ⁠שְׁלֹשִׁ֤ים וְ⁠אַחַת֙ שָׁנָ֔ה מָלַ֖ךְ בִּ⁠ירוּשָׁלִָ֑ם וְ⁠שֵׁ֣ם אִמּ֔⁠וֹ יְדִידָ֥ה בַת־עֲדָ֖יָה מִ⁠בָּצְקַֽת	1	In this verse and the next verse, the author is introducing **Josiah** as a participant in the story as the new king of **Judah**. To translate this verse, see how you translated the similar expressions in [8:26](../08/26.md).
22:2	eytr		rc://*/ta/man/translate/writing-participants	וַ⁠יַּ֥עַשׂ הַ⁠יָּשָׁ֖ר בְּ⁠עֵינֵ֣י יְהוָ֑ה וַ⁠יֵּ֗לֶךְ בְּ⁠כָל־דֶּ֨רֶךְ֙ דָּוִ֣ד אָבִ֔י⁠ו וְ⁠לֹא־סָ֖ר יָמִ֥ין וּ⁠שְׂמֹֽאול	1	The author is continuing to introduce Josiah. See how you translated the similar expressions in [3:2](../03/02.md) and [8:18](../08/18.md). Alternate translation: [And he did what Yahweh considered to be right, and he lived just as David his ancestor had lived, and he did not stop living that way in any regard]
22:2	vj17		rc://*/ta/man/translate/figs-merism	וְ⁠לֹא־סָ֖ר יָמִ֥ין וּ⁠שְׂמֹֽאול	1	Within this image, the author is using two basic directions in which Josiah could have turned, **right** and **left**, to mean every direction. If you decide to retain the image in your translation, if it would be helpful in your language, you could use an equivalent expression or plain language. Alternate translation: [and he did not turn away in any direction]
22:3	v4md		rc://*/ta/man/translate/writing-newevent	וַ⁠יְהִ֗י	1	The author is using this phrase to introduce a new event. See how you translated it in [2:1](../02/01.md).
22:3	qdvr		rc://*/ta/man/translate/figs-metaphor	בֵּ֥ית יְהוָ֖ה	1	See how you translated the similar expression in [5:18](../05/18.md). Alternate translation: [to the temple of Yahweh]
22:4	offl		rc://*/ta/man/translate/figs-explicitinfo	עֲלֵ֗ה	1	See how you translated the similar expression in [1:3](../01/03.md). Alternate translation: [Go]
22:4	e7eg		rc://*/ta/man/translate/figs-idiom	וְ⁠יַתֵּ֣ם אֶת־הַ⁠כֶּ֔סֶף	1	Josiah is using **complete the silver** as a common expression of his culture to mean that Hilkiah should “prepare” the silver that has been collected to be paid out to workers. In other words, he should determine the weight of the silver and put it in bags of a given weight and value. If this phrase does not have that meaning in your language, you could use a comparable expression from your language that does have that meaning, or you could state the meaning plainly. Alternate translation: [and he shall prepare the silver to use as payment]
22:4	n8md		rc://*/ta/man/translate/figs-activepassive	אֶת־הַ⁠כֶּ֔סֶף הַ⁠מּוּבָ֖א בֵּ֣ית יְהוָ֑ה	1	The expression **having been brought** is a passive verbal form. If your language would not use that form, you could express the idea in active form or in another way that would be natural in your language. Alternate translation: [that the priests have brought into the house of Yahweh]
22:5	hn67		rc://*/ta/man/translate/figs-metonymy	עַל־יַד֙	1	To translate the term “hand” here and in verse 7, see how you translated the similar expression in [12:11](../12/11.md). Alternate translation: [into the custody of]
22:5	hvoa		rc://*/ta/man/translate/grammar-collectivenouns	עַל־יַד֙	1	In this verse, the word **hand** is singular in form, but it refers to the hands of all of the men who had been appointed to supervise the work. If you decide to keep the image of a **hand** that represents custody, if it would be helpful in your language, you could use the plural form of the word. Alternate translation: [into the hands]
22:5	hyd8		rc://*/ta/man/translate/figs-activepassive	הַ⁠מֻּפְקָדִ֖ים ב⁠בית יְהוָ֑ה	1	The expression **appointed** is a passive verbal form. If your language would not use that form, you could express the idea in active form or in another way that would be natural in your language. Alternate translation: [the ones responsible for the house of Yahweh]
22:6	lvcx		rc://*/ta/man/translate/figs-possession	וְ⁠אַבְנֵ֣י מַחְצֵ֔ב	1	See how you translated the similar expression in [12:12](../12/12.md). Alternate translation: [and stones that workers had cut into shape]
22:7	iv4d		rc://*/ta/man/translate/grammar-connect-logic-result	לֹא־יֵחָשֵׁ֣ב אִתָּ֔⁠ם הַ⁠כֶּ֖סֶף הַ⁠נִּתָּ֣ן עַל־יָדָ֑⁠ם כִּ֥י בֶ⁠אֱמוּנָ֖ה הֵ֥ם עֹשִֽׂים	1	If it would be more natural in your language, you could reverse the order of these phrases, since the second phrase gives the reason for the result that the first phrase describes. Alternate translation: [since they are acting in faithfulness, the silver given to their hand shall not be reckoned with them]
22:7	sa54		rc://*/ta/man/translate/figs-activepassive	לֹא־יֵחָשֵׁ֣ב אִתָּ֔⁠ם הַ⁠כֶּ֖סֶף הַ⁠נִּתָּ֣ן עַל־יָדָ֑⁠ם	1	The expressions **give** and **shall be not reckoned** contain passive verbal forms. If your language would not use those forms, you could express the ideas in active form or in another way that would be natural in your language. Alternate translation: [you shall not reckon with them the silver you give into their hand]
22:7	ukmd		rc://*/ta/man/translate/figs-abstractnouns	בֶ⁠אֱמוּנָ֖ה	1	If your language does not use an abstract noun for the idea of **faithfulness**, you could express the same idea in another way. Alternate translation: [faithfully]
22:9	zi9n		rc://*/ta/man/translate/figs-metonymy	דָּבָ֑ר	1	See how you translated the similar expression in [1:7](../01/07.md). Alternate translation: [a report]
22:9	hqda		rc://*/ta/man/translate/figs-123person	עֲבָדֶ֨י⁠ךָ֙	1	Shaphan is speaking of himself and his fellow officials in the third person as **Your servants** to show humility. If it would be helpful in your language, you could translate this in a humble form in the first person. Alternate translation: [We, your servants,]
22:9	hh5g		rc://*/ta/man/translate/figs-idiom	אֶת־הַ⁠כֶּ֨סֶף֙ הַ⁠נִּמְצָ֣א בַ⁠בַּ֔יִת	1	See how you translated the similar expression in [12:18](../12/18.md). Alternate translation: [the silver that was in the house]
22:9	jof4		rc://*/ta/man/translate/figs-metonymy	עַל־יַד֙ עֹשֵׂ֣י הַ⁠מְּלָאכָ֔ה הַ⁠מֻּפְקָדִ֖ים בֵּ֥ית יְהוָֽה	1	See how you translated these same expressions in [22:5](../22/05.md). Alternate translation: [into the custody of the doers of the work, the ones responsible for the house of Yahweh]
22:10	gpf1		rc://*/ta/man/translate/figs-metonymy	לִ⁠פְנֵ֥י הַ⁠מֶּֽלֶךְ	1	See how you translated the similar expression in [3:14](../03/14.md). Alternate translation: [in the presence of the king]
22:11	pguw		rc://*/ta/man/translate/translate-symaction	וַ⁠יִּקְרַ֖ע אֶת־בְּגָדָֽי⁠ו	1	See how you indicated the significance of this action in [2:12](../02/12.md). Alternate translation: [that he tore his clothes to show his great distress]
22:13	zc7h		rc://*/ta/man/translate/figs-explicit	וּ⁠בְעַד־הָ⁠עָ֗ם	1	Josiah assumes that these officials will know that by **the people**, he means the people of the city of Jerusalem. You could indicate this explicitly in your translation if that would be helpful to your readers. Alternate translation: [and for the people of Jerusalem]
22:13	dxot		rc://*/ta/man/translate/figs-activepassive	הַ⁠סֵּ֥פֶר הַ⁠נִּמְצָ֖א הַ⁠זֶּ֑ה	1	The expression **having been found** is a passive verbal form. If your language would not use that form, you could express the idea in active form or in another way that would be natural in your language. Alternate translation: [this scroll that Hilkiah found]
22:13	vm6j		rc://*/ta/man/translate/figs-idiom	גְדוֹלָ֞ה חֲמַ֣ת יְהוָ֗ה אֲשֶׁר־הִיא֙ נִצְּתָ֣ה בָ֔⁠נוּ	1	See how you translated the similar expression “the nose of Yahweh burned against Israel” in [13:3](../13/03.md). Alternate translation: [great is the anger of Yahweh, that which is has been provoked against us]
22:13	qbow		rc://*/ta/man/translate/figs-activepassive	גְדוֹלָ֞ה חֲמַ֣ת יְהוָ֗ה אֲשֶׁר־הִיא֙ נִצְּתָ֣ה בָ֔⁠נוּ	1	The expression **is kindled** is a passive verbal form. If your language would not use that form, you could express the idea in active form or in another way that would be natural in your language. Alternate translation: [great {is} the heat of Yahweh, that which is burning against us] or [great is the anger of Yahweh that we have provoked]
22:13	rgiq		rc://*/ta/man/translate/figs-explicit	לֹֽא־שָׁמְע֜וּ & עַל־דִּבְרֵי֙ הַ⁠סֵּ֣פֶר הַ⁠זֶּ֔ה	1	By **did not listen to the words of this scroll**, King Josiah means that the ancestors of the Judeans did not obey what was written in the scroll. You could indicate this explicitly in your translation if that would be helpful to your readers. Alternate translation: [did not do what this scroll said to do]
22:13	npyf		rc://*/ta/man/translate/figs-activepassive	כְּ⁠כָל־הַ⁠כָּת֥וּב	1	The expression **written** is a passive verbal form. If your language would not use that form, you could express the idea in active form or in another way that would be natural in your language. Alternate translation: [everything that it records]
22:14	cozl		rc://*/ta/man/translate/figs-explicit	שֹׁמֵ֣ר הַ⁠בְּגָדִ֔ים	1	This could mean: (1) that Shallum was responsible to care for the vestments of the priests, like the official described in [10:22](../10/22.md). Alternate translation: [the official who cared for the priests’ vestments] or (2) that Shallum was responsible to care for the king’s royal robes. Alternate translation: [the official who cared for the king’s royal robes]
22:14	zdel		rc://*/ta/man/translate/translate-names	בַּ⁠מִּשְׁנֶ֑ה	1	The word that the ULT translates as **the Second Quarter** means “second” or “second part.” Many scholars believe that it described a newer, expanded district of Jerusalem that was built to the north of the original city as the city grew, possibly during the reign of King Hezekiah or his successors. Some translations call this the “New Quarter” or the “Second District.” If a translation of the Bible exists in your region, you may wish to use the name that it uses. If a translation of the Bible does not exist in your region, you may wish to use the name that the ULT uses.
22:15	u1mp		rc://*/ta/man/translate/figs-quotesinquotes	וַ⁠תֹּ֣אמֶר אֲלֵי⁠הֶ֔ם כֹּֽה־אָמַ֥ר יְהוָ֖ה אֱלֹהֵ֣י יִשְׂרָאֵ֑ל אִמְר֣וּ לָ⁠אִ֔ישׁ אֲשֶׁר־שָׁלַ֥ח אֶתְ⁠כֶ֖ם אֵלָֽ⁠י	1	See the discussion in the introduction to this chapter of the long quotation in verses 15–20, in which there are multiple levels of quotation. If it would be clearer in your language, you could translate this verse so that there is not a quotation within a quotation. If it would be clearer in your language, you could translate this so that there is not a quotation within a quotation. Alternate translation: [And she told them, “Yahweh, the God of Israel, wants you to tell the man who sent you to me]
22:16	uxet		rc://*/ta/man/translate/figs-quotemarks	כֹּ֚ה אָמַ֣ר יְהוָ֔ה הִנְ⁠נִ֨י מֵבִ֥יא רָעָ֛ה אֶל־הַ⁠מָּק֥וֹם הַ⁠זֶּ֖ה וְ⁠עַל־יֹֽשְׁבָ֑י⁠ו אֵ֚ת כָּל־דִּבְרֵ֣י הַ⁠סֵּ֔פֶר אֲשֶׁ֥ר קָרָ֖א מֶ֥לֶךְ יְהוּדָֽה	1	There are four levels of quotation here. The author is quoting what Huldah said, continuing from the previous verse (level 1). This includes instructions from Yahweh, also continuing from the previous verse (level 2). These instructions include something that Yahweh wants the officials to say (level 3). And that includes a further quotation from Yahweh (level 4). Use the appropriate punctuation in your language to mark these levels of quotation. Alternatively, you could translate this so that there are not second-level or third-level quotations.
22:16	o5ny		rc://*/ta/man/translate/figs-quotesinquotes	כֹּ֚ה אָמַ֣ר יְהוָ֔ה הִנְ⁠נִ֨י מֵבִ֥יא רָעָ֛ה אֶל־הַ⁠מָּק֥וֹם הַ⁠זֶּ֖ה וְ⁠עַל־יֹֽשְׁבָ֑י⁠ו אֵ֚ת כָּל־דִּבְרֵ֣י הַ⁠סֵּ֔פֶר אֲשֶׁ֥ר קָרָ֖א מֶ֥לֶךְ יְהוּדָֽה	1	If you have decided to translate all of this long quotation in such a way that there will not be quotations within quotations, you can continue doing that in this verse. Alternate translation: [that he says that he is about to bring disaster to this place and upon its inhabitants, all of the words of the scroll that the king of Judah has read]
22:16	jc7c		rc://*/ta/man/translate/figs-123person	כֹּ֚ה אָמַ֣ר יְהוָ֔ה	1	Yahweh is speaking of himself in the third person because he is making a solemn declaration. If it would be helpful in your language, you could translate this in the first person. Alternate translation: [This is what I have to say to you]
22:16	in7f		rc://*/ta/man/translate/figs-idiom	הִנְ⁠נִ֨י מֵבִ֥יא רָעָ֛ה	1	See how you translated the similar expression in [21:12](../21/12.md). Alternate translation: [I am about to bring disaster]
22:16	nnsn		rc://*/ta/man/translate/figs-metonymy	אֵ֚ת כָּל־דִּבְרֵ֣י הַ⁠סֵּ֔פֶר אֲשֶׁ֥ר קָרָ֖א מֶ֥לֶךְ יְהוּדָֽה	1	See how you translated the similar expression in [1:7](../01/07.md). Alternate translation: [all of the punishments described in the scroll that the king of Judah has read]
22:17	vfk3		rc://*/ta/man/translate/figs-quotesinquotes	תַּ֣חַת ׀ אֲשֶׁ֣ר עֲזָב֗וּ⁠נִי וַֽ⁠יְקַטְּרוּ֙ לֵ⁠אלֹהִ֣ים אֲחֵרִ֔ים לְמַ֨עַן֙ הַכְעִיסֵ֔⁠נִי בְּ⁠כֹ֖ל מַעֲשֵׂ֣ה יְדֵי⁠הֶ֑ם וְ⁠נִצְּתָ֧ה חֲמָתִ֛⁠י בַּ⁠מָּק֥וֹם הַ⁠זֶּ֖ה וְ⁠לֹ֥א תִכְבֶּֽה	1	If you have decided to translate all of this long quotation in such a way that there will not be quotations within quotations, you can continue doing that in this verse. Alternate translation: [because they abandoned him and burned incense to other gods, so that they have made him angry by all of the works of their hands. So his heat is kindled against this place, and it will not extinguish]
22:17	qiq3		rc://*/ta/man/translate/figs-synecdoche	וַֽ⁠יְקַטְּרוּ֙ לֵ⁠אלֹהִ֣ים אֲחֵרִ֔ים	1	Yahweh is using one act of worship, burning **incense**, to mean worship in general. If it would be helpful in your language, you could state the meaning plainly. Alternate translation: [and worshiped other gods]
22:17	k4hk		rc://*/ta/man/translate/figs-metonymy	בְּ⁠כֹ֖ל מַעֲשֵׂ֣ה יְדֵי⁠הֶ֑ם	1	Yahweh is using the phrase **the works of their hands** to mean the idols that the Judeans made with their **hands**. If it would be helpful in your language, you could use an equivalent expression or plain language. Alternate translation: [by all the idols that they made] or [by making all those idols]
22:17	iorc		rc://*/ta/man/translate/figs-metonymy	וְ⁠נִצְּתָ֧ה חֲמָתִ֛⁠י בַּ⁠מָּק֥וֹם הַ⁠זֶּ֖ה וְ⁠לֹ֥א תִכְבֶּֽה	1	Here, **this place** represents the people who live in that place. If it would be helpful in your language, you could use an equivalent expression or plain language. Alternate translation: [So my heat is kindled against the people who live in this place, and it will not extinguish]
22:17	gp2g		rc://*/ta/man/translate/figs-metaphor	וְ⁠נִצְּתָ֧ה חֲמָתִ֛⁠י בַּ⁠מָּק֥וֹם הַ⁠זֶּ֖ה וְ⁠לֹ֥א תִכְבֶּֽה	1	See how you translated the similar expression in [22:13](../22/13.md). Alternate translation: [So I have become very angry with the people who live in this place, and I will not stop being angry]
22:17	zqxh		rc://*/ta/man/translate/figs-quotemarks	וְ⁠לֹ֥א תִכְבֶּֽה	1	This verse is the conclusion of the second-level, third-level, and fourth-level quotations that began in the previous two verses. If you have decided to use punctuation to mark levels of quotation, end this verse with the appropriate punctuation for closing those levels of quotation.
22:18	iju0		rc://*/ta/man/translate/figs-quotesinquotes	וְ⁠אֶל־מֶ֣לֶךְ יְהוּדָ֗ה הַ⁠שֹּׁלֵ֤חַ אֶתְ⁠כֶם֙ לִ⁠דְרֹ֣שׁ אֶת־יְהוָ֔ה כֹּ֥ה תֹאמְר֖וּ אֵלָ֑י⁠ו כֹּֽה־אָמַ֤ר יְהוָה֙ אֱלֹהֵ֣י יִשְׂרָאֵ֔ל הַ⁠דְּבָרִ֖ים אֲשֶׁ֥ר שָׁמָֽעְתָּ	1	If you have decided to translate all of this long quotation in such a way that there will not be quotations within quotations, you can continue doing that in this verse. Alternate translation: [But tell the king of Judah, the one having sent you to seek Yahweh, that Yahweh, the God of Israel, says to him regarding the words that he heard]
22:18	n6m1		rc://*/ta/man/translate/figs-explicit	הַ⁠דְּבָרִ֖ים אֲשֶׁ֥ר שָׁמָֽעְתָּ	1	Huldah is referring to the **words** that Josiah **heard** when Shaphan read to him from the scroll. It may be helpful to clarify this for your readers. Alternate translation: [regarding what the scroll said would happen if the Israelites forsook him]
22:19	x92d		rc://*/ta/man/translate/figs-quotemarks	יַ֠עַן רַךְ־לְבָ֨בְ⁠ךָ֜ וַ⁠תִּכָּנַ֣ע ׀ מִ⁠פְּנֵ֣י יְהוָ֗ה בְּֽ⁠שָׁמְעֲ⁠ךָ֡ אֲשֶׁ֣ר דִּבַּרְתִּי֩ עַל־הַ⁠מָּק֨וֹם הַ⁠זֶּ֜ה וְ⁠עַל־יֹשְׁבָ֗י⁠ו לִ⁠הְי֤וֹת לְ⁠שַׁמָּה֙ וְ⁠לִ⁠קְלָלָ֔ה וַ⁠תִּקְרַע֙ אֶת־בְּגָדֶ֔י⁠ךָ וַ⁠תִּבְכֶּ֖ה לְ⁠פָנָ֑⁠י וְ⁠גַ֧ם אָנֹכִ֛י שָׁמַ֖עְתִּי נְאֻם־יְהוָֽה	1	There are three levels of quotation here. The author is quoting what Huldah said to the officials (level 1), continuing from verse 15. This includes what the officials are supposed to say to King Josiah, continuing from the previous verse (level 2). This includes a quotation from Yahweh, which begins in this verse (level 3). Use the appropriate punctuation in your language to mark these levels of quotation. Alternatively, you could translate this so that there are not second-level or third-level quotations.
22:19	elh1		rc://*/ta/man/translate/figs-quotesinquotes	יַ֠עַן רַךְ־לְבָ֨בְ⁠ךָ֜ וַ⁠תִּכָּנַ֣ע ׀ מִ⁠פְּנֵ֣י יְהוָ֗ה בְּֽ⁠שָׁמְעֲ⁠ךָ֡ אֲשֶׁ֣ר דִּבַּרְתִּי֩ עַל־הַ⁠מָּק֨וֹם הַ⁠זֶּ֜ה וְ⁠עַל־יֹשְׁבָ֗י⁠ו לִ⁠הְי֤וֹת לְ⁠שַׁמָּה֙ וְ⁠לִ⁠קְלָלָ֔ה וַ⁠תִּקְרַע֙ אֶת־בְּגָדֶ֔י⁠ךָ וַ⁠תִּבְכֶּ֖ה לְ⁠פָנָ֑⁠י וְ⁠גַ֧ם אָנֹכִ֛י שָׁמַ֖עְתִּי נְאֻם־יְהוָֽה	1	If you have decided to translate all of this long quotation in such a way that there will not be quotations within quotations, you can continue doing that in this verse. Alternate translation: [that because his heart is tender and he humbled himself in his presence when he heard what he spoke against this place and against its dwellers, that they would become a horror and a curse, and he tore his clothes and wept to his face, he declares that now he, he has also heard]
22:19	n4vb		rc://*/ta/man/translate/figs-metaphor	רַךְ־לְבָ֨בְ⁠ךָ֜	1	Here the **heart** represents a person’s feelings and disposition. Your language may have a comparable expression that you can use in your translation. You could also use plain language. Alternate translation: [your conscience is sensitive] or [you grieved for the sins of the Judeans]
22:19	vssd		rc://*/ta/man/translate/figs-metonymy	מִ⁠פְּנֵ֣י יְהוָ֗ה & לְ⁠פָנָ֑⁠י	1	See how you translated the similar expression in [3:14](../03/14.md). Alternate translation: [in the presence of Yahweh … in my presence]
22:19	hpsl		rc://*/ta/man/translate/figs-123person	מִ⁠פְּנֵ֣י יְהוָ֗ה	1	Yahweh is speaking of himself in the third person because he is making a solemn declaration. If it would be helpful in your language, you could translate this in the first person. Alternate translation: [from my face] or [in my presence]
22:19	fthw		rc://*/ta/man/translate/figs-abstractnouns	לְ⁠שַׁמָּה֙	1	If your language does not use an abstract noun for the idea of **word**, you could express the same idea in another way. Alternate translation: [something that would horrify people]
22:19	p8tu		rc://*/ta/man/translate/figs-explicit	וְ⁠לִ⁠קְלָלָ֔ה	1	Yahweh means that people would **curse** others by saying that they wanted the same thing to happen to them that had happened to the Judeans. Alternate translation: [and an example that people will use to curse others]
22:19	sey1		rc://*/ta/man/translate/writing-pronouns	וְ⁠גַ֧ם אָנֹכִ֛י שָׁמַ֖עְתִּי	1	Yahweh is stating the pronoun **I** separately, even though the verb translated as **I have … heard** already includes this meaning. He is doing that to emphasize his personal awareness of what Josiah has done and said. If a speaker of your language would use an explicit pronoun for the same purpose, you may want to use that construction in your translation. If not, your language may have other ways of showing the meaning here. See how you translated the similar expression “I, I also know” in [2:3](../02/03.md). Alternate translation: [for my part, I have heard]
22:19	b46i		rc://*/ta/man/translate/figs-explicit	שָׁמַ֖עְתִּי	1	Yahweh means implicitly that he has **heard** the humble, repentant things that Josiah has said (and also seen his acts of humility and repentance). You could indicate this explicitly in your translation if that would be helpful to your readers. Alternate translation: [I have heard the humble, repentant things you have said and seen your humble, repentant actions]
22:19	fv26		rc://*/ta/man/translate/figs-123person	נְאֻם־יְהוָֽה	1	Yahweh is speaking of himself in the third person because he is making an authoritative proclamation. If it would be helpful in your language, you could translate this in the first person. See how you translated the same expression in [9:26](../09/26.md). Alternate translation: [This is what I, Yahweh, declare]
22:20	ajas		rc://*/ta/man/translate/figs-quotesinquotes	לָ⁠כֵן֩ הִנְ⁠נִ֨י אֹֽסִפְ⁠ךָ֜ עַל־אֲבֹתֶ֗י⁠ךָ וְ⁠נֶאֱסַפְתָּ֣ אֶל־קִבְרֹתֶי⁠ךָ֮ בְּ⁠שָׁלוֹם֒ וְ⁠לֹא־תִרְאֶ֣ינָה עֵינֶ֔י⁠ךָ בְּ⁠כֹל֙ הָֽ⁠רָעָ֔ה אֲשֶׁר־אֲנִ֥י מֵבִ֖יא עַל־הַ⁠מָּק֣וֹם הַ⁠זֶּ֑ה	1	If you have decided to translate all of this long quotation in such a way that there will not be quotations within quotations, you can continue doing that in this verse. Alternate translation: [Tell him that Yahweh says that he is going to gather him to his fathers, and he will be gathered to his graves in peace, and his eyes will not see all of the disaster that he will bring upon this place]
22:20	bx13		rc://*/ta/man/translate/figs-idiom	הִנְ⁠נִ֨י אֹֽסִפְ⁠ךָ֜ עַל־אֲבֹתֶ֗י⁠ךָ	1	See how you translated the similar expression in [20:5](../20/05.md). Alternate translation: [I am going to gather you to your fathers]
22:20	m5qp		rc://*/ta/man/translate/figs-euphemism	הִנְ⁠נִ֨י אֹֽסִפְ⁠ךָ֜ עַל־אֲבֹתֶ֗י⁠ךָ	1	See how you translated the similar expression in [8:24](../08/24.md). Alternate translation: [I am going to allow you to die]
22:20	xq00		rc://*/ta/man/translate/translate-plural	וְ⁠נֶאֱסַפְתָּ֣ אֶל־קִבְרֹתֶי⁠ךָ֮	1	Yahweh is likely using the plural form **graves** because he means that Josiah will be buried in the royal family plot, where there are many graves of earlier kings. It may be more natural in your language to use a singular form. Alternate translation: [and you will be buried in your grave] or [and you will be buried in the royal family plot]
22:20	v9ig		rc://*/ta/man/translate/figs-activepassive	וְ⁠נֶאֱסַפְתָּ֣ אֶל־קִבְרֹתֶי⁠ךָ֮	1	The expression **will be gathered** is a passive verbal form. If your language would not use that form, you could express the idea in active form or in another way that would be natural in your language. Alternate translation: [and the Judeans will bury you in your grave]
22:20	n8yy		rc://*/ta/man/translate/figs-abstractnouns	בְּ⁠שָׁלוֹם֒	1	If your language does not use an abstract noun for the idea of **peace**, you could express the same idea in another way. Alternate translation: [peacefully]
22:20	mtpl		rc://*/ta/man/translate/figs-synecdoche	וְ⁠לֹא־תִרְאֶ֣ינָה עֵינֶ֔י⁠ךָ	1	Yahweh using one part of Josiah, his **eyes**, to mean all of him in the act of potentially seeing the **disaster** that he will bring upon Jerusalem. If it would be helpful in your language, you could state the meaning plainly. Alternate translation: [and you will not see] or [and you will not personally witness]
22:20	vhy4		rc://*/ta/man/translate/figs-quotemarks	אֲשֶׁר־אֲנִ֥י מֵבִ֖יא עַל־הַ⁠מָּק֣וֹם הַ⁠זֶּ֑ה	1	This is the conclusion of the second-level and third-level quotations that began in the previous two verses. It is also the end of the first-level quotation that began in verse 15. If you have decided to use punctuation to mark levels of quotation, end this verse with the appropriate punctuation for closing those levels of quotation.
23:intro	abcn				0	# 2 Kings 23 Introduction\n\n## Structure and Formatting\n\nIn this chapter, the author concludes the story of Josiah, and he then continues to tell what the kings were like who ruled the kingdom of Judah.\n\n  1. King Josiah of Judah (22:1–23:30)\n  2. King Jehoahaz of Judah (23:31–35)\n  3. King Jehoiakim of Judah (23:36–24:7)\n\n## Religious and Cultural Concepts in This Chapter\n\n### Why did Neco not want Jehoahaz to be king?\n\nPharaoh Neco removed Jehoahaz from being the king of Judah because, for one thing, he wanted to show that he was the one who was in control of that kingdom. By picking the next king himself and changing his name, Neco was telling the Judeans, “You must not make your own king without my permission.” Neco also may have believed that Jehoahaz would have been a stronger and more independent ruler, so he made his brother Eliakim the king instead. This was Neco’s way of making sure Judah stayed weak and under his rule.\n\n### How did Jehoahaz get to Riblah?\n\nThe Bible does not say exactly how Jehoahaz got to Riblah, where Pharaoh Neco put him in prison. Some interpreters suggest that Neco summoned Jehoahaz and so Jehoahaz went to Riblah by himself, hoping to show respect or obedience to Pharaoh. Others suggest that Pharaoh Neco’s soldiers captured Jehoahaz and brought him to Riblah as a prisoner because Neco had ordered them to do that. Either way, Jehoahaz appeared before Neco at Riblah, in the region of Hamath, where Neco deposed him as king and made him his prisoner.\n\n## Translation Issues in This Chapter\n\n### The Mount of Destruction\n\nIn 23:13, when the author refers to the “Mount of Destruction,” he is making a word play on the name of that mountain. Because olive trees grew there, and because olive oil was used for anointing, it was known as the Mount of Anointing. The author changes one vowel and an “h” to a “th” in the word for “anointing” to get a word that means “destruction.” He is calling the mountain by that name in order to emphasize that the corrupt worship represented by the pagan shrines that Solomon built there led to the destruction of the kingdom. If you have decided to use the same names that the author does in each place in the book, you may want to say “the Mount of Destruction” in your translation. However, since it is difficult to translate a play on words in one language into another language, you may want to call this mountain by its familiar name, the Mount of Olives, so that your readers will know that the author is referring to that mountain near Jerusalem. You could explain in a footnote what name the biblical author uses in Hebrew.
23:1	lqfd		rc://*/ta/man/translate/writing-pronouns	וַ⁠יִּשְׁלַ֖ח הַ⁠מֶּ֑לֶךְ וַ⁠יַּאַסְפ֣וּ אֵלָ֔י⁠ו	1	The pronoun **they** refers to messengers whom King Josiah **sent** out. It may be helpful to clarify this for your readers. Alternate translation: [And the king sent out messengers who gathered to him]
23:2	b42w		rc://*/ta/man/translate/figs-explicitinfo	וַ⁠יַּ֣עַל הַ⁠מֶּ֣לֶךְ	1	See how you translated the similar expression in [1:3](../01/03.md). Alternate translation: [And the king went]
23:2	vdis		rc://*/ta/man/translate/figs-metaphor	בֵּית־יְהוָ֡ה	1	See how you translated the similar expression in [5:18](../05/18.md). Alternate translation: [to the temple of Yahweh]
23:2	am7m		rc://*/ta/man/translate/figs-hyperbole	וְ⁠כָל־אִ֣ישׁ יְהוּדָה֩ וְ⁠כָל־יֹשְׁבֵ֨י יְרוּשָׁלִַ֜ם	1	The author is saying **every** and **all** as an overstatement for emphasis. If it would be helpful in your language, you could use a different way to express the emphasis. Alternate translation: [and people from throughout Judah and the various parts of Jerusalem]
23:2	dph5		rc://*/ta/man/translate/figs-gendernotations	וְ⁠כָל־אִ֣ישׁ יְהוּדָה֩	1	Here the masculine term **man** has a generic sense that includes both men and women. If it would be helpful to your readers, you could use language in your translation that is clearly inclusive of both men and women. Alternate translation: [and every man and woman of Judah]
23:2	hr5t		rc://*/ta/man/translate/figs-merism	וְ⁠כָל־הָ⁠עָ֖ם לְ⁠מִ⁠קָּטֹ֣ן וְ⁠עַד־גָּד֑וֹל	1	The author is providing a further description of the crowd of people from **Judah** and **Jerusalem** who gathered at the temple. By naming two extremes, **small** and **great** (poor and rich, or ordinary and powerful, or young and old), he means those extremes and everything in between. If it would be helpful in your language, you could use an equivalent expression or plain language. Alternate translation: [including people from a wide range of ages and classes]
23:2	iaws		rc://*/ta/man/translate/figs-metonymy	בְ⁠אָזְנֵי⁠הֶ֗ם	1	See how you translated the similar expression in [18:26](../18/26.md). Alternate translation: [in their hearing]
23:2	dxp2		rc://*/ta/man/translate/figs-activepassive	הַ⁠נִּמְצָ֖א	1	The expression **having been found** is a passive verbal form. If your language would not use that form, you could express the idea in active form or in another way that would be natural in your language. Alternate translation: [that Hilkiah had found]
23:3	h9lv		rc://*/ta/man/translate/translate-symaction	וַ⁠יַּעֲמֹ֣ד הַ֠⁠מֶּלֶךְ עַֽל־הָ֨⁠עַמּ֜וּד	1	The author says in [11:14](../11/14.md) that it was a “custom” for a new king to stand “by the pillar,” apparently a certain one of the pillars on the temple porch, as a visible sign of his loyalty to Yahweh. Josiah had already been the king for 18 years, but he was now symbolizing that he and his people were making a new start by together pledging their loyalty to Yahweh. If it would be helpful to your readers, you could explain the significance of this action in the text or in a footnote. Alternate translation: [And the king stood by the pillar to show that he and his people were making a new start]
23:3	iezu		rc://*/ta/man/translate/figs-idiom	וַ⁠יִּכְרֹ֥ת אֶֽת־הַ⁠בְּרִ֣ית	1	See how you translated the similar expression in [11:4](../11/04.md). Alternate translation: [and he made a covenant]
23:3	iod1		rc://*/ta/man/translate/figs-metonymy	לִ⁠פְנֵ֣י יְהוָ֗ה	1	See how you translated the similar expression in [3:14](../03/14.md). Alternate translation: [in the presence of Yahweh]
23:3	zlhl		rc://*/ta/man/translate/figs-metaphor	לָ⁠לֶ֜כֶת אַחַ֤ר יְהוָה֙	1	See how you translated the similar expression in [8:18](../08/18.md). Alternate translation: [to live as Yahweh wished]
23:3	vsb2		rc://*/ta/man/translate/figs-doublet	מִצְוֺתָ֜י⁠ו וְ⁠אֶת־עֵדְוֺתָ֤י⁠ו וְ⁠אֶת־חֻקֹּתָי⁠ו֙	1	The terms **commandments**, **testimonies**, and **statutes** mean similar things. The author is using the three terms together for emphasis. If it would be clearer for your readers, you could express the emphasis with a single phrase. Alternate translation: [all of his commandments]
23:3	wkww		rc://*/ta/man/translate/figs-metaphor	בְּ⁠כָל־לֵ֣ב וּ⁠בְ⁠כָל־נֶ֔פֶשׁ	1	The author is referring to all of a person by naming two major components of a person, his **heart** and his **soul**. These represent overlapping aspects of the inner life of a person, representing a person’s thoughts, feelings, desires, and intentions. If it would be helpful in your language, you could use an equivalent expression or plain language. If you have already translated the book of 1 Kings, see how you translated the similar expression in [1 Kings 2:4](../1ki/02/04.md). Alternate translation: [wholeheartedly] or [with his entire being]
23:3	co4v		rc://*/ta/man/translate/figs-metaphor	לְ⁠הָקִ֗ים אֶת־דִּבְרֵי֙ הַ⁠בְּרִ֣ית הַ⁠זֹּ֔את	1	The author is speaking as if the **words of this covenant** were objects that Josiah could **raise up**. He means that Josiah pledged to make happen what the covenant said should happen. If it would be helpful in your language, you could state the meaning plainly. If you have already translated the book of 1 Kings, see how you translated the similar expression in [1 Kings 2:4](../1ki/02/04.md). Alternate translation: [to make happen what the covenant said] or [to bring the covenant back into effect]
23:3	g2t0		rc://*/ta/man/translate/figs-activepassive	הַ⁠כְּתֻבִ֖ים עַל־הַ⁠סֵּ֣פֶר הַ⁠זֶּ֑ה	1	The expression **written** is a passive verbal form. If your language would not use that form, you could express the idea in active form or in another way that would be natural in your language. Alternate translation: [that that scroll recorded]
23:3	ik5n		rc://*/ta/man/translate/figs-idiom	וַ⁠יַּעֲמֹ֥ד כָּל־הָ⁠עָ֖ם בַּ⁠בְּרִֽית	1	The author is using **stood in the covenant** as a common expression of his culture to mean “agreed to the covenant” or “became parties to the covenant.” If this phrase does not have that meaning in your language, you could use a comparable expression from your language that does have that meaning, or you could state the meaning plainly. Alternate translation: [And all of the people joined in the covenant] or [And all of the people agreed to the terms of the covenant]
23:4	cxen		rc://*/ta/man/translate/figs-activepassive	הָֽ⁠עֲשׂוּיִם֙	1	The expression **having been made** is a passive verbal form. If your language would not use that form, you could express the idea in active form or in another way that would be natural in your language. Alternate translation: [that previous kings had made] or [that previous kings had commanded their workers to make]
23:4	fbv7		rc://*/ta/man/translate/figs-metaphor	וּ⁠לְ⁠כֹ֖ל צְבָ֣א הַ⁠שָּׁמָ֑יִם	1	See how you translated the similar expression in [17:16](../17/16.md). Alternate translation: [and for all the lights in the sky] or [and for the heavenly bodies]
23:4	y4g6		rc://*/ta/man/translate/translate-symaction	וְ⁠נָשָׂ֥א אֶת־עֲפָרָ֖⁠ם בֵּֽית־אֵֽל	1	Bringing the **ashes** of the burned idolatrous objects to the city of **Bethel**, which was outside the borders of Judah but under Judean control, was a symbolic action by which Josiah showed that he wanted no trace of these objects to remain in his kingdom. Furthermore, since idolatry in Israel had begun when Jeroboam placed a calf image in Bethel, this was a symbolic way of sending idolatry back to where it began in order to end it definitively. If it would be helpful to your readers, you could explain the significance of this action in the text of your translation or in a footnote. Alternate translation: [and he sent their ashes out of Judah to Bethel, where Israel’s idolatry had begun]
23:5	f6b3		rc://*/ta/man/translate/figs-parallelism	לַ⁠שֶּׁ֤מֶשׁ וְ⁠לַ⁠יָּרֵ֨חַ֙ וְ⁠לַ⁠מַּזָּל֔וֹת וּ⁠לְ⁠כֹ֖ל צְבָ֥א הַ⁠שָּׁמָֽיִם	1	These two phrases mean basically the same thing. The second emphasizes the meaning of the first by repeating the same idea with different words. If it would be helpful to your readers, you could combine them and express the emphasis in another way. Alternate translation: [to the sun and to the moon and to the constellations, yes, to the whole army of the heavens]
23:6	hxbr		rc://*/ta/man/translate/translate-symaction	וַ⁠יַּשְׁלֵךְ֙ אֶת־עֲפָרָ֔⁠הּ עַל־קֶ֖בֶר בְּנֵ֥י הָ⁠עָֽם	1	Since any contact with a dead body, including walking over a grave, made a person ceremonially unclean ([Numbers 19:16](../../num/19/16.md)), throwing the **dust** of the **Asherah** pole that had been in the temple onto a **grave** was a symbolic action by which Josiah rendered the remains of this object unclean and completely unsuitable for use in worship. If it would be helpful to your readers, you could explain the significance of this action in the text or in a footnote. Alternate translation: [and he threw its dust over the grave of the sons of the people to make it defiled]
23:6	fq30		rc://*/ta/man/translate/grammar-collectivenouns	קֶ֖בֶר	1	In this verse, the word **grave** is singular in form, but it refers to all of the graves in this area outside Jerusalem. It appears that people who could not afford a tomb cut into rock were buried in a common plot there. If it would be helpful in your language, you could use the plural form of “grave.” Alternate translation: [the graves of]
23:6	rnrk		rc://*/ta/man/translate/figs-idiom	בְּנֵ֥י הָ⁠עָֽם	1	See how you translated the similar expression in [2:16](../02/16.md). Alternate translation: [the common people]
23:7	byyd		rc://*/ta/man/translate/figs-explicitinfo	אֲשֶׁ֣ר הַ⁠נָּשִׁ֗ים אֹרְג֥וֹת שָׁ֛ם בָּתִּ֖ים לָ⁠אֲשֵׁרָֽה	1	It might seem that this expression contains extra information that would not be natural to express in your language. If so, you can shorten it. You can do the same with the similar expression in the next verse. Alternate translation: [where women were weaving houses for Asherah]
23:7	cklb		rc://*/ta/man/translate/figs-metaphor	אֲשֶׁ֣ר הַ⁠נָּשִׁ֗ים אֹרְג֥וֹת שָׁ֛ם בָּתִּ֖ים לָ⁠אֲשֵׁרָֽה	1	Since actual **houses** are not something that people make by **weaving**, the author seems to be using the term to represent something else. Interpreters are not entirely sure what this was, but many suggest that these were either fabric coverings for images of Asherah or small, decorated tents representing dwellings for Asherah. If it would be helpful in your language, you could suggest one of these meanings in your translation. You could also use a general expression. Alternate translation: [where women wove coverings for Asherah images] or [where women did weaving for Asherah]
23:8	t1l5		rc://*/ta/man/translate/figs-merism	מִ⁠גֶּ֖בַע עַד־בְּאֵ֣ר שָׁ֑בַע	1	The author is referring to all of the territory of Judah by naming two extremes, the city of Geba at its northern edge and the city of Beersheba in the far south. If it would be helpful in your language, you could use an equivalent expression or plain language. Alternate translation: [throughout the territory of Judah]
23:8	mhb9		rc://*/ta/man/translate/figs-metonymy	אֶת־בָּמ֣וֹת הַ⁠שְּׁעָרִ֗ים	1	The author is using the expression **high places** to represent the kind of shrines that people built on high places, that is, on hilltops. Since these were in cities, at their **gates**, they would not necessarily have been in the highest location in a given area. If it would be helpful in your language, you could use an equivalent expression or plain language. Alternate translation: [the gate shrines]
23:8	r291		rc://*/ta/man/translate/figs-gendernotations	אִ֖ישׁ	1	Here the masculine term **man** has a generic sense that includes both men and women. If it would be helpful to your readers, you could use language in your translation that is clearly inclusive of both men and women. Alternate translation: [a person]
23:8	sxck		rc://*/ta/man/translate/figs-explicit	בְּ⁠שַׁ֥עַר הָ⁠עִֽיר	1	The author assumes that readers will understand that by **the gate**, he means the main gate of Jerusalem. You could indicate this explicitly in your translation if that would be helpful to your readers. Alternate translation: [at the main gate of the city]
23:9	n2cv		rc://*/ta/man/translate/writing-background	אַ֗ךְ לֹ֤א יַֽעֲלוּ֙ כֹּהֲנֵ֣י הַ⁠בָּמ֔וֹת אֶל־מִזְבַּ֥ח יְהוָ֖ה בִּ⁠ירוּשָׁלִָ֑ם כִּ֛י אִם־אָכְל֥וּ מַצּ֖וֹת בְּ⁠ת֥וֹךְ אֲחֵי⁠הֶֽם	1	The author is providing background information about the priests he described in the previous verse. In your translation, introduce this information in a way that would be natural in your own language and culture.
23:9	pk0n		rc://*/ta/man/translate/translate-symaction	לֹ֤א יַֽעֲלוּ֙ כֹּהֲנֵ֣י הַ⁠בָּמ֔וֹת אֶל־מִזְבַּ֥ח יְהוָ֖ה בִּ⁠ירוּשָׁלִָ֑ם	1	Not allowing the **priests** who had previously served at the **high places** was a symbolic action by which Josiah kept any trace of false worship away from the Jerusalem temple. These priests were descendants of Aaron who had been burning incense to Yahweh, but they had been doing so at unauthorized locations. This worship was therefore impure, and those who had led the people in it had to be kept away from Yahweh’s altar. If it would be helpful to your readers, you could explain the significance of this action in the text of your translation or in a footnote.
23:9	s911		rc://*/ta/man/translate/figs-idiom	לֹ֤א יַֽעֲלוּ֙ & אֶל־מִזְבַּ֥ח יְהוָ֖ה	1	The author is using **go up to the altar** as a common expression of his culture to mean “offer sacrifices on the altar.” If this phrase does not have that meaning in your language, you could use a comparable expression from your language that does have that meaning, or you could state the meaning plainly. Alternate translation: [serve at the altar of Yahweh] or [offer sacrifices on the altar of Yahweh]
23:9	o3x7		rc://*/ta/man/translate/figs-synecdoche	כִּ֛י אִם־אָכְל֥וּ מַצּ֖וֹת	1	The author is using one kind of food that the priests received as their share of sacrifices, the **unleavened bread** that they made from grain offerings, to mean all of the food that the priests received from sacrifices for their support. If it would be helpful in your language, you could state the meaning plainly. Alternate translation: [However, they were allowed to live off the food from the priests’ share of the sacrifices]
23:9	s2g4		rc://*/ta/man/translate/figs-metaphor	בְּ⁠ת֥וֹךְ אֲחֵי⁠הֶֽם	1	The author is speaking as if the other priests were actually the **brothers** of these priests who had been serving at hilltop shrines. If it would be helpful in your language, you could state the meaning plainly. Alternate translation: [together with their fellow priests]
23:10	fyy0		rc://*/ta/man/translate/figs-idiom	לְ⁠בִלְתִּ֗י לְ⁠הַעֲבִ֨יר אִ֜ישׁ אֶת־בְּנ֧⁠וֹ וְ⁠אֶת־בִּתּ֛⁠וֹ בָּ⁠אֵ֖שׁ לַ⁠מֹּֽלֶךְ	1	See how you translated the similar expression in [16:3](../16/03.md). Alternate translation: [so that no one could burn up his son or his daughter completely as an offering to Molech]
23:11	hnoo		rc://*/ta/man/translate/figs-explicitinfo	וְ⁠אֶת־מַרְכְּב֥וֹת הַ⁠שֶּׁ֖מֶשׁ שָׂרַ֥ף בָּ⁠אֵֽשׁ	1	It might seem that this expression contains extra information that would not be natural to express in your language. If so, you can use an expression that would be natural. Alternate translation: [And he burned up the chariots of the sun]
23:12	gmp1		rc://*/ta/man/translate/figs-explicit	אֲשֶׁ֣ר עַל־הַ⁠גָּג֩ עֲלִיַּ֨ת אָחָ֜ז	1	This could mean: (1) that these **altars** were on the **roof** of an **upper chamber** that **Ahaz** had built somewhere in the palace complex. Alternate translation: [that were on the roof of the upper chamber of Ahaz] or (2) that these **altars** were on the **roof** of the palace, near an **upper chamber** that **Ahaz** had built. Alternate translation: [that were on the palace roof near the upper chamber of Ahaz]
23:12	rwt8		rc://*/ta/man/translate/figs-hendiadys	וַ⁠יָּ֣רָץ מִ⁠שָּׁ֔ם וְ⁠הִשְׁלִ֥יךְ אֶת־עֲפָרָ֖⁠ם אֶל־נַ֥חַל קִדְרֽוֹן	1	The verbs **ran** and **threw** together express a single idea. The word **ran** tells in what way Josiah removed the dust and **threw** it into the Kidron Valley (or had his servants do this). If it would be more natural in your language, you could express this meaning in a different way. Alternate translation: [And he hastened to have their dust thrown into the Valley of Kidron]
23:13	ety1		rc://*/ta/man/translate/figs-metonymy	אֲשֶׁ֣ר ׀ עַל־פְּנֵ֣י יְרוּשָׁלִַ֗ם	1	See how you translated the similar expression in [4:12](../04/12.md). Alternate translation: [that were in front of Jerusalem] or [that were opposite Jerusalem]
23:13	lfvl		rc://*/ta/man/translate/figs-explicit	אֲשֶׁר֮ מִ⁠ימִ֣ין	1	The author is speaking of directions in the way characteristic of his culture, in which people described directions as if a person were facing east, toward the sunrise. The south would be to the right of such a person. So the author means these **high places** were on the south side of the mountain. Alternate translation: [that were on the south side of]
23:13	hl0c		rc://*/ta/man/translate/translate-names	לְ⁠הַר־הַ⁠מַּשְׁחִית֒	1	See the discussion of this name in the introduction to this chapter. Alternate translation: [the Mount of Olives]
23:13	d7xe		rc://*/ta/man/translate/figs-metaphor	בְּנֵֽי־עַמּ֑וֹן	1	See how you translated the similar expression in [8:12](../08/12.md). Alternate translation: [the Ammonites]
23:14	ojqg		rc://*/ta/man/translate/translate-symaction	וַ⁠יְמַלֵּ֥א אֶת־מְקוֹמָ֖⁠ם עַצְמ֥וֹת אָדָֽם	1	Since contact with a dead body caused ritual uncleanness, putting human bones on the sites of these high places made them unsuitable for any further use in worship. See how you explained the significance of Josiah’s similar action of scattering the dust of the vessels of Baal and Asherah on human graves in [23:6](../23/06.md).
23:16	wupf		rc://*/ta/man/translate/figs-metonymy	כִּ⁠דְבַ֣ר יְהוָ֗ה	1	See how you translated the similar expression in [1:7](../01/07.md). Alternate translation: [according to the message from Yahweh]
23:16	t290		rc://*/ta/man/translate/figs-explicitinfo	אֲשֶׁ֤ר קָרָא֙ אִ֣ישׁ הָ⁠אֱלֹהִ֔ים אֲשֶׁ֣ר קָרָ֔א אֶת־הַ⁠דְּבָרִ֖ים הָ⁠אֵֽלֶּה	1	It might seem that this expression contains extra information that would not be natural to express in your language. If so, you can shorten it. Alternate translation: [about these things that the man of God had proclaimed]
23:17	rjgw		rc://*/ta/man/translate/figs-ellipsis	הַ⁠קֶּ֤בֶר אִישׁ־הָֽ⁠אֱלֹהִים֙	1	The men of the city are leaving out some of the words that in many languages a sentence would need in order to be complete. You can supply these words from the context if that would be clearer in your language. Alternate translation: [That monument is the grave of the man of God]
23:18	ca7o		rc://*/ta/man/translate/figs-parallelism	הַנִּ֣יחוּ ל֔⁠וֹ אִ֖ישׁ אַל־יָנַ֣ע עַצְמֹתָ֑י⁠ו	1	Josiah is using two phrases to say basically the same thing, first positively and then negatively. The repetition emphasizes the idea that the phrases convey. If it would be helpful to your readers, you could combine the phrases and express the emphasis in another way. Alternate translation: [Let no one disturb his bones at all]
23:18	zu68		rc://*/ta/man/translate/writing-pronouns	וַֽ⁠יְמַלְּטוּ֙ עַצְמֹתָ֔י⁠ו	1	Here the author is using the pronoun **they** in a general sense, not to refer to specific people. Use an expression for this that would be natural in your language. Alternate translation: [So the men of the city rescued his bones]
23:18	s5o7		rc://*/ta/man/translate/translate-names	הַ⁠נָּבִ֔יא אֲשֶׁר־בָּ֖א מִ⁠שֹּׁמְרֽוֹן	1	To translate the name **Samaria**, meaning the northern kingdom of Israel, here and in the next verse, see how you decided to represent it in [17:24](../17/24.md). Alternate translation: [the prophet who was from the northern kingdom]
23:19	kyiv		rc://*/ta/man/translate/figs-metaphor	בָּתֵּ֨י הַ⁠בָּמ֜וֹת	1	See how you translated the similar expression in [5:18](../05/18.md). Alternate translation: [the shrines on high places]
23:19	o3e8		rc://*/ta/man/translate/figs-explicit	לְ⁠הַכְעִ֔יס	1	The author assumes that readers will understand that by **provoking anger**, he means that the **kings of Israel** provoked Yahweh’s anger when they made these shrines. You could indicate this explicitly in your translation if that would be helpful to your readers. Alternate translation: [provoking Yahweh’s anger]
23:20	ex5r		rc://*/ta/man/translate/figs-explicit	וַ֠⁠יִּזְבַּח	1	The author does not mean that Josiah **sacrificed** these **priests** to Yahweh. He did not offer them on these **altars** as human sacrifices. Rather, he means that Josiah slaughtered them right on their pagan altars as if they had been sacrifices. It may be helpful to clarify this for your readers. Alternate translation: [And he slaughtered]
23:21	deco		rc://*/ta/man/translate/figs-activepassive	כַּ⁠כָּת֕וּב עַ֛ל סֵ֥פֶר הַ⁠בְּרִ֖ית הַ⁠זֶּֽה	1	The expression **written** is a passive verbal form. If your language would not use that form, you could express the idea in active form or in another way that would be natural in your language. Alternate translation: [as this scroll of the covenant specifies]
23:22	fd5v		rc://*/ta/man/translate/writing-background	כִּ֣י לֹ֤א נַֽעֲשָׂה֙ כַּ⁠פֶּ֣סַח הַ⁠זֶּ֔ה	1	The author is providing background information to help readers understand the significance of what Josiah did in this instance. In your translation, introduce this information in a way that would be natural in your own language and culture.
23:22	j29v		rc://*/ta/man/translate/figs-activepassive	לֹ֤א נַֽעֲשָׂה֙ כַּ⁠פֶּ֣סַח הַ⁠זֶּ֔ה	1	The expression **had not been done** contains a passive verbal form. If your language would not use that form, you could express the idea in active form or in another way that would be natural in your language. Alternate translation: [no one had observed the Passover in this way]
23:22	fr14		rc://*/ta/man/translate/figs-metonymy	מִ⁠ימֵי֙ הַ⁠שֹּׁ֣פְטִ֔ים	1	See how you translated the similar expression in [10:36](../10/36.md). Alternate translation: [from the time of the judges]
23:22	rmzu		rc://*/ta/man/translate/writing-poetry	הַ⁠שֹּׁ֣פְטִ֔ים אֲשֶׁ֥ר שָׁפְט֖וּ אֶת־יִשְׂרָאֵ֑ל	1	The author is using a construction in which a verb and its object come from the same root. You may be able to use the same construction in your language to express the meaning here. Alternatively, your language may have another way of saying this. Alternate translation: [the Israelite judges]
23:23	spl3		rc://*/ta/man/translate/grammar-connect-exceptions	כִּ֗י אִם־בִּ⁠שְׁמֹנֶ֤ה עֶשְׂרֵה֙ שָׁנָ֔ה לַ⁠מֶּ֖לֶךְ יֹֽאשִׁיָּ֑הוּ נַעֲשָׂ֞ה הַ⁠פֶּ֧סַח הַ⁠זֶּ֛ה לַ⁠יהוָ֖ה בִּ⁠ירוּשָׁלִָֽם	1	If it would appear in your language that the author was making a statement and then contradicting it, you could reword this as a positive statement, combining verses 22 and 23. Alternate translation: [The only occasion on which the Israelites celebrated Passover during the whole time that the judges judged Israel and kings ruled in Israel and Judah was in the eighteenth year of King Josiah, when the people of Jerusalem observed Passover for Yahweh]
23:23	ed94		rc://*/ta/man/translate/figs-activepassive	נַעֲשָׂ֞ה הַ⁠פֶּ֧סַח הַ⁠זֶּ֛ה	1	The expression **was done** is a passive verbal form. If your language would not use that form, you could express the idea in active form or in another way that would be natural in your language. Alternate translation: [the people observed this Passover]
23:24	ib0s		rc://*/ta/man/translate/translate-unknown	אֶת־הָ⁠אֹב֣וֹת וְ⁠אֶת־הַ֠⁠יִּדְּעֹנִים	1	See how you translated these expressions in [21:6](../21/06.md).
23:24	qsgq		rc://*/ta/man/translate/translate-unknown	וְ⁠אֶת־הַ⁠תְּרָפִ֨ים	1	The term **teraphim** describes idols that people in this culture kept in their homes. If your readers would not be familiar with what these were, in your translation you could use the name of a similar thing that your readers would recognize, or you could use a general expression. If you have already translated the book of 1 Samuel, see how you translated the similar expression in [1 Samuel 15:23](../1sa/15/23.md). Alternate translation: [and the household idols]
23:24	sug6		rc://*/ta/man/translate/figs-idiom	אֲשֶׁ֤ר נִרְאוּ֙	1	The author is using the term **seen** in a way characteristic of his language and culture to mean that these **abominations** could be seen, that is, they were present in **Judah** and **Jerusalem**. If it would be helpful in your language, you could state the meaning plainly. See how you translated the comparable expression “that was found” in [20:13](../20/13.md). Alternate translation: [that were]
23:24	v9ul		rc://*/ta/man/translate/figs-metaphor	לְ֠מַעַן הָקִ֞ים & עַל	1	See how you translated the similar expression in [23:3](../23/03.md). Alternate translation: [in order to bring back into effect]
23:24	rpx2		rc://*/ta/man/translate/figs-activepassive	הַ⁠כְּתֻבִ֣ים עַל־הַ⁠סֵּ֔פֶר	1	See how you translated the similar expression in [23:3](../23/03.md). Alternate translation: [that the scroll recorded]
23:25	gaki		rc://*/ta/man/translate/figs-metonymy	לְ⁠פָנָ֜י⁠ו	1	See how you translated the similar expression in [17:2](../17/02.md). Alternate translation: [before him]
23:25	ozw1		rc://*/ta/man/translate/figs-metaphor	בְּ⁠כָל־לְבָב֤⁠וֹ וּ⁠בְ⁠כָל־נַפְשׁ⁠וֹ֙ וּ⁠בְ⁠כָל־מְאֹד֔⁠וֹ	1	See how you translated the similar expression in [23:3](../23/03.md). Alternate translation: [energetically with his entire being]
23:25	hutf		rc://*/ta/man/translate/figs-metaphor	לֹֽא־קָ֥ם כָּמֹֽ⁠הוּ	1	The author is speaking as if a later king might have physically **arisen**, or gone up into the air or to an elevated location. In contexts such as this, this expression describes a person assuming a powerful position. If you have already translated the book of 1 Kings, see how you translated the similar expression in [1 Kings 14:7](../1ki/14/07.md). Alternate translation: [one like him has not come to power] or [one like him has not reigned]
23:26	wz33		rc://*/ta/man/translate/figs-idiom	לֹֽא־שָׁ֣ב יְהוָ֗ה מֵ⁠חֲר֤וֹן אַפּ⁠וֹ֙ הַ⁠גָּד֔וֹל אֲשֶׁר־חָרָ֥ה אַפּ֖⁠וֹ בִּֽ⁠יהוּדָ֑ה	1	See how you translated the similar expression in [13:13](../13/13.md). Alternate translation: [Yahweh remained very angry with the anger that he felt against Judah]
23:26	h8v8		rc://*/ta/man/translate/writing-poetry	לֹֽא־שָׁ֣ב יְהוָ֗ה מֵ⁠חֲר֤וֹן אַפּ⁠וֹ֙ הַ⁠גָּד֔וֹל אֲשֶׁר־חָרָ֥ה אַפּ֖⁠וֹ בִּֽ⁠יהוּדָ֑ה	1	The author is using a construction in which a verb (**burned**) and its object (**burning**) come from the same root. You may be able to use the same construction in your language to express the meaning here. Alternatively, whether or not you retain some or all of the image in your translation, your language may have another way of saying this. Alternate translation: [Yahweh’s anger continued to burn greatly against Judah] or [Yahweh continued to feel very great anger against Judah]
23:26	aqzj		rc://*/ta/man/translate/writing-poetry	כָּל־הַ⁠כְּעָסִ֔ים אֲשֶׁ֥ר הִכְעִיס֖⁠וֹ מְנַשֶּֽׁה	1	In this instance as well, the author is using a construction in which a verb (**provoked**) and its object (**provocations**) come from the same root. You may be able to use the same construction in your language to express the meaning here. Alternatively, your language may have another way of saying this. Alternate translation: [all that things that Manasseh had done that made him angry]
23:27	dtqh		rc://*/ta/man/translate/translate-tense	וַ⁠יֹּ֣אמֶר יְהוָ֗ה גַּ֤ם אֶת־יְהוּדָה֙ אָסִיר֙ מֵ⁠עַ֣ל פָּנַ֔⁠י כַּ⁠אֲשֶׁ֥ר הֲסִרֹ֖תִי אֶת־יִשְׂרָאֵ֑ל	1	The author seems to be rephrasing what Yahweh said in [21:13](../21/13.md), “I will stretch over Jerusalem the measuring line of Samaria.” So it would be appropriate to use a verbal form in your language, as the ULT does, that shows that this is something Yahweh had said in the past, not something that he said even after Josiah made all of his reforms.
23:27	pp1e		rc://*/ta/man/translate/figs-metonymy	מֵ⁠עַ֣ל פָּנַ֔⁠י	1	See how you translated the similar expression in [13:23](../13/23.md). Alternate translation: [away from this land]
23:27	u364		rc://*/ta/man/translate/figs-quotesinquotes	אָמַ֔רְתִּי יִהְיֶ֥ה שְׁמִ֖⁠י שָֽׁם	1	If it would be clearer in your language, you could translate this so that there is not a quotation within a quotation. Alternate translation: [I said that my name would be there]
23:27	j1s6		rc://*/ta/man/translate/figs-metonymy	יִהְיֶ֥ה שְׁמִ֖⁠י שָֽׁם	1	See how you translated the similar expression in [21:7](../21/07.md). Alternate translation: [It will be a special place for people to worship me]
23:28	xud2		rc://*/ta/man/translate/writing-endofstory	וְ⁠יֶ֛תֶר דִּבְרֵ֥י יֹאשִׁיָּ֖הוּ וְ⁠כָל־אֲשֶׁ֣ר עָשָׂ֑ה הֲ⁠לֹא־הֵ֣ם כְּתוּבִ֗ים עַל־סֵ֛פֶר דִּבְרֵ֥י הַ⁠יָּמִ֖ים לְ⁠מַלְכֵ֥י יְהוּדָֽה	1	In this verse and the next two verses, the author is concluding the story of Josiah. To translate this verse, see how you translated the similar phrases in [1:18](../01/18.md).
23:29	vr61		rc://*/ta/man/translate/figs-metonymy	בְּ⁠יָמָ֡י⁠ו	1	See how you translated the similar expression in [8:20](../08/20.md). Alternate translation: [During his reign]
23:29	n5o7		rc://*/ta/man/translate/figs-explicit	לִ⁠קְרָאת֔⁠וֹ	1	In this context, the word **meet** has the sense of “oppose.” Josiah was not coming to greet or support Neco but to fight him in order to keep him from marching his army through Judean territory. It may be helpful to clarify this for your readers. Alternate translation: [to oppose him]
23:29	d5c1		rc://*/ta/man/translate/writing-pronouns	וַ⁠יְמִיתֵ֨⁠הוּ֙	1	The pronoun **he** refers to Neco, while the pronoun **him** refers to Josiah. It may be helpful to clarify this for your readers. Alternate translation: [but Neco killed Josiah]
23:29	lh94		rc://*/ta/man/translate/figs-explicit	כִּ⁠רְאֹת֖⁠וֹ אֹתֽ⁠וֹ	1	In this context, the word **saw** has the sense of “encounter.” Josiah and Neco did not have a face-to-face meeting at or after which Neco killed Josiah. When their armies fought, Josiah was killed in the battle. It may be helpful to clarify this for your readers. Alternate translation: [when he encountered him]
23:30	my0d		rc://*/ta/man/translate/writing-pronouns	וַֽ⁠יִּקְבְּרֻ֖⁠הוּ	1	Here the author is using the pronoun **they** in a general sense, not to refer to specific people such as Josiah’s **servants** or soldiers, who are the subject in the previous sentence. Use an expression for this that would be natural in your language. Alternate translation: [And he was buried] or [And people buried him]
23:31	ih3y		rc://*/ta/man/translate/writing-participants	בֶּן־עֶשְׂרִ֨ים וְ⁠שָׁלֹ֤שׁ שָׁנָה֙ יְהוֹאָחָ֣ז בְּ⁠מָלְכ֔⁠וֹ וּ⁠שְׁלֹשָׁ֣ה חֳדָשִׁ֔ים מָלַ֖ךְ בִּ⁠ירוּשָׁלִָ֑ם וְ⁠שֵׁ֣ם אִמּ֔⁠וֹ חֲמוּטַ֥ל בַּֽת־יִרְמְיָ֖הוּ מִ⁠לִּבְנָֽה	1	In this verse and the next verse, the author is introducing **Jehoahaz** as a participant in the story as the new king of **Judah**. To translate this verse, see how you translated the similar expressions in [8:26](../08/26.md).
23:32	caiz		rc://*/ta/man/translate/figs-idiom	וַ⁠יַּ֥עַשׂ הָ⁠רַ֖ע בְּ⁠עֵינֵ֣י יְהוָ֑ה	1	See how you translated the similar expression in [3:2](../03/02.md). Alternate translation: [And he did what Yahweh considered to be evil]
23:32	jic0		rc://*/ta/man/translate/figs-metaphor	אֲבֹתָֽי⁠ו	1	See how you translated the similar expression in [8:24](../08/24.md). Alternate translation: [his ancestors]
23:33	z15p		rc://*/ta/man/translate/translate-bweight	מֵאָ֥ה כִכַּר־כֶּ֖סֶף וְ⁠כִכַּ֥ר זָהָֽב	1	See how you decided to represent the weight of a kikkar in [5:5](../05/05.md).
23:34	ejp0		rc://*/ta/man/translate/translate-symaction	וַ⁠יַּסֵּ֥ב אֶת־שְׁמ֖⁠וֹ יְהוֹיָקִ֑ים	1	Changing Eliakim’s name was a symbolic action by which Neco asserted his sovereignty over Judah and its ruler. (Since Eliakim means “God will establish” while Jehoiakim means “Yahweh will establish,” it is possible that Neco allowed Eliakim to choose his own new name. The symbolic significance was in the fact that Neco forced him to change his name.) If it would be helpful to your readers, you could explain the significance of this action in the text or in a footnote. Alternate translation: [and he changed his name to Jehoiakim to assert his sovereignty over him]
23:35	uy62		rc://*/ta/man/translate/figs-metonymy	אַ֚ךְ הֶעֱרִ֣יךְ אֶת־הָ⁠אָ֔רֶץ	1	Here, **the land** represents the people who lived in the land of Judah. If it would be helpful in your language, you could use an equivalent expression or plain language. Alternate translation: [but he assessed the people of the land] [but he determined how much each person should pay]
23:35	b0uw		rc://*/ta/man/translate/figs-metonymy	אֶת־הַ⁠כֶּ֖סֶף עַל־פִּ֣י פַרְעֹ֑ה	1	Here, Pharoah’s **mouth** represents what he said by using his mouth. If it would be helpful in your language, you could use an equivalent expression or plain language. Alternate translation: [the amount of silver that Pharaoh had demanded]
23:35	fjad		rc://*/ta/man/translate/figs-synecdoche	וְ⁠הַ⁠כֶּ֣סֶף	1	The author is using one thing that Neco had demanded, the **silver**, to mean both things that Neco demanded, the silver and the gold. If it would be helpful in your language, you could state the meaning plainly. Alternate translation: [the silver and gold]
23:36	vyxm		rc://*/ta/man/translate/writing-participants	בֶּן־עֶשְׂרִ֨ים וְ⁠חָמֵ֤שׁ שָׁנָ֨ה יְהוֹיָקִ֣ים בְּ⁠מָלְכ֔⁠וֹ וְ⁠אַחַ֤ת עֶשְׂרֵה֙ שָׁנָ֔ה מָלַ֖ךְ בִּ⁠ירוּשָׁלִָ֑ם וְ⁠שֵׁ֣ם אִמּ֔⁠וֹ זבידה בַת־פְּדָיָ֖ה מִן־רוּמָֽה	1	In this verse and the next verse, the author is introducing **Jehoiakim** as a participant in the story as the new king of **Judah**. To translate this verse, see how you translated the similar expressions in [8:26](../08/26.md).
23:37	njtb		rc://*/ta/man/translate/figs-idiom	וַ⁠יַּ֥עַשׂ הָ⁠רַ֖ע בְּ⁠עֵינֵ֣י יְהוָ֑ה	1	See how you translated the similar expression in [3:2](../03/02.md). Alternate translation: [And he did what Yahweh considered to be evil]
24:intro	abco				0	# 2 Kings 24 Introduction\n\n## Structure and Formatting\n\nIn this chapter (continuing from the previous chapter and into the next chapter), the author tells what the last three kings were like who ruled the kingdom of Judah.\n\n  1. King Jehoiakim of Judah (23:36–24:7)\n  2. King Jehoiachin of Judah (24:8–17)\n  3. King Zedekiah of Judah (24:18–25:7)
24:1	wpsd		rc://*/ta/man/translate/figs-metonymy	בְּ⁠יָמָ֣י⁠ו	1	See how you translated the similar expression in [8:20](../08/20.md). Alternate translation: [During his reign]
24:1	ija2		rc://*/ta/man/translate/figs-explicitinfo	עָלָ֔ה	1	See how you translated the similar expression in [1:3](../01/03.md). Alternate translation: [came] or [invaded]
24:1	h229		rc://*/ta/man/translate/figs-metaphor	וַ⁠יָּ֖שָׁב	1	The author is speaking as if Jehoiakim had been away somewhere and **returned**. He means that he decided to become a vassal of Egypt once again and so stopped serving Nebuchadnezzar. If it would be helpful in your language, you could state the meaning plainly. Alternate translation: [Then he resumed his previous loyalty to Egypt]
24:2	gguj		rc://*/ta/man/translate/translate-names	כַשְׂדִּים֩	1	The term **Chaldeans** is another name for the people group also known as Babylonians. If you have decided to use the same names in your translation that the biblical author does in each place, you may wish to use the name Chaldeans here. If you have decided to use the same names for people and groups throughout your translation, you may wish to use the name Babylonians here.
24:2	yt3d		rc://*/ta/man/translate/figs-metonymy	וְ⁠אֶת־גְּדוּדֵ֨י אֲרָ֜ם וְ⁠אֵ֣ת ׀ גְּדוּדֵ֣י מוֹאָ֗ב	1	See how you translated the similar expression in [1:1](../01/01.md). Alternate translation: [and raiding bands of Arameans and raiding bands of Moabites]
24:2	sxvz		rc://*/ta/man/translate/figs-metaphor	בְנֵֽי־עַמּ֔וֹן	1	See how you translated the similar expression in [8:12](../08/12.md). Alternate translation: [Ammonites]
24:2	zunp		rc://*/ta/man/translate/writing-pronouns	כִּ⁠דְבַ֣ר יְהוָ֔ה	1	Since the author has already used the name Yahweh earlier in this verse, it may be more natural in your language to use a pronoun here. Alternate translation: [according to his word]
24:2	oho2		rc://*/ta/man/translate/figs-metonymy	בְּ⁠יַ֖ד עֲבָדָ֥י⁠ו הַ⁠נְּבִיאִֽים	1	See how you translated the similar expression in [9:36](../09/36.md). Alternate translation: [through the agency of his servants the prophets]
24:3	gjl7		rc://*/ta/man/translate/figs-metonymy	עַל־פִּ֣י יְהוָ֗ה	1	See how you translated the similar expression in [23:35](../23/35.md). Alternate translation: [to fulfill what Yahweh had said]
24:3	p9l9		rc://*/ta/man/translate/figs-idiom	הָֽיְתָה֙ בִּֽ⁠יהוּדָ֔ה	1	The author is speaking in a way that is characteristic of his culture by using a feminine verb, **it was**, to refer to a general situation. If it would be helpful to your readers, you could use a comparable expression from your language, or you could state the meaning plainly. Alternate translation: [this came upon Judah] or [all of this happened to Judah]
24:3	afx0		rc://*/ta/man/translate/figs-metonymy	מֵ⁠עַ֣ל פָּנָ֑י⁠ו	1	See how you translated the similar expression in [13:23](../13/23.md). Alternate translation: [away from their land]
24:4	u7ya		rc://*/ta/man/translate/figs-metonymy	דַּֽם־הַ⁠נָּקִי֙ אֲשֶׁ֣ר שָׁפָ֔ךְ	1	See how you translated the similar expression in [21:16](../21/16.md). Alternate translation: [because he had killed many innocent people]
24:4	kum9		rc://*/ta/man/translate/figs-metaphor	וַ⁠יְמַלֵּ֥א אֶת־יְרוּשָׁלִַ֖ם דָּ֣ם נָקִ֑י	1	See how you translated the similar expression in [21:16](../21/16.md). Alternate translation: [for he had killed innocent people violently in every part of Jerusalem]
24:5	cgrq		rc://*/ta/man/translate/writing-endofstory	וְ⁠יֶ֛תֶר דִּבְרֵ֥י יְהוֹיָקִ֖ים וְ⁠כָל־אֲשֶׁ֣ר עָשָׂ֑ה הֲ⁠לֹא־הֵ֣ם כְּתוּבִ֗ים עַל־סֵ֛פֶר דִּבְרֵ֥י הַ⁠יָּמִ֖ים לְ⁠מַלְכֵ֥י יְהוּדָֽה	1	In this verse and the next verse, the author is concluding the story of Jehoiakim. To translate this verse, see how you translated the similar phrases in [1:18](../01/18.md).
24:6	gtbm		rc://*/ta/man/translate/figs-euphemism	וַ⁠יִּשְׁכַּ֥ב יְהוֹיָקִ֖ים עִם־אֲבֹתָ֑י⁠ו	1	See how you translated the same expression in [8:24](../08/24.md). Alternate translation: [And Jehoiakim passed away] or [And Jehoiakim died]
24:7	ogdu		rc://*/ta/man/translate/grammar-connect-logic-result	וְ⁠לֹֽא־הֹסִ֥יף עוֹד֙ מֶ֣לֶךְ מִצְרַ֔יִם לָ⁠צֵ֖את מֵֽ⁠אַרְצ֑⁠וֹ כִּֽי־לָקַ֞ח מֶ֣לֶךְ בָּבֶ֗ל מִ⁠נַּ֤חַל מִצְרַ֨יִם֙ עַד־נְהַר־פְּרָ֔ת כֹּ֛ל אֲשֶׁ֥ר הָיְתָ֖ה לְ⁠מֶ֥לֶךְ מִצְרָֽיִם	1	If it would be more natural in your language, you could reverse the order of these phrases, since the second phrase gives the reason for the result that the first phrase describes. Alternate translation: [And since the king of Babylon took all that had been to the king of Egypt from the wadi of Egypt to the Euphrates River the king of Egypt did not resume again to go out from his land]
24:7	fxbu		rc://*/ta/man/translate/figs-explicitinfo	וְ⁠לֹֽא־הֹסִ֥יף עוֹד֙ מֶ֣לֶךְ מִצְרַ֔יִם לָ⁠צֵ֖את מֵֽ⁠אַרְצ֑⁠וֹ	1	It might seem that the expression **did not resume again** contains extra information that would not be natural to express in your language. If so, you can shorten it. Alternate translation: [And the king of Egypt did not go out from his land anymore]
24:8	axck		rc://*/ta/man/translate/writing-participants	בֶּן־שְׁמֹנֶ֨ה עֶשְׂרֵ֤ה שָׁנָה֙ יְהוֹיָכִ֣ין בְּ⁠מָלְכ֔⁠וֹ וּ⁠שְׁלֹשָׁ֣ה חֳדָשִׁ֔ים מָלַ֖ךְ בִּ⁠ירוּשָׁלִָ֑ם וְ⁠שֵׁ֣ם אִמּ֔⁠וֹ נְחֻשְׁתָּ֥א בַת־אֶלְנָתָ֖ן מִ⁠ירוּשָׁלִָֽם	1	In this verse and the next verse, the author is introducing **Jehoiachin** as a participant in the story as the new king of **Judah**. To translate this verse, see how you translated the similar expressions in [8:26](../08/26.md).
24:9	j9rs		rc://*/ta/man/translate/figs-idiom	וַ⁠יַּ֥עַשׂ הָ⁠רַ֖ע בְּ⁠עֵינֵ֣י יְהוָ֑ה	1	See how you translated the similar expression in [3:2](../03/02.md). Alternate translation: [And he did what Yahweh considered to be evil]
24:10	i9de		rc://*/ta/man/translate/figs-idiom	וַ⁠תָּבֹ֥א הָ⁠עִ֖יר בַּ⁠מָּצֽוֹר	1	The author is using **entered into siege** as a common expression of his culture to mean that the **servants of Nebuchadnezzar** (his military commanders) besieged the city. If this phrase does not have that meaning in your language, you could use a comparable expression from your language that does have that meaning, or you could state the meaning plainly. Alternate translation: [and the city came under siege] or [and they besieged the city]
24:12	iz7n		rc://*/ta/man/translate/translate-ordinal	בִּ⁠שְׁנַ֥ת שְׁמֹנֶ֖ה לְ⁠מָלְכֽ⁠וֹ	1	See how you translated the similar expression in [8:25](../08/25.md). Alternate translation: [in the eighth year of his reign]
24:13	uw69		rc://*/ta/man/translate/figs-metonymy	אֶת־כָּל־אוֹצְרוֹת֙ בֵּ֣ית יְהוָ֔ה וְ⁠אֽוֹצְר֖וֹת בֵּ֣ית הַ⁠מֶּ֑לֶךְ	1	The plural form **treasuries** suggests that these terms represent the valuable items that were in the treasury of each building. If it would be helpful in your language, you could use an equivalent expression or plain language. Alternate translation: [all of the valuable items that were in the treasury of the house of Yahweh and the treasury of the house of the king]
24:13	bhm3		rc://*/ta/man/translate/figs-metaphor	בֵּ֣ית יְהוָ֔ה	1	See how you translated the similar expression in [5:18](../05/18.md). Alternate translation: [the temple of Yahweh]
24:13	pr5v		rc://*/ta/man/translate/figs-explicit	וַ⁠יְקַצֵּ֞ץ אֶת־כָּל־כְּלֵ֣י הַ⁠זָּהָ֗ב	1	As the use of the verb translated as **cut off** in [16:17](../16/17.md) and [18:16](../18/16.md) indicates, the author means that Nebuchadnezzar had his men cut the **gold** off of these **furnishings**. It may be helpful to clarify this for your readers. Alternate translation: [and he cut the gold off all of the furnishings]
24:14	oop3		rc://*/ta/man/translate/figs-infostructure	וְ⁠הִגְלָ֣ה אֶת־כָּל־יְ֠רוּשָׁלִַם וְֽ⁠אֶת־כָּל־הַ⁠שָּׂרִ֞ים וְ⁠אֵ֣ת ׀ כָּל־גִּבּוֹרֵ֣י הַ⁠חַ֗יִל עשרה אֲלָפִים֙ גּוֹלֶ֔ה וְ⁠כָל־הֶ⁠חָרָ֖שׁ וְ⁠הַ⁠מַּסְגֵּ֑ר	1	If it would be more natural in your language, you may want to put the information about **every craftsman and smith** with the information about the **commanders** and **warriors**. Alternate translation: [And he exiled all of Jerusalem and all of the commanders and all of the mighty of valor and every craftsman and smith, exiling 10,000]
24:14	rcdn		rc://*/ta/man/translate/figs-hyperbole	וְ⁠הִגְלָ֣ה אֶת־כָּל־יְ֠רוּשָׁלִַם וְֽ⁠אֶת־כָּל־הַ⁠שָּׂרִ֞ים וְ⁠אֵ֣ת ׀ כָּל־גִּבּוֹרֵ֣י הַ⁠חַ֗יִל & וְ⁠כָל־הֶ⁠חָרָ֖שׁ וְ⁠הַ⁠מַּסְגֵּ֑ר	1	By **all of Jerusalem**, the author means everyone in the city in the categories he then describes. In other words, the phrases that follow limit the meaning of that phrase. Alternate translation: [And he exiled all of Jerusalem, that is, all of the commanders and all of the mighty of valor and every craftsman and smith] or [And he exiled all of the commanders and the mighty of valor and every craftsman and smith from Jerusalem]
24:14	q48a		rc://*/ta/man/translate/figs-explicit	גִּבּוֹרֵ֣י הַ⁠חַ֗יִל	1	While this expression can describe great soldiers, that does not seem to be the meaning in this context. The author says in verse 16 that the Babylonians exiled 7,000 such people, and the Judean army would have had many more great soldiers than that. So the meaning seems instead to be the same as in [15:20](../15/20.md), that these were wealthy and powerful citizens. See how you translated the expression there in order to determine how to translate it here and the similar one in verse 16 (“the men of valor”). Alternate translation: [the wealthy citizens]
24:14	pi19		rc://*/ta/man/translate/figs-ellipsis	עשרה אֲלָפִים֙	1	The author is leaving out some of the words that in many languages a sentence would need in order to be complete. You can supply these words from the context if that would be clearer in your language, here and in verse 16. Alternate translation: [10,000 people]
24:14	mid2		rc://*/ta/man/translate/grammar-connect-exceptions	לֹ֣א נִשְׁאַ֔ר זוּלַ֖ת דַּלַּ֥ת עַם־הָ⁠אָֽרֶץ	1	If it would appear in your language that the author was making a statement and then contradicting it, you could reword this as a positive statement. Alternate translation: [The only ones left were the poor of the people of the land]
24:14	z5dk		rc://*/ta/man/translate/figs-nominaladj	דַּלַּ֥ת עַם־הָ⁠אָֽרֶץ	1	The author is using the adjective **poor** as a noun to mean a certain kind of person. Your language may use adjectives in the same way. If not, you can translate this adjective with an equivalent phrase. Alternate translation: [the poor people who lived in the land]
24:16	mjpq		rc://*/ta/man/translate/figs-genericnoun	וְ⁠הֶ⁠חָרָ֤שׁ וְ⁠הַ⁠מַּסְגֵּר֙	1	The author is not referring to a specific **craftsman** or **smith**. He means those workers in general. If it would be helpful to your readers, you could use an expression that would be more natural in your language. Alternate translation: [and the craftsmen and the smiths]
24:16	hjlq		rc://*/ta/man/translate/figs-explicit	הַ⁠כֹּ֕ל גִּבּוֹרִ֖ים עֹשֵׂ֣י מִלְחָמָ֑ה	1	This seems to be a summary statement of all the categories of people listed in verses 14–16 whom the Babylonians took into exile. The idea seems to be that Nebuchadnezzar exiled all the Judeans who together could have made **war** against him. Alternate translation: [all those who together had the capacity to make war against him]
24:17	o9rk		rc://*/ta/man/translate/writing-pronouns	דֹד֖⁠וֹ	1	The pronoun **his** refers to Jehoiachin, not to Nebuchadnezzar, the **king of Babylon**. It may be helpful to clarify this for your readers. Alternate translation: [Jehoiachin’s uncle]
24:17	gbze		rc://*/ta/man/translate/translate-symaction	וַ⁠יַּסֵּ֥ב אֶת־שְׁמ֖⁠וֹ	1	See how you indicated the symbolic significance of this action in [23:34](../23/34.md).
24:18	x29x		rc://*/ta/man/translate/writing-participants	בֶּן־עֶשְׂרִ֨ים וְ⁠אַחַ֤ת שָׁנָה֙ צִדְקִיָּ֣הוּ בְ⁠מָלְכ֔⁠וֹ וְ⁠אַחַ֤ת עֶשְׂרֵה֙ שָׁנָ֔ה מָלַ֖ךְ בִּ⁠ירוּשָׁלִָ֑ם וְ⁠שֵׁ֣ם אִמּ֔⁠וֹ חמיטל בַּֽת־יִרְמְיָ֖הוּ מִ⁠לִּבְנָֽה	1	In this verse and the next verse, the author is introducing **Zedekiah** as a participant in the story as the new king of **Judah**. To translate this verse, see how you translated the similar expressions in [8:26](../08/26.md).
24:19	svl5		rc://*/ta/man/translate/figs-idiom	וַ⁠יַּ֥עַשׂ הָ⁠רַ֖ע בְּ⁠עֵינֵ֣י יְהוָ֑ה	1	See how you translated the similar expression in [3:2](../03/02.md). Alternate translation: [And he did what Yahweh considered to be evil]
24:20	txpq		rc://*/ta/man/translate/figs-idiom	אַ֣ף יְהוָ֗ה	1	See how you translated the similar expression in [13:3](../13/03.md). Alternate translation: [the anger of Yahweh]
24:20	xu3k		rc://*/ta/man/translate/figs-idiom	הָיְתָ֤ה בִ⁠ירוּשָׁלִַ֨ם֙ וּ⁠בִ֣⁠יהוּדָ֔ה	1	See how you translated the similar expression in [24:3](../24/03.md). Alternate translation: [this came upon Jerusalem and Judah] or [this happened to Jerusalem and Judah]
24:20	tvww		rc://*/ta/man/translate/figs-metonymy	עַד־הִשְׁלִכ֥⁠וֹ אֹתָ֖⁠ם מֵ⁠עַ֣ל פָּנָ֑י⁠ו	1	See how you translated the similar expression “to remove {them} away from his face” in [24:3](../24/03.md). Alternate translation: [until he removed them from their land]
25:intro	abcp				0	# 2 Kings 25 Introduction\n\n## Structure and Formatting\n\n  1. King Zedekiah of Judah (24:18–25:7)\n  2. Destruction of Jerusalem by the Babylonians (25:8–21)\n  3. The remaining Judeans flee to Egypt (25:22–26)\n  4. The Babylonian king shows favor to imprisoned King Jehoiachin (25:27–30)\n\nIn this chapter, by completing his account of the reign of Zedekiah, the author concludes the story of the kings who ruled the kingdom of Judah. He also concludes the entire story that is told throughout the books of 1 and 2 Samuel and 1 and 2 Kings. That is the story of how the Israelites of both kingdoms disobeyed Yahweh so seriously that Yahweh allowed enemies to conquer them and take them into exile away from their land. As the author describes the conquest and destruction of Judah and the exile of its people, he does not say specifically that this was the result of the people breaking their covenant with Yahweh, as he did in the case of the northern kingdom in 17:7–23. That is because he has already made that point by quoting Yahweh’s decree of judgment in 21:10–15 and saying in 23:26 that Yahweh did not rescind that decree even after the thorough reforms of Josiah. The overall message of this long historical account is nevertheless clear. Yahweh was not at fault when the Israelites were conquered and exiled from their land. Instead, this happened because the people disobeyed Yahweh and broke their covenant with him.
25:1	r8sg		rc://*/ta/man/translate/writing-newevent	וַ⁠יְהִי֩	1	The author is using this phrase to introduce a new event. See how you translated it in [2:1](../02/01.md).
25:1	p1zf		rc://*/ta/man/translate/translate-ordinal	בִ⁠שְׁנַ֨ת הַ⁠תְּשִׁיעִ֜ית לְ⁠מָלְכ֗⁠וֹ בַּ⁠חֹ֣דֶשׁ הָ⁠עֲשִׂירִי֮	1	If your language would not represent a number in a form such as **ninth** or **tenth**, you could represent these numbers in a form that your language would use. Alternate translation: [in year nine of his reign, in month ten]
25:1	kfk6		rc://*/ta/man/translate/writing-pronouns	לְ⁠מָלְכ֗⁠וֹ	1	The pronoun **his** refers to Zedekiah, not to Nebuchadnezzar. It may be helpful to clarify this for your readers. Alternate translation: [of Zedekiah’s reign]
25:1	mt40		rc://*/ta/man/translate/figs-nominaladj	בֶּ⁠עָשׂ֣וֹר לַ⁠חֹדֶשׁ֒	1	The author is using the adjective **ten** as a noun to mean a certain day. Your language may use adjectives in the same way. If not, you can translate this adjective with an equivalent phrase. Alternate translation: [on day ten of the month] or [on the tenth day of the month]
25:1	kcfv		rc://*/ta/man/translate/writing-pronouns	וַ⁠יִּבְנ֥וּ	1	The pronoun **they** refers to Nebuchadnezzar’s **army**. It may be helpful to clarify this for your readers. Alternate translation: [and his army built] or [and his soldiers built]
25:2	b3aj		rc://*/ta/man/translate/figs-idiom	וַ⁠תָּבֹ֥א הָ⁠עִ֖יר בַּ⁠מָּצ֑וֹר	1	See how you translated the similar expression in [24:10](../24/10.md). Alternate translation: [And the city came under siege] or [And they besieged the city]
25:2	f7si		rc://*/ta/man/translate/translate-ordinal	עַשְׁתֵּ֣י עֶשְׂרֵ֣ה שָׁנָ֔ה	1	If your language would not represent a number in a form such as **eleventh**, you could represent this number in a form that your language would use. Alternate translation: [year 11]
25:3	sjze		rc://*/ta/man/translate/figs-nominaladj	בְּ⁠תִשְׁעָ֣ה לַ⁠חֹ֔דֶשׁ	1	The author is using the adjective **nine** as a noun to mean a certain day. Your language may use adjectives in the same way. If not, you can translate this adjective with an equivalent phrase. Alternate translation: [on day nine of the month] or [on the ninth day of the month]
25:3	mlt1		rc://*/ta/man/translate/figs-explicit	בְּ⁠תִשְׁעָ֣ה לַ⁠חֹ֔דֶשׁ	1	The author assumes that readers will know that by **the month**, he means the fourth month of the year he is describing. [Zechariah 8:9](../../zec/08/09.md) indicates that later generations fasted during the fourth month of each year because that was the month in which the Babylonians conquered Jerusalem. So the author could expect readers to know what month he meant. You could indicate the month explicitly in your translation if that would be helpful to your readers. Alternate translation: [On the ninth day of the fourth month]
25:3	qwvn		rc://*/ta/man/translate/figs-personification	וַ⁠יֶּחֱזַ֥ק הָ⁠רָעָ֖ב בָּ⁠עִ֑יר	1	The author is speaking of **famine** as if it were a living thing that could have **seized the city**. If it would be helpful in your language, you could state the meaning plainly. Alternate translation: [the famine in the city became very severe]
25:3	hrmt		rc://*/ta/man/translate/figs-synecdoche	לֶ֖חֶם	1	See how you translated the similar expression in [4:8](../04/08.md). Alternate translation: [food]
25:4	ia9a		rc://*/ta/man/translate/figs-activepassive	וַ⁠תִּבָּקַ֣ע הָ⁠עִ֗יר	1	The expression **was breached** is a passive verbal form. If your language would not use that form, you could express the idea in active form or in another way that would be natural in your language. Alternate translation: [And the Babylonians breached the city] or [And the Chaldeans breached the city]
25:4	wxzo		rc://*/ta/man/translate/figs-ellipsis	הַ⁠לַּ֨יְלָה֙	1	The author is leaving out a word (or perhaps the word was lost in the process of scribal transmission) that in many languages a sentence would need in order to be complete. You can supply this word from the context if that would be clearer in your language. Alternate translation: [fled at night]
25:4	sb8r		rc://*/ta/man/translate/writing-background	וְ⁠כַשְׂדִּ֥ים עַל־הָ⁠עִ֖יר סָבִ֑יב	1	The author is providing background information to help readers understand what happens next in the story. In your translation, introduce this information in a way that would be natural in your own language and culture.
25:4	jdw6		rc://*/ta/man/translate/translate-names	וְ⁠כַשְׂדִּ֥ים	1	To translate the term **Chaldeans** here and in the rest of this chapter, see how you decided to translate it in [24:2](../24/02.md). Alternate translation: [now the Babylonians]
25:4	pl2z		rc://*/ta/man/translate/writing-pronouns	וַ⁠יֵּ֖לֶךְ	1	As the next verse indicates, the pronoun **he** refers to King Zedekiah. It may be helpful to clarify this for your readers. Since it is clear that the king fled the city with **all the men of war**, you could also use a plural pronoun here. Alternate translation: [and King Zedekiah went] or [and they went]
25:5	q6wl		rc://*/ta/man/translate/figs-activepassive	נָפֹ֖צוּ	1	The expression **were scattered** is a passive verbal form. If your language would not use that form, you could express the idea in active form or in another way that would be natural in your language. Alternate translation: [scattered]
25:6	lr44		rc://*/ta/man/translate/figs-explicitinfo	וַ⁠יַּעֲל֥וּ אֹת֛⁠וֹ	1	See how you translated the similar expression in [1:3](../01/03.md). Alternate translation: [and they brought him]
25:6	huwe		rc://*/ta/man/translate/writing-pronouns	וַ⁠יְדַבְּר֥וּ אִתּ֖⁠וֹ מִשְׁפָּֽט	1	The pronoun **they** could refer to a council or court of officials that Nebuchadnezzar assembled to put Zedekiah on trial for rebellion. However, the parallel passage in [Jeremiah 39:5](../jer/39/05.md) reads “and he pronounced judgment on him.” So the author may be using the pronoun **they** in a general sense, not to refer to specific people. Use an expression for this that would be natural in your language. Alternate translation: [And judgment was pronounced on him]
25:7	rur1		rc://*/ta/man/translate/writing-pronouns	וְ⁠אֶת־בְּנֵי֙ & שָׁחֲט֖וּ	1	The pronoun **they** refers to Nebuchadnezzar’s soldiers. It may be helpful to clarify this for your readers. Alternate translation: [And Nebuchadnezzar’s soldiers slaughtered]
25:7	xh1l		rc://*/ta/man/translate/figs-metonymy	לְ⁠עֵינָ֑י⁠ו	1	Here, **eyes** represent “sight.” If it would be helpful in your language, you could use an equivalent expression or plain language. Alternate translation: [in his sight]
25:7	tmcf		rc://*/ta/man/translate/figs-synecdoche	וְ⁠אֶת־עֵינֵ֤י & עִוֵּ֔ר וַ⁠יַּאַסְרֵ֨⁠הוּ֙ & וַ⁠יְבִאֵ֖⁠הוּ	1	The author is using one person who was involved in doing these things, Nebuchadnezzar, who commanded them, to mean everyone who was involved. If it would be helpful in your language, you could use plural pronouns, which would refer back to Nebuchadnezzar’s soldiers. Alternate translation: [And they blinded … and they bound him … and they brought him]
25:8	yyw6		rc://*/ta/man/translate/translate-ordinal	וּ⁠בַ⁠חֹ֤דֶשׁ הַֽ⁠חֲמִישִׁי֙	1	If your language would not represent a number in a form such as **fifth**, you could represent this number in a form that your language would use. Alternate translation: [And in month five]
25:8	z6lb		rc://*/ta/man/translate/figs-nominaladj	בְּ⁠שִׁבְעָ֣ה לַ⁠חֹ֔דֶשׁ	1	The author is using the adjective **seven** as a noun to mean a certain day. Your language may use adjectives in the same way. If not, you can translate this adjective with an equivalent phrase. Alternate translation: [on day seven of the month] or [on the seventh day of the month]
25:8	zfci		rc://*/ta/man/translate/translate-ordinal	הִ֗יא שְׁנַת֙ תְּשַֽׁע־עֶשְׂרֵ֣ה שָׁנָ֔ה לַ⁠מֶּ֖לֶךְ נְבֻכַדְנֶאצַּ֣ר	1	See how you translated the similar expression in [8:25](../08/25.md). Alternate translation: [it was the nineteenth year of King Nebuchadnezzar]
25:9	r053		rc://*/ta/man/translate/figs-metaphor	אֶת־בֵּית־יְהוָ֖ה	1	See how you translated the similar expression in [5:18](../05/18.md). Alternate translation: [the temple of Yahweh]
25:9	pqdg		rc://*/ta/man/translate/figs-hyperbole	וְ⁠אֵ֨ת כָּל־בָּתֵּ֧י יְרוּשָׁלִַ֛ם וְ⁠אֶת־כָּל־בֵּ֥ית גָּד֖וֹל	1	As in [24:14](../24/14.md), the second phrase limits the meaning of the first phrase. Alternate translation: [And all of the houses of Jerusalem, that is, every house of the great]
25:9	ivvg		rc://*/ta/man/translate/figs-nominaladj	וְ⁠אֶת־כָּל־בֵּ֥ית גָּד֖וֹל	1	The author is using the adjective **great** as a noun to mean a certain kind of person. Your language may use adjectives in the same way. If not, you can translate this adjective with an equivalent phrase. Alternate translation: [every house that belonged to a great person] or [every great house]
25:9	zbsn		rc://*/ta/man/translate/figs-explicitinfo	שָׂרַ֥ף בָּ⁠אֵֽשׁ	1	See how you translated the similar expression in [23:11](../23/11.md). Alternate translation: [he burned up]
25:11	wgty		rc://*/ta/man/translate/figs-activepassive	הַ⁠נִּשְׁאָרִ֣ים	1	The expression **left** is a passive verbal form. If your language would not use that form, you could express the idea in active form or in another way that would be natural in your language. Alternate translation: [remaining]
25:11	ixib		rc://*/ta/man/translate/figs-idiom	וְ⁠אֶת־הַ⁠נֹּֽפְלִים֙ אֲשֶׁ֤ר נָפְלוּ֙ עַל־הַ⁠מֶּ֣לֶךְ בָּבֶ֔ל	1	See how you translated the similar expression in [7:4](../07/04.md). Alternate translation: [and the ones having gone over, who had gone over to the king of Babylon] or [and the ones having deserted, who had deserted to the king of Babylon]
25:11	rh5t		rc://*/ta/man/translate/figs-explicitinfo	וְ⁠אֶת־הַ⁠נֹּֽפְלִים֙ אֲשֶׁ֤ר נָפְלוּ֙ עַל־הַ⁠מֶּ֣לֶךְ בָּבֶ֔ל	1	It might seem that this expression contains extra information that would not be natural to express in your language. If so, you can shorten it. Alternate translation: [and the ones who had deserted to the king of Babylon]
25:11	k51v		rc://*/ta/man/translate/figs-explicit	וְ⁠אֵ֖ת יֶ֣תֶר הֶ⁠הָמ֑וֹן	1	By **the multitude**, the author probably means the people of Judah who lived in places other than Jerusalem. You could indicate this explicitly in your translation if that would be helpful to your readers. Alternate translation: [and the Judeans who lived in places other than Jerusalem]
25:12	vnst		rc://*/ta/man/translate/figs-nominaladj	וּ⁠מִ⁠דַּלַּ֣ת הָ⁠אָ֔רֶץ	1	See how you translated the similar expression in [24:14](../24/14.md). Alternate translation: [the poor people who lived in the land]
25:13	w4rd		rc://*/ta/man/translate/figs-explicitinfo	וְ⁠אֶת־עַמּוּדֵ֨י הַ⁠נְּחֹ֜שֶׁת אֲשֶׁ֣ר בֵּית־יְהוָ֗ה וְֽ⁠אֶת־הַ⁠מְּכֹנ֞וֹת וְ⁠אֶת־יָ֧ם הַ⁠נְּחֹ֛שֶׁת אֲשֶׁ֥ר בְּ⁠בֵית־יְהוָ֖ה	1	It might seem that repeating the information that these things were in **the house of Yahweh** would be to express extra information in a way that would not be natural in your language. If so, you can provide the information only once. Alternate translation: [the pillars of bronze and the stands and the sea of bronze that were in the house of Yahweh]
25:14	qnaw		rc://*/ta/man/translate/figs-idiom	וְ⁠אֶת־הַ⁠כַּפּ֗וֹת	1	The author is using the term **palms** to mean some implement that the priests used in the temple area that had a cupped shape. If you have already translated the book of 1 Kings, see how you translated the similar expression in [1 Kings 7:50](../1ki/07/50.md). This could mean: (1) Alternate translation: [incense dishes] or (2) Alternate translation: [spoons] or [ladles]
25:14	uw70		rc://*/ta/man/translate/writing-pronouns	יְשָֽׁרְתוּ	1	The pronoun **they** refers to the priests who **served** at the temple. It may be helpful to clarify this for your readers. Alternate translation: [the priests served] or [the priests did their work]
25:15	sbkz		rc://*/ta/man/translate/figs-reduplication	וְ⁠אֶת־הַ⁠מַּחְתּוֹת֙ וְ⁠אֶת־הַ⁠מִּזְרָק֗וֹת אֲשֶׁ֤ר זָהָב֙ זָהָ֔ב וַ⁠אֲשֶׁר־כֶּ֖סֶף כָּ֑סֶף	1	The author is repeating the words **gold** and **silver** in order to indicate that these articles were made of pure gold and pure silver. The description of them in [1 Kings 7:50](../1ki/07/50.md) says that plainly, and you could do the same here in your translation. Alternate translation: [the firepans and the bowls that were pure gold and that were pure silver]
25:15	kq8u		rc://*/ta/man/translate/figs-synecdoche	וְ⁠אֶת־הַ⁠מַּחְתּוֹת֙ וְ⁠אֶת־הַ⁠מִּזְרָק֗וֹת אֲשֶׁ֤ר זָהָב֙ זָהָ֔ב וַ⁠אֲשֶׁר־כֶּ֖סֶף כָּ֑סֶף	1	Since the **firepans** and **bowls** were both **gold**, the author seems to be using these articles to represent all of the articles that the priests used that were either pure gold or pure silver. If it would be helpful in your language, you could state the meaning plainly. Alternate translation: [all of the articles that were pure gold or pure silver]
25:17	pd1s		rc://*/ta/man/translate/writing-pronouns	וְ⁠כָ⁠אֵ֛לֶּה לַֽ⁠עַמּ֥וּד הַ⁠שֵּׁנִ֖י עַל־הַ⁠שְּׂבָכָֽה	1	The demonstrative pronoun **these** refers not just to the **pomegranates** but to all of the features and dimensions of the first pillar. It may be helpful to clarify this for your readers. Alternate translation: [And the second pillar had the same features and dimensions, including a network]
25:17	lxsj		rc://*/ta/man/translate/translate-ordinal	לַֽ⁠עַמּ֥וּד הַ⁠שֵּׁנִ֖י	1	If your language would not represent a number in a form such as **second**, you could represent this number in a form that your language would use. Alternate translation: [to the other pillar]
25:19	hkom		rc://*/ta/man/translate/figs-metonymy	וַ⁠חֲמִשָּׁ֨ה אֲנָשִׁ֜ים מֵ⁠רֹאֵ֤י פְנֵֽי־הַ⁠מֶּ֨לֶךְ֙	1	The author is using the phrase **seers of the face of the king** to describe royal advisors, since they regularly spoke with the king in person. If it would be helpful in your language, you could use an equivalent expression or plain language. Alternate translation: [five royal advisors]
25:19	ccv3		rc://*/ta/man/translate/figs-idiom	אֲשֶׁ֣ר נִמְצְא֣וּ בָ⁠עִ֔יר & הַֽ⁠נִּמְצְאִ֖ים בָּ⁠עִֽיר	1	See how you translated the similar expression in [12:18](../12/18.md). Alternate translation: [who were in the city … who were in the city]
25:21	hsaw		rc://*/ta/man/translate/figs-hendiadys	וַ⁠יַּ֣ךְ אֹתָ⁠ם֩ מֶ֨לֶךְ בָּבֶ֧ל וַ⁠יְמִיתֵ֛⁠ם	1	The verbs **struck** and **killed** together express a single idea. The verb **struck** tells in what way the king of Babylon **killed** these men. If it would be more natural in your language, you could express this meaning in a different way. Alternate translation: [violently killed] or [executed]
25:21	b8v2		rc://*/ta/man/translate/figs-synecdoche	וַ⁠יַּ֣ךְ אֹתָ⁠ם֩ מֶ֨לֶךְ בָּבֶ֧ל וַ⁠יְמִיתֵ֛⁠ם	1	It is unlikely that **the king of Babylon** did this personally. The author is likely using the king, who ordered this, to represent everyone who was involved, including the soldiers who carried out his order. Alternate translation: [the king of Babylon ordered his soldiers to execute them]
25:22	bbul		rc://*/ta/man/translate/writing-background	וְ⁠הָ⁠עָ֗ם הַ⁠נִּשְׁאָר֙ בְּ⁠אֶ֣רֶץ יְהוּדָ֔ה אֲשֶׁ֣ר הִשְׁאִ֔יר נְבֽוּכַדְנֶאצַּ֖ר מֶ֣לֶךְ בָּבֶ֑ל וַ⁠יַּפְקֵ֣ד עֲלֵי⁠הֶ֔ם אֶת־גְּדַלְיָ֖הוּ בֶּן־אֲחִיקָ֥ם בֶּן־שָׁפָֽן	1	The author is providing background information to help readers understand what happens next in the story. In your translation, introduce this information in a way that would be natural in your own language and culture.
25:22	txp8		rc://*/ta/man/translate/figs-activepassive	הַ⁠נִּשְׁאָר֙	1	The expression **having been left** is a passive verbal form. If your language would not use that form, you could express the idea in active form or in another way that would be natural in your language. Alternate translation: [who remained]
25:23	l9s4		rc://*/ta/man/translate/figs-hyperbole	וַ⁠יִּשְׁמְעוּ֩ כָל־שָׂרֵ֨י הַ⁠חֲיָלִ֜ים	1	As in [24:14](../24/14.md) and [25:9](../25/09.md), what the author says later in this verse limits the meaning of the general term **all** that he uses at the beginning of the verse. Alternate translation: [And all of the captains of armies whom the Babylonians had not captured]
25:23	x02y		rc://*/ta/man/translate/grammar-connect-words-phrases	וְ⁠יִשְׁמָעֵ֣אל	1	The author is using the term translated as **and** to introduce a list of the **captains of armies** who brought their men to Gedaliah at Mizpah. If that would not be clear in your language, you may want to use a different connecting word to introduce the list. Alternate translation: [namely, Ishmael]
25:25	xhc2		rc://*/ta/man/translate/writing-newevent	וַ⁠יְהִ֣י	1	The author is using the phrase **And it happened** to introduce a new development in this event. Use a word, phrase, or other method in your language that is natural for introducing a new development. See how you translated the phrase in the similar context in [2:9](../02/09.md).
25:25	vnm8		rc://*/ta/man/translate/translate-ordinal	בַּ⁠חֹ֣דֶשׁ הַ⁠שְּׁבִיעִ֗י	1	If your language would not represent a number in a form such as **seventh**, you could represent these numbers in a form that your language would use. Alternate translation: [in month seven]
25:25	d7b0		rc://*/ta/man/translate/figs-metaphor	מִ⁠זֶּ֣רַע הַ⁠מְּלוּכָ֗ה	1	See how you translated this expression in [11:1](../11/01.md). Alternate translation: [who was of royal descent]
25:25	qvfc		rc://*/ta/man/translate/figs-explicit	וַ⁠יַּכּ֥וּ	1	See how you translated the similar expression in [3:24](../03/24.md). Alternate translation: [and he attacked]
25:25	ys26		rc://*/ta/man/translate/figs-ellipsis	וְ⁠אֶת־הַ⁠יְּהוּדִים֙ וְ⁠אֶת־הַ⁠כַּשְׂדִּ֔ים	1	The author is leaving out some of the words that in many languages a sentence would need in order to be complete. You can supply these words from the context if that would be clearer in your language. Alternate translation: [and they also struck and killed the Judeans and the Chaldeans]
25:25	asjn		rc://*/ta/man/translate/figs-explicit	וְ⁠אֶת־הַ⁠יְּהוּדִים֙	1	Since the author says in the next verse that “all the people” fled to Egypt after this, he does not mean here that Ishmael and his men killed all of the “people having been left in the land of Judah” mentioned in verse 22 who were living in the area of Mizpah. Rather, he is using the term **Judeans** to mean people who were serving the Babylonians with Gedaliah in his government. It may be helpful to clarify this for your readers. The UST models one way to do that.
25:26	b2xm		rc://*/ta/man/translate/grammar-connect-logic-result	וַ⁠יָּקֻ֨מוּ כָל־הָ⁠עָ֜ם מִ⁠קָּטֹ֤ן וְ⁠עַד־גָּדוֹל֙ וְ⁠שָׂרֵ֣י הַ⁠חֲיָלִ֔ים וַ⁠יָּבֹ֖אוּ מִצְרָ֑יִם כִּ֥י יָרְא֖וּ מִ⁠פְּנֵ֥י כַשְׂדִּֽים	1	If it would be more natural in your language, you could reverse the order of these phrases, since the second phrase gives the reason for the result that the first phrase describes. Alternate translation: [Then, because they were afraid from the face of the Chaldeans, all of the people from small and to great and the captains of the armies arose and went {to} Egypt]
25:26	dxmq		rc://*/ta/man/translate/figs-explicit	וַ⁠יָּקֻ֨מוּ כָל־הָ⁠עָ֜ם מִ⁠קָּטֹ֤ן וְ⁠עַד־גָּדוֹל֙ וְ⁠שָׂרֵ֣י הַ⁠חֲיָלִ֔ים	1	See how you translated the similar expression in [3:24](../03/24.md). Alternate translation: [Then all of the people from small and to great and the captains of the armies took action]
25:26	kpw7		rc://*/ta/man/translate/figs-merism	כָל־הָ⁠עָ֜ם מִ⁠קָּטֹ֤ן וְ⁠עַד־גָּדוֹל֙	1	See how you translated the similar expression in [23:2](../23/02.md). Alternate translation: [people from a wide range of ages and classes]
25:26	m5vn		rc://*/ta/man/translate/figs-idiom	מִ⁠פְּנֵ֥י כַשְׂדִּֽים	1	See how you translated the similar expression in [16:3](../16/03.md). Alternate translation: [on account of the Chaldeans]
25:27	gsz0		rc://*/ta/man/translate/writing-newevent	וַ⁠יְהִי֩	1	The author is using this phrase to introduce a new event. See how you translated it in [2:1](../02/01.md).
25:27	tu56		rc://*/ta/man/translate/translate-ordinal	בִ⁠שְׁלֹשִׁ֨ים וָ⁠שֶׁ֜בַע שָׁנָ֗ה לְ⁠גָלוּת֙ יְהוֹיָכִ֣ין מֶֽלֶךְ־יְהוּדָ֔ה בִּ⁠שְׁנֵ֤ים עָשָׂר֙ חֹ֔דֶשׁ בְּ⁠עֶשְׂרִ֥ים וְ⁠שִׁבְעָ֖ה לַ⁠חֹ֑דֶשׁ	1	See how you translated the similar expression in [8:25](../08/25.md). Alternate translation: [in the thirty-seventh year of the exile of Jehoiachin, the king of Judah, in the twelfth month, on the twenty-seventh day of the month]
25:27	nx77		rc://*/ta/man/translate/figs-idiom	נָשָׂ֡א & אֶת־רֹ֛אשׁ יְהוֹיָכִ֥ין	1	The author is using **lifted the head** as a common expression of his culture to mean that Evil Merodach brought Jehoiachin from a lower position to a higher position. In this context, it means specifically that he “released Jehoiachin” from prison. If this phrase does not have that meaning in your language, you could use a comparable expression from your language that does have that meaning, or you could state the meaning plainly. If you have already translated the book of Genesis, see how you translated the similar expression in [Genesis 40:13](../../gen/40/13.md). Alternate translation: [set free Jehoiachin]
25:28	jk7o		rc://*/ta/man/translate/figs-nominaladj	טֹב֑וֹת	1	The author is using the adjective **good**, which is plural, as a noun to mean things of a certain kind. The ULT shows that by supplying the word **things**. Your language may use adjectives in the same way. If not, you can translate this adjective with an equivalent word or phrase. Alternate translation: [kindly]
25:28	whmd		rc://*/ta/man/translate/figs-metaphor	וַ⁠יִּתֵּן֙ אֶת־כִּסְא֔⁠וֹ מֵ⁠עַ֗ל כִּסֵּ֧א הַ⁠מְּלָכִ֛ים	1	The author may not mean that Jehoiachin’s seat was **above** or physically higher than that of other kings. He may be saying **above** to mean “more honorable.” If it would be helpful in your language, you could state the meaning plainly. Alternate translation: [and he gave him a more honored place than the other kings]
25:28	jeoh		rc://*/ta/man/translate/grammar-collectivenouns	כִּסֵּ֧א הַ⁠מְּלָכִ֛ים	1	In this verse, the word **seat** is singular in form, but it refers to the seats of all of these **kings**. If it would be helpful in your language, you could use the plural form of “text.” Alternate translation: [the seats of the kings]
25:29	zkql		rc://*/ta/man/translate/writing-pronouns	וְ⁠שִׁנָּ֕א אֵ֖ת בִּגְדֵ֣י כִלְא֑⁠וֹ	1	The pronoun **he** refers to Evil Merodach, while the pronoun **his** refers to Jehoiachin. It may be helpful to clarify this for your readers. Alternate translation: [And Evil Merodach changed the clothes of Jehoiachin’s imprisonment] or [And Evil Merodach allowed Jehoiachin to wear the clothes of a courtier rather than those of a prisoner]
25:29	udv6		rc://*/ta/man/translate/translate-symaction	וְ⁠שִׁנָּ֕א אֵ֖ת בִּגְדֵ֣י כִלְא֑⁠וֹ	1	Giving Jehoiachin different clothes to wear was a symbolic action by which Evil Merodach showed that Jehoiachin’s status had changed from prisoner to honored guest. If it would be helpful to your readers, you could explain the significance of this action in the text of your translation or in a footnote. Alternate translation: [And he changed the clothes of his imprisonment to show that he was no longer a prisoner]
25:29	ozrp		rc://*/ta/man/translate/writing-pronouns	וְ⁠אָכַ֨ל לֶ֧חֶם תָּמִ֛יד לְ⁠פָנָ֖י⁠ו	1	The pronoun **he** refers to Jehoiachin, while the pronoun **his** refers to Evil Merodach. It may be helpful to clarify this for your readers. Alternate translation: [and Jehoiachin ate bread regularly to the face of Evil Merodach]
25:29	zybj		rc://*/ta/man/translate/figs-synecdoche	לֶ֧חֶם	1	See how you translated the similar expression in [4:8](../04/08.md). Alternate translation: [meals]
25:29	hcx6		rc://*/ta/man/translate/figs-metonymy	לְ⁠פָנָ֖י⁠ו	1	See how you translated the similar expression in [3:14](../03/14.md). Alternate translation: [in his presence]
25:29	p1vi		rc://*/ta/man/translate/figs-metonymy	כָּל־יְמֵ֥י חַיָּֽי⁠ו	1	To translate this expression here and in the next verse, see how you translated the similar expression in [10:36](../10/36.md). Alternate translation: [throughout his lifetime]
25:30	dtri		rc://*/ta/man/translate/figs-explicitinfo	וַ⁠אֲרֻחָת֗⁠וֹ אֲרֻחַ֨ת תָּמִ֧יד נִתְּנָה־לּ֛⁠וֹ מֵ⁠אֵ֥ת הַ⁠מֶּ֖לֶךְ	1	It might seem that this expression contains extra information that would not be natural to express in your language. If so, you can shorten it. Alternate translation: [And a continual allowance was given to him from the king]
25:30	m8fb		rc://*/ta/man/translate/figs-activepassive	וַ⁠אֲרֻחָת֗⁠וֹ אֲרֻחַ֨ת תָּמִ֧יד נִתְּנָה־לּ֛⁠וֹ מֵ⁠אֵ֥ת הַ⁠מֶּ֖לֶךְ	1	The expression **was given** is a passive verbal form. If your language would not use that form, you could express the idea in active form or in another way that would be natural in your language. Alternate translation: [And the king gave him a continual allowance]
25:30	fvch		rc://*/ta/man/translate/figs-idiom	הַ⁠מֶּ֖לֶךְ דְּבַר־י֣וֹם בְּ⁠יוֹמ֑⁠וֹ	1	The author is using **the matter of a day in its day** as a common expression of his culture to mean “at a fixed daily rate.” (He does not necessarily mean that the **allowance** was paid out each day, but that it was calculated at a daily rate.) If this phrase does not have that meaning in your language, you could use a comparable expression from your language that does have that meaning, or you could state the meaning plainly. If you have already translated the book of Nehemiah, see how you translated the same expression in [Nehemiah 11:23](../neh/11/23.md). Alternate translation: [at a fixed daily rate]
