Reference	ID	Tags	SupportReference	Quote	Occurrence	Note
front:intro	k6lu				0	# Introduction to Hosea\n\n## Part 1: General Introduction\n\n### Outline of Hosea\n\n1. God tells Hosea to marry Gomer as a picture of how Israel relates to Yahweh (1:1–3:5)\n2. Israel betrays, wanders, and sins; Yahweh appeals and pleas for them to return to him (4:1–7:3)\n3. The conflict between Yahweh and Israel explained in various ways (7:4–13:8)\n4. Israel is hostile to Yahweh (13:9–16)\n5. Yahweh’s last appeals to Israel (14:1–9)\n\n### What is the Book of Hosea about?\n\nThis book contains the prophecies of Hosea, son of Beeri. Hosea lived in the northern kingdom of Israel. He often called this kingdom Ephraim or Samaria. Hosea prophesied for about 38 years and predicted that Assyria would destroy the northern kingdom of Israel.\n\nHosea began to prophesy around 753 B.C., just before King Jeroboam II died. At this time, the kingdom of Israel was prosperous but spiritually weak. Hosea warned how Yahweh would punish Israel unless the people turned back to Yahweh and were faithful to him.\n\n### How should the title of this book be translated?\n\nThis book is traditionally named “The Book of Hosea” or just “Hosea.” Translators may also call it “The Book About Hosea” or “The Sayings of Hosea.”\n\n### Who wrote the Book of Hosea?\n\nAlthough this book tells what Hosea prophesied, it is uncertain whether Hosea wrote the book himself. It was probably written after Samaria, the capital of the northern kingdom, was destroyed in 721 B.C.\n\n## Part 2: Important Religious and Cultural Concepts\n\n### Prostitution and adultery\n\nDuring the time of Hosea, the people had combined the worship of Yahweh with the worship of Baal and other false gods. Part of worshiping these false gods was having sexual relations with both male and female prostitutes at the pagan shrines. So even though Hosea uses prostitution and marital unfaithfulness to represent abandonment of Yahweh and unfaithfulness to him, the people were also doing this literally. So in the UST of Hosea, rather than translating the terms for prostitution and adultery as idol worship and unfaithfulness to Yahweh, we will most often translate these terms literally, since the people were doing them literally, but the reader must remember that these things are also a symbol of unfaithfulness to Yahweh.\n\n### Why did God command Hosea to marry a prostitute?\n\nGod told Hosea to marry the prostitute Gomer. This represented how the kingdom of Israel related to Yahweh. Israel was unfaithful to Yahweh and broke the covenant with him. This is compared to how a woman who is unfaithful to her husband breaks her marriage agreement with him.\n\n### What is a lawsuit?\n\nMany cultures have a process for resolving disputes through law courts. These legal disputes are called lawsuits. The Book of Hosea contains some legal terms. This is because Yahweh is spoken of as if he were a husband accusing his wife in court of being unfaithful to him. Part of the Book of Hosea follows the form of a lawsuit. A problem is identified (4:1), someone is accused (4:4), someone is found guilty (4:15), and the guilty ones will be punished (5:1).\n\n### Who did the people of the kingdom of Israel worship?\n\nIsrael was supposed to worship Yahweh alone. But they worshiped both Yahweh and the Canaanite gods such as Baal. This was a major reason why Yahweh judged the kingdom of Israel.\n\n## Part 3: Important Translation Issues\n\n### What does the phrase “the declaration of Yahweh” mean?\n\nWhen the prophet uses the phrase “the declaration of Yahweh,” he is attesting that what he has just said comes from Yahweh, not from him, and so Yahweh’s authority is behind it. In some cases, Yahweh himself uses the phrase to attest to the origins and authority of his own speech. Decide as a team how you will represent this phrase in your translation.\n\n### Why are English translations of Hosea very different?\n\nHosea 4–14 has many problems of interpretation. Some phrases in Hosea are beyond how we currently understand the Hebrew language. Many English versions have translated these difficult sections very differently.\n\n### What does the term “Israel” mean in Hosea?\n\nThroughout Hosea, “Israel” and “Ephraim” are used to refer to the northern kingdom of Israel while “Judah” is used to refer to the southern kingdom.
1:intro	de1i					# Hosea 1 Chapter Introduction\n\n## Structure and Formatting\n\n1. Yahweh commands Hosea to marry Gomer (1–3)\n2. The children’s names symbolize judgment on Israel (4–9)\n3 Yahweh promises future restoration and mercy (10–11)\n\n## Religious and Cultural Concepts in This Chapter\n\n### The day of Jezreel\n\n**Jezreel** means “God scatters.” In 1:4 it refers to God scattering the people of Israel to other nations as a punishment. In 1:11 it refers to God scattering Israel as seeds in their own land as a blessing. You could explain that in the text or in a footnote if that would be helpful to your readers.\n\n### Prophetic sign-acts and symbolic names\n\nYahweh commands Hosea to give his three children symbolic names—Jezreel, Lo Ruhamah, and Lo Ammi—each embodying a message of divine judgment. These names function as prophetic acts communicating Israel’s covenant unfaithfulness and the withdrawal of compassion.
1:1	f52t		rc://*/ta/man/translate/figs-metonymy	דְּבַר־יְהוָ֣ה ׀ אֲשֶׁ֣ר הָיָ֗ה אֶל־הוֹשֵׁ֨עַ֙	1	The speaker is using the term **word** to represent what Yahweh said by using words. If it would be clearer in your language, you could state the meaning plainly. Alternate translation: [This is the message that Yahweh communicated to Hosea]
1:1	r16p		rc://*/ta/man/translate/writing-participants	הוֹשֵׁ֨עַ֙ בֶּן־בְּאֵרִ֔י	1	Here Hosea is introducing **Hosea, the son of Beeri** as a new participant in the story. Your language may have its own way of introducing new participants that you can use in your translation. Alternate translation: [a man named Hosea, the son of Beeri]
1:1	zk02		rc://*/ta/man/translate/figs-metonymy	בִּ⁠ימֵ֨י עֻזִּיָּ֥ה יוֹתָ֛ם אָחָ֥ז יְחִזְקִיָּ֖ה מַלְכֵ֣י יְהוּדָ֑ה וּ⁠בִ⁠ימֵ֛י יָרָבְעָ֥ם	1	Here, **in the days** represents the time period during which each king reigned. If it would be helpful in your language, you could use an equivalent expression or plain language. Alternate translation: [during the reigns of Uzziah, Jotham, Ahaz, and Hezekiah, kings of Judah, and of Jeroboam]
1:2	jz10		rc://*/ta/man/translate/writing-newevent	תְּחִלַּ֥ת דִּבֶּר־יְהוָ֖ה בְּ⁠הוֹשֵׁ֑עַ	1	Hosea is using the phrase translated as **The beginning of** to introduce a new event in the story. Use a word, phrase, or other method in your language that is natural for introducing a new event. Alternate translation: [There was a time when Yahweh spoke through Hosea]
1:2	khgd		rc://*/ta/man/translate/figs-abstractnouns	אֵ֤שֶׁת זְנוּנִים֙ וְ⁠יַלְדֵ֣י זְנוּנִ֔ים	1	If your language does not use an abstract noun for the idea of **prostitutions**, you could express the same idea in another way. Alternate translation: [a promiscuous wife and children born from promiscuity]
1:2	eakf		rc://*/ta/man/translate/grammar-connect-logic-result	כִּֽי־זָנֹ֤ה תִזְנֶה֙ הָ⁠אָ֔רֶץ מֵֽ⁠אַחֲרֵ֖י יְהוָֽה	1	The word translated as **for** indicates that what follows is a reason for what came before. Use a connector in your language that makes it clear that what follows is a reason for what came before. Alternate translation: [because the land prostitutes itself from after Yahweh]
1:2	l1li		rc://*/ta/man/translate/figs-metonymy	תִזְנֶה֙ הָ⁠אָ֔רֶץ מֵֽ⁠אַחֲרֵ֖י יְהוָֽה	1	Here, **land** represents the people of who lived in the land. If it would be helpful in your language, you could use an equivalent expression or plain language. Alternate translation: [the people of the land have been unfaithful to Yahweh]
1:2	issm		rc://*/ta/man/translate/figs-metaphor	מֵֽ⁠אַחֲרֵ֖י יְהוָֽה	1	Yahweh is speaking as if the Israelites had been walking behind God but then turned away from following **after Yahweh** to walk in a different direction from him. He means that they were unfaithful to him as a wife who is unfaithful to her husband. If it would be helpful in your language, you could state the meaning plainly. Alternate translation: [by being unfaithful to Yahweh]
1:3	emtz		rc://*/ta/man/translate/writing-participants	אֶת־גֹּ֖מֶר בַּת־דִּבְלָ֑יִם	1	Here Hosea is introducing **Gomer, the daughter of Diblaim** as a new participant in the story. Your language may have its own way of introducing new participants that you can use in your translation. Alternate translation: [a woman named Gomer who was the daughter of Diblaim,]
1:3	e2p9		rc://*/ta/man/translate/grammar-connect-time-sequential	וַ⁠תַּ֥הַר וַ⁠תֵּֽלֶד־ל֖⁠וֹ בֵּֽן	1	This event did not happen right after Hosea married Gomer. Your language may have a connecting phrase that you can use to show this. Alternate translation: [and after some time, she conceived and bore a son to him]
1:4	jaoy		rc://*/ta/man/translate/translate-names	יִזְרְעֶ֑אל	1	The name **Jezreel** means “God sows” or “God scatters.” See the introduction to this chapter for more information about these meanings. You may want to include this information in a footnote.
1:4	dk7p		rc://*/ta/man/translate/figs-idiom	וּ⁠פָ֨קַדְתִּ֜י אֶת־דְּמֵ֤י יִזְרְעֶאל֙ עַל־בֵּ֣ית יֵה֔וּא	1	Yahweh is using **visit the bloodshed of** as a common expression of the culture to mean “punish for the violence of.” This refers to what happened in [2 Kings 9 and 10](../../2ki/09/14.md). If this phrase does not have that meaning for your readers, you could use a comparable expression from your language that does have that meaning, or you could state the meaning plainly. Alternate translation: [I will punish the house of Jehu because of the massacre at Jezreel]
1:4	p1ak		rc://*/ta/man/translate/figs-abstractnouns	וּ⁠פָ֨קַדְתִּ֜י אֶת־דְּמֵ֤י יִזְרְעֶאל֙ עַל־בֵּ֣ית יֵה֔וּא	1	If your language does not use an abstract noun for the idea of **bloodshed**, you could express the same idea in another way. Alternate translation: [and I will punish the house of Jehu because of all the people that he killed at Jezreel]
1:4	exuo		rc://*/ta/man/translate/figs-metaphor	בֵּ֣ית יֵה֔וּא	1	Yahweh is speaking as if the descendants of Jehu were a **house** in which they all lived together. Your language may have a comparable expression that you can use in your translation, or you could state the meaning plainly. Alternate translation: [the family of Jehu]
1:4	lj3d		rc://*/ta/man/translate/figs-metaphor	מַמְלְכ֖וּת בֵּ֥ית יִשְׂרָאֵֽל	1	Yahweh is speaking as if the descendants of Israel were a **house** in which they all lived together. Your language may have a comparable expression that you can use in your translation, or you could state the meaning plainly. Alternate translation: [the rule of the descendants of Israel]
1:5	thgt		rc://*/ta/man/translate/figs-metonymy	וְ⁠הָיָ֖ה בַּ⁠יּ֣וֹם הַ⁠ה֑וּא וְ⁠שָֽׁבַרְתִּי֙	1	Yahweh is using the term **day** to refer to a time that is coming. If it would be helpful in your language, you could state the meaning plainly. Alternate translation: [But when that time comes, I will break]
1:5	neiy		rc://*/ta/man/translate/figs-metonymy	וְ⁠שָֽׁבַרְתִּי֙ אֶת־קֶ֣שֶׁת יִשְׂרָאֵ֔ל	1	Here, **the bow** represents the military power of Israel. If it would be helpful in your language, you could use an equivalent expression or plain language. Alternate translation: [that I will break the military power of Israel]
1:6	aavc		rc://*/ta/man/translate/translate-names	לֹ֣א רֻחָ֑מָה	1	The word **Lo Ruhamah** is a name that means “not pitied.” See the introduction to this chapter for more information about the symbolic meaning of this name. You may want to include this information in a footnote.
1:6	viwx		rc://*/ta/man/translate/figs-abstractnouns	אֲרַחֵם֙	1	If your language does not use an abstract noun for the idea of **compassion**, you could express the same idea in another way. Alternate translation: [to pity]
1:6	xq3m		rc://*/ta/man/translate/figs-metaphor	אֶת־בֵּ֣ית יִשְׂרָאֵ֔ל	1	Yahweh is speaking as if the people of Israel were a **house** in which they all lived together. Your language may have a comparable expression that you can use in your translation, or you could state the meaning plainly. Alternate translation: [the nation of Israel]
1:6	gwar		rc://*/ta/man/translate/figs-reduplication	כִּֽי־נָשֹׂ֥א אֶשָּׂ֖א לָ⁠הֶֽם	1	Yahweh is repeating forms of the verb **carry** in order to intensify his expression of the idea that it conveys. If your language can repeat words for intensification, it would be appropriate to do that here in your translation. If not, your language may have another way of expressing the intensification. Alternate translation: [but rather, I will surely carry them away]
1:7	gs73		rc://*/ta/man/translate/grammar-connect-logic-contrast	וְ⁠אֶת־בֵּ֤ית יְהוּדָה֙ אֲרַחֵ֔ם	1	Yahweh uses the word **But** here to indicate a contrast between what he will do to Israel, the northern kingdom, and what he will do to Judah, of the southern kingdom. In your translation, indicate this contrast in a way that is natural in your language. Alternate translation: [In contrast, I will have compassion on the house of Judah]
1:7	zt91		rc://*/ta/man/translate/figs-metaphor	בֵּ֤ית יְהוּדָה֙	1	Yahweh is speaking as if the people of Judah were a **house** in which they all lived together. Your language may have a comparable expression that you can use in your translation, or you could state the meaning plainly. Alternate translation: [those who belong to the tribe of Judah]
1:7	dxcs		rc://*/ta/man/translate/figs-abstractnouns	אֲרַחֵ֔ם	1	See how you translated the similar phrase “to have compassion on” in [1:6](../01/06.md).
1:7	occa		rc://*/ta/man/translate/figs-123person	וְ⁠הֽוֹשַׁעְתִּ֖י⁠ם בַּ⁠יהוָ֣ה אֱלֹֽהֵי⁠הֶ֑ם	1	Yahweh is speaking of himself in the third person as **Yahweh their God**. If it would be helpful in your language, you could translate this in the first person. Alternate translation: [and I myself will save them as their God]
1:7	v1kl		rc://*/ta/man/translate/figs-possession	אֱלֹֽהֵי⁠הֶ֑ם	1	Yahweh is not using the possessive form **their God** to indicate that the people of Judah possess or control Yahweh but rather to emphasize that Yahweh is the God that they worship. If a speaker of your language would not use the possessive form for this, you could express this idea in another way. Alternate translation: [the God whom the people of Judah worship]
1:7	bbnu		rc://*/ta/man/translate/figs-metonymy	בְּ⁠קֶ֤שֶׁת וּ⁠בְ⁠חֶ֨רֶב֙ וּ⁠בְ⁠מִלְחָמָ֔ה בְּ⁠סוּסִ֖ים וּ⁠בְ⁠פָרָשִֽׁים	1	Here the list of words, **bow**, **sword**, **battle**, **horses,** and **horsemen** all represent warfare and military strength. If it would be helpful in your language, you could use an equivalent expression or plain language. Alternate translation: [by warfare or by military strength]
1:8	fbtv		rc://*/ta/man/translate/writing-pronouns	וַ⁠תִּגְמֹ֖ל אֶת־לֹ֣א רֻחָ֑מָה וַ⁠תַּ֖הַר	1	The pronoun **she** refers to Gomer in both instances. It may be helpful to clarify this for your readers. Alternate translation: [When Gomer weaned Lo Ruhamah, she conceived]
1:9	a0aa		rc://*/ta/man/translate/writing-pronouns	וַ⁠יֹּ֕אמֶר	1	The pronoun **he** refers to Yahweh. It may be helpful to clarify this for your readers. Alternate translation: [And Yahweh said]
1:9	vlbi		rc://*/ta/man/translate/translate-names	לֹ֣א עַמִּ֑י	1	The word **Lo Ammi** is a name that means “not my people.” See the introduction to this chapter for more information about the symbolic meaning of this name. You may want to include this information in a footnote.
1:9	vvii		rc://*/ta/man/translate/figs-explicit	לֹֽא־אֶהְיֶ֥ה	1	When Yahweh uses the phrase **not I am**, he is referring to the words that he said to Moses in [Exodus 3:14](../../exo/03/14.md). In [Exodus 3:10](../../exo/03/10.md), he referred to the Israelites as “my people,” and in 3:14 he told Moses to call him “I am.” Here he is saying that they are no longer his people and that they may no longer call him that. You could explain that in a footnote if that would be helpful to your readers.
1:10	nhw4		rc://*/ta/man/translate/figs-metaphor	בְּנֵֽי־יִשְׂרָאֵל֙	1	Hosea is speaking as if the people who would become so numerous were actually the **sons of** the patriarch Jacob, who was also known as **Israel**. Your language may have a comparable expression that you can use in your translation, or you could state the meaning plainly. Alternate translation: [the Israelites]
1:10	lusg		rc://*/ta/man/translate/figs-hyperbole	אֲשֶׁ֥ר לֹֽא־יִמַּ֖ד וְ⁠לֹ֣א יִסָּפֵ֑ר	1	Hosea says **which cannot be measured and cannot be counted** as an extreme statement for emphasis. If it would be helpful in your language, you could use a different way to express the emphasis. Alternate translation: [so vast that it would be difficult to count them all]
1:10	xp93		rc://*/ta/man/translate/figs-activepassive	אֲשֶׁ֥ר לֹֽא־יִמַּ֖ד וְ⁠לֹ֣א יִסָּפֵ֑ר	1	The expression **be measured** and **be counted** are a passive verbal forms. If it would be unnatural to use that form, you could express the idea in active form or in another way that is natural in your language. Alternate translation: [which no one can measure or count]
1:10	seaq		rc://*/ta/man/translate/figs-activepassive	יֵאָמֵ֤ר לָ⁠הֶם֙	1	The expression **it was said to them** is a passive verbal form. If it would be unnatural to use that form, you could express the idea in active form or in another way that is natural in your language. Alternate translation: [God had told them]
1:10	fmfb		rc://*/ta/man/translate/figs-quotations	אֲשֶׁר־יֵאָמֵ֤ר לָ⁠הֶם֙ לֹֽא־עַמִּ֣⁠י אַתֶּ֔ם	1	If it would be more natural in your language, you could express this as an indirect quotation. Alternate translation: [where it was said that they were not his people]
1:10	ir2i		rc://*/ta/man/translate/figs-quotations	יֵאָמֵ֥ר לָ⁠הֶ֖ם בְּנֵ֥י אֵֽל־חָֽי	1	If it would be more natural in your language, you could express this as an indirect quotation. Alternate translation: [it will be said that they have become sons of the living God]
1:10	uu3i		rc://*/ta/man/translate/figs-activepassive	יֵאָמֵ֥ר לָ⁠הֶ֖ם	1	The expression **it will be said to them** is a passive verbal form. If it would be unnatural to use that form, you could express the idea in active form or in another way that is natural in your language. Alternate translation: [God will say to them]
1:10	hzgz		rc://*/ta/man/translate/figs-metaphor	בְּנֵ֥י אֵֽל־חָֽי	1	Hosea is speaking as if those who belong to God were actually his **Sons**. Your language may have a comparable expression that you can use in your translation, or you could state the meaning plainly. Alternate translation: [You are the people who belong to the living God]
1:10	ozon		rc://*/ta/man/translate/figs-gendernotations	בְּנֵ֥י אֵֽל־חָֽי	1	Here the masculine term **Sons** has a generic sense that includes both men and women. If it would be helpful to your readers, you could use language in your translation that is clearly inclusive of both men and women. Alternate translation: [You are all children of the living God]
1:11	snow		rc://*/ta/man/translate/figs-activepassive	וְ֠⁠נִקְבְּצוּ בְּנֵֽי־יְהוּדָ֤ה וּ⁠בְנֵֽי־יִשְׂרָאֵל֙ יַחְדָּ֔ו	1	The expression **will be gathered together** is a passive verbal form. If it would be unnatural to use that form, you could express the idea in active form or in another way that is natural in your language. Alternate translation: [And the sons of Judah and the sons of Israel will gather together]
1:11	sl0y		rc://*/ta/man/translate/figs-metaphor	בְּנֵֽי־יְהוּדָ֤ה וּ⁠בְנֵֽי־יִשְׂרָאֵל֙	1	Hosea is speaking as if the people of **Judah** and **Israel** were actually the **sons** of the patriarchs Judah and Israel. Your language may have a comparable expression that you can use in your translation, or you could state the meaning plainly. Alternate translation: [the descendants of Judah and the descendants of Israel]
1:11	zfpx		rc://*/ta/man/translate/figs-metaphor	רֹ֥אשׁ אֶחָ֖ד	1	Hosea is speaking of a leader or ruler of the people as if they were the **head** of a body. If it would be helpful in your language, you could state the meaning plainly. Alternate translation: [one ruler]
1:11	v9za		rc://*/ta/man/translate/figs-metaphor	וְ⁠עָל֣וּ מִן־הָ⁠אָ֑רֶץ	1	The phrase, **and they will arise from the land** could refer to: (1) the people of Israel growing and prospering in the land, pictured as growing plants, as in 2:23, Alternate translation: [and they will sprout up from the land] or (2) the people of Israel coming back from foreign lands where they had been exiled. Alternate translation: [and they will return from the land where their captors had taken them]
1:11	timu			י֥וֹם יִזְרְעֶֽאל	1	See the introduction to this chapter for further details about **the day of Jezreel**. Alternate translation: [the time when God plants his people in the land]
2:intro	x09e					# Hosea 2 Chapter Introduction\n\n## Structure and Formatting\n\nThis chapter is prophetic poetry. Yahweh announces judgment on Israel using an extended marriage metaphor of Israel as an unfaithful wife (v. 1) then promises restoration through a renewed covenant betrothal (v. 14).\n\n1. Yahweh exposes Israel’s unfaithfulness and judgment (1–13)\n2. Yahweh promises to restore and renew his people (14–23)\n\n## Religious and Cultural Concepts in This Chapter\n\n### Marriage as covenant metaphor\n\nYahweh depicts Israel’s worship of Baal as prostitution and adultery. His promised restoration is described as a new betrothal with faithfulness and compassion.\n\n### Symbolic names\n\nThe chapter frames rejection and restoration through meaningful Hebrew names: Ammi (“my people”), Ruhamah (“pitied”), Lo Ammi (“not my people”), Lo Ruhamah (“not pitied”), and Jezreel (“God sows”).\n\n## Translation Issues in This Chapter\n\n### Blended complaint of Hosea and Yahweh\n\nIn Chapter 1, Hosea marries Gomer, who is an unfaithful wife who bears children from her prostitution whom Hosea names Lo Ruhamah (“not pitied”) and Lo Ammi (“not my people”). In Chapter 2, beginning at verse 2, Hosea begins telling his children to plead with their mother to stop her prostitution, and then describes the punishments that he will do to her to bring her back to himself. But at some point in this description, it becomes clear that this is not just about Hosea and Gomer, but it is about Yahweh and his people, Israel. In verse 8 we get a strong hint that Yahweh is talking about his people when there is a switch from saying “her” to saying “they” in the last clause of the verse. The description of punishment continues using “her,” but it ends in verse 13 with “the declaration of Yahweh.” The rest of the chapter is then clearly about Israel. In this way, Hosea makes it clear that Yahweh intended his experience with Gomer to be a painful illustration of Yahweh’s experience with Israel, and we are to see them as blended and overlapping stories. Therefore, it is not possible to strictly identify who the verbs and pronouns in this chapter refer to. They are intended to tell both stories at the same time. If possible, do the same in your translation, with an explanation in a footnote, if necessary.\n\n### Person shifts and embedded quotes\n\nYahweh’s speech shifts between second and third person for Israel and contains embedded quotes from the unfaithful wife who represents Israel. Translators need to decide what to do with these shifts in order to avoid confusion about who is speaking or being addressed.\n\n### “the declaration of Yahweh”\n\nHosea uses the phrase “the declaration of Yahweh” throughout this chapter. When he does, he is attesting that what he has just said comes from Yahweh, not from him, and so Yahweh’s authority is behind it. In some cases, Yahweh himself uses the phrase to attest to the origins and authority of his own speech. Decide as a team how you will represent this phrase in your translation.
2:1	l237		rc://*/ta/man/translate/translate-names	עַמִּ֑⁠י	1	The word **Ammi** is a name that means “my people”. You may want to include this information in a footnote.
2:1	dbgy		rc://*/ta/man/translate/translate-names	רֻחָֽמָה	1	The word **Ruhamah** is a name that means “pitied” or “loved.” You may want to include this information in a footnote.
2:2	hinf		rc://*/ta/man/translate/figs-metaphor	רִ֤יבוּ בְ⁠אִמְּ⁠כֶם֙ רִ֔יבוּ	1	As the introduction to this chapter explains, throughout this book Hosea represents Yahweh and his wife represents Israel. So as Hosea is speaking to his children about his wife, Yahweh is using him to represent his attitude toward Israel. Translate in such a way that either Hosea or Yahweh could be saying these things.
2:2	ar91		rc://*/ta/man/translate/figs-abstractnouns	זְנוּנֶ֨י⁠הָ֙	1	If your language does not use abstract noun for the idea of **prostitutions** you could express the same idea in another way. Alternate translation: [prostituting]
2:2	f3o8		rc://*/ta/man/translate/figs-metonymy	מִ⁠פָּנֶ֔י⁠ה	1	Here, **her face** represents who she is. If it would be helpful in your language, you could use an equivalent expression or plain language. Alternate translation: [from who she is]
2:2	lyi7		rc://*/ta/man/translate/figs-ellipsis	וְ⁠נַאֲפוּפֶ֖י⁠הָ מִ⁠בֵּ֥ין שָׁדֶֽי⁠הָ	1	The speaker is leaving out some of the words that in many languages a sentence would need in order to be complete. You can supply these words from the context if that would be clearer in your language. Alternate translation: [and let her remove her adulteries from between her breasts]
2:2	p8kg		rc://*/ta/man/translate/figs-metonymy	וְ⁠נַאֲפוּפֶ֖י⁠הָ מִ⁠בֵּ֥ין שָׁדֶֽי⁠הָ	1	Here, **adulteries from between her breasts** represents “her adulterous behavior.” If it would be helpful in your language, you could use an equivalent expression or plain language. Alternate translation: [and stop her adulterous behavior]
2:2	yoa1		rc://*/ta/man/translate/figs-abstractnouns	וְ⁠נַאֲפוּפֶ֖י⁠הָ	1	If your language does not use abstract noun for the idea of **adulteries**, you could express the same idea in another way. Alternate translation: [and her unfaithful behavior]
2:3	u0w5		rc://*/ta/man/translate/grammar-connect-logic-result	פֶּן	1	The word translated as **lest** indicates that what follows is a negative result of the mother not doing what was commanded in the previous verse. Use a connector in your language that makes this clear. Alternate translation: [or else]
2:3	us7f		rc://*/ta/man/translate/figs-parallelism	פֶּן־אַפְשִׁיטֶ֣⁠נָּה עֲרֻמָּ֔ה וְ⁠הִ֨צַּגְתִּ֔י⁠הָ כְּ⁠י֖וֹם הִוָּֽלְדָ֑⁠הּ	1	These two clauses mean basically the same thing. The second emphasizes the meaning of the first by repeating the same idea with different words. If it would be helpful to your readers, you could combine them and express the emphasis in another way as modeled in the UST. Another approach would be to connect the phrases with a word other than **and** in order to show that the second phrase is repeating the first one, not saying something additional. Alternate translation: [indeed, place her as on the day of her being born]
2:3	q77l		rc://*/ta/man/translate/figs-simile	וְ⁠שַׂמְתִּ֣י⁠הָ כַ⁠מִּדְבָּ֗ר	1	The point of this comparison is that just as **the wilderness** is barren and desolate, so Yahweh will make Israel. If it would be helpful in your language, you could make this point explicitly. Alternate translation: [and I make her barren and desolate as the wilderness]
2:3	w6dg		rc://*/ta/man/translate/figs-simile	וְ⁠שַׁתִּ֨⁠הָ֙ כְּ⁠אֶ֣רֶץ צִיָּ֔ה	1	The point of this comparison is that just as **a land of dryness** is lifeless and unproductive, so Yahweh will make Israel. If it would be helpful in your language, you could make this point explicitly. Alternate translation: [and make her as lifeless and unproductive as a dry land]
2:4	ero4		rc://*/ta/man/translate/figs-abstractnouns	לֹ֣א אֲרַחֵ֑ם	1	If your language does not use an abstract noun for the idea of **compassion**, you could express the same idea in another way. Alternate translation: [I will not feel sorry for]
2:4	t4uc		rc://*/ta/man/translate/figs-idiom	בְנֵ֥י זְנוּנִ֖ים	1	There is a double meaning here, because **children of prostitutions** means “children that result from prostitution” (as Gomer’s children were) as well as being a common expression of the culture to indicate that a person has a certain characteristic. In this case, the children (representing Israel) have the characteristic of being unfaithful to Yahweh. If this phrase does not have that meaning for your readers, use a comparable expression from your language that does have that meaning or state the meaning plainly. Alternate translation: [children who are unfaithful]
2:5	af1u		rc://*/ta/man/translate/figs-quotations	אָמְרָ֗ה אֵלְכָ֞ה אַחֲרֵ֤י מְאַהֲבַ⁠י֙ נֹתְנֵ֤י לַחְמִ⁠י֙ וּ⁠מֵימַ֔⁠י צַמְרִ֣⁠י וּ⁠פִשְׁתִּ֔⁠י שַׁמְנִ֖⁠י וְ⁠שִׁקּוּיָֽ⁠י	1	If it would be more natural in your language, you could express this as an indirect quotation. Alternate translation: [she said that she wants to go after her lovers who were the givers of her bread, water, wool, linen, oil, and drink]
2:5	fdnc			כִּ֣י	1	Here the word **For** introduces not a reason but an explanation. You may want to use a different connecting word to show how this statement relates to what comes before it. Alternate translation: [you see]
2:6	y2c6		rc://*/ta/man/translate/figs-idiom	הִנְ⁠נִי־שָׂ֥ךְ אֶת־דַּרְכֵּ֖⁠ךְ	1	Yahweh is using **behold me** as a common expression of the culture to announce that he is about to perform the action that follows. If this phrase does not have that meaning for your readers, you could use a comparable expression from your language that does have that meaning, or you could state the meaning plainly. Alternate translation: [Look, I am going to block your way] or [I will surely block your way]
2:6	x57x		rc://*/ta/man/translate/figs-metaphor	שָׂ֥ךְ אֶת־דַּרְכֵּ֖⁠ךְ בַּ⁠סִּירִ֑ים	1	The speaker is speaking as if the obstacles Yahweh places before Israel were **blocking** her **way with the thorns**. Your language may have a comparable expression that you can use in your translation, or you could state the meaning plainly. Alternate translation: [preventing you from finding your way]
2:6	diln		rc://*/ta/man/translate/figs-123person	אֶת־דַּרְכֵּ֖⁠ךְ	1	While here the speaker refers to the wife or Israel directly in the second person, **your way**, in the rest of this section, he speaks of her in the third person. If it would be helpful in your language, you could use third person throughout. Alternate translation: [her way]
2:6	vjdv		rc://*/ta/man/translate/writing-poetry	וְ⁠גָֽדַרְתִּי֙ אֶת־גְּדֵרָ֔⁠הּ	1	The speaker is using a construction in which a verb and its object come from the same root. You may be able to use the same construction in your language to express the meaning here. Alternatively, your language may have another way of saying this. Alternate translation: [and I will obstruct her path with a wall]
2:7	or31		rc://*/ta/man/translate/figs-metaphor	וְ⁠רִדְּפָ֤ה אֶת־מְאַהֲבֶ֨י⁠הָ֙	1	The speaker is speaking of both Gomer’s pursuit of sexual partners and Israel’s devotion to false gods as **pursuing her lovers**. Continue translating in a way that works for both meanings. Alternate translation: [And she will continue going after the ones she is devoted to]
2:8	b3z1		rc://*/ta/man/translate/writing-pronouns	וְ⁠הִיא֙ לֹ֣א יָֽדְעָ֔ה	1	The speaker is stating the pronoun **she** separately, even though the verb translated as **she did not know** already includes this meaning. If a speaker of your language would use an explicit pronoun for the same purpose, you may want to use that construction in your translation. If not, your language may have other ways of showing the meaning here. Alternate translation: [And she herself did not know]
2:8	t24n		rc://*/ta/man/translate/writing-pronouns	כִּ֤י אָֽנֹכִי֙ נָתַ֣תִּי	1	The speaker is stating the pronoun **I** separately, even though the verb translated as **I gave** already includes this meaning. He is doing that to emphasize that he is the one who gave her all those things. If a speaker of your language would use an explicit pronoun for the same purpose, you may want to use that construction in your translation. If not, your language may have other ways of showing the meaning here. Alternate translation: [that I myself gave]
2:8	opky		rc://*/ta/man/translate/writing-pronouns	עָשׂ֥וּ לַ⁠בָּֽעַל	1	The pronoun **they** refers to the people of Israel. From here on it is clear that Yahweh is talking about the unfaithfulness of the people of Israel. Alternate translation: [which the Israelites made for the Baal]
2:9	unjs		rc://*/ta/man/translate/figs-abstractnouns	אֶת־עֶרְוָתָֽ⁠הּ	1	If your language does not use an abstract noun for the idea of **nakedness**, you could express the same idea in another way. Alternate translation: [her exposed body]
2:9	etjm		rc://*/ta/man/translate/figs-metaphor	וְ⁠הִצַּלְתִּי֙ צַמְרִ֣⁠י וּ⁠פִשְׁתִּ֔⁠י לְ⁠כַסּ֖וֹת אֶת־עֶרְוָתָֽ⁠הּ	1	The speaker is speaking as if reclaiming the resources Yahweh provided to Israel were **snatching away** his **wool** and **linen** that covered **her nakedness**. Your language may have a comparable expression that you can use in your translation, or you could state the meaning plainly. Alternate translation: [and I will take back the wool and linen I provided to clothe her]
2:10	yuqk		rc://*/ta/man/translate/figs-metaphor	אֲגַלֶּ֥ה אֶת־נַבְלֻתָ֖⁠הּ	1	Yahweh is speaking as if publicly exposing Israel’s unfaithfulness were **uncovering her lewdness**. Your language may have a comparable expression that you can use in your translation, or you could state the meaning plainly. Alternate translation: [I will publicly expose her shameful acts]
2:10	c8tt		rc://*/ta/man/translate/figs-abstractnouns	אֶת־נַבְלֻתָ֖⁠הּ	1	If your language does not use an abstract noun for the idea of **lewdness**, you could express the same idea in another way. Alternate translation: [her shameful acts]
2:10	wr08		rc://*/ta/man/translate/figs-metonymy	מִ⁠יָּדִֽ⁠י	1	Here, **my hand** represents a person’s power and authority. If it would be helpful in your language, you could use an equivalent expression or state the meaning plainly. Alternate translation: [from my power]
2:10	xeew		rc://*/ta/man/translate/figs-idiom	לְ⁠עֵינֵ֣י מְאַהֲבֶ֑י⁠הָ	1	Yahweh is using **to the eyes of her lovers** as a common expression of the culture to mean “in the sight of her lovers.” If this phrase does not have that meaning for your readers, you could use a comparable expression from your language that does have that meaning, or you could state the meaning plainly. Alternate translation: [in the sight of her lovers]
2:11	g45b		rc://*/ta/man/translate/figs-abstractnouns	מְשׂוֹשָׂ֔⁠הּ	1	If your language does not use an abstract noun for the idea of **joy**, you could express the same idea in another way. Alternate translation: [her being joyful] or [the times she is joyful]
2:12	olcx		rc://*/ta/man/translate/figs-metaphor	אֶתְנָ֥ה הֵ֨מָּה֙ לִ֔⁠י אֲשֶׁ֥ר נָֽתְנוּ־לִ֖⁠י מְאַֽהֲבָ֑⁠י	1	Israel is presented as speaking as if the produce of Israel’s land were **a payment** given by **her lovers**, like wages paid to a prostitute. Your language may have a comparable expression that you can use in your translation, or you could state the meaning plainly. Alternate translation: [The gods gave these to me as wages for my services to them]
2:12	d4or		rc://*/ta/man/translate/figs-metaphor	וְ⁠שַׂמְתִּ֣י⁠ם לְ⁠יַ֔עַר	1	The speaker is speaking as if turning Israel’s cultivated vineyards and fig trees into untended overgrowth were making them **a forest**. Your language may have a comparable expression that you can use in your translation, or you could state the meaning plainly. Alternate translation: [And I will cause them to become uncultivated and unproductive]
2:12	ks1w		rc://*/ta/man/translate/figs-quotations	אָמְרָ֗ה אֶתְנָ֥ה הֵ֨מָּה֙ לִ֔⁠י אֲשֶׁ֥ר נָֽתְנוּ־לִ֖⁠י מְאַֽהֲבָ֑⁠י	1	If it would be more natural in your language, you could express this as a direct quotation. Alternate translation: [she said that they were a payment to her, which her lovers had given to her]
2:13	dijr		rc://*/ta/man/translate/figs-idiom	וּ⁠פָקַדְתִּ֣י עָלֶ֗י⁠הָ אֶת־יְמֵ֤י הַ⁠בְּעָלִים֙	1	The speaker is using **I will visit on her** as a common expression of the culture to mean “I will punish her for.” If this phrase does not have that meaning for your readers, you could use a comparable expression from your language that does have that meaning, or you could state the meaning plainly. Alternate translation: [And I will punish her for the times she worshipped the Baals]
2:13	nxyg		rc://*/ta/man/translate/figs-metonymy	אֶת־יְמֵ֤י הַ⁠בְּעָלִים֙	1	The speaker is using the term **days** to refer to the time periods when Israel worshiped the Baals. If it would be helpful in your language, you could state the meaning plainly. Alternate translation: [the times when she worshiped the Baals]
2:13	o5s9		rc://*/ta/man/translate/figs-explicit	נְאֻם־יְהוָֽה	1	Although this speech began in verse 2 as Hosea’s complaint about Gomer’s unfaithfulness, he shows us here that Yahweh has also been describing Israel’s unfaithfulness to him, and now continues to do so. The rest of the chapter is about Yahweh and Israel.
2:14	qwcc		rc://*/ta/man/translate/grammar-connect-words-phrases	הִנֵּ֤ה	1	The speaker is using the term **behold** to focus his listeners’ attention on what he is about to say. Your language may have a comparable expression that you can use in your translation. Alternate translation: [look]
2:14	npar		rc://*/ta/man/translate/figs-metaphor	אָֽנֹכִי֙ מְפַתֶּ֔י⁠הָ	1	The speaker is speaking as if winning back Israel’s loyalty were **alluring her** like a lover. Your language may have a comparable expression that you can use in your translation, or you could state the meaning plainly. Alternate translation: [I am trying to win back her loyalty]
2:14	itxd		rc://*/ta/man/translate/figs-idiom	וְ⁠דִבַּרְתִּ֖י עַל לִבָּֽ⁠הּ	1	The speaker is using **speak on her heart** as a common expression of the culture to mean that he will speak lovingly or compassionately to her. If this phrase does not have that meaning for your readers, you could use a comparable expression from your language that does have that meaning, or you could state the meaning plainly. Alternate translation: [and I will speak lovingly to her]
2:14	hay4		rc://*/ta/man/translate/figs-metonymy	וְ⁠הֹֽלַכְתִּ֖י⁠הָ הַ⁠מִּדְבָּ֑ר	1	Here, **the wilderness** represents the experience that Israel had when Yahweh led their ancestors through the wilderness after bringing them out of Egypt. That is where the people of Israel first pledged their loyalty to Yahweh. If it would be helpful in your language, you could state some of this plainly. Alternate translation: [and I will remind her of when we were in the wilderness and she first vowed her loyalty to me]
2:15	xb97		rc://*/ta/man/translate/translate-names	עֵ֥מֶק עָכ֖וֹר	1	The word **Achor** is the name of a valley. This word means “trouble.” It received this name because of the events recorded in [Joshua 7:24-26](../../jos/07/24.md). If it is helpful in your language, you may want to put some of this information in a footnote.
2:15	ou7i		rc://*/ta/man/translate/figs-simile	עֵ֥מֶק עָכ֖וֹר לְ⁠פֶ֣תַח תִּקְוָ֑ה	1	The point of this comparison is that just as a **door** provides access to what lies beyond, so the Valley of Achor will become an entrance to **hope** for Israel. If it would be helpful in your language, you could make this point explicitly. Alternate translation: [the Valley of Achor as a place where she can begin to hope again]
2:15	z3l6		rc://*/ta/man/translate/figs-abstractnouns	תִּקְוָ֑ה	1	If your language does not use an abstract noun for the idea of **hope**, you could express the same idea in another way. Alternate translation: [being able to hope again]
2:16	otjm		rc://*/ta/man/translate/figs-123person	תִּקְרְאִ֖י אִישִׁ֑⁠י וְ⁠לֹֽא־תִקְרְאִי־לִ֥⁠י ע֖וֹד בַּעְלִֽ⁠י	1	In this verse, Yahweh addresses Israel directly in the second person (**you will call**), whereas in the surrounding context he has been speaking about her in the third person. If it would be helpful in your language, you could use third person throughout. Alternate translation: [she will call me “My Husband,” and she will no longer call me “My Baal]
2:16	tus6		rc://*/ta/man/translate/figs-metaphor	תִּקְרְאִ֖י אִישִׁ֑⁠י	1	Yahweh is continuing to speak of his relationship to Israel as though they were a husband and a wife. Israel calling Yahweh **My Husband** represents their renewed covenant loyalty to him. Your language may have a comparable expression that you can use in your translation, or you could state the meaning plainly.
2:16	m05e		rc://*/ta/man/translate/figs-quotations	תִּקְרְאִ֖י אִישִׁ֑⁠י וְ⁠לֹֽא־תִקְרְאִי־לִ֥⁠י ע֖וֹד בַּעְלִֽ⁠י	1	If it would be more natural in your language, you could express this as an indirect quotation. Alternate translation: [you will me your husband and you will no longer call me your Baal]
2:16	onqk		rc://*/ta/man/translate/figs-infostructure	נְאֻם־יְהוָ֔ה	1	See how you translated the similar expression in [2:13](../02/13.md).
2:16	djrk		rc://*/ta/man/translate/translate-unknown	וְ⁠לֹֽא־תִקְרְאִי־לִ֥⁠י ע֖וֹד בַּעְלִֽ⁠י	1	The word **Baal** means “master” or “lord” in the original language, but it is also the name of a Canaanite deity that Israelites were worshiping. Yahweh declares that Israel will no longer use this title for him because of its association with the false gods. If your readers would not be familiar with this term, you could explain its significance in a footnote.
2:17	mtuw		rc://*/ta/man/translate/figs-metonymy	מִ⁠פִּ֑י⁠הָ	1	Here, **her mouth** represents her speech. If it would be helpful in your language, you could use an equivalent expression or plain language. Alternate translation: [from her speech]
2:17	t775		rc://*/ta/man/translate/figs-activepassive	וְ⁠לֹֽא־יִזָּכְר֥וּ ע֖וֹד בִּ⁠שְׁמָֽ⁠ם	1	The expression **they will no longer be remembered** is a passive verbal form. If it would be unnatural to use that form, you could express the idea in active form or in another way that is natural in your language. Alternate translation: [and no one will ever mention their name again]
2:18	lyix		rc://*/ta/man/translate/figs-idiom	וְ⁠כָרַתִּ֨י & בְּרִית֙	1	Yahweh is using **cut a covenant** as a common expression of the culture to mean “establish a covenant.” If this phrase does not have that meaning for your readers, you could use a comparable expression from your language that does have that meaning, or you could state the meaning plainly. Alternate translation: [I will make a covenant]
2:18	bupt		rc://*/ta/man/translate/figs-explicit	וְ⁠הִשְׁכַּבְתִּ֖י⁠ם	1	By **make them lie down**, Yahweh means that he will create the situation of safety in which they can lie down. You could indicate this explicitly in your translation if that would be helpful to your readers. Alternate translation: [and I will make it possible for them to lie down]
2:18	ltcu		rc://*/ta/man/translate/figs-abstractnouns	לָ⁠בֶֽטַח	1	If your language does not use an abstract noun for the idea of **safety**, you could express the same idea in another way. Alternate translation: [in a safe place]
2:19	jqxl		rc://*/ta/man/translate/figs-metaphor	וְ⁠אֵרַשְׂתִּ֥י⁠ךְ לִ֖⁠י לְ⁠עוֹלָ֑ם	1	Yahweh continues speaking as if renewing his covenant with Israel were **betrothing** her to himself. Your language may have a comparable expression that you can use in your translation, or you could state the meaning plainly. Alternate translation: [And you will be pledged to me forever]
2:19	z6wn		rc://*/ta/man/translate/figs-abstractnouns	וְ⁠אֵרַשְׂתִּ֥י⁠ךְ לִ⁠י֙ בְּ⁠צֶ֣דֶק וּ⁠בְ⁠מִשְׁפָּ֔ט וּ⁠בְ⁠חֶ֖סֶד וּֽ⁠בְ⁠רַחֲמִֽים	1	Here Yahweh defines the characteristics of his renewed relationship with Israel. If your language does not use abstract nouns for the ideas of **righteousness**, **justice**, **covenant faithfulness**, and **compassion**, you could express the same ideas in other ways. Alternate translation: [and in our marriage relationship I promise to do the right and just thing, to love you faithfully, and to be compassionate toward you]
2:20	rjap		rc://*/ta/man/translate/figs-abstractnouns	וְ⁠אֵרַשְׂתִּ֥י⁠ךְ לִ֖⁠י בֶּ⁠אֱמוּנָ֑ה	1	If your language does not use an abstract noun for the idea of **faithfulness**, you could express the same idea in another way. Alternate translation: [And in our marriage I promise to be faithful to you]
2:20	y0p3		rc://*/ta/man/translate/figs-explicit	וְ⁠יָדַ֖עַתְּ אֶת־יְהוָֽה	1	To **know Yahweh** is an important concept in the book of Hosea. It means to be in an intimate covenant relationship with Yahweh. Those who know Yahweh both love and obey him. You could indicate this explicitly in your translation if that would be helpful to your readers. Alternate translation: [and you will be in an intimate covenant relationship with Yahweh]
2:20	zv5j		rc://*/ta/man/translate/figs-metaphor	וְ⁠אֵרַשְׂתִּ֥י⁠ךְ לִ֖⁠י בֶּ⁠אֱמוּנָ֑ה	1	Yahweh is speaking as if renewing his covenant with Israel were **betrothing** her to himself **in faithfulness**. Your language may have a comparable expression that you can use in your translation, or you could state the meaning plainly. Alternate translation: [And I will commit myself to you in faithfulness]
2:21	qoty		rc://*/ta/man/translate/figs-personification	אֶעֱנֶ֖ה אֶת־הַ⁠שָּׁמָ֑יִם וְ⁠הֵ֖ם יַעֲנ֥וּ אֶת־הָ⁠אָֽרֶץ	1	Yahweh is speaking of **the heavens** and **the earth** as if they were living things that could make requests and give answers. If it would be helpful in your language, you could state the meaning plainly. Alternate translation: [I will command the heavens and they will give the earth what it needs]
2:21	fm04		rc://*/ta/man/translate/writing-pronouns	וְ⁠הֵ֖ם יַעֲנ֥וּ	1	The speaker is stating the pronoun **they** separately for emphasis, even though the verb translated as **they will answer** already includes this meaning. If a speaker of your language would use an explicit pronoun for the same purpose, you may want to use that construction in your translation. If not, your language may have other ways of showing the meaning here. Alternate translation: [and they themselves will answer]
2:21	gy2r		rc://*/ta/man/translate/figs-infostructure	נְאֻם־יְהוָ֔ה	1	See how you translated the similar expression in [2:13](../02/13.md).
2:22	n5lq		rc://*/ta/man/translate/figs-personification	וְ⁠הָ⁠אָ֣רֶץ תַּעֲנֶ֔ה אֶת־הַ⁠דָּגָ֖ן	1	Yahweh continues speaking of **the earth** as if it were a living thing that could **answer** by producing grain, new wine, and oil. If it would be helpful in your language, you could state the meaning plainly. Alternate translation: [And the earth will do its part by producing grain]
2:22	fc2w		rc://*/ta/man/translate/figs-personification	וְ⁠הֵ֖ם יַעֲנ֥וּ אֶֽת־יִזְרְעֶֽאל	1	The speaker is speaking of the grain, new wine, and oil as if they were living things that could **answer** Jezreel by providing for the people. If it would be helpful in your language, you could state the meaning plainly. Alternate translation: [and they, in turn, will provide for Jezreel]
2:22	ozgf		rc://*/ta/man/translate/translate-names	אֶֽת־יִזְרְעֶֽאל	1	The word **Jezreel** is the name of a city and a valley. It means “God sows.” You could include this information in a footnote if that would be helpful to your readers.
2:23	rj04		rc://*/ta/man/translate/figs-metaphor	וּ⁠זְרַעְתִּ֤י⁠הָ לִּ⁠י֙ בָּ⁠אָ֔רֶץ	1	Yahweh is speaking as if establishing his people in the land were **sowing** them like seed **on the earth**. Your language may have a comparable expression that you can use in your translation, or you could state the meaning plainly. Alternate translation: [And I will settle her for myself in the land]
2:23	fik6		rc://*/ta/man/translate/translate-names	אֶת־לֹ֣א רֻחָ֑מָה	1	The word **Lo Ruhamah** is a name that means “not pitied.” You may want to include this information in a footnote.
2:23	nhns		rc://*/ta/man/translate/figs-quotations	וְ⁠אָמַרְתִּ֤י לְ⁠לֹֽא־עַמִּי֙ עַמִּ⁠י־אַ֔תָּה וְ⁠ה֖וּא יֹאמַ֥ר אֱלֹהָֽ⁠י	1	If it would be more natural in your language, you could express this as an indirect quotation. Alternate translation: [and I will tell Lo Ammi that he is my people and he will call me his God]
2:23	rti2		rc://*/ta/man/translate/translate-names	לְ⁠לֹֽא־עַמִּי֙	1	The word **Lo Ammi** is a name that means “not my people.” You may want to include this information in a footnote.
2:23	z342		rc://*/ta/man/translate/writing-pronouns	וְ⁠ה֖וּא יֹאמַ֥ר	1	Yahweh is stating the pronoun **he** separately, even though the verb translated as **he will say** already includes this meaning. He is doing that to emphasize the complete reconciliation because Lo Ammi is the one saying it. If a speaker of your language would use an explicit pronoun for the same purpose, you may want to use that construction in your translation. If not, your language may have other ways of showing the meaning here. Alternate translation: [and he himself will say]
3:intro	z3iw					# Hosea 3 Chapter Introduction\n\n## Structure and Formatting\n\n1. Hosea redeems and restores his wife (1–3)\n2. Israel will experience discipline before restoration (4–5)\n\n## Religious and Cultural Concepts in This Chapter\n\n### Ancient measurements\n\nThe purchase price in verse 2 includes 15 shekels of silver, a homer of barley, and a lethek of barley. These are ancient units of currency and dry measure that translators may need to handle with footnotes or culturally appropriate equivalents.\n\n### Legitimate and illegitimate practices\n\nThe list in verse 4 includes both legitimate Israelite institutions such as “sacrifice” and “ephod” as well as items associated with idolatry such as “pillar” and “teraphim.” Israel will lose access to both proper worship and false worship during the period of deprivation.\n\n## Translation Issues in This Chapter\n\n### “David their king”\n\nIn verse 5, “David their king” uses David’s name as a metonymy for a future Davidic ruler, not David himself.
3:1	mm3b		rc://*/ta/man/translate/writing-newevent	וַ⁠יֹּ֨אמֶר יְהוָ֜ה אֵלַ֗⁠י	1	Hosea is using the word translated as **And** to introduce a new event in the story. Use a word, phrase, or other method in your language that is natural for introducing a new event.
3:1	g17m		rc://*/ta/man/translate/figs-activepassive	אֲהֻ֥בַת רֵ֖עַ	1	The expression **loved by a friend** is a passive verbal form. If it would be unnatural to use that form, you could express the idea in active form or in another way that is natural in your language. Alternate translation: [whom a friend loves]
3:1	h3jf		rc://*/ta/man/translate/figs-simile	כְּ⁠אַהֲבַ֤ת יְהוָה֙ אֶת־בְּנֵ֣י יִשְׂרָאֵ֔ל	1	The point of this comparison is that just as **the love of Yahweh for the sons of Israel** is faithful despite their unfaithfulness, so is the love that Hosea is to show for this adulterous woman. If it would be helpful in your language, you could make this point explicitly. Alternate translation: [just as Yahweh loves the sons of Israel faithfully]
3:1	jch0		rc://*/ta/man/translate/figs-metaphor	בְּנֵ֣י יִשְׂרָאֵ֔ל	1	Here Yahweh is speaking as if the Israelite people were actually the **sons** of the patriarch Jacob who was also known as **Israel**. Your language may have a comparable expression that you can use in your translation, or you could state the meaning plainly. Alternate translation: [the Israelite people]
3:1	c2d3		rc://*/ta/man/translate/figs-metaphor	וְ⁠הֵ֗ם פֹּנִים֙ אֶל־אֱלֹהִ֣ים אֲחֵרִ֔ים	1	Here Yahweh is speaking as if the Israelites were physically **turning** to walk toward other gods. He means that they are changing their allegiance and worshiping other gods. Your language may have a comparable expression that you can use in your translation, or you could state the meaning plainly. Alternate translation: [and they give their allegiance to other gods]
3:2	iyxa		rc://*/ta/man/translate/figs-ellipsis	בַּ⁠חֲמִשָּׁ֥ה עָשָׂ֖ר כָּ֑סֶף	1	Hosea is leaving out some of the words that in many languages a sentence would need in order to be complete. You can supply these words from the context if that would be clearer in your language. Alternate translation: [for 15 shekels of silver]
3:2	sukh		rc://*/ta/man/translate/translate-bvolume	וְ⁠חֹ֥מֶר שְׂעֹרִ֖ים וְ⁠לֵ֥תֶךְ שְׂעֹרִֽים	1	A **homer** was equivalent to about 220 liters, and a **lethek** was equivalent to about 115 liters. If it would be helpful to your readers, you could express these in terms of modern measurements, either in the text or in a footnote.
3:3	oavu		rc://*/ta/man/translate/figs-euphemism	וְ⁠לֹ֥א תִֽהְיִ֖י לְ⁠אִ֑ישׁ	1	Hosea is referring to having sexual relations in a polite way by using the phrase **you will not be to a man**. Depending on what is helpful for your readers, you could use a polite way of referring to this in your language, or you could state this plainly. Alternate translation: [and you will not have sexual relations with any man]
3:4	utkl		rc://*/ta/man/translate/figs-litany	אֵ֥ין מֶ֨לֶךְ֙ וְ⁠אֵ֣ין שָׂ֔ר וְ⁠אֵ֥ין זֶ֖בַח וְ⁠אֵ֣ין מַצֵּבָ֑ה וְ⁠אֵ֥ין אֵפ֖וֹד וּ⁠תְרָפִֽים	1	The speaker uses a repetitive series of clauses to communicate that what he is saying should be understood as comprehensive and overwhelming. Use a form in your language that someone would use to describe a situation that is comprehensive and overwhelming.
3:4	wagp		rc://*/ta/man/translate/translate-unknown	וּ⁠תְרָפִֽים	1	The word **teraphim** refers to a kind of household idol. If your readers would not be familiar with what teraphim are, you could use the name of a similar thing that your readers would recognize, or you could use a more general term. Alternate translation: [and without an idol]
3:5	wv52		rc://*/ta/man/translate/grammar-connect-time-sequential	אַחַ֗ר	1	The word **Afterward** indicates that this will not happen immediately after the period described in the preceding verses. Your language may have a connecting phrase that you can use to show this. Alternate translation: [After a while]
3:5	nm6i		rc://*/ta/man/translate/figs-metaphor	בְּנֵ֣י יִשְׂרָאֵ֔ל	1	See how you translated the same expression in [verse 1](../03/01.md). Alternate translation: [the Israelite people]
3:5	yhy1		rc://*/ta/man/translate/figs-possession	אֶת־יְהוָ֣ה אֱלֹהֵי⁠הֶ֔ם	1	Hosea is using the possessive form **their God** not to indicate that the Israelites possess or control Yahweh, but to indicate that Yahweh is the God whom they worship. If a speaker of your language would not use the possessive form for this, you could express this idea in another way. Alternate translation: [Yahweh, the God they worship]
3:5	wpvs		rc://*/ta/man/translate/figs-metonymy	וְ⁠אֵ֖ת דָּוִ֣ד מַלְכָּ֑⁠ם	1	The expression **David their king** represents a future king who will be a descendant of King David. If it would be helpful in your language, you could use an equivalent expression or plain language. Alternate translation: [and their king, David’s descendant]
3:5	hz97		rc://*/ta/man/translate/figs-idiom	וּ⁠פָחֲד֧וּ אֶל־יְהוָ֛ה וְ⁠אֶל־טוּב֖⁠וֹ בְּ⁠אַחֲרִ֥ית הַ⁠יָּמִֽים	1	The speaker is using **tremble toward Yahweh and toward his goodness** as a common expression of the culture to mean “approach Yahweh with reverent awe, drawn by his goodness.” If this phrase does not have that meaning for your readers, you could use a comparable expression from your language that does have that meaning, or you could state the meaning plainly. Alternate translation: [and they will come to Yahweh with reverent awe, drawn by his goodness]
3:5	u1hs		rc://*/ta/man/translate/figs-abstractnouns	טוּב֖⁠וֹ	1	If your language does not use an abstract noun for the idea of **goodness**, you could express the same idea in another way. Alternate translation: [all the good things he does]
3:5	w7s1		rc://*/ta/man/translate/figs-idiom	בְּ⁠אַחֲרִ֥ית הַ⁠יָּמִֽים	1	The speaker is using **in the latter days** as a common expression of the culture to mean “in the distant future.” If this phrase does not have that meaning for your readers, you could use a comparable expression from your language that does have that meaning, or you could state the meaning plainly. Alternate translation: [in the distant future]
4:intro	welt					# Hosea 4 Chapter Introduction\n\n## Structure and Formatting\n\n1. Yahweh brings charges against the people (1–5)\n2. The priests are condemned for rejecting knowledge (6–10)\n3. Israel’s idolatry leads to moral corruption (11–19)\n\n## Religious and Cultural Concepts in This Chapter\n\n### Idolatry as prostitution\n\nHosea uses prostitute language as a sustained metaphor for Israel’s idol worship, connecting physical unfaithfulness at pagan shrines (13-14) with spiritual unfaithfulness to Yahweh.\n\n## Translation Issues in This Chapter\n\n### Shifting addressees\n\nThe speaker addresses different groups without explicit transitions: Israel collectively (1-3), a priest in second person singular (4-6), and then Israel in second person plural (13-15).
4:1	is59		rc://*/ta/man/translate/figs-metonymy	דְבַר־יְהוָ֖ה	1	Here, **word** represents “message.” If it would be helpful in your language, you could use an equivalent expression or plain language. Alternate translation: [the message from Yahweh]
4:1	kb4q		rc://*/ta/man/translate/figs-metaphor	בְּנֵ֣י יִשְׂרָאֵ֑ל	1	Here the speaker is speaking as if the Israelites were literal **sons** of the patriarch Jacob who was also called **Israel**. Your language may have a comparable expression that you can use in your translation, or you could state the meaning plainly. Alternate translation: [people of Israel]
4:1	kzff		rc://*/ta/man/translate/figs-metaphor	רִ֤יב לַֽ⁠יהוָה֙ עִם־יוֹשְׁבֵ֣י הָ⁠אָ֔רֶץ	1	Here the speaker is speaking as if Yahweh’s judgment against Israel were a legal **dispute** in a court of law. Your language may have a comparable expression that you can use in your translation, or you could state the meaning plainly. Alternate translation: [Yahweh is bringing charges against the dwellers of the land]
4:1	n9o7		rc://*/ta/man/translate/figs-parallelism	אֵין־אֱמֶ֧ת וְֽ⁠אֵין־חֶ֛סֶד וְ⁠אֵֽין־דַּ֥עַת אֱלֹהִ֖ים בָּ⁠אָֽרֶץ	1	These three clauses mean basically the same thing. Each one emphasizes the meaning by repeating the same idea with different words. If it would be helpful to your readers, you could combine them. Alternate translation: [there is no truth, covenant faithfulness, or knowledge of God in the land.]
4:1	ny6r		rc://*/ta/man/translate/figs-abstractnouns	אֱמֶ֧ת	1	If your language does not use abstract noun for the idea of **truth**, you could express the same idea in another way. Alternate translation: [telling the truth]
4:1	bach		rc://*/ta/man/translate/figs-abstractnouns	חֶ֛סֶד	1	If your language does not use abstract noun for the idea of **covenant faithfulness**, you could express the same idea in another way. Alternate translation: [keeping covenant promises]
4:1	dr43		rc://*/ta/man/translate/figs-abstractnouns	דַּ֥עַת	1	If your language does not use abstract noun for the idea of **knowledge**, you could express the same idea in another way. Alternate translation: [understanding of]
4:2	ejcy		rc://*/ta/man/translate/figs-idiom	וְ⁠דָמִ֥ים בְּ⁠דָמִ֖ים נָגָֽעוּ	1	The speaker is using **bloodshed touches bloodshed** as a common expression of the culture to mean “one act of violence follows right after another.” If this phrase does not have that meaning for your readers, you could use a comparable expression from your language that does have that meaning, or you could state the meaning plainly. Alternate translation: [and one act of violence follows right after another]
4:3	i2hv		rc://*/ta/man/translate/figs-personification	תֶּאֱבַ֣ל הָ⁠אָ֗רֶץ	1	The speaker is speaking of how desolate **the land** is as if it were person that has emotions and **mourns**. If it would be helpful in your language, you could state the meaning plainly. Alternate translation: [the land becomes dry and unproductive]
4:3	ifjr		rc://*/ta/man/translate/figs-activepassive	יֵאָסֵֽפוּ	1	The expression **are gathered away** is a passive verbal form. If it would be unnatural to use that form, you could express the idea in active form or in another way that is natural in your language. Alternate translation: [disappear]
4:4	bi7k		rc://*/ta/man/translate/figs-gendernotations	אִ֛ישׁ	1	Here the masculine term **man** here and in the next line has a generic sense that includes both men and women. If it would be helpful to your readers, you could use language in your translation that is clearly inclusive of both men and women. Alternate translation: [person]
4:4	uo48		rc://*/ta/man/translate/figs-simile	וְ⁠עַמְּ⁠ךָ֖ כִּ⁠מְרִיבֵ֥י כֹהֵֽן	1	The point of this comparison is that just as **those disputing with a priest** stubbornly reject correction, so **your people** stubbornly reject Yahweh’s correction. If it would be helpful in your language, you could make this point explicitly. Alternate translation: [but your people are like those who dispute with a priest, stubbornly rejecting his correction]
4:4	woy7		rc://*/ta/man/translate/writing-pronouns	וְ⁠עַמְּ⁠ךָ֖	1	The pronoun **your** refers to the people of Israel whom the speaker is addressing. It may be helpful to clarify this for your readers. Alternate translation: [but you people of Israel]
4:5	l5i0		rc://*/ta/man/translate/figs-metaphor	וְ⁠כָשַׁלְתָּ֣ הַ⁠יּ֔וֹם וְ⁠כָשַׁ֧ל גַּם־נָבִ֛יא עִמְּ⁠ךָ֖ לָ֑יְלָה	1	Here the speaker is speaking of the people experiencing disaster as if they as well as their prophet would physically **stumble** when walking. Your language may have a comparable expression that you can use in your translation, or you could state the meaning plainly. Alternate translation: [And you will continually experience disaster along with the prophet]
4:5	tgca		rc://*/ta/man/translate/figs-metaphor	וְ⁠דָמִ֖יתִי אִמֶּֽ⁠ךָ	1	Here the speaker is speaking as if the nation of Israel were the people’s **mother**. Your language may have a comparable expression that you can use in your translation, or you could state the meaning plainly. Alternate translation: [and I will destroy your nation]
4:6	v077		rc://*/ta/man/translate/figs-activepassive	נִדְמ֥וּ	1	The expression **are destroyed** is a passive verbal form. If it would be unnatural to use that form, you could express the idea in active form or in another way that is natural in your language. Alternate translation: [perish]
4:6	rngd		rc://*/ta/man/translate/figs-abstractnouns	הַ⁠דָּ֑עַת	1	If your language does not use an abstract noun for the idea of **the knowledge**, you could express the same idea in another way. Alternate translation: [knowing God]
4:6	uros		rc://*/ta/man/translate/writing-pronouns	אַתָּ֞ה & מָאַ֗סְתָּ	1	The speaker is stating the pronoun **you** separately, even though the verb translated as **you have rejected** already includes this meaning. He is doing that to emphasize that it was that it was their choice to reject Yahweh. If a speaker of your language would use an explicit pronoun for the same purpose, you may want to use that construction in your translation. If not, your language may have other ways of showing the meaning here. Alternate translation: [you have completely rejected]
4:6	vaui		rc://*/ta/man/translate/figs-123person	עַמִּ֖⁠י	1	Even though the speaker has been and will continue to address the people directly, here he speaks of them in the third person as **My people** to remind them of their relationship to him. If it would be helpful in your language, you could translate this consistently in the second person. Alternate translation: [You, who are my people,]
4:6	fedt		rc://*/ta/man/translate/figs-possession	אֱלֹהֶ֔י⁠ךָ	1	The speaker is using the possessive form to describe **God** as the one who is in a covenant relationship with the people of Israel. If a speaker of your language would not use the possessive form for this, you could express this idea in another way. Alternate translation: [the God who made a covenant with you]
4:6	fmwx		rc://*/ta/man/translate/writing-pronouns	אֶשְׁכַּ֥ח בָּנֶ֖י⁠ךָ גַּם־אָֽנִי	1	The speaker is stating the pronoun **I** separately, even though the verb translated as **I will forget** already includes this meaning. He is doing that to emphasize that he will also reject their sons. If a speaker of your language would use an explicit pronoun for the same purpose, you may want to use that construction in your translation. If not, your language may have other ways of showing the meaning here. Alternate translation: [I myself will forget your sons]
4:6	jo09		rc://*/ta/man/translate/figs-metaphor	אֶשְׁכַּ֥ח בָּנֶ֖י⁠ךָ גַּם־אָֽנִי	1	The speaker is speaking as if the people that descended from the Israelites were actually their **sons**. Alternate translation: [I will also reject your descendants]
4:7	nyj7		rc://*/ta/man/translate/figs-abstractnouns	כְּבוֹדָ֖⁠ם בְּ⁠קָל֥וֹן	1	If your language does not use abstract nouns for the ideas of **glory** and **dishonor**, you could express the same ideas in other ways. Alternate translation: [what is honored about them for what is disgraceful]
4:8	lf2s		rc://*/ta/man/translate/writing-pronouns	חַטַּ֥את עַמִּ֖⁠י יֹאכֵ֑לוּ	1	Here, **They** could refer to: (1) the priests, as in the UST, or (2) the people. Alternate translation: [The sin of my people, they eat] or [My people eat their sin]
4:8	dtkd		rc://*/ta/man/translate/figs-explicit	חַטַּ֥את	1	The word translated as **the sin of** can also be translated as “the sin offering of” as in the UST.
4:8	l5y1		rc://*/ta/man/translate/figs-idiom	וְ⁠אֶל־עֲוֺנָ֖⁠ם יִשְׂא֥וּ נַפְשֽׁ⁠וֹ	1	The speaker is using **lift up his soul** as a common expression of the culture to mean “eagerly desires.” If this phrase does not have that meaning for your readers, you could use a comparable expression from your language that does have that meaning, or you could state the meaning plainly. Alternate translation: [each priest eagerly desires the people’s iniquity]
4:8	h4kp		rc://*/ta/man/translate/figs-abstractnouns	עֲוֺנָ֖⁠ם	1	If your language does not use abstract noun for the idea of **iniquity**, you could express the same idea in another way. Alternate translation: [the wrong things the people do]
4:9	di1v		rc://*/ta/man/translate/figs-ellipsis	וְ⁠הָיָ֥ה כָ⁠עָ֖ם כַּ⁠כֹּהֵ֑ן	1	The speaker is leaving out some of the words that in many languages a sentence would need in order to be complete. You can supply these words from the context if that would be clearer in your language. Alternate translation: [What happens to the people will also happen to the priest]
4:9	oqyd		rc://*/ta/man/translate/grammar-collectivenouns	כַּ⁠כֹּהֵ֑ן	1	In this verse, the word **priest** is singular in form, but it refers to all priests as a group. If it would be helpful in your language, you could use the plural form here and for the rest of the pronouns referring to them in this verse. Alternate translation: [like all the priests]
4:9	kthn		rc://*/ta/man/translate/figs-idiom	וּ⁠פָקַדְתִּ֤י עָלָי⁠ו֙ דְּרָכָ֔י⁠ו	1	The speaker is using **I will visit upon him his ways** as a common expression of the culture to mean “I will punish him for his behavior.” If this phrase does not have that meaning for your readers, you could use a comparable expression from your language that does have that meaning, or you could state the meaning plainly. Alternate translation: [And I will punish him for his behavior]
4:9	iq9p		rc://*/ta/man/translate/figs-idiom	וּ⁠מַעֲלָלָ֖י⁠ו אָשִׁ֥יב לֽ⁠וֹ	1	The speaker is using **return his deeds to him** as a common expression of the culture to mean “pay him back for what he has done.” If this phrase does not have that meaning for your readers, you could use a comparable expression from your language that does have that meaning, or you could state the meaning plainly. Alternate translation: [and I will pay him back for what he has done]
4:10	rqsr		rc://*/ta/man/translate/translate-alternativereadings	כִּֽי־אֶת־יְהוָ֥ה עָזְב֖וּ לִ⁠שְׁמֹֽר	1	The phrase **for they have forsaken to heed Yahweh** is a translation of the Hebrew text as it is in verse 10. Some translations, however, include the first word of verse 11 in this sentence. You may want to do the same in your translation if this is what the major translation in your area does. Alternate translation: [for they have forsaken Yahweh to keep prostitution]
4:11	tx0o		rc://*/ta/man/translate/figs-abstractnouns	זְנ֛וּת	1	If your language does not use an abstract noun for the idea of **Prostitution**, you could express the same idea in another way. Alternate translation: [Prostituting themselves]
4:11	y2ux		rc://*/ta/man/translate/figs-metaphor	יִֽקַּֽח־לֵֽב	1	Here the **heart** represents where a person’s understanding exists and **take** means to remove. You may have a comparable expression in your language, or you could state the meaning plainly. Alternate translation: [remove a person’s understanding]
4:12	jm14		rc://*/ta/man/translate/grammar-collectivenouns	עַמִּ⁠י֙ בְּ⁠עֵצ֣⁠וֹ יִשְׁאָ֔ל	1	In this verse, the pronoun **his** is singular in form, but it refers to all the people of Israel as a group. If it would be helpful in your language, you could use the plural form here and throughout the verse where other singular pronouns are used. Alternate translation: [My people all inquire of their wood]
4:12	mfsu		rc://*/ta/man/translate/figs-metonymy	בְּ⁠עֵצ֣⁠וֹ	1	Here, **wood** represents “wooden idol.” If it would be helpful in your language, you could use an equivalent expression or plain language. Alternate translation: [of the wooden idol he worships]
4:12	tn29		rc://*/ta/man/translate/figs-personification	וּ⁠מַקְל֖⁠וֹ יַגִּ֣יד ל֑⁠וֹ	1	The speaker is speaking of the **staff** as if it were a living thing that could declare things. If it would be helpful in your language, you could state the meaning plainly. Alternate translation: [and he looks to his staff for guidance]
4:12	dx51		rc://*/ta/man/translate/figs-possession	ר֤וּחַ זְנוּנִים֙ הִתְעָ֔ה	1	The phrase **a spirit of prostitutions** could mean: (1) the prevailing attitude in Israel was in favor of prostitution. Alternate translation: [a desire for unfaithfulness has led them astray] or (2) an evil spirit is causing the people to participate in prostitution. Alternate translation: [an evil spirit promoting prostitution has led them astray]
4:12	d9vz		rc://*/ta/man/translate/figs-metaphor	ר֤וּחַ זְנוּנִים֙ הִתְעָ֔ה	1	Here the speaker is speaking of persuading people to do wrong as if it were someone who **led** people **astray**. Your language may have a comparable expression that you can use in your translation, or you could state the meaning plainly. Alternate translation: [their desire has persuaded them to do wrong]
4:12	rybx		rc://*/ta/man/translate/figs-abstractnouns	זְנוּנִים֙	1	If your language does not use an abstract noun for the idea of **prostitutions**, you could express the same idea in another way. Alternate translation: [being unfaithful]
4:12	m68t		rc://*/ta/man/translate/figs-metaphor	מִ⁠תַּ֥חַת אֱלֹהֵי⁠הֶֽם	1	Here the speaker is speaking of God directing the people as though they are “under” him. Your language may have a comparable expression that you can use in your translation, or you could state the meaning plainly. Alternate translation: [out of God’s control]
4:12	lpfz		rc://*/ta/man/translate/figs-possession	אֱלֹהֵי⁠הֶֽם	1	The speaker is not using this possessive form **their God** to indicate that the Israelites possess or control Yahweh but rather to emphasize that Yahweh is the God that the Israelites worship. If a speaker of your language would not use the possessive form for this, you could express this idea in another way. Alternate translation: [the God whom they worship]
4:13	vljj		rc://*/ta/man/translate/writing-pronouns	תִּזְנֶ֨ינָה֙ בְּנ֣וֹתֵי⁠כֶ֔ם וְ⁠כַלּוֹתֵי⁠כֶ֖ם תְּנָאַֽפְנָה	1	The pronoun **your** still refers to the people of Israel whom the speaker has been addressing. If it would be helpful in your language, you could continue to translate these in the third person here and in the next verse. Alternate translation: [their daughters prostitute themselves and their daughters-in-law commit adultery]
4:14	ygwk		rc://*/ta/man/translate/figs-idiom	לֹֽא־אֶפְק֨וֹד עַל־בְּנוֹתֵי⁠כֶ֜ם	1	The speaker is using **I will not visit upon** as a common expression of the culture to mean “I will not punish.” If this phrase does not have that meaning for your readers, you could use a comparable expression from your language that does have that meaning, or you could state the meaning plainly. Alternate translation: [I will not bring punishment upon your daughters]
4:14	di75		rc://*/ta/man/translate/translate-unknown	הַ⁠קְּדֵשׁ֖וֹת	1	The **temple prostitutes** were women who served at idol shrines and participated in religious rituals involving sexual acts. If your readers would not be familiar with what **temple prostitutes** are, you could use the name of a similar thing that your readers would recognize, or you could use a more general term.
4:14	x52a		rc://*/ta/man/translate/figs-activepassive	יִלָּבֵֽט	1	The expression **will be thrown down** is a passive verbal form. If it would be unnatural to use that form, you could express the idea in active form or in another way that is natural in your language. Alternate translation: [Yahweh will ruin]
4:15	s42c		rc://*/ta/man/translate/grammar-connect-condition-fact	אִם־זֹנֶ֤ה אַתָּה֙ יִשְׂרָאֵ֔ל	1	The speaker is speaking as if this were a hypothetical possibility, but he means that it is actually true. If your language does not state something as a condition if it is certain or true, then you could translate this as a confident statement. Alternate translation: [Although you are prostituting yourself, Israel]
4:15	giji		rc://*/ta/man/translate/translate-names	בֵּ֣ית אָ֔וֶן	1	The speaker is calling the city of Bethel **Beth Aven** as a derogatory wordplay because of all the idol worship there. “Bethel” means “house of God” and “Beth Aven” means “house of evil.”
4:15	dbm2		rc://*/ta/man/translate/writing-oathformula	חַי־יְהוָֽה	1	Following the custom of his culture, the speaker is using a common phrase that would be used in swearing an oath and guaranteeing it by something that he holds sacred. Alternate translation: [As Yahweh is my witness, I promise]
4:16	couf		rc://*/ta/man/translate/figs-simile	כְּ⁠פָרָ֣ה סֹֽרֵרָ֔ה סָרַ֖ר יִשְׂרָאֵ֑ל	1	The point of this comparison is that just as **a stubborn cow** refuses to be led, so **Israel** refuses to obey Yahweh. If it would be helpful in your language, you could make this point explicitly. Alternate translation: [Israel refuses to obey Yahweh just as a stubborn cow refuses to be led]
4:16	gukx		rc://*/ta/man/translate/figs-simile	עַתָּה֙ יִרְעֵ֣⁠ם יְהוָ֔ה כְּ⁠כֶ֖בֶשׂ בַּ⁠מֶּרְחָֽב	1	The point of this comparison is that just as **a lamb in a wide place** would have the freedom to roam, so the people would have freedom if they had obeyed God. If it would be helpful in your language, you could make this point explicitly. Alternate translation: [Now will Yahweh allow them freedom to roam like a lamb looking for pasture]
4:16	bmm2		rc://*/ta/man/translate/figs-rquestion	עַתָּה֙ יִרְעֵ֣⁠ם יְהוָ֔ה כְּ⁠כֶ֖בֶשׂ בַּ⁠מֶּרְחָֽב	1	The speaker is using the question form to emphasize that Yahweh will certainly not act in this way. If a speaker of your language would not use the question form for that purpose, you could translate this as a statement or as an exclamation. Alternate translation: [Surely Yahweh will not pasture them like a lamb in a wide place!]
4:17	guev		rc://*/ta/man/translate/figs-metaphor	חֲב֧וּר עֲצַבִּ֛ים אֶפְרָ֖יִם	1	Here the speaker is speaking of Ephraim committing himself to worshiping idols as if he and the idols were **joined** together. Your language may have a comparable expression that you can use in your translation, or you could state the meaning plainly. Alternate translation: [Ephraim has committed himself to worshiping idols]
4:17	yg2r		rc://*/ta/man/translate/figs-metonymy	חֲב֧וּר עֲצַבִּ֛ים אֶפְרָ֖יִם	1	The speaker is using the tribe of **Ephraim**, to represent the people of the northern kingdom of Israel. If it would be helpful in your language, you could use an equivalent expression or plain language. Alternate translation: [The people of the northern kingdom of Israel are joined to idols]
4:17	s7jz		rc://*/ta/man/translate/writing-pronouns	הַֽנַּֽח־לֽ⁠וֹ	1	The pronoun **him** refers to Ephraim, that is, the northern kingdom of Israel. It may be helpful to clarify this for your readers. Alternate translation: [The people of the northern kingdom]
4:18	jah5		rc://*/ta/man/translate/figs-reduplication	הַזְנֵ֣ה הִזְנ֔וּ	1	The speaker is repeating forms of the verb **prostituted** in order to intensify his expression of the idea that it conveys. If your language can repeat words for intensification, it would be appropriate to do that here in your translation. If not, your language may have another way of expressing the intensification. Alternate translation: [They have completely prostituted themselves]
4:18	rtbg		rc://*/ta/man/translate/writing-pronouns	מָגִנֶּֽי⁠הָ	1	The pronoun **Her** still refers to the people of the northern kingdom of Israel, called “Ephraim”, whom the speaker has been describing. If it would be helpful in your language, you could continue to translate these in the third person here and in the next verse. [Their shields]
4:18	cwmb		rc://*/ta/man/translate/writing-pronouns	מָגִנֶּֽי⁠הָ	1	Here, **shields** represents “rulers” or “leaders” who are supposed to be protecting the people. If it would be helpful in your language, you could use an equivalent expression or plain language. Alternate translation: [Her rulers]
4:18	k8o6		rc://*/ta/man/translate/figs-reduplication	אָהֲב֥וּ הֵב֛וּ	1	The speaker is repeating forms of the verb **loved** in order to intensify his expression of the idea that it conveys. If your language can repeat words for intensification, it would be appropriate to do that here in your translation. If not, your language may have another way of expressing the intensification. Alternate translation: [have passionately loved]
4:18	vu8x		rc://*/ta/man/translate/figs-abstractnouns	קָל֖וֹן	1	If your language does not use an abstract noun for the idea of **dishonor**, you could express the same idea in another way. Alternate translation: [disgraceful things]
4:19	kprt		rc://*/ta/man/translate/figs-metaphor	צָרַ֥ר ר֛וּחַ אוֹתָ֖⁠הּ בִּ⁠כְנָפֶ֑י⁠הָ	1	The speaker is speaking of the people being taken into exile by enemies as if the enemies were a **wind** that had wings that had blown them away. Your language may have a comparable expression that you can use in your translation, or you could state the meaning plainly. Alternate translation: [An enemy has suddenly taken them away]
4:19	t4s4		rc://*/ta/man/translate/figs-abstractnouns	וְ⁠יֵבֹ֖שׁוּ	1	If your language does not use an abstract noun for the idea of **shame**, you could express the same idea in another way. Alternate translation: [and they will be disgraced]
5:intro	rtwb					# Hosea 5 Chapter Introduction\n\n## Structure and Formatting\n\n1. Yahweh calls Israel’s leaders to account (1–7)\n2. Judgment comes upon Israel and Judah (8–14)\n3. Yahweh withdraws until his people seek him (15)\n\n## Religious and Cultural Concepts in This Chapter\n\n### Idolatry as prostitution\n\nHosea describes Israel’s worship of other gods as sexual unfaithfulness. The “spirit of prostitutions” (verse 4) portrays idolatry as a deep compulsion which is preventing their return to Yahweh.
5:1	wmne		rc://*/ta/man/translate/figs-metaphor	בֵּ֣ית יִשְׂרָאֵ֗ל	1	Here, **house** means all the people descended from a particular person. It envisions them as if they were one household living together. So the **house of Israel** figuratively means all the people descended from the patriarch Jacob, who was also known as Israel. Alternate translation: [you people of Israel]
5:1	y3r4		rc://*/ta/man/translate/figs-metonymy	הַאֲזִ֔ינוּ	1	The speaker is using the phrase **give ear** to mean “listen to me.” If it would be helpful in your language, you could use an equivalent expression or state the meaning plainly as in the UST.
5:1	g607		rc://*/ta/man/translate/figs-metaphor	וּ⁠בֵ֤ית הַ⁠מֶּ֨לֶךְ֙	1	Here, **house of the king** means all the people who were considered a part of the king’s court as if they were one household living together. Your language may have a comparable expression that you can use in your translation, or you could state the meaning plainly. Alternate translation: [all you who serve in the king’s court]
5:1	ab7a		rc://*/ta/man/translate/figs-abstractnouns	לָ⁠כֶ֖ם הַ⁠מִּשְׁפָּ֑ט	1	If your language does not use an abstract noun for the idea of **judgment**, you could express the same idea in another way. Alternate translation: [you will be judged]
5:1	iwcs		rc://*/ta/man/translate/figs-metaphor	פַח֙	1	The speaker is speaking of the leaders trying to get the people to sin as if they were setting a trap or a **snare** to catch animals. Your language may have a comparable expression that you can use in your translation, or you could state the meaning plainly. Alternate translation: [a cause of sin]
5:1	iul1		rc://*/ta/man/translate/figs-metaphor	וְ⁠רֶ֖שֶׁת פְּרוּשָׂ֥ה עַל־תָּבֽוֹר	1	The speaker is speaking as if the leaders were a trap or **a net spread** to catch prey. He means that they have trapped the people in sin. Your language may have a comparable expression that you can use in your translation, or you could state the meaning plainly. Alternate translation: [and you have schemed to make the people sin at Tabor]
5:2	bunx		rc://*/ta/man/translate/figs-abstractnouns	וְ⁠שַׁחֲטָ֥ה שֵׂטִ֖ים הֶעְמִ֑יקוּ	1	If your language does not use an abstract noun for the idea of **slaughter**, you could express the same idea in another way. Alternate translation: [And the revolters have slaughtered many people]
5:2	trvw		rc://*/ta/man/translate/figs-abstractnouns	וַ⁠אֲנִ֖י מוּסָ֥ר לְ⁠כֻלָּֽ⁠ם	1	If your language does not use an abstract noun for the idea of **reproof**, you could express the same idea in another way. Alternate translation: [but I will rebuke all of them]
5:3	tt29		rc://*/ta/man/translate/writing-pronouns	יָדַ֣עְתִּי אֶפְרַ֔יִם	1	The speaker is stating the pronoun **I** separately, even though the verb translated as **I know** already includes this meaning. He is doing that to emphasize that he is the one who knows all about them. If a speaker of your language would use an explicit pronoun for the same purpose, you may want to use that construction in your translation. If not, your language may have other ways of showing the meaning here. Alternate translation: [indeed know Ephraim]
5:3	f21q		rc://*/ta/man/translate/figs-metonymy	אֶפְרַ֔יִם	1	The speaker is using the tribe of **Ephraim**, to represent the people of the northern kingdom of Israel. If it would be helpful in your language, you could use an equivalent expression or plain language. Alternate translation: [you people of the northern kingdom of Israel]
5:3	homr		rc://*/ta/man/translate/figs-activepassive	וְ⁠יִשְׂרָאֵ֖ל לֹֽא־נִכְחַ֣ד מִמֶּ֑⁠נִּי	1	The expression **is not hidden** is a passive verbal form. If it would be unnatural to use that form, you could express the idea in active form or in another way that is natural in your language. Alternate translation: [and I see Israel clearly]
5:3	jcec		rc://*/ta/man/translate/figs-litotes	וְ⁠יִשְׂרָאֵ֖ל לֹֽא־נִכְחַ֣ד מִמֶּ֑⁠נִּי	1	The speaker is emphasizing a positive meaning by using a negative word, **not**, together with a mild expression that is the opposite of the intended meaning. If it would be helpful in your language, you could emphasize the positive meaning in a strong way. Alternate translation: [and everything about Israel is fully revealed to me]
5:3	p7dm		rc://*/ta/man/translate/figs-activepassive	נִטְמָ֖א יִשְׂרָאֵֽל	1	The expression **is defiled** is a passive verbal form. If it would be unnatural to use that form, you could express the idea in active form or in another way that is natural in your language. Alternate translation: [Israel has defiled itself]
5:4	ohjk		rc://*/ta/man/translate/figs-personification	לֹ֤א יִתְּנוּ֙ מַ֣עַלְלֵי⁠הֶ֔ם	1	The speaker is speaking of their **deeds** as if they were a living thing that could prevent people from doing something. If it would be helpful in your language, you could state the meaning plainly. Alternate translation: [Because of what they have done, they are not able]
5:4	dwh0		rc://*/ta/man/translate/figs-metaphor	לָ⁠שׁ֖וּב אֶל־אֱלֹֽהֵי⁠הֶ֑ם	1	The speaker is speaking as if repenting and worshiping God again were to physically change directions and **return** to him. Your language may have a comparable expression that you can use in your translation, or you could state the meaning plainly. Alternate translation: [to repent and worship their God again]
5:4	p1ek		rc://*/ta/man/translate/figs-possession	ר֤וּחַ זְנוּנִים֙	1	The phrase **a spirit of prostitutions** could mean: (1) the prevailing attitude in Israel was in favor of prostitution. Alternate translation: [an attitude of unfaithfulness] or (2) an evil spirit is causing the people to participate in prostitution. Alternate translation: [an evil spirit promoting prostitution]
5:5	p1ol		rc://*/ta/man/translate/figs-personification	וְ⁠עָנָ֥ה גְאֽוֹן־יִשְׂרָאֵ֖ל בְּ⁠פָנָ֑י⁠ו	1	The speaker is speaking of **pride** as if it were a living thing that could **testify** against someone. If it would be helpful in your language, you could state the meaning plainly. Alternate translation: [And Israel’s pride makes his guilt evident]
5:5	lonl		rc://*/ta/man/translate/figs-abstractnouns	גְאֽוֹן	1	If your language does not use an abstract noun for the idea of **pride**, you could express the same idea in another way. Alternate translation: [the proud behavior of]
5:5	lkfx		rc://*/ta/man/translate/figs-metonymy	בְּ⁠פָנָ֑י⁠ו	1	Here, **his face** represents his presence or himself. If it would be helpful in your language, you could use an equivalent expression or plain language. Alternate translation: [against him]
5:5	dc87		rc://*/ta/man/translate/figs-metaphor	יִכָּֽשְׁלוּ֙ בַּ⁠עֲוֺנָ֔⁠ם	1	The speaker is speaking of the people’s moral failure as if they actually **stumble** as they walk. Your language may have a comparable expression that you can use in your translation, or you could state the meaning plainly as modeled in the UST.
5:5	qq92		rc://*/ta/man/translate/figs-abstractnouns	בַּ⁠עֲוֺנָ֔⁠ם	1	If your language does not use an abstract noun for the idea of **sin**, you could express the same idea in another way. Alternate translation: [from their sinful actions]
5:6	k55i			לְ⁠בַקֵּ֥שׁ אֶת־יְהוָ֖ה וְ⁠לֹ֣א יִמְצָ֑אוּ	1	The speaker is speaking of the people trying to appease Yahweh as if they went to **seek** but could not **find** him. He means that the people will pray and make sacrifices to Yahweh but he will not accept it because of their sin. Your language may have a comparable expression that you can use in your translation, or you could state the meaning plainly as modeled in the UST.
5:6	qu3u		rc://*/ta/man/translate/figs-metaphor	חָלַ֖ץ מֵ⁠הֶֽם	1	Yahweh is speaking as if his refusal to accept the people’s worship were his having physically **withdrawn** from them. Your language may have a comparable expression that you can use in your translation, or you could state the meaning plainly. Alternate translation: [He refuses to respond to them]
5:7	fi0s		rc://*/ta/man/translate/figs-metaphor	בָנִ֥ים זָרִ֖ים יָלָ֑דוּ	1	The speaker is speaking of the people’s failure to keep their covenant with Yahweh as if it had resulted in their having **borne strange children**, that is, producing a generation that does not belong to him. Your language may have a comparable expression that you can use in your translation, or you could state the meaning plainly. Alternate translation: [their descendants do not belong to Yahweh]
5:7	myxh		rc://*/ta/man/translate/figs-metaphor	יֹאכְלֵ֥⁠ם	1	The speaker is speaking as if Yahweh would **devour** the people like a predator consuming its prey. Your language may have a comparable expression that you can use in your translation, or you could state the meaning plainly. Alternate translation: [he will destroy them]
5:7	dns7			אֶת־חֶלְקֵי⁠הֶֽם	1	The phrase **their portions** could refer to: (1) the people’s portion of the sacrifice that they offer as modeled in the UST, or (2) it could refer to the portion of the land that Yahweh had allotted to them. Alternate translation: [with their portions of the land]
5:8	daqv		rc://*/ta/man/translate/translate-unknown	שׁוֹפָר֙	1	A **shofar** is a kind of musical instrument made from a ram’s horn. If your readers would not be familiar with what a **shofar** is, you could use the name of a similar thing that your readers would recognize, or you could use a more general term. Alternate translation: [a ram’s horn]
5:8	obbt		rc://*/ta/man/translate/translate-names	בֵּ֣ית אָ֔וֶן	1	The speaker is calling the city of Bethel **Beth Aven** as a derogatory wordplay because of all the idol worship there. “Bethel” means “house of God” and “Beth Aven” means “house of evil.”
5:8	l5i4		rc://*/ta/man/translate/figs-idiom	אַחֲרֶ֖י⁠ךָ בִּנְיָמִֽין	1	The speaker is using **After you** as a common expression of the culture to mean “lead the way.” If this phrase does not have that meaning for your readers, you could use a comparable expression from your language that does have that meaning, or you could state the meaning plainly. Alternate translation: [Lead the way, Benjamin]
5:8	q643		rc://*/ta/man/translate/figs-metonymy	בִּנְיָמִֽין	1	The speaker is using **Benjamin**, to represent the advance warriors of the southern kingdom. If it would be helpful in your language, you could use an equivalent expression or plain language. Alternate translation: [warriors of Benjamin]
5:9	c78u		rc://*/ta/man/translate/figs-abstractnouns	לְ⁠שַׁמָּ֣ה	1	If your language does not use abstract noun for the idea of **desolation**, you could express the same idea in another way. Alternate translation: [a wasteland]
5:9	h52u		rc://*/ta/man/translate/figs-abstractnouns	תּֽוֹכֵחָ֑ה	1	If your language does not use an abstract noun for the idea of **rebuke**, you could express the same idea in another way. Alternate translation: [being rebuked]
5:10	de9o		rc://*/ta/man/translate/figs-simile	כְּ⁠מַסִּיגֵ֖י גְּב֑וּל	1	The point of this comparison is that just as **the movers of a boundary** dishonestly steal land that belongs to others by changing the boundaries, so the leaders or **princes of Judah** have violated what rightfully belongs to others. If it would be helpful in your language, you could make this point explicitly. Alternate translation: [like those who dishonestly steal land that belongs to others]
5:10	rngj		rc://*/ta/man/translate/figs-metaphor	עֲלֵי⁠הֶ֕ם אֶשְׁפּ֥וֹךְ כַּ⁠מַּ֖יִם עֶבְרָתִֽ⁠י	1	The speaker is speaking of punishing them as if his anger were a liquid that he could **pour out** like water. Your language may have a comparable expression that you can use in your translation, or you could state the meaning plainly. Alternate translation: [I will punish them in my anger]
5:10	scwv		rc://*/ta/man/translate/figs-abstractnouns	עֶבְרָתִֽ⁠י	1	If your language does not use an abstract noun for the idea of **wrath**, you could express the same idea in another way. Alternate translation: [my great anger]
5:11	vtn5		rc://*/ta/man/translate/figs-activepassive	עָשׁ֥וּק אֶפְרַ֖יִם	1	The expression **is oppressed, crushed** use passive verbal forms. If it would be unnatural to use that form, you could express the idea in active form or in another way that is natural in your language. Alternate translation: [I will oppress and crush Ephraim]
5:11	lr8q		rc://*/ta/man/translate/figs-doublet	עָשׁ֥וּק & רְצ֣וּץ	1	The terms **oppressed** and **crushed** mean similar things. The speaker is using the two terms together for emphasis. If it would be clearer for your readers, you could express the emphasis with a single phrase. Alternate translation: [severely oppressed]
5:11	hx20		rc://*/ta/man/translate/figs-abstractnouns	מִשְׁפָּ֑ט	1	If your language does not use an abstract noun for the idea of **judgment**, you could express the same idea in another way. Alternate translation: [in the judging of him]
5:11	gyjc		rc://*/ta/man/translate/figs-metaphor	הָלַ֖ךְ אַחֲרֵי־צָֽו	1	The speaker is speaking as if Ephraim’s devotion to worthless idols were physically having **walked after** them. Your language may have a comparable expression that you can use in your translation, or you could state the meaning plainly. Alternate translation: [he devoted himself to what is worthless]
5:12	wlmu		rc://*/ta/man/translate/figs-simile	כָ⁠עָ֖שׁ לְ⁠אֶפְרָ֑יִם	1	The point of this comparison is that just as a **moth** slowly destroys clothing by eating through it, so Yahweh will slowly destroy Ephraim. If it would be helpful in your language, you could make this point explicitly. Alternate translation: [the one who destroys Ephraim just as a moth destroys clothing]
5:12	a5p5		rc://*/ta/man/translate/figs-simile	וְ⁠כָ⁠רָקָ֖ב לְ⁠בֵ֥ית יְהוּדָֽה	1	The point of this comparison is that just as **rot** slowly destroys wood by decaying it, so Yahweh will slowly destroy the **house of Judah**. If it would be helpful in your language, you could make this point explicitly. Alternate translation: [and I will slowly destroy the house of Judah just as rot destroys wood]
5:12	y65e		rc://*/ta/man/translate/figs-metaphor	לְ⁠בֵ֥ית יְהוּדָֽה	1	Here, **house** means all the people descended from a particular person. It envisions them as if they were one household living together. So **the house of Judah** figuratively means all the people descended from the patriarch Judah, who was also known as Israel. Alternate translation: [to the tribe of Judah]
5:13	za5b		rc://*/ta/man/translate/figs-metaphor	אֶת־חָלְי֗⁠וֹ	1	The speaker is speaking as if Ephraim’s national weakness were a physical **sickness**. Your language may have a comparable expression that you can use in your translation, or you could state the meaning plainly. Alternate translation: [how weak his nation was]
5:13	fpfb		rc://*/ta/man/translate/figs-metaphor	אֶת־מְזֹר֔⁠וֹ	1	The speaker is speaking as if Judah’s national suffering were a physical **wound**. Your language may have a comparable expression that you can use in your translation, or you could state the meaning plainly. Alternate translation: [how distressed his people were]
5:13	r836		rc://*/ta/man/translate/figs-parallelism	וַ⁠יֵּ֤לֶךְ אֶפְרַ֨יִם֙ אֶל־אַשּׁ֔וּר וַ⁠יִּשְׁלַ֖ח אֶל־מֶ֣לֶךְ יָרֵ֑ב	1	These two clauses mean basically the same thing since **Yareb** was another name for **Assyria**. If it would be helpful to your readers, you could combine them into a single phrase as in the UST. Another approach would be to connect the phrases with a word other than “and” that shows that the second phrase is repeating the first one, not saying something additional. Alternate translation: [then Ephraim went to Assyria, indeed, he sent to the king of Yareb]
5:13	s85t		rc://*/ta/man/translate/writing-pronouns	וְ⁠ה֗וּא לֹ֤א יוּכַל֙ לִ⁠רְפֹּ֣א לָ⁠כֶ֔ם	1	The speaker is stating the pronoun **he** separately, even though the verb translated as **he is not able** already includes this meaning. He is doing that to emphasize that the king of Assyria is definitely not the one who can help them. If a speaker of your language would use an explicit pronoun for the same purpose, you may want to use that construction in your translation. If not, your language may have other ways of showing the meaning here. Alternate translation: [But the king of Assyria is certainly not able to heal you]
5:13	za3b		rc://*/ta/man/translate/translate-alternativereadings	מֶ֣לֶךְ יָרֵ֑ב	1	The word **Yareb** represents the written Hebrew text both here and in 10:6. It may be an alternative name for the country of Assyria that is otherwise unknown. Scholars have proposed, however, that a word that shares most of these letters that means “great” would make better sense and may have been original. You may want to follow the major translation in your area. Alternate translation: [the great king]
5:14	kxca		rc://*/ta/man/translate/figs-simile	כַ⁠שַּׁ֨חַל֙ לְ⁠אֶפְרַ֔יִם וְ⁠כַ⁠כְּפִ֖יר לְ⁠בֵ֣ית	1	The point of this comparison is that just as a **lion** is powerful and tears apart its prey, so Yahweh will powerfully destroy the people of Ephraim and Judah. If it would be helpful in your language, you could make this point explicitly. Alternate translation: [like a lion that will tear apart both Ephraim and]
5:14	x5ti		rc://*/ta/man/translate/writing-pronouns	אֲנִ֨י אֲנִ֤י אֶטְרֹף֙ וְ⁠אֵלֵ֔ךְ	1	The speaker is repeating the pronoun **I** separately two times, even though the verb translated as **I will tear** already includes this meaning. He is doing that to emphasize that Yahweh himself is the one doing this. If a speaker of your language would use an explicit pronoun for the same purpose, you may want to use that construction in your translation. If not, your language may have other ways of showing the meaning here. Alternate translation: [I, Yahweh, myself will tear and go away]
5:14	dxs8		rc://*/ta/man/translate/figs-metaphor	אֶטְרֹף֙ וְ⁠אֵלֵ֔ךְ	1	The speaker is speaking of their enemies attacking them as if Yahweh had allowed a predatory animal to **tear** apart its prey and then **go away** and leave them to themselves. Your language may have a comparable expression that you can use in your translation, or you could state the meaning plainly. Alternate translation: [I will allow their enemies to attack them and will leave them undefended]
5:14	sbds			אֶשָּׂ֖א	1	The speaker is speaking of Yahweh causing their enemies to take them into exile as if they were a predatory animal able to **carry off** its prey. Your language may have a comparable expression that you can use in your translation, or you could state the meaning plainly. Alternate translation: [I will allow them to be taken into exile in another land]
5:15	cw17		rc://*/ta/man/translate/figs-metaphor	אָשׁ֨וּבָה֙ אֶל־מְקוֹמִ֔⁠י	1	The speaker is speaking as if Yahweh had a physical **place** to which he would **return**, meaning that he will withdraw his presence from the people. Your language may have a comparable expression that you can use in your translation, or you could state the meaning plainly. Alternate translation: [I shall withdraw my presence from them]
5:15	vtrl		rc://*/ta/man/translate/figs-abstractnouns	יֶאְשְׁמ֖וּ	1	If your language does not use an abstract noun for the idea of **guilt**, you could express the same idea in another way. Alternate translation: [they acknowledge that they have sinned]
5:15	sijw		rc://*/ta/man/translate/figs-metaphor	וּ⁠בִקְשׁ֣וּ פָנָ֑⁠י	1	Here the speaker is speaking of Yahweh as if he were a person located in a specific place that someone would need to **seek**. Your language may have a comparable expression that you can use in your translation, or you could state the meaning plainly. Alternate translation: [and want to be reconciled to me again]
5:15	mbnf		rc://*/ta/man/translate/figs-abstractnouns	בַּ⁠צַּ֥ר לָ⁠הֶ֖ם	1	If your language does not use an abstract noun for the idea of **distress**, you could express the same idea in another way. Alternate translation: [When they are suffering]
5:15	go2v		rc://*/ta/man/translate/figs-metonymy	פָנָ֑⁠י	1	Here, **my face** represents Yahweh’s presence. If it would be helpful in your language, you could use an equivalent expression or plain language. Alternate translation: [my presence]
5:15	e7a4		rc://*/ta/man/translate/translate-alternativereadings	יֶאְשְׁמ֖וּ	1	The verb translated as **acknowledge their guilt** could also mean, “bear their guilt.” Alternate translation: [they bear their guilt] or [they have been punished for their guilt]
6:intro	p10m					# Hosea 6 Chapter Introduction\n\n## Structure and Formatting\n\n1. A call to return to Yahweh (1–3)\n2. Yahweh rebukes Israel’s shallow repentance (4–6)\n3. Israel’s persistent sin and covenant unfaithfulness (7–11)\n\n## Religious and Cultural Concepts in This Chapter\n\n### Covenant faithfulness versus sacrifice\n\nYahweh declares he desires covenant faithfulness and knowledge of God rather than sacrifices and burnt offerings (v. 6), prioritizing ongoing relational loyalty over ritual acts.\n\n## Translation Issues in This Chapter\n\n### Unattributed speaker transitions\n\nThe chapter shifts speakers without quotation margins: the people speak in verses 1-3, then Yahweh responds beginning in verse 4. Translators may need to clarify who is speaking.
6:1	r8wq		rc://*/ta/man/translate/grammar-connect-logic-result	לְכוּ֙ וְ⁠נָשׁ֣וּבָה אֶל־יְהוָ֔ה כִּ֛י ה֥וּא טָרָ֖ף וְ⁠יִרְפָּאֵ֑⁠נוּ יַ֖ךְ וְ⁠יַחְבְּשֵֽׁ⁠נוּ	1	If it would be more natural in your language, you could reverse the order of these phrases, since the second phrase gives the reason for the result that the first phrase describes. Alternate translation: [He, he has torn, and he will heal us; he struck, and he will bind us up. Therefore, come, and let us return to Yahweh]
6:1	hyj2		rc://*/ta/man/translate/writing-quotations	לְכוּ֙ וְ⁠נָשׁ֣וּבָה אֶל־יְהוָ֔ה	1	This is the beginning of what the people said. If it would be helpful to your readers, you could mark that this is a direct quote of the people as modeled in the UST.
6:1	lh2z		rc://*/ta/man/translate/figs-imperative	לְכוּ֙ וְ⁠נָשׁ֣וּבָה אֶל־יְהוָ֔ה	1	The word translated as **Come** is an imperative, but it communicates an exhortation to mutual action rather than a command. If the imperative does not communicate an exhortation for your readers, then use a form in your language that communicates an exhortation. Alternate translation: [Let us come and return to Yahweh]
6:1	f1c8		rc://*/ta/man/translate/figs-metaphor	וְ⁠נָשׁ֣וּבָה אֶל־יְהוָ֔ה	1	The people are speaking of renewing their loyalty to Yahweh as if they were going to physically **return** to him. Your language may have a comparable expression that you can use in your translation, or you could state the meaning plainly. Alternate translation: [and let us renew our loyalty to Yahweh]
6:1	h91p		rc://*/ta/man/translate/figs-parallelism	כִּ֛י ה֥וּא טָרָ֖ף וְ⁠יִרְפָּאֵ֑⁠נוּ יַ֖ךְ וְ⁠יַחְבְּשֵֽׁ⁠נוּ	1	These two clauses mean basically the same thing. The second emphasizes the meaning of the first by repeating the same idea with different words. If it would be helpful to your readers, you could combine them and express the emphasis in another way. Alternate translation: [for even though he has wounded us, he will certainly heal us]
6:1	gcad		rc://*/ta/man/translate/writing-pronouns	כִּ֛י ה֥וּא טָרָ֖ף	1	The people are stating the pronoun **he** separately, even though the verb translated as **he has torn** already includes this meaning. They are doing that to emphasize that Yahweh is the one who is doing this. If a speaker of your language would use an explicit pronoun for the same purpose, you may want to use that construction in your translation. If not, your language may have other ways of showing the meaning here. Alternate translation: [for Yahweh himself has torn]
6:1	vcvc		rc://*/ta/man/translate/figs-metaphor	טָרָ֖ף וְ⁠יִרְפָּאֵ֑⁠נוּ	1	The people are speaking of Yahweh’s discipline as if he were a predator that had **torn** them. Your language may have a comparable expression that you can use in your translation, or you could state the meaning plainly. Alternate translation: [he has injured us, and he will heal us]
6:2	wtk4		rc://*/ta/man/translate/figs-metaphor	יְחַיֵּ֖⁠נוּ	1	The people are speaking of their national restoration as if Yahweh would bring them back from death by **reviving** them. Your language may have a comparable expression that you can use in your translation, or you could state the meaning plainly. Alternate translation: [He will restore our nation]
6:2	zp9w		rc://*/ta/man/translate/figs-idiom	מִ⁠יֹּמָ֑יִם בַּ⁠יּוֹם֙ הַ⁠שְּׁלִישִׁ֔י	1	The people are using **after two days** and **on the third day** as a common expression of the culture to mean “in a very short time.” If this phrase does not have that meaning for your readers, you could use a comparable expression from your language that does have that meaning, or you could state the meaning plainly. Alternate translation: [in a very short time; soon]
6:2	d5sm		rc://*/ta/man/translate/figs-metaphor	יְקִמֵ֖⁠נוּ	1	The people are speaking of their national restoration as if Yahweh would lift them up from the ground and physically **raise** them up. Your language may have a comparable expression that you can use in your translation, or you could state the meaning plainly. Alternate translation: [he will make us well again]
6:2	eti4		rc://*/ta/man/translate/figs-metonymy	וְ⁠נִחְיֶ֥ה לְ⁠פָנָֽי⁠ו	1	Here, **his face** represents Yahweh’s presence. If it would be helpful in your language, you could use an equivalent expression or plain language. Alternate translation: [and we will live in his presence]
6:3	dru8		rc://*/ta/man/translate/figs-simile	וְ⁠יָב֤וֹא כַ⁠גֶּ֨שֶׁם֙ לָ֔⁠נוּ	1	The point of this comparison is that just as **the rain** refreshes and nourishes the land, so Yahweh will refresh and restore his people. If it would be helpful in your language, you could make this point explicitly. Alternate translation: [and he will come and refresh and restore us]
6:3	awd4		rc://*/ta/man/translate/figs-simile	כְּ⁠מַלְק֖וֹשׁ י֥וֹרֶה אָֽרֶץ	1	The point of this comparison is that just as **the latter rain** gives life to the land by watering it, so Yahweh will give life and blessing to his people. If it would be helpful in your language, you could make this point explicitly. Alternate translation: [to give us life, just as the latter rain waters the land]
6:3	tze4		rc://*/ta/man/translate/figs-simile	כְּ⁠שַׁ֖חַר נָכ֣וֹן מֽוֹצָא֑⁠וֹ	1	The point of this comparison is that just as **the dawn** will certainly come each day, so Yahweh’s **going forth** will certainly happen. If it would be helpful in your language, you could make this point explicitly. Alternate translation: [He is as certain to go forth as the dawn is to come]
6:3	eq75		rc://*/ta/man/translate/figs-activepassive	נָכ֣וֹן מֽוֹצָא֑⁠וֹ	1	The expression **is established** is a passive verbal form. If it would be unnatural to use that form, you could express the idea in active form or in another way that is natural in your language. Alternate translation: [he will certainly go forth]
6:4	edjt		rc://*/ta/man/translate/writing-quotations	מָ֤ה אֶֽעֱשֶׂה־לְּ⁠ךָ֙ אֶפְרַ֔יִם	1	This is the beginning of what Yahweh said. If it would be helpful to your readers, you could mark that this is a direct quote of Yahweh as modeled in the UST.
6:4	ovxl		rc://*/ta/man/translate/figs-rquestion	מָ֤ה אֶֽעֱשֶׂה־לְּ⁠ךָ֙ אֶפְרַ֔יִם	1	Yahweh is using the question form to express his exasperation with Ephraim. If a speaker of your language would not use the question form for that purpose, you could translate this as a statement or as an exclamation. Alternate translation: [There is nothing more I can do for you, Ephraim!]
6:4	uwma		rc://*/ta/man/translate/figs-rquestion	מָ֥ה אֶעֱשֶׂה־לְּ⁠ךָ֖ יְהוּדָ֑ה	1	Yahweh is using the question form to express his exasperation with Judah. If a speaker of your language would not use the question form for that purpose, you could translate this as a statement or as an exclamation. Alternate translation: [I have exhausted what I can do for you, Judah!]
6:4	x3z4		rc://*/ta/man/translate/figs-simile	וְ⁠חַסְדְּ⁠כֶם֙ כַּֽ⁠עֲנַן־בֹּ֔קֶר	1	The point of this comparison is that just as **a cloud of the morning** quickly disappears, so the people’s **covenant faithfulness** quickly fades. If it would be helpful in your language, you could make this point explicitly. Alternate translation: [And your covenant faithfulness is like a cloud of the morning that quickly disappears]
6:4	ny5p		rc://*/ta/man/translate/figs-abstractnouns	וְ⁠חַסְדְּ⁠כֶם֙	1	If your language does not use an abstract noun for the idea of **covenant faithfulness**, you could express the same idea in another way. Alternate translation: [And the way you faithfully keep your covenant]
6:4	mtm5		rc://*/ta/man/translate/figs-simile	וְ⁠כַ⁠טַּ֖ל מַשְׁכִּ֥ים הֹלֵֽךְ	1	The point of this comparison is that just as **the dew** disappears early in the morning, so the people’s **covenant faithfulness** quickly vanishes. If it would be helpful in your language, you could make this point explicitly. Alternate translation: [and like the dew that vanishes early in the morning]
6:5	u3n4		rc://*/ta/man/translate/figs-metaphor	חָצַ֨בְתִּי֙ בַּ⁠נְּבִיאִ֔ים	1	Yahweh is speaking of his discipline of the people through the prophets as if he had **hewn** them like a stonecutter chiseling rock. Your language may have a comparable expression that you can use in your translation, or you could state the meaning plainly. Alternate translation: [I have corrected them through the prophets]
6:5	kzz8		rc://*/ta/man/translate/writing-pronouns	חָצַ֨בְתִּי֙ בַּ⁠נְּבִיאִ֔ים	1	The pronoun **them** refers to the people of Israel. It may be helpful to clarify this for your readers. Alternate translation: [I have hewn the people of Israel by the prophets]
6:5	m930		rc://*/ta/man/translate/figs-metaphor	הֲרַגְתִּ֖י⁠ם בְּ⁠אִמְרֵי־פִ֑⁠י	1	Yahweh is speaking of the destructive power of his prophetic messages as if his words had **killed** the people. Your language may have a comparable expression that you can use in your translation, or you could state the meaning plainly. Alternate translation: [I have brought destruction on them through the words of my mouth]
6:5	tykw		rc://*/ta/man/translate/figs-metonymy	בְּ⁠אִמְרֵי־פִ֑⁠י	1	Here, **my mouth** represents Yahweh’s speech. If it would be helpful in your language, you could use an equivalent expression or plain language. Alternate translation: [by what I said]
6:5	tbuo		rc://*/ta/man/translate/figs-abstractnouns	וּ⁠מִשְׁפָּטֶ֖י⁠ךָ	1	If your language does not use an abstract noun for the idea of **judgments**, you could express the same idea in another way. Alternate translation: [and my rulings against you]
6:5	dbc3		rc://*/ta/man/translate/figs-simile	וּ⁠מִשְׁפָּטֶ֖י⁠ךָ א֥וֹר יֵצֵֽא	1	The point of this comparison is that just as **light** goes forth with certainty, so **your judgments** go forth with certainty. If it would be helpful in your language, you could make this point explicitly. Alternate translation: [and your judgments will certainly go forth]
6:5	htas		rc://*/ta/man/translate/translate-alternativereadings	וּ⁠מִשְׁפָּטֶ֖י⁠ךָ א֥וֹר יֵצֵֽא	1	The phrase **and your judgments are as light that goes forth** is an attempt to translate the written Hebrew text. This reading, however, does not seem to make sense. You may want to follow an alternative reading from some ancient Greek and Aramaic translations. The Hebrew would also say this by moving one letter from the end of one word to the beginning of the next word. The UST follows that reading. Alternate translation: [and my judgment goes forth as light]
6:6	hi0g		rc://*/ta/man/translate/figs-abstractnouns	וְ⁠דַ֥עַת אֱלֹהִ֖ים	1	If your language does not use an abstract noun for the idea of **knowledge**, you could express the same idea in another way. Alternate translation: [and knowing God]
6:6	dyr2		rc://*/ta/man/translate/figs-abstractnouns	חֶ֥סֶד	1	If your language does not use an abstract noun for the idea of **covenant faithfulness**, you could express the same idea in another way. Alternate translation: [that you faithfully keep your covenant promises]
6:7	vcre		rc://*/ta/man/translate/figs-simile	וְ⁠הֵ֕מָּה כְּ⁠אָדָ֖ם עָבְר֣וּ בְרִ֑ית	1	The point of this comparison is that just as **Adam** disobeyed God’s command, so the people of Israel have **transgressed** God’s covenant. If it would be helpful in your language, you could make this point explicitly. Alternate translation: [But just as Adam disobeyed God, they transgressed the covenant]
6:7	ss87		rc://*/ta/man/translate/writing-pronouns	וְ⁠הֵ֕מָּה כְּ⁠אָדָ֖ם עָבְר֣וּ	1	The speaker is stating the pronoun **they** separately, even though the verb translated as **they transgressed** already includes this meaning. He is doing that to emphasize that it was the people of Israel who did the transgressing. If a speaker of your language would use an explicit pronoun for the same purpose, you may want to use that construction in your translation. If not, your language may have other ways of showing the meaning here. Alternate translation: [But it was the people themselves who, like Adam, transgressed]
6:8	vtkc		rc://*/ta/man/translate/figs-abstractnouns	פֹּ֣עֲלֵי אָ֑וֶן	1	If your language does not use an abstract noun for the idea of **evil**, you could express the same idea in another way. Alternate translation: [people doing bad things]
6:8	rtxj		rc://*/ta/man/translate/figs-metaphor	עֲקֻבָּ֖ה מִ⁠דָּֽם	1	Here the speaker is speaking how prevalent murder is in this city as if the streets were **tracked with blood** of those who have been murdered. Your language may have a comparable expression that you can use in your translation, or you could state the meaning plainly. Alternate translation: [full of violence and murder]
6:9	zea5		rc://*/ta/man/translate/figs-simile	וּ⁠כְ⁠חַכֵּ֨י אִ֜ישׁ גְּדוּדִ֗ים	1	The point of this comparison is that just as **bands** of robbers lie in wait to ambush a traveler, so a **company of priests** lies in wait to attack people. If it would be helpful in your language, you could make this point explicitly. Alternate translation: [And just as bands of robbers lie in wait to ambush a man, so also]
6:9	zhtb		rc://*/ta/man/translate/figs-abstractnouns	זִמָּ֖ה	1	If your language does not use an abstract noun for the idea of **villainy**, you could express the same idea in another way. Alternate translation: [wicked deeds]
6:10	bwpo		rc://*/ta/man/translate/figs-abstractnouns	זְנ֣וּת	1	If your language does not use an abstract noun for the idea of **prostitution**, you could express the same idea in another way. Alternate translation: [acting as a prostitute]
6:10	ohlp		rc://*/ta/man/translate/figs-metaphor	בְּ⁠בֵית֙ יִשְׂרָאֵ֔ל	1	Here, **house** means all the people descended from a particular person. It envisions them as if they were one household living together. So **the house of Israel** figuratively means all the people descended from the patriarch Jacob, who was also known as Israel. Alternate translation: [Among the Israelites]
6:10	fnqo		rc://*/ta/man/translate/figs-nominaladj	שעריריה	1	The speaker is using the adjective **horrible** as a noun to refer to a certain kind of thing. Your language may use adjectives in the same way. If not, you can translate this adjective with an equivalent phrase. Alternate translation: [many horrible things]
6:10	oabs		rc://*/ta/man/translate/figs-activepassive	נִטְמָ֖א יִשְׂרָאֵֽל	1	The expression **is defiled** is a passive verbal form. If it would be unnatural to use that form, you could express the idea in active form or in another way that is natural in your language. Alternate translation: [Israel defiled itself]
6:11	p41k		rc://*/ta/man/translate/figs-metaphor	שָׁ֥ת קָצִ֖יר לָ֑⁠ךְ	1	Yahweh is speaking of the coming judgment as if it were a **harvest** that he has appointed. Your language may have a comparable expression that you can use in your translation, or you could state the meaning plainly. Alternate translation: [a time of judgment has been appointed for you]
6:11	ws7m		rc://*/ta/man/translate/figs-idiom	בְּ⁠שׁוּבִ֖⁠י שְׁב֥וּת עַמִּֽ⁠י	1	Yahweh is using **restore the fortunes** as a common expression of the culture to mean “bring about national renewal and prosperity.” If this phrase does not have that meaning for your readers, you could use a comparable expression from your language that does have that meaning, or you could state the meaning plainly. Alternate translation: [When I bring about renewal and prosperity for my people]
6:11	d2nz		rc://*/ta/man/translate/figs-123person	שָׁ֥ת קָצִ֖יר לָ֑⁠ךְ	1	Yahweh is speaking of himself in the third person as **he**. If it would be helpful in your language, you could translate this in the first person as modeled in the UST.
7:intro	yc44				0	# Hosea 7 Chapter Introduction\n\n## Structure and Formatting\n\nThis chapter continues using poetic forms to speak of Yahweh’s anger over the sin of the people. Yahweh exposes Israel’s sin and misplaced trust.\n\n1. Israel’s wickedness is fully revealed (1–7)\n2. Israel is weakened by compromise and spiritual decline (8–10)\n3. Israel seeks help everywhere but Yahweh (11–16)\n\n## Translation Issues in This Chapter\n\n### “oven” as an extended metaphor\n\nIn verses 4-7, conspirators are compared to a baker’s oven burning through the night, portraying their ambition as all-consuming.\n\n### Ephraim\n\n“Ephraim” and “Israel” are used interchangeably to represents the northern kingdom throughout this chapter.
7:1	u57b		rc://*/ta/man/translate/grammar-connect-time-background	כְּ⁠רָפְאִ֣⁠י לְ⁠יִשְׂרָאֵ֗ל	1	Yahweh is using the clause **when I would heal Israel** to describe something that was ongoing. This indicates that it is a continuing thought from the previous verse in the last chapter. Connect this clause in a way that makes it clear in your language that this clause is continuing a previous statement. Alternate translation: [or whenever I try to heal Israel]
7:1	j4qf		rc://*/ta/man/translate/figs-metaphor	כְּ⁠רָפְאִ֣⁠י לְ⁠יִשְׂרָאֵ֗ל	1	Here Yahweh is speaking of desiring the spiritual restoration of Israel as if he were wanting to **heal** a sick person. Your language may have a comparable expression that you can use in your translation, or you could state the meaning plainly. Alternate translation: [when I would make Israel well spiritually]
7:1	rbz7		rc://*/ta/man/translate/figs-metaphor	וְ⁠נִגְלָ֞ה עֲוֺ֤ן אֶפְרַ֨יִם֙	1	Here Yahweh is speaking of seeing their sin as if their **iniquity** were an object that had been hidden but is now **uncovered**. Your language may have a comparable expression that you can use in your translation, or you could state the meaning plainly. Alternate translation: [then the iniquity of Ephraim can be clear seen]
7:1	ygs3		rc://*/ta/man/translate/figs-metonymy	אֶפְרַ֨יִם֙	1	Here and throughout the chapter, **Ephraim** refers to the people or leaders of Ephraim which represents the northern kingdom of Israel. If it would be helpful in your language, you could use an equivalent expression or plain language. Alternate translation: [the people of the northern kingdom]
7:1	jj9t		rc://*/ta/man/translate/figs-activepassive	וְ⁠נִגְלָ֞ה עֲוֺ֤ן אֶפְרַ֨יִם֙	1	The expression **is uncovered** is a passive verbal form. If it would be unnatural to use that form, you could express the idea in active form or in another way that is natural in your language. If you need to say who does the action, the context indicates that it is Yahweh. Alternate translation: [then I uncover the iniquity of Ephraim]
7:1	qhrk		rc://*/ta/man/translate/figs-abstractnouns	שָׁ֑קֶר	1	If your language does not use an abstract noun for the idea of **falsehood**, you could express the same idea in another way. Alternate translation: [what is false]
7:1	awol		rc://*/ta/man/translate/figs-ellipsis	וְ⁠רָע֣וֹת שֹֽׁמְר֔וֹן	1	Yahweh is leaving out some of the words that in many languages a sentence would need in order to be complete. You can supply these words from the context if that would be clearer in your language. The verb “is uncovered” from the previous clause is implied here as well. Alternate translation: [and the evils of Samaria are uncovered]
7:1	bdsv		rc://*/ta/man/translate/figs-abstractnouns	וְ⁠רָע֣וֹת שֹֽׁמְר֔וֹן	1	If your language does not use an abstract noun for the idea of **evils**, you could express the same idea in another way. Alternate translation: [and all the bad things the Samaritans do]
7:1	zmvi		rc://*/ta/man/translate/figs-abstractnouns	עֲוֺ֤ן	1	If your language does not use an abstract noun for the idea of **iniquity**, you could express the same idea in another way. Alternate translation: [the sinful behavior of]
7:2	n5pv		rc://*/ta/man/translate/figs-abstractnouns	רָעָתָ֖⁠ם	1	If your language does not use an abstract noun for the idea of **evil**, you could express the same idea in another way. Alternate translation: [the evil things they have done]
7:2	d2bp		rc://*/ta/man/translate/figs-personification	סְבָב֣וּ⁠ם מַֽעַלְלֵי⁠הֶ֔ם	1	Yahweh is speaking of **their deeds** as if they were living things that could **surround** the people. If it would be helpful in your language, you could state the meaning plainly. Alternate translation: [they cannot escape what they have done]
7:2	la79		rc://*/ta/man/translate/figs-idiom	וּ⁠בַל־יֹֽאמְרוּ֙ לִ⁠לְבָבָ֔⁠ם	1	Yahweh is using **say to their heart** as a common expression of the culture to mean “consider” or “reflect on something inwardly.” If this phrase does not have that meaning for your readers, you could use a comparable expression from your language that does have that meaning, or you could state the meaning plainly. Alternate translation: [And they do not consider]
7:2	vs06		rc://*/ta/man/translate/figs-metonymy	נֶ֥גֶד פָּנַ֖⁠י הָיֽוּ	1	Here, **before my face** represents Yahweh’s sight or awareness. If it would be helpful in your language, you could use an equivalent expression or plain language. Alternate translation: [they are always in my sight]
7:3	txm4		rc://*/ta/man/translate/figs-abstractnouns	בְּ⁠רָעָתָ֖⁠ם	1	If your language does not use an abstract noun for the idea of **evil**, you could express the same idea in another way. Alternate translation: [By their wicked actions]
7:3	zje1		rc://*/ta/man/translate/figs-ellipsis	וּ⁠בְ⁠כַחֲשֵׁי⁠הֶ֖ם שָׂרִֽים	1	Yahweh is leaving out some of the words that in many languages a sentence would need in order to be complete. You can supply these words from the context if that would be clearer in your language. Alternate translation: [and by their lies, they make the princes glad]
7:4	ny7p		rc://*/ta/man/translate/translate-alternativereadings	כֻּלָּ⁠ם֙ מְנָ֣אֲפִ֔ים כְּמ֣וֹ תַנּ֔וּר בֹּעֵ֖רָה מֵֽ⁠אֹפֶ֑ה יִשְׁבּ֣וֹת מֵעִ֔יר	1	These phrases represent the written Hebrew text. Scholars have proposed, however, that scribes divided the words incorrectly, making the sentence awkward and ungrammatical. They have proposed the following reading as original. You may want to follow the major translation in your area. Alternate translation: [All of them are adulterers; like a burning oven are they; a baker ceases from awakening it]
7:4	q53m		rc://*/ta/man/translate/writing-pronouns	יִשְׁבּ֣וֹת מֵעִ֔יר	1	The pronoun **he** refers to the baker. It may be helpful to clarify this for your readers. Alternate translation: [the baker ceases from awakening {it}]
7:4	khhr		rc://*/ta/man/translate/figs-simile	כְּמ֣וֹ תַנּ֔וּר בֹּעֵ֖רָה מֵֽ⁠אֹפֶ֑ה	1	The point of this comparison is that just as **an oven burning from a baker** is intensely hot, so the people’s passion for evil is intense and consuming. If it would be helpful in your language, you could make this point explicitly. Alternate translation: [their passion for evil is like an oven that a baker has heated until it is intensely hot and consuming]
7:5	fq9x		rc://*/ta/man/translate/figs-idiom	י֣וֹם מַלְכֵּ֔⁠נוּ	1	Yahweh is using **the day of our king** as a common expression of the culture to mean the occasion when the king’s festival is celebrated. If this phrase does not have that meaning for your readers, you could use a comparable expression from your language that does have that meaning, or you could state the meaning plainly. Alternate translation: [On the royal holiday]
7:5	uq2r		rc://*/ta/man/translate/writing-pronouns	מַלְכֵּ֔⁠נוּ	1	The pronoun **our** refers to the people of Israel. Here Yahweh is quoting their perspective as they speak of their king. It may be helpful to clarify this for your readers. Alternate translation: [the king of Israel]
7:5	i8rk		rc://*/ta/man/translate/figs-idiom	מָשַׁ֥ךְ יָד֖⁠וֹ אֶת־לֹצְצִֽים	1	Yahweh is using **extended his hand with** as a common expression of the culture to mean “made an agreement with” or “allied himself with.” If this phrase does not have that meaning for your readers, you could use a comparable expression from your language that does have that meaning, or you could state the meaning plainly. Alternate translation: [He conspires with the mockers]
7:6	uer4		rc://*/ta/man/translate/figs-metaphor	לִבָּ֖⁠ם	1	Here the **heart** represents where a person’s desires and intentions exist. You may have a comparable expression in your language, or you could state the meaning plainly. Alternate translation: [their desires]
7:6	kutd		rc://*/ta/man/translate/figs-simile	כַ⁠תַּנּ֛וּר	1	The point of this comparison is that just as **an oven** is intensely hot inside, so the hearts of the conspirators burn with murderous desire as they lie in ambush. If it would be helpful in your language, you could make this point explicitly. Alternate translation: [their murderous desire is as intensely hot as an oven]
7:6	tybr		rc://*/ta/man/translate/figs-metaphor	כָּל־הַ⁠לַּ֨יְלָה֙ יָשֵׁ֣ן אֹֽפֵ⁠הֶ֔ם בֹּ֕קֶר ה֥וּא בֹעֵ֖ר כְּ⁠אֵ֥שׁ לֶהָבָֽה	1	Here Yahweh is speaking as if the princes’ anger were a **fire** smoldering **all the night** as the **baker is asleep** that then intensifies in the morning. Your language may have a comparable expression that you can use in your translation, or you could state the meaning plainly. Alternate translation: [Their anger smolders all night, but in the morning it flares up] or [All night long, they remain angry; they become more angry in the morning]
7:6	lqdc		rc://*/ta/man/translate/figs-simile	ה֥וּא בֹעֵ֖ר כְּ⁠אֵ֥שׁ לֶהָבָֽה	1	The point of this comparison is that just as **a fire of flame** blazes up intensely, so the conspirators’ anger suddenly erupts in the morning when they carry out their plot. If it would be helpful in your language, you could make this point explicitly. Alternate translation: [their anger blazes up as intensely as a flame] or [their anger intensifies]
7:7	epud		rc://*/ta/man/translate/figs-simile	כֻּלָּ֤⁠ם יֵחַ֨מּוּ֙ כַּ⁠תַּנּ֔וּר	1	The point of this comparison is that just as **an oven** is intensely hot, so the princes are intensely passionate in their desire to seize power. If it would be helpful in your language, you could make this point explicitly. Alternate translation: [All of them burn with intense passion to seize power]
7:7	y79d		rc://*/ta/man/translate/figs-metaphor	וְ⁠אָכְל֖וּ אֶת־שֹֽׁפְטֵי⁠הֶ֑ם	1	Here Yahweh is speaking as if the conspirators literally **devour** their judges the way a person eats food. He means that they destroy their rulers. Your language may have a comparable expression that you can use in your translation, or you could state the meaning plainly. Alternate translation: [and they destroy their leaders]
7:7	bo7w		rc://*/ta/man/translate/figs-metonymy	כָּל־מַלְכֵי⁠הֶ֣ם נָפָ֔לוּ	1	Here, **fallen** represents dying violently. If it would be helpful in your language, you could use an equivalent expression or plain language. Alternate translation: [All of their kings have died violent deaths]
7:8	cuey		rc://*/ta/man/translate/figs-metaphor	אֶפְרַ֛יִם הָיָ֥ה עֻגָ֖ה בְּלִ֥י הֲפוּכָֽה	1	Here Yahweh is speaking as if Ephraim were **a bread cake not turned over**, which is burned on one side and raw on the other. He means that Ephraim is ruined and useless because of being only partially committed. Your language may have a comparable expression that you can use in your translation, or you could state the meaning plainly. Alternate translation: [Ephraim is ruined and useless because he is only partially committed]
7:8	we0m		rc://*/ta/man/translate/figs-metaphor	בָּ⁠עַמִּ֖ים ה֣וּא יִתְבּוֹלָ֑ל	1	Here Yahweh is speaking of Ephraim, or the leaders of northern kingdom of Israel, forming alliances with foreign nations as if **Ephraim** were a substance that **mixes** into other substances. Your language may have a comparable expression that you can use in your translation, or you could state the meaning plainly. Alternate translation: [forms alliances with other nations]
7:8	teof		rc://*/ta/man/translate/figs-activepassive	בְּלִ֥י הֲפוּכָֽה	1	The expression **not turned over** is a passive verbal form. If it would be unnatural to use that form, you could express the idea in active form or in another way that is natural in your language. Alternate translation: [that no one has turned over]
7:9	kwv3		rc://*/ta/man/translate/figs-metaphor	אָכְל֤וּ זָרִים֙ כֹּח֔⁠וֹ	1	Here Yahweh is speaking of the Ephraim’s weakness as if the other nations had literally **devoured** his **strength** the way a person eats food. He means that foreign nations have used up and depleted their resources, leaving them weak and defenseless. Your language may have a comparable expression that you can use in your translation, or you could state the meaning plainly. Alternate translation: [Foreign nations have left him weak and defenseless]
7:9	klyr		rc://*/ta/man/translate/figs-abstractnouns	כֹּח֔⁠וֹ	1	If your language does not use an abstract noun for the idea of **strength**, you could express the same idea in another way. Alternate translation: [what his strenuous labor produced]
7:9	ibau		rc://*/ta/man/translate/figs-metaphor	שֵׂיבָה֙ זָ֣רְקָה בּ֔⁠וֹ וְ⁠ה֖וּא לֹ֥א יָדָֽע	1	Here Yahweh is speaking as if Ephraim were an aging person on whom **gray hair is sprinkled** without him knowing it. He means that the nation is declining but is unaware of it. Your language may have a comparable expression that you can use in your translation, or you could state the meaning plainly. Alternate translation: [his power is fading away, and he is unaware of it]
7:9	h0w0		rc://*/ta/man/translate/figs-activepassive	שֵׂיבָה֙ זָ֣רְקָה בּ֔⁠וֹ	1	The expression **is sprinkled** is a passive verbal form. If it would be unnatural to use that form, you could express the idea in active form or in another way that is natural in your language. Alternate translation: [he has more and more gray hair]
7:10	fucv		rc://*/ta/man/translate/figs-personification	וְ⁠עָנָ֥ה גְאֽוֹן־יִשְׂרָאֵ֖ל בְּ⁠פָנָ֑י⁠ו	1	Yahweh is speaking of **the pride of Israel** as if it were a living thing that **testifies** as a witness in court. If it would be helpful in your language, you could state the meaning plainly. Alternate translation: [And the pride of Israel clearly reveals his guilt]
7:10	zy55		rc://*/ta/man/translate/figs-abstractnouns	גְאֽוֹן־יִשְׂרָאֵ֖ל	1	If your language does not use an abstract noun for the idea of **pride**, you could express the same idea in another way. Alternate translation: [the proud way Israel acts]
7:10	r5v6		rc://*/ta/man/translate/figs-metonymy	בְּ⁠פָנָ֑י⁠ו	1	Here, **his face** represents Israel, who is representing the people of the northern kingdom of Israel. If it would be helpful in your language, you could use an equivalent expression or plain language. Alternate translation: [against him]
7:10	nqxb		rc://*/ta/man/translate/figs-123person	יְהוָ֣ה אֱלֹֽהֵי⁠הֶ֔ם	1	Yahweh is speaking of himself in the third person as **Yahweh, their God**. If it would be helpful in your language, you could translate this in the first person. Alternate translation: [me, their God]
7:10	jdhk		rc://*/ta/man/translate/figs-possession	אֱלֹֽהֵי⁠הֶ֔ם	1	Yahweh is not using this possessive form **their God** to indicate that the Israelites possess or control Yahweh but rather to emphasize that he is the God that the Israelites should worship. If a speaker of your language would not use the possessive form for this, you could express this idea in another way. Alternate translation: [the God who chose them]
7:11	zlf1		rc://*/ta/man/translate/figs-simile	וַ⁠יְהִ֣י אֶפְרַ֔יִם כְּ⁠יוֹנָ֥ה פוֹתָ֖ה אֵ֣ין לֵ֑ב	1	The point of this comparison is that just as **a dove** can be easily deceived and lacks good judgment, so Ephraim foolishly goes back and forth seeking help from foreign nations. If it would be helpful in your language, you could make this point explicitly. Alternate translation: [And Ephraim has been easily deceived and foolish, without good judgment]
7:11	xiu9		rc://*/ta/man/translate/figs-metaphor	אֵ֣ין לֵ֑ב	1	Here the **heart** represents where a person’s thoughts and understanding exist. You may have a comparable expression in your language, or you could state the meaning plainly. Alternate translation: [without understanding]
7:12	av3e		rc://*/ta/man/translate/figs-metaphor	אֶפְר֤וֹשׂ עֲלֵי⁠הֶם֙ רִשְׁתִּ֔⁠י	1	Here Yahweh is speaking as if he were a hunter who catches birds by spreading a **net** over them. He means that he will capture and restrain the people of Israel when they try to seek help from foreign nations. Your language may have a comparable expression that you can use in your translation, or you could state the meaning plainly. Alternate translation: [I will capture and restrain them]
7:12	ka0n		rc://*/ta/man/translate/figs-simile	כְּ⁠ע֥וֹף הַ⁠שָּׁמַ֖יִם אֽוֹרִידֵ֑⁠ם	1	The point of this comparison is that just as **birds of the heavens** can be caught and brought down by a hunter’s net, so Yahweh will catch and bring down the people of Israel. If it would be helpful in your language, you could make this point explicitly. Alternate translation: [like a hunter who catches birds from the sky, I will bring them down]
7:12	cmpz			כְּ⁠שֵׁ֖מַע	1	The phrase **according to the report** could refer to: (1) a report that a prophet delivered to the congregation about the people’s sin, or (2) a report that would come in the future, such as from the delegation to Egypt, that would cause Israel to rebel against Assyria and bring about the exile. Alternate translation: [when the report comes]
7:13	jfhy		rc://*/ta/man/translate/figs-exclamations	א֤וֹי לָ⁠הֶם֙	1	Yahweh is using the phrase **Woe to them** that expresses a strong feeling of grief and warning of coming judgment. There may be an equivalent word or phrase in your language that you can use in your translation to convey this feeling. Alternate translation: [How horrible it will be for them]
7:13	qhd6		rc://*/ta/man/translate/grammar-connect-logic-result	א֤וֹי לָ⁠הֶם֙ כִּֽי־נָדְד֣וּ מִמֶּ֔⁠נִּי	1	If it would be more natural in your language, you could reverse the order of these phrases, since the second phrase gives the reason for the result that the first phrase describes. Alternate translation: [Since they wandered from me, they will be punished]
7:13	t2td		rc://*/ta/man/translate/figs-metaphor	נָדְד֣וּ מִמֶּ֔⁠נִּי	1	Yahweh is speaking as if the Israelites had been walking with him but then **wandered** away to walk in a different direction from him. He means that they stopped living in the manner in which God wants people to live. If it would be helpful in your language, you could state the meaning plainly. Alternate translation: [they no longer live as I want them to]
7:13	fggn		rc://*/ta/man/translate/grammar-connect-logic-result	שֹׁ֥ד לָ⁠הֶ֖ם כִּֽי־פָ֣שְׁעוּ בִ֑⁠י	1	If it would be more natural in your language, you could reverse the order of these phrases, since the second phrase gives the reason for the result that the first phrase describes. Alternate translation: [Since they have revolted against me, destruction to them]
7:13	fiad		rc://*/ta/man/translate/figs-abstractnouns	שֹׁ֥ד לָ⁠הֶ֖ם	1	If your language does not use an abstract noun for the idea of **Destruction**, you could express the same idea in another way. Alternate translation: [They will be destroyed]
7:13	zkqn		rc://*/ta/man/translate/writing-pronouns	וְ⁠אָנֹכִ֣י אֶפְדֵּ֔⁠ם	1	Yahweh is stating the pronoun **I** separately, even though the verb translated as **I would redeem** already includes this meaning. He is doing that to emphasize that he is the only one who can redeem them. If a speaker of your language would use an explicit pronoun for the same purpose, you may want to use that construction in your translation. If not, your language may have other ways of showing the meaning here. Alternate translation: [And I myself would redeem them]
7:13	ta3h		rc://*/ta/man/translate/writing-pronouns	וְ⁠הֵ֕מָּה דִּבְּר֥וּ	1	Yahweh is stating the pronoun **they** separately, even though the verb translated as **they have spoken** already includes this meaning. He is doing that to emphasize what he had done in contrast to how they responded. If a speaker of your language would use an explicit pronoun for the same purpose, you may want to use that construction in your translation. If not, your language may have other ways of showing the meaning here. Alternate translation: [but instead, they have spoken]
7:14	xit1		rc://*/ta/man/translate/figs-idiom	וְ⁠לֹֽא־זָעֲק֤וּ אֵלַ⁠י֙ בְּ⁠לִבָּ֔⁠ם	1	Yahweh is using **in their heart** as a common expression of the culture to mean “sincerely” or “with genuine devotion.” If this phrase does not have that meaning for your readers, you could use a comparable expression from your language that does have that meaning, or you could state the meaning plainly. Alternate translation: [And they have not cried out to me with genuine devotion]
7:14	fp7k		rc://*/ta/man/translate/translate-textvariants	יִתְגּוֹרָ֖רוּ	1	The word translated as **they sojourn** represents the written Hebrew Masoretic text. But most modern translations follow an alternative reading from some other ancient Hebrew manuscripts and the ancient Greek translation, since it represents the pagan practice of shedding blood to encourage the fertility of the soil. The UST follows that reading. You may want to follow the major translation in your area. Alternate translation: [they cut themselves]
7:15	udgu		rc://*/ta/man/translate/writing-pronouns	וַ⁠אֲנִ֣י יִסַּ֔רְתִּי	1	Yahweh is stating the pronoun **I** separately, even though the verb translated as **I trained** already includes this meaning. He is doing that to emphasize what he has done for them in contrast to how they respond. If a speaker of your language would use an explicit pronoun for the same purpose, you may want to use that construction in your translation. If not, your language may have other ways of showing that meaning here. Alternate translation: [Even though it was I who trained them]
7:15	ghtz		rc://*/ta/man/translate/figs-ellipsis	וַ⁠אֲנִ֣י יִסַּ֔רְתִּי	1	Yahweh is leaving out some of the words that in many languages a sentence would need in order to be complete. You can supply these words from the context of the following phrase if that would be clearer in your language. Alternate translation: [And I, I trained them for battle]
7:15	ss50		rc://*/ta/man/translate/figs-metonymy	חִזַּ֖קְתִּי זְרֽוֹעֹתָ֑⁠ם	1	Here, **their arms** represents the military strength and capability of the people. If it would be helpful in your language, you could use an equivalent expression or plain language. Alternate translation: [I strengthened them for battle]
7:16	m5c5		rc://*/ta/man/translate/figs-metaphor	יָשׁ֣וּבוּ ׀ לֹ֣א עָ֗ל	1	Here Yahweh is speaking as if they were walking down a path and then change direction and **turn** but they were not turning **upward** toward him but away from him. Your language may have a comparable expression that you can use in your translation, or you could state the meaning plainly. Alternate translation: [They turn, but not toward me]
7:16	mkgo		rc://*/ta/man/translate/figs-idiom	יִפְּל֥וּ בַ⁠חֶ֛רֶב	1	Hosea is using **will fall by the sword** as a common expression of the culture to mean “will die in battle.” If this phrase does not have that meaning for your readers, you could use a comparable expression from your language that does have that meaning, or you could state the meaning plainly. Alternate translation: [will be killed in battle] or [will die by the sword]
7:16	kc67		rc://*/ta/man/translate/figs-abstractnouns	מִ⁠זַּ֣עַם	1	If your language does not use an abstract noun for the idea of **indignation**, you could express the same idea in another way. Alternate translation: [from my anger at]
7:16	r4yv		rc://*/ta/man/translate/figs-simile	הָיוּ֙ כְּ⁠קֶ֣שֶׁת רְמִיָּ֔ה	1	The point of this comparison is that just as **a deceitful bow** is unreliable and does not shoot where the archer aims, so the people of Israel are unreliable and do not do what they should. If it would be helpful in your language, you could make this point explicitly. Alternate translation: [they are unreliable, like a bow that sends its arrows off course]
7:16	nbgf		rc://*/ta/man/translate/figs-metonymy	לְשׁוֹנָ֑⁠ם	1	Here, **their tongue** represents what the people have said. If it would be helpful in your language, you could use an equivalent expression or plain language. Alternate translation: [their words]
7:16	tdgo		rc://*/ta/man/translate/figs-abstractnouns	לַעְגָּ֖⁠ם	1	If your language does not use an abstract noun for the idea of **scorn**, you could express the same idea in another way. Alternate translation: [is how they will be scorned]
8:intro	v6ip					# Hosea 8 Chapter Introduction\n\n## Structure and Formatting\n\nYahweh accuses Israel of breaking the covenant, making idols, and seeking foreign alliances.\n\n1. Israel has broken Yahweh’s covenant (1–6)\n2. Israel reaps the consequences of its sin (7–10)\n3. Israel’s worship and alliances bring judgment (11–14)\n\n## Religious and Cultural Concepts in This Chapter\n\n### “the calf of Samaria”\n\nThis chapter contains some references to the “calf of Samaria.” This most likely refers to an image that was set up by an earlier king of Israel. He did this in order to discourage his people from going to Jerusalem, which was part of the southern kingdom of Judah.
8:1	kwsz		rc://*/ta/man/translate/writing-quotations	אֶל־חִכְּ⁠ךָ֣ שֹׁפָ֔ר	1	This is the beginning of a direct quotation by Yahweh to Hosea. In your translation, use a natural way of introducing direct quotations in your language as modeled in the UST.
8:1	uk81		rc://*/ta/man/translate/figs-synecdoche	אֶל־חִכְּ⁠ךָ֣ שֹׁפָ֔ר	1	Yahweh is using one part of the body, **palate**, to represent the whole mouth in the act of blowing a horn. If it would be helpful in your language, you could use an equivalent expression from your culture or state the meaning plainly. Alternate translation: [Put a shofar to your mouth]
8:1	lqxx		rc://*/ta/man/translate/grammar-connect-logic-result	כַּ⁠נֶּ֖שֶׁר עַל־בֵּ֣ית יְהוָ֑ה יַ֚עַן עָבְר֣וּ בְרִיתִ֔⁠י וְ⁠עַל־תּוֹרָתִ֖⁠י פָּשָֽׁעוּ	1	If it would be more natural in your language, you could reverse the order of these phrases as modeled in the UST, since the second phrase gives the reason for the result that the first phrase describes.
8:1	bzjz		rc://*/ta/man/translate/figs-simile	כַּ⁠נֶּ֖שֶׁר עַל־בֵּ֣ית יְהוָ֑ה	1	The point of this comparison is that just as **a vulture** hovers over its prey waiting to devour it, so an enemy is ready and waiting to attack and defeat the people of Yahweh. If it would be helpful in your language, you could make this point explicitly. Alternate translation: [An enemy is waiting to devour the house of Yahweh]
8:1	m00q		rc://*/ta/man/translate/figs-metaphor	בֵּ֣ית יְהוָ֑ה	1	Here, **house** means all the people related to a particular person as if they were one household living together. So **the house of Yahweh** figuratively means all the people of Israel who Yahweh has chosen as his people. Alternate translation: [the people of Israel]
8:1	w7ou		rc://*/ta/man/translate/writing-pronouns	עָבְר֣וּ	1	The pronoun **they** refers to the people of Israel. It may be helpful to clarify this for your readers. Alternate translation: [Israel has transgressed]
8:1	vwq7		rc://*/ta/man/translate/figs-abstractnouns	בְרִיתִ֔⁠י	1	If your language does not use an abstract noun for the idea of **my covenant**, you could express the same idea in another way. Alternate translation: [the agreement that I made with them]
8:2	mdt3		rc://*/ta/man/translate/figs-quotesinquotes	אֱלֹהַ֥⁠י יְֽדַעֲנ֖וּ⁠ךָ יִשְׂרָאֵֽל	1	If it would be clearer in your language, you could translate this so that there is not a quotation within a quotation. Alternate translation: [and claim that they know me]
8:2	ak9c		rc://*/ta/man/translate/figs-possession	אֱלֹהַ֥⁠י	1	The Israelites are using the possessive form **My God** to express their relationship with Yahweh as the God whom they worship, not to mean that they possess or control Yahweh. If a speaker of your language would not use the possessive form for this, you could express this idea in another way. Alternate translation: [Oh God whom we serve]
8:3	ns2l		rc://*/ta/man/translate/figs-nominaladj	ט֑וֹב	1	Yahweh is using the adjective **good** as a noun to mean good things or what is right. Your language may use adjectives in the same way. If not, you can translate this adjective with an equivalent phrase. Alternate translation: [what is morally good]
8:4	jqgd		rc://*/ta/man/translate/writing-pronouns	הֵ֤ם הִמְלִיכוּ֙	1	Yahweh is stating the pronoun **They** separately, even though the verb translated as **have made kings** already includes this meaning. He is doing that to emphasize that Israel acted on their own, without his approval. If a speaker of your language would use an explicit pronoun for the same purpose, you may want to use that construction in your translation. If not, your language may have other ways of showing the meaning here. Alternate translation: [They themselves have made kings]
8:4	mm6g		rc://*/ta/man/translate/figs-idiom	וְ⁠לֹ֣א יָדָ֑עְתִּי	1	Yahweh is using **I did not know** as a common expression of the culture to mean “I did not approve.” If this phrase does not have that meaning for your readers, you could use a comparable expression from your language that does have that meaning, or you could state the meaning plainly. Alternate translation: [without my approval]
8:4	yxg6		rc://*/ta/man/translate/grammar-connect-logic-result	לְמַ֖עַן יִכָּרֵֽת	1	The phrase **so that** indicates that what it describes, being **cut off**, is a result of what came before, the Israelites appointing their own kings and making their own idols. Use a connector in your language that makes this clear. Alternate translation: [therefore he will be cut off]
8:4	ywkh		rc://*/ta/man/translate/writing-pronouns	יִכָּרֵֽת	1	The pronoun in **he might be cut off** refers to Israel in verse 3. It may be helpful to clarify this for your readers. Alternate translation: [Israel might be cut off] or [they will be cut off]
8:4	o4t9		rc://*/ta/man/translate/figs-metaphor	יִכָּרֵֽת	1	Yahweh is speaking of Israel’s destruction as if it were something being **cut off**, like a branch severed from a tree. Your language may have a comparable expression that you can use in your translation, or you could state the meaning plainly. Alternate translation: [he might be destroyed]
8:4	yjzj		rc://*/ta/man/translate/figs-activepassive	יִכָּרֵֽת	1	The expression **he might be cut off** is a passive verbal form. If it would be unnatural to use that form, you could express the idea in active form or in another way that is natural in your language. Alternate translation: [I will destroy him]
8:5	hsv5		rc://*/ta/man/translate/figs-123person	זָנַח֙ עֶגְלֵ֣⁠ךְ	1	Yahweh is speaking of himself in the third person as **He**. If it would be helpful in your language, you could translate this in the first person. Alternate translation: [I have rejected your calf]
8:5	zz6x		rc://*/ta/man/translate/figs-metonymy	שֹֽׁמְר֔וֹן	1	Here, **Samaria** represents the people who live in the city of Samaria. If it would be helpful in your language, you could use an equivalent expression or plain language as modeled in the UST.
8:5	brns		rc://*/ta/man/translate/figs-idiom	חָרָ֥ה אַפִּ֖⁠י בָּ֑⁠ם	1	Yahweh is using **My nose burns against them** as a common expression of the culture to mean “I am very angry with them.” If this phrase does not have that meaning for your readers, you could use a comparable expression from your language that does have that meaning, or you could state the meaning plainly. Alternate translation: [My anger burns against them]
8:5	recn		rc://*/ta/man/translate/figs-rquestion	עַד־מָתַ֕י לֹ֥א יוּכְל֖וּ נִקָּיֹֽן	1	Yahweh is using the question form for the purpose of rebuking the people of Israel for their continued guilt. If a speaker of your language would not use the question form for that purpose, you could translate this as a statement or as an exclamation. Alternate translation: [They will never attain innocence!]
8:5	mpyj		rc://*/ta/man/translate/figs-abstractnouns	לֹ֥א יוּכְל֖וּ נִקָּיֹֽן	1	If your language does not use an abstract noun for the idea of **innocence**, you could express the same idea in another way. Alternate translation: [will they not become pure]
8:6	dzwg		rc://*/ta/man/translate/grammar-connect-words-phrases	כִּ֤י מִ⁠יִּשְׂרָאֵל֙ וְ⁠ה֔וּא חָרָ֣שׁ עָשָׂ֔⁠הוּ	1	Here the word **For** introduces not a reason but an explanation. You may want to use a different connecting word to show how this statement relates to what comes before it. Alternate translation: [After all, it was a craftsman from Israel that made it]
8:7	bfw2		rc://*/ta/man/translate/figs-metaphor	ר֥וּחַ יִזְרָ֖עוּ	1	Yahweh is speaking of the actions of the Israelites being completely futile as if they were farmers trying **sow wind**, or plant and grow more wind. Your language may have a comparable expression that you can use in your translation, or you could state the meaning plainly. Alternate translation: [they do completely useless things]
8:7	ezso		rc://*/ta/man/translate/figs-metaphor	וְ⁠סוּפָ֣תָ⁠ה יִקְצֹ֑רוּ	1	Yahweh is speaking of the outcome of the Israelites’ actions being devastating as if the harvest they are able to **reap** from sowing the wind, turns out to be **a whirlwind**. Your language may have a comparable expression that you can use in your translation, or you could state the meaning plainly. Alternate translation: [and all they will get is destruction]
8:7	bku6		rc://*/ta/man/translate/figs-metaphor	קָמָ֣ה אֵֽין־ל֗⁠וֹ צֶ֚מַח בְּלִ֣י יַֽעֲשֶׂה־קֶּ֔מַח	1	Yahweh is speaking of Israel’s futile efforts with only destruction as an outcome as if the farmer ended up with nothing but barren stalks or **standing grain on which there is no head**. Your language may have a comparable expression that you can use in your translation, or you could state the meaning plainly. Alternate translation: [they will produce nothing useful with all their efforts]
8:7	bksk		rc://*/ta/man/translate/grammar-connect-condition-hypothetical	זָרִ֖ים יִבְלָעֻֽ⁠הוּ	1	This line introduces the consequence of the possible condition proposed in the previous line. Yahweh is presenting the consequence of a possible condition that even if the stalks turn out to yield something, then strangers will come and take it all, leaving them with nothing. Use a natural form in your language for introducing a condition that could happen. Alternate translation: [then strangers will swallow it up]
8:7	vy1x		rc://*/ta/man/translate/figs-metaphor	זָרִ֖ים יִבְלָעֻֽ⁠הוּ	1	Yahweh is speaking of foreigners taking advantage of everything Israel has worked for as if they were **strangers** who would come into a field and steal the produce and **swallow it up** or eat it all. Your language may have a comparable expression that you can use in your translation, or you could state the meaning plainly. Alternate translation: [other nations will just come and take it all]
8:8	rr9i		rc://*/ta/man/translate/figs-activepassive	נִבְלַ֖ע יִשְׂרָאֵ֑ל	1	The expression **Israel is swallowed up** is a passive verbal form. If it would be unnatural to use that form, you could express the idea in active form or in another way that is natural in your language. Alternate translation: [The strangers swallowed up Israel]
8:8	hcss		rc://*/ta/man/translate/figs-metaphor	נִבְלַ֖ע יִשְׂרָאֵ֑ל	1	Yahweh is speaking of Israel being absorbed by the nations as if it were being **swallowed up**, like food consumed by a person. Your language may have a comparable expression that you can use in your translation, or you could state the meaning plainly. Alternate translation: [Israel has been completely assimilated]
8:8	z73d		rc://*/ta/man/translate/figs-simile	כִּ⁠כְלִ֖י אֵֽין־חֵ֥פֶץ בּֽ⁠וֹ	1	The point of this comparison is that just as **a vessel in which there is no delight** is no longer special or distinctive, so Israel has become just like the other nations and is no longer distinct or special in any way. If it would be helpful in your language, you could make this point explicitly. Alternate translation: [without distinction like a vessel that is no longer special]
8:9	in0k		rc://*/ta/man/translate/grammar-connect-words-phrases	כִּֽי־הֵ֨מָּה֙	1	Here the word **For** introduces not a reason but an explanation. You may want to use a different connecting word to show how this statement relates to what comes before it. Alternate translation: [In fact, they]
8:9	o3h3		rc://*/ta/man/translate/writing-pronouns	הֵ֨מָּה֙ עָל֣וּ	1	Yahweh is stating the pronoun **they** separately, even though the verb translated as **they have gone** already includes this meaning. He is doing that to emphasize that they are the ones acting like this. If a speaker of your language would use an explicit pronoun for the same purpose, you may want to use that construction in your translation. If not, your language may have other ways of showing the meaning here. Alternate translation: [they themselves have gone up]
8:9	ylzr		rc://*/ta/man/translate/figs-metaphor	פֶּ֖רֶא בּוֹדֵ֣ד ל֑⁠וֹ	1	Yahweh is speaking of the Israelites seeking help from Assyria as if they were **a wild donkey** who is **alone** and is looking for a mate. Your language may have a comparable expression that you can use in your translation, or you could state the meaning plainly as modeled in the UST.
8:9	v5fi		rc://*/ta/man/translate/figs-metonymy	אֶפְרַ֖יִם	1	Here, **Ephraim** represents the people of the northern kingdom of Israel. If it would be helpful in your language, you could use an equivalent expression or plain language. Alternate translation: [The northern kingdom]
8:9	em5z		rc://*/ta/man/translate/figs-metaphor	אֶפְרַ֖יִם הִתְנ֥וּ אֲהָבִֽים	1	Yahweh is speaking of the foreign alliances the northern kingdom of Israel is seeking as if they were hiring **lovers**, as a prostitute seeks paying clients. Your language may have a comparable expression that you can use in your translation, or you could state the meaning plainly. Alternate translation: [Ephraim has paid for other nations to support them]
8:10	ex35		rc://*/ta/man/translate/figs-metaphor	אֲקַבְּצֵ֑⁠ם	1	Yahweh is speaking of punishing Israel as if he were **gathering** them for punishment. Your language may have a comparable expression that you can use in your translation, or you could state the meaning plainly. Alternate translation: [I will gather them for judgement]
8:10	tq8p		rc://*/ta/man/translate/figs-ellipsis	וַ⁠יָּחֵ֣לּוּ מְּעָ֔ט	1	Yahweh is leaving out some of the words that in many languages a sentence would need in order to be complete. You can supply these words from the context if that would be clearer in your language. Alternate translation: [And they will begin to be gathered in a little while]
8:10	wvtv		rc://*/ta/man/translate/figs-abstractnouns	מִ⁠מַּשָּׂ֖א	1	If your language does not use an abstract noun for the idea of **burden**, you could express the same idea in another way. Alternate translation: [from the oppression of]
8:10	gb1q		rc://*/ta/man/translate/figs-possession	מֶ֥לֶךְ שָׂרִֽים	1	Yahweh is using the possessive form to describe a **king** who rules over **princes** which refers to the king of Assyria (see [Isaiah 10:8](../../isa/10/08.md)). If a speaker of your language would not use the possessive form for this, you could express this idea in another way. Alternate translation: [the king over princes]
8:12	woma		rc://*/ta/man/translate/figs-hyperbole	רבו תּֽוֹרָתִ֑⁠י	1	Yahweh says **myriads of my law** as an extreme statement for emphasis. If it would be helpful in your language, you could use a different way to express the emphasis. Alternate translation: [a huge number of copies of my law]
8:12	ern7		rc://*/ta/man/translate/figs-activepassive	כְּמוֹ־זָ֖ר נֶחְשָֽׁבוּ	1	The expression **be regarded** is a passive verbal form. If it would be unnatural to use that form, you could express the idea in active form or in another way that is natural in your language. Alternate translation: [he would still consider my law as something strange]
8:13	cq1b		rc://*/ta/man/translate/writing-poetry	זִבְחֵ֣י הַבְהָבַ֗⁠י יִזְבְּח֤וּ בָשָׂר֙ וַ⁠יֹּאכֵ֔לוּ	1	Yahweh is using a construction in which a verb **sacrifice** and its object **sacrifices**, come from the same root. You may be able to use the same construction in your language to express the meaning here. Alternatively, your language may have another way of saying this. Alternate translation: [They eat the flesh from the sacrifices they offer me as gifts]
8:13	h237		rc://*/ta/man/translate/figs-possession	זִבְחֵ֣י הַבְהָבַ֗⁠י	1	Yahweh is using the possessive form to describe **sacrifices** that consist of **gifts** offered to him. If a speaker of your language would not use the possessive form for this, you could express this idea in another way. Alternate translation: [The offerings given as gifts to me]
8:13	fsic		rc://*/ta/man/translate/figs-123person	יְהוָ֖ה לֹ֣א רָצָ֑⁠ם עַתָּ֞ה יִזְכֹּ֤ר	1	Yahweh is speaking of himself in the third person as **Yahweh** and**he**. If it would be helpful in your language, you could translate this in the first person. Alternate translation: [I do not accept them. Now I will remember]
8:13	dj4n		rc://*/ta/man/translate/figs-abstractnouns	עֲוֺנָ⁠ם֙	1	If your language does not use an abstract noun for the idea of **iniquity**, you could express the same idea in another way. Alternate translation: [the evil they have done]
8:13	agdl		rc://*/ta/man/translate/figs-abstractnouns	חַטֹּאותָ֔⁠ם	1	If your language does not use an abstract noun for the idea of **sins**, you could express the same idea in another way. Alternate translation: [the wrong things they did]
8:13	y89t		rc://*/ta/man/translate/figs-metaphor	הֵ֖מָּה מִצְרַ֥יִם יָשֽׁוּבוּ	1	Yahweh is speaking of Israel once again experiencing bondage under a foreign power as their ancestors did as if they **return to Egypt**. Your language may have a comparable expression that you can use in your translation, or you could state the meaning plainly. Alternate translation: [They will be enslaved by a foreign nation again]
8:13	e477		rc://*/ta/man/translate/writing-pronouns	הֵ֖מָּה מִצְרַ֥יִם יָשֽׁוּבוּ	1	Yahweh is stating the pronoun **They** separately, even though the verb translated as **they will return** already includes this meaning. He is doing that to emphasize that Israel is choosing to return to bondage by their own actions. If a speaker of your language would use an explicit pronoun for the same purpose, you may want to use that construction in your translation. If not, your language may have other ways of showing the meaning here. Alternate translation: [They themselves will return to Egypt]
8:14	nrai		rc://*/ta/man/translate/figs-metaphor	וַ⁠יִּשְׁכַּ֨ח יִשְׂרָאֵ֜ל	1	Here Yahweh is speaking of Israel’s deliberate rejection of Yahweh as if they **forgot** him. Your language may have a comparable expression that you can use in your translation, or you could state the meaning plainly. Alternate translation: [And Israel rejected] or [And Israel abandoned]
8:14	adey		rc://*/ta/man/translate/figs-metaphor	וְ⁠שִׁלַּחְתִּי־אֵ֣שׁ בְּ⁠עָרָ֔י⁠ו וְ⁠אָכְלָ֖ה אַרְמְנֹתֶֽי⁠הָ	1	Yahweh is speaking of **fire** as if it were an animal that will **devour** its prey. Your language may have a comparable expression that you can use in your translation, or you could state the meaning plainly. Alternate translation: [it will burn down her citadels]
8:14	vmkq		rc://*/ta/man/translate/writing-pronouns	בְּ⁠עָרָ֔י⁠ו וְ⁠אָכְלָ֖ה אַרְמְנֹתֶֽי⁠הָ	1	The pronoun **his** and the pronoun **her** both refer to Judah, who represents the people of the southern kingdom of Israel. It may be helpful to clarify this for your readers. Alternate translation: [on Judah’s cities and it will devour Judah’s citadels]
9:intro	qusi					# Hosea 9 Chapter Introduction\n\n## Structure and Formatting\n\nHosea 9 is prophetic judgment poetry in which Yahweh forbids Israel from celebrating and announces exile to Egypt and Assyria for idolatry.\n\n1. Israel’s joy will turn to exile and loss (1–6)\n2. Israel rejects Yahweh’s prophets and remains corrupt (7–9)\n3. Yahweh removes blessing because of Israel’s sin (10–17)\n\n## Religious and Cultural Concepts in This Chapter\n\n### Fertility and barrenness as divine judgment\n\nYahweh reverses Israel’s fruitfulness through miscarrying wombs, dry breasts, and dried roots. Agricultural metaphors (threshing floors, grapes, figs) tie barrenness directly to the people’s unfaithfulness.
9:1	k8si		rc://*/ta/man/translate/figs-abstractnouns	גִּיל֙	1	If your language does not use an abstract noun for the idea of **joy**, you could express the same idea in another way. Alternate translation: [celebrate]
9:1	j7o3		rc://*/ta/man/translate/figs-metaphor	זָנִ֖יתָ מֵ⁠עַ֣ל אֱלֹהֶ֑י⁠ךָ	1	The speaker is speaking of Israel’s unfaithfulness to Yahweh as if it were **prostitution**. Your language may have a comparable expression that you can use in your translation, or you could state the meaning plainly. Alternate translation: [you have worshiped other gods instead of your God]
9:1	y3u4		rc://*/ta/man/translate/figs-metaphor	מֵ⁠עַ֣ל	1	The speaker is speaking of Israel’s faithfulness to God as if it were a physical position, with Israel resting **upon** God, but now in their unfaithfulness, they have moved away **from upon** him. Your language may have a comparable expression that you can use in your translation, or you could state the meaning plainly. Alternate translation: [you have prostituted yourself away from your God]
9:1	ri21		rc://*/ta/man/translate/figs-possession	אֱלֹהֶ֑י⁠ךָ	1	The speaker is not using this possessive form **your God** to indicate that the Israelites possess or control Yahweh. Rather he is using these words to emphasize the distinction between the gods of the nations and Israel’s God. Alternate translation: [the God who has chosen you]
9:1	tq0z		rc://*/ta/man/translate/figs-metaphor	אָהַ֣בְתָּ אֶתְנָ֔ן	1	The speaker is speaking of the grain that Israel perceived as being a reward from the idols for their worship as if they were **prostitute-wages**. Your language may have a comparable expression that you can use in your translation, or you could state the meaning plainly. Alternate translation: [You have loved the rewards you perceived as being from your idols]
9:2	ggr4		rc://*/ta/man/translate/figs-123person	לֹ֣א יִרְעֵ֑⁠ם	1	In verse 1, the speaker addresses Israel directly in the second person, but here he shifts to speaking about them in the third person as **them**. If it would be helpful in your language, you could continue addressing them in the second person. Alternate translation: [will not feed you]
9:2	jpba		rc://*/ta/man/translate/writing-pronouns	יְכַ֥חֶשׁ בָּֽ⁠הּ	1	The pronoun **her** refers to the nation of Israel who he was addressing directly in the previous verse. It may be helpful to clarify this for your readers or continue to use the second person for consistency. Alternate translation: [will fail Israel] or [will fail you]
9:3	wm08		rc://*/ta/man/translate/figs-possession	בְּ⁠אֶ֣רֶץ יְהוָ֑ה	1	The speaker is using this possessive form to mean that the **land** belongs to **Yahweh**. It may be helpful to clarify this for your readers. Alternate translation: [in Yahweh’s land that he has given to them]
9:4	al19		rc://*/ta/man/translate/figs-activepassive	יִטַמָּ֑אוּ	1	The expression **will be defiled** is a passive verbal form. If it would be unnatural to use that form, you could express the idea in active form or in another way that is natural in your language. Alternate translation: [will defile themselves]
9:4	ms87		rc://*/ta/man/translate/figs-abstractnouns	כְּ⁠לֶ֤חֶם אוֹנִים֙	1	If your language does not use an abstract noun for the idea of **mourning**, you could express the same idea in another way. Alternate translation: [like bread eaten by those who grieve]
9:4	tt6j		rc://*/ta/man/translate/figs-simile	כְּ⁠לֶ֤חֶם אוֹנִים֙	1	The point of this comparison is that just as **bread of mourning** is ritually unclean (see [Deuteronomy 26:12-15](../../deu/26/12.md)) and makes anyone who eats it unacceptable to God, so **their sacrifices** will make them unacceptable to God. If it would be helpful in your language, you could make this point explicitly. Alternate translation: [like food that makes a person ritually unclean]
9:4	ugdt		rc://*/ta/man/translate/figs-synecdoche	לַחְמָ֣⁠ם	1	Hosea is using one kind of food, **their bread**, to mean food in general. If it would be helpful in your language, you could state the meaning plainly. Alternate translation: [their food]
9:4	qekh		rc://*/ta/man/translate/figs-metaphor	לֹ֥א יָב֖וֹא בֵּ֥ית יְהוָֽה	1	The speaker is speaking of the temple of Yahweh as if it were a **house** in which he lived. Alternate translation: [it will not enter the temple of Yahweh]
9:5	m2ca		rc://*/ta/man/translate/figs-rquestion	מַֽה־תַּעֲשׂ֖וּ לְ⁠י֣וֹם מוֹעֵ֑ד וּ⁠לְ⁠י֖וֹם חַג־יְהוָֽה	1	The speaker is using the question form to emphasize that the people will not be able to do anything for these religious festivals and feasts because they will not be in their land and far from the temple. If a speaker of your language would not use the question form for that purpose, you could translate this as a statement or as an exclamation. Alternate translation: [You will be able to do nothing for the day of meeting or for the day of the festival of Yahweh.]
9:5	bchp		rc://*/ta/man/translate/figs-possession	לְ⁠י֣וֹם מוֹעֵ֑ד	1	The speaker is using the possessive form to describe a **day** that is characterized by **meeting**. If a speaker of your language would not use the possessive form for this, you could express this idea in another way. Alternate translation: [for the day when you meet together]
9:5	nqbw		rc://*/ta/man/translate/figs-possession	וּ⁠לְ⁠י֖וֹם חַג־יְהוָֽה	1	The speaker is using the possessive form to describe a **festival** that is about **Yahweh**. If a speaker of your language would not use the possessive form for this, you could express this idea in another way. Alternate translation: [and for the day of the festival dedicated to Yahweh]
9:6	eeey		rc://*/ta/man/translate/grammar-connect-logic-result	כִּֽי־הִנֵּ֤ה	1	The word translated as **For** indicates that the fact that follows about them being taken into captivity is a reason for what came before which was their inability to celebrate the holy occasions any more. Use a connector in your language that makes it clear that what follows is a reason for what came before. Alternate translation: [This is because]
9:6	hcks		rc://*/ta/man/translate/figs-metaphor	הִנֵּ֤ה	1	The speaker is using the term **behold** to focus his listeners’ attention on what he is about to say. Your language may have a comparable expression that you can use in your translation. Alternate translation: [For indeed,]
9:6	s1nc		rc://*/ta/man/translate/figs-metonymy	מִצְרַ֥יִם תְּקַבְּצֵ֖⁠ם מֹ֣ף תְּקַבְּרֵ֑⁠ם	1	The words **Egypt** and **Memphis** represent the people of those places. If it would be helpful in your language, you could use an equivalent expression or plain language. Alternate translation: [The people of Egypt will gather them; the people of Memphis will bury them]
9:6	q85a		rc://*/ta/man/translate/figs-personification	מַחְמַ֣ד לְ⁠כַסְפָּ֗⁠ם קִמּוֹשׂ֙ יִֽירָשֵׁ֔⁠ם	1	The speaker is speaking of **Nettles** as if they were living things that could **possess** property. If it would be helpful in your language, you could state the meaning plainly. Alternate translation: [The precious things of their silver will be covered with nettles]
9:6	ffdn		rc://*/ta/man/translate/translate-unknown	קִמּוֹשׂ֙	1	**Nettles** are a kind of prickly weed that grows in neglected places. If your readers would not be familiar with the name of these weeds, you could use the name of a similar thing that your readers would recognize, or you could use a more general term. Alternate translation: [Prickly weeds]
9:6	x8pv		rc://*/ta/man/translate/figs-possession	מַחְמַ֣ד לְ⁠כַסְפָּ֗⁠ם	1	The speaker is using this possessive form to mean the **precious things** that are made of **silver**. It may be helpful to clarify this for your readers. Alternate translation: [their precious things made of silver]
9:7	y5mx		rc://*/ta/man/translate/grammar-connect-logic-result	בָּ֣אוּ ׀ יְמֵ֣י הַ⁠פְּקֻדָּ֗ה בָּ֚אוּ יְמֵ֣י הַ⁠שִׁלֻּ֔ם יֵדְע֖וּ יִשְׂרָאֵ֑ל אֱוִ֣יל הַ⁠נָּבִ֗יא מְשֻׁגָּע֙ אִ֣ישׁ הָ⁠ר֔וּחַ עַ֚ל רֹ֣ב עֲוֺנְ⁠ךָ֔ וְ⁠רַבָּ֖ה מַשְׂטֵמָֽה	1	If it would be more natural in your language, you could reverse the order of these phrases, since the second phrase gives the reason for the result that the first phrase describes. Alternate translation: [Because of the abundance of your iniquity and great hostility, the days of punishment have come; the days of retribution have come. Israel will know it! The prophet {is} a fool; the man of the Spirit is insane]
9:7	czv1		rc://*/ta/man/translate/figs-abstractnouns	הַ⁠פְּקֻדָּ֗ה	1	If your language does not use an abstract noun for the idea of **punishment**, you could express the same idea in another way. Alternate translation: [punishing you]
9:7	k741		rc://*/ta/man/translate/figs-parallelism	בָּ֣אוּ ׀ יְמֵ֣י הַ⁠פְּקֻדָּ֗ה בָּ֚אוּ יְמֵ֣י הַ⁠שִׁלֻּ֔ם	1	These two clauses mean basically the same thing. The second emphasizes the meaning of the first by repeating the same idea with different words. If it would be helpful to your readers, you could combine them and express the emphasis in another way. See how you as a team have decided to translate the parallel phrases in poetry, and follow that approach here and throughout this chapter. Alternate translation: [The days of getting the punishment they deserve have certainly come]
9:7	lekb		rc://*/ta/man/translate/figs-abstractnouns	הַ⁠שִׁלֻּ֔ם	1	If your language does not use an abstract noun for the idea of **retribution**, you could express the same idea in another way. Alternate translation: [getting what they deserve]
9:7	fffa		rc://*/ta/man/translate/writing-quotations	אֱוִ֣יל הַ⁠נָּבִ֗יא מְשֻׁגָּע֙ אִ֣ישׁ הָ⁠ר֔וּחַ	1	Here the speaker is saying what the people said about the prophet. If it would be helpful to your readers, you could mark that this is a direct quote of the people. Alternate translation: [They said, “The prophet is a fool; the man of the Spirit is insane.” They say this]
9:7	depr		rc://*/ta/man/translate/figs-parallelism	אֱוִ֣יל הַ⁠נָּבִ֗יא מְשֻׁגָּע֙ אִ֣ישׁ הָ⁠ר֔וּחַ	1	These two clauses mean basically the same thing. The second emphasizes the meaning of the first by repeating the same idea with different words. If it would be helpful to your readers, you could combine them and express the emphasis in another way. Another approach would be to connect the phrases with a word that shows that the second phrase is repeating the first one, not saying something additional. See how you as a team have decided to translate the parallel phrases in poetry, and follow that approach here and throughout this chapter. Alternate translation: [The prophet is a fool; indeed, the man of the Spirit is insane]
9:7	xuwq		rc://*/ta/man/translate/figs-abstractnouns	מַשְׂטֵמָֽה	1	If your language does not use an abstract noun for the idea of **hostility**, you could express the same idea in another way. Alternate translation: [hatred toward God]
9:7	k8le		rc://*/ta/man/translate/figs-possession	אִ֣ישׁ הָ⁠ר֔וּחַ	1	The speaker is using the possessive form to describe the prophet as being a **man** that is characterized by being associated with **the Spirit**. If a speaker of your language would not use the possessive form for this, you could express this idea in another way. Alternate translation: [the man who has the Spirit]
9:7	jl0m		rc://*/ta/man/translate/figs-abstractnouns	רֹ֣ב עֲוֺנְ⁠ךָ֔	1	If your language does not use abstract nouns for the ideas of **abundance** and **iniquity**, you could express the same ideas in other ways. Alternate translation: [the many evil things you have done]
9:7	j7cn		rc://*/ta/man/translate/figs-123person	עֲוֺנְ⁠ךָ֔	1	The speaker has been speaking about Israel in the third person, but here he shifts to addressing them directly in the second person with **your iniquity**. If it would be helpful in your language, you could continue in the third person for consistency. Alternate translation: [their iniquity]
9:8	jpxk		rc://*/ta/man/translate/figs-possession	אֱלֹהָ֑⁠י	1	The speaker is not using this possessive form **my God** to indicate that he possesses or controls Yahweh. Rather he is using these words to indicate that Yahweh is the God whom he worships. Alternate translation: [the God I worship]
9:8	l579		rc://*/ta/man/translate/figs-metaphor	צֹפֶ֥ה אֶפְרַ֖יִם עִם־אֱלֹהָ֑⁠י	1	Here the speaker is speaking of the prophet as if he were a **watcher** over the people along **with** their God. Your language may have a comparable expression that you can use in your translation, or you could state the meaning plainly. Alternate translation: [The prophet is a watchman for God over Ephraim]
9:8	b19a		rc://*/ta/man/translate/figs-metaphor	פַּ֤ח יָקוֹשׁ֙ עַל־כָּל־דְּרָכָ֔י⁠ו	1	The speaker is speaking of the dangers the prophet faces as if they were **a snare of a fowler** set to trap his prey. Your language may have a comparable expression that you can use in your translation, or you could state the meaning plainly. Alternate translation: [a trap is set for him wherever he goes]
9:8	s14p		rc://*/ta/man/translate/translate-unknown	יָקוֹשׁ֙	1	A **fowler** is a person who catches birds. If your readers would not be familiar with what a **fowler** is, you could use the name of a similar thing that your readers would recognize, or you could use a more general term. Alternate translation: [a bird catcher]
9:8	jn90		rc://*/ta/man/translate/figs-abstractnouns	מַשְׂטֵמָ֖ה	1	If your language does not use an abstract noun for the idea of **hostility**, you could express the same idea in another way. Alternate translation: [those who hate him are]
9:8	x7nh		rc://*/ta/man/translate/figs-possession	בְּ⁠בֵ֥ית אֱלֹהָֽי⁠ו	1	The speaker is using the possessive form to describe the **house** that belongs to **his God** as the temple. If a speaker of your language would not use the possessive form for this, you could express this idea in another way. Alternate translation: [in the temple where his God is worshiped]
9:9	h3gc		rc://*/ta/man/translate/figs-idiom	הֶעְמִֽיקוּ־שִׁחֵ֖תוּ	1	The speaker is using **They have made deep, they have corrupted themselves** as a common expression to mean “they have become thoroughly corrupt.” If this phrase does not have that meaning for your readers, you could use a comparable expression from your language that does have that meaning, or you could state the meaning plainly. Alternate translation: [They have corrupted themselves completely]
9:9	kizp		rc://*/ta/man/translate/figs-simile	כִּ⁠ימֵ֣י הַ⁠גִּבְעָ֑ה	1	The point of this comparison is that just as the people in **the days of Gibeah** were extremely corrupt (refers to the story of the people of Gibeah’s sin again the Levite’s concubine in [Judges 19](../../jdg/19/01.md)), so the people of Israel are equally corrupt now. If it would be helpful in your language, you could make this point explicitly. Alternate translation: [just as corrupt as the people of Gibeah were]
9:9	v910		rc://*/ta/man/translate/figs-abstractnouns	עֲוֺנָ֔⁠ם יִפְק֖וֹד חַטֹּאותָֽ⁠ם	1	If your language does not use abstract nouns for the ideas of **iniquity** and **sin**, you could express the same ideas in other ways. Alternate translation: [the evil things they have done; he will punish their sinful ways]
9:10	sv2d		rc://*/ta/man/translate/writing-quotations	כַּ⁠עֲנָבִ֣ים בַּ⁠מִּדְבָּ֗ר מָצָ֨אתִי֙ יִשְׂרָאֵ֔ל	1	This seems to be the beginning of what Yahweh said. If it would be helpful to your readers, you could mark that this is a direct quote of Yahweh that continues through the end of the chapter except for a few verses that are probably the prophet speaking as modeled in the UST.
9:10	clny		rc://*/ta/man/translate/figs-simile	כַּ⁠עֲנָבִ֣ים בַּ⁠מִּדְבָּ֗ר מָצָ֨אתִי֙ יִשְׂרָאֵ֔ל	1	The point of this comparison is that just as **grapes in the wilderness** would be a delightful and unexpected discovery for a weary traveler, so **Israel** was a delight to Yahweh when he first chose them. If it would be helpful in your language, you could make this point explicitly. Alternate translation: [When I found and chose Israel, it was as pleasing to me as finding grapes in the wilderness]
9:10	l15m		rc://*/ta/man/translate/figs-metaphor	אֲבֽוֹתֵי⁠כֶ֑ם	1	Yahweh is using the term **fathers** to mean “ancestors.” If it would be helpful in your language, you could state the meaning plainly. Alternate translation: [your forefathers]
9:10	i1ny		rc://*/ta/man/translate/figs-simile	וַ⁠יִּהְי֥וּ שִׁקּוּצִ֖ים כְּ⁠אָהֳבָֽ⁠ם	1	The point of this comparison is that just as the idol **they loved** was detestable to God, so the people who worshiped it **became abominations** themselves. If it would be helpful in your language, you could make this point explicitly. Alternate translation: [and they became as abominable as the idols they loved]
9:10	qzle		rc://*/ta/man/translate/figs-simile	כְּ⁠בִכּוּרָ֤ה בִ⁠תְאֵנָה֙ בְּ⁠רֵ֣אשִׁיתָ֔⁠הּ רָאִ֖יתִי אֲבֽוֹתֵי⁠כֶ֑ם	1	The point of this comparison is that just as **the first fruit on the fig tree in its beginning** is especially valued and eagerly anticipated, so Yahweh valued the early **fathers** when he first chose them. If it would be helpful in your language, you could make this point explicitly. Alternate translation: [I chose your fathers and greatly valued them]
9:10	af06		rc://*/ta/man/translate/figs-metonymy	וַ⁠יִּנָּֽזְרוּ֙ לַ⁠בֹּ֔שֶׁת	1	Here, **the shame** represents the idol Baal, which Yahweh considers shameful. If it would be helpful in your language, you could use an equivalent expression or plain language. Alternate translation: [and they devoted themselves to that shameful idol]
9:10	rbhd		rc://*/ta/man/translate/writing-pronouns	הֵ֜מָּה בָּ֣אוּ	1	Yahweh is stating the pronoun **They** separately, even though the verb translated **they came** already includes this meaning. He is doing that to emphasize the contrast between the delight he took in their ancestors and his sadness at their subsequent unfaithfulness. If a speaker of your language would use an explicit pronoun for the same purpose, you may want to use that construction in your translation. If not, your language may have other ways of showing the emphasis here. Alternate translation: [They themselves came to]
9:10	n39k		rc://*/ta/man/translate/figs-explicit	בָּ֣אוּ בַֽעַל־פְּע֗וֹר	1	The phrase **they came to Baal Peor** refers to the events of [Numbers 25:1-18](../../num/25/01.md). The speaker is pointing out the turning point when the people that Yahweh had chosen turned away from worshiping him to worshiping false gods. If it would be helpful to your readers, you could include this information in a footnote.
9:11	s9m9		rc://*/ta/man/translate/figs-simile	כָּ⁠ע֖וֹף יִתְעוֹפֵ֣ף כְּבוֹדָ֑⁠ם	1	The point of this comparison is that just as **a bird** quickly flies away and is gone, so Ephraim’s **glory will fly away** and vanish. If it would be helpful in your language, you could make this point explicitly. Alternate translation: [like a bird flies away and is gone, so will their glory fly away]
9:11	dtjc		rc://*/ta/man/translate/figs-abstractnouns	כָּ⁠ע֖וֹף יִתְעוֹפֵ֣ף כְּבוֹדָ֑⁠ם	1	If your language does not use an abstract noun for the idea of **glory**, you could express the same idea in another way. Alternate translation: [soon the children that they glory in will be gone]
9:12	sckf		rc://*/ta/man/translate/figs-idiom	וְ⁠שִׁכַּלְתִּ֖י⁠ם מֵֽ⁠אָדָ֑ם	1	Yahweh is using **from a man** as a common expression of the culture to mean “every one.” If this phrase does not have that meaning for your readers, you could use a comparable expression from your language that does have that meaning, or you could state the meaning plainly. Alternate translation: [I will bereave them of every last child] or [not a single child will be left]
9:12	odc4		rc://*/ta/man/translate/figs-exclamations	א֥וֹי לָ⁠הֶ֖ם	1	Yahweh is using the phrase **woe to them** that expresses a strong feeling of coming judgment and disaster. There may be an equivalent word or phrase in your language that you can use in your translation to convey this feeling. Alternate translation: [great disaster will come upon them]
9:12	v8jb		rc://*/ta/man/translate/figs-metaphor	בְּ⁠שׂוּרִ֥⁠י מֵ⁠הֶֽם	1	Yahweh is speaking as if he had been walking toward the people of Israel but now would physically **turn away from** them. He means that he will stop protecting them. If it would be helpful in your language, you could state the meaning plainly. Alternate translation: [when I stop protecting them]
9:13	agb7		rc://*/ta/man/translate/figs-simile	כַּ⁠אֲשֶׁר־רָאִ֥יתִי לְ⁠צ֖וֹר שְׁתוּלָ֣ה בְ⁠נָוֶ֑ה וְ⁠אֶפְרַ֕יִם	1	The point of this comparison is that just as **Tyre** was once prosperous and beautifully **planted in a meadow** but its judgment had been predicted, so **Ephraim** was once prosperous but will also be judged. If it would be helpful in your language, you could make this point explicitly. Alternate translation: [just as Tyre was once prosperous, so also Ephraim who was once prosperous]
9:14	dkor		rc://*/ta/man/translate/figs-imperative	תֵּן־לָ⁠הֶ֥ם יְהוָ֖ה	1	This is an imperative, but it communicates a polite request that Hosea is making to Yahweh rather than a command. If the imperative does not communicate a polite request for your readers, then use a form in your language that communicates a polite request. It may be helpful to add an expression such as “please” to make this clear. Alternate translation: [Please give to them, Yahweh]
9:14	ugft		rc://*/ta/man/translate/figs-rquestion	מַה־תִּתֵּ֑ן	1	The speaker is using the question form to express his anguish about what to ask God to give the people. If a speaker of your language would not use the question form for that purpose, you could translate this as a statement or as an exclamation. Alternate translation: [I do not know what to ask!]
9:14	rqj8		rc://*/ta/man/translate/figs-synecdoche	רֶ֣חֶם מַשְׁכִּ֔יל וְ⁠שָׁדַ֖יִם צֹמְקִֽים	1	Hosea is using **a miscarrying womb and dry breasts** to represent the complete inability to have and raise children which would be a mercy since they were destined to be slain as mentioned in the previous verse. If it would be helpful in your language, you could use an equivalent expression from your culture or state the meaning plainly. Alternate translation: [the complete inability to have and raise children]
9:15	nkkk		rc://*/ta/man/translate/figs-abstractnouns	כָּל־רָעָתָ֤⁠ם בַּ⁠גִּלְגָּל֙	1	If your language does not use an abstract noun for the idea of **evil**, you could express the same idea in another way. Alternate translation: [All their wicked deeds began in Gilgal]
9:15	dqqa		rc://*/ta/man/translate/grammar-connect-words-phrases	כִּֽי־שָׁ֣ם	1	Here the word **for** introduces not a reason but an explanation. You may want to use a different connecting word to show how this statement relates to what comes before it. Alternate translation: [and it was because of what they did there that]
9:15	rnjf		rc://*/ta/man/translate/figs-metaphor	מִ⁠בֵּיתִ֖⁠י אֲגָרְשֵׁ֑⁠ם	1	Yahweh is speaking of his land as if it were his **house**. Your language may have a comparable expression that you can use in your translation, or you could state the meaning plainly. Alternate translation: [I will expel them from my land]
9:16	pj66		rc://*/ta/man/translate/figs-possession	מַחֲמַדֵּ֥י בִטְנָֽ⁠ם	1	Yahweh is using this possessive form to mean the **precious ones** who came from **their womb**, that is, their beloved children. It may be helpful to clarify this for your readers. Alternate translation: [the precious children born from their womb]
9:16	jgzu		rc://*/ta/man/translate/figs-metaphor	שָׁרְשָׁ֥⁠ם יָבֵ֖שׁ פְּרִ֣י בלי־יַעֲשׂ֑וּ⁠ן	1	Yahweh is speaking of the people of Ephraim as if they were a plant whose **root has dried up** and that will not **produce fruit**. He means they will have no children or prosperity. Your language may have a comparable expression that you can use in your translation, or you could state the meaning plainly. Alternate translation: [they will no longer have children or prosperity]
9:16	tvj7		rc://*/ta/man/translate/figs-activepassive	הֻכָּ֣ה אֶפְרַ֔יִם	1	The expression **Ephraim is struck** is a passive verbal form. If it would be unnatural to use that form, you could express the idea in active form or in another way that is natural in your language. If you need to say who does the action, the context indicates that it is God. Alternate translation: [I will strike Ephraim]
9:16	g87g		rc://*/ta/man/translate/figs-metonymy	מַחֲמַדֵּ֥י בִטְנָֽ⁠ם	1	Here, **womb** represents the act of giving birth to children. If it would be helpful in your language, you could use an equivalent expression or plain language. Alternate translation: [the precious children to whom they give birth]
9:17	urye		rc://*/ta/man/translate/figs-possession	אֱלֹהַ֔⁠י	1	See how you translated the similar expression in [9:8](../09/08.md). Alternate translation: [The God I worship]
10:intro	nux1					# Hosea 10 Chapter Introduction\n\n## Structure and Formatting\n\nThis chapter is poetic prophecy of judgment against Israel for its idolatry.\n\n1. Israel rejects Yahweh and turns to idolatry (1–4)\n2. Yahweh brings judgment on Israel’s false security (5–10)\n3. Israel reaps the consequences of sin (11–13)\n4. Yahweh executes justice on the nation (14–15)\n\n### Idolatry and the high places\n\nProsperity led Israel to multiply altars and worship the calf idol at Beth Aven, which Yahweh will destroy. Yahweh’s relationship to his people was not based on his people’s actions. Even though they rebelled, Yahweh still desired to rescue them.\n\n### Sowing and reaping\n\nVerses 12-13 use recurring farming imagery: people reap what they sow, whether righteousness or wickedness.\n\n## Translation Issues in This Chapter\n\n### Jacob\n\nThe repeated use of different names for the two kingdoms can be confusing. In verse 11, “Ephraim” refers to the northern kingdom of Israel, and “Judah” refers to the southern kingdom of Judah. However, Jacob is also mentioned. This use of “Jacob” makes us think of the earlier unified nation and may also refer to a future unified nation.
10:1	my4e		rc://*/ta/man/translate/figs-metaphor	גֶּ֤פֶן בּוֹקֵק֙ יִשְׂרָאֵ֔ל	1	The speaker is speaking as if Israel were **an emptying vine**, a productive plant that spreads out and bears fruit. He means that the nation had grown and become prosperous. Your language may have a comparable expression that you can use in your translation, or you could state the meaning plainly. Alternate translation: [Israel had grown and become prosperous]
10:1	pqf5		rc://*/ta/man/translate/figs-metaphor	פְּרִ֖י יְשַׁוֶּה־לּ֑⁠וֹ	1	The speaker continues to speak as if Israel were a vine that **places fruit for himself**. He means that the people used their growing prosperity for their own benefit. Your language may have a comparable expression that you can use in your translation, or you could state the meaning plainly. Alternate translation: [he uses his prosperity for himself]
10:1	vhbw		rc://*/ta/man/translate/figs-abstractnouns	כְּ⁠רֹ֣ב לְ⁠פִרְי֗⁠וֹ	1	If your language does not use an abstract noun for the idea of **abundance**, you could express the same idea in another way. Alternate translation: [According to the abundant fruit it produced]
10:1	m1zi		rc://*/ta/man/translate/writing-pronouns	הֵיטִ֖יבוּ מַצֵּבֽוֹת	1	The pronoun **they** refers to the nation of Israel which is a shift from earlier in this verse where he refers to the nation as the person with the pronouns**he** and **his**. Throughout this chapter, the pronouns referring to Israel vary between singular and plural. If it would be helpful in your language, you could use the singular here and in the next verses or use the plural throughout as modeled in the UST. Alternate translation: [he made good pillars] or [Israel made good pillars]
10:1	qp43		rc://*/ta/man/translate/figs-abstractnouns	כְּ⁠ט֣וֹב לְ⁠אַרְצ֔⁠וֹ	1	If your language does not use an abstract noun for the idea of **goodness**, you could express the same idea in another way. Alternate translation: [According to how good his land was]
10:2	qz7r		rc://*/ta/man/translate/figs-metaphor	חָלַ֥ק לִבָּ֖⁠ם	1	Here the **heart** represents where the people’s motives and intentions exist. By describing it as if it were **slippery**, the speaker shows that their motives and intensions were insincere and deceitful, as they were divided in their devotion to Yahweh. Your language may have a comparable expression that you can use in your translation, or you could state the meaning plainly. Alternate translation: [Their motives are insincere and deceitful]
10:2	spgt		rc://*/ta/man/translate/figs-abstractnouns	יֶאְשָׁ֑מוּ	1	If your language does not use an abstract noun for the idea of **guilt**, you could express the same idea in another way. Alternate translation: [they will be punished for their wrongdoing]
10:2	jik8		rc://*/ta/man/translate/writing-pronouns	ה֚וּא יַעֲרֹ֣ף	1	The speaker is stating the pronoun **He** separately, even though the verb translated as **he will break** already includes this meaning. He is doing that to emphasize that it is Yahweh who will perform this action. If a speaker of your language would use an explicit pronoun for the same purpose, you may want to use that construction in your translation. If not, your language may have other ways of showing that meaning here. Alternate translation: [Yahweh himself will break the neck of]
10:2	sedh		rc://*/ta/man/translate/figs-idiom	יַעֲרֹ֣ף מִזְבְּחוֹתָ֔⁠ם	1	The speaker is using the expression **break the neck of** as a common expression of the culture to mean “completely destroy.” If this phrase does not have that meaning for your readers, you could use a comparable expression from your language that does have that meaning, or you could state the meaning plainly. Alternate translation: [he will completely destroy their altars]
10:3	yztq		rc://*/ta/man/translate/grammar-connect-logic-result	אֵ֥ין מֶ֖לֶךְ לָ֑⁠נוּ כִּ֣י לֹ֤א יָרֵ֨אנוּ֙ אֶת־יְהֹוָ֔ה	1	If it would be more natural in your language, you could reverse the order of these phrases, since the second phrase gives the reason for the result that the first phrase describes. Alternate translation: [Since we did not fear Yahweh, there is no king for us]
10:3	dbj3		rc://*/ta/man/translate/figs-rquestion	וְ⁠הַ⁠מֶּ֖לֶךְ מַה־יַּֽעֲשֶׂה־לָּֽ⁠נוּ	1	The people are using the question form to emphasize that a king could do nothing at all to help them. If a speaker of your language would not use the question form for that purpose, you could translate this as a statement or as an exclamation. Alternate translation: [and even with a king, he could do nothing for us!]
10:4	awgg		rc://*/ta/man/translate/figs-idiom	דִּבְּר֣וּ דְבָרִ֔ים	1	The speaker is using the expression **They have spoken words** as a common expression of the culture to mean “they speak empty words.” If this phrase does not have that meaning for your readers, you could use a comparable expression from your language that does have that meaning, or you could state the meaning plainly. Alternate translation: [They have made insincere promises]
10:4	mhku		rc://*/ta/man/translate/figs-abstractnouns	שָׁ֖וְא	1	If your language does not use an abstract noun for the idea of **worthlessness**, you could express the same idea in another way. Alternate translation: [that are worthless]
10:4	qcgk		rc://*/ta/man/translate/figs-simile	וּ⁠פָרַ֤ח כָּ⁠רֹאשׁ֙ מִשְׁפָּ֔ט	1	The point of this comparison is that just as a **poisonous weed** grows quickly and spreads harm everywhere, so does the **judgment** that the people produce. If it would be helpful in your language, you could make this point explicitly. Alternate translation: [so judgment spreads harm like a fast-growing poisonous weed]
10:4	b2rs		rc://*/ta/man/translate/figs-idiom	כָּרֹ֣ת בְּרִ֑ית	1	The speaker is using **cutting a covenant** as a common expression of his culture to mean they are making or establishing a covenant. If this phrase does not have that meaning in your language, you could use a comparable expression from your language that does have that meaning, or you could state the meaning plainly. Alternate translation: [establishing a covenant]
10:4	q7v2		rc://*/ta/man/translate/figs-abstractnouns	מִשְׁפָּ֔ט	1	If your language does not use an abstract noun for the idea of **judgment**, you could express the same idea in another way. Alternate translation: [false accusations]
10:5	nbaa		rc://*/ta/man/translate/figs-genericnoun	שְׁכַ֣ן	1	The speaker is not referring to a specific **inhabitant**. He means inhabitants in general. If it would be helpful to your readers, you could use an expression that would be more natural in your language. Alternate translation: [All the inhabitants of]
10:5	zgru		rc://*/ta/man/translate/translate-names	בֵּ֣ית אָ֔וֶן	1	The speaker is calling the city of Bethel **Beth Aven** as a derogatory wordplay because of all the idol worship there. “Bethel” means “house of God” and “Beth Aven” means “house of evil.” See how you translated this in [Hosea 4:15](../04/15.md).
10:5	njoe		rc://*/ta/man/translate/writing-pronouns	כִּי־אָבַ֨ל עָלָ֜י⁠ו עַמּ֗⁠וֹ	1	The pronoun **its** refers to the Beth Aven and **it** refers to the calf idol. It may be helpful to clarify this for your readers. Alternate translation: [for the people of Beth Aven will mourn over the calf idol]
10:5	a4ik		rc://*/ta/man/translate/figs-explicit	וּ⁠כְמָרָי⁠ו֙ & יָגִ֔ילוּ	1	The word translated as **will shout** normally refers to a shout of joy. But here, the shout is not one of joy but one of fear.
10:5	deiu		rc://*/ta/man/translate/figs-abstractnouns	עַל־כְּבוֹד֖⁠וֹ	1	Here, **its glory** represents how glorious the people considered the calf idol to be. If it would be helpful in your language, you could use an equivalent expression or plain language. Alternate translation: [over how glorious the calf idol was]
10:5	d2u3		rc://*/ta/man/translate/writing-pronouns	כִּֽי־גָלָ֥ה מִמֶּֽ⁠נּוּ	1	There are two possible interpretations of the pronouns in this phrase. (1) The first **it** could refer to the **glory** of the idol and the second **it** would then refer to the idol itself. See the UST. (2) The first **it** could refer to the calf idol, although the speaker uses a plural form for it earlier in the verse, but that may be a sarcastic use of the “plural of majesty,” since the people around him considered it to be a god that had **glory**. The second **it** would then refer to either the **inhabitant** who feared for it (in which case, you would translate “it” as “him”), or its place, **Beth Aven**. Alternate translation: [for the calf idol has departed from Beth Aven]
10:6	sdx7		rc://*/ta/man/translate/figs-ellipsis	גַּם־אוֹת⁠וֹ֙ & יוּבָ֔ל	1	The speaker is leaving out some of the words that in many languages a sentence would need in order to be complete. You can supply these words from the context of the previous verse if that would be clearer in your language. Alternate translation: [Even the calf itself will be carried]
10:6	k2f6		rc://*/ta/man/translate/figs-activepassive	אוֹת⁠וֹ֙ לְ⁠אַשּׁ֣וּר יוּבָ֔ל	1	The expression **will be carried** is a passive verbal form. If it would be unnatural to use that form, you could express the idea in active form or in another way that is natural in your language. Alternate translation: [the enemy will carry it to Assyria]
10:6	co9k		rc://*/ta/man/translate/translate-alternativereadings	לְ⁠מֶ֣לֶךְ יָרֵ֑ב	1	The word **Yareb** represents the written Hebrew text both here and in [5:13](../05/13.md). See what you decided to do there. Alternate translation: [to the great king] or [to the king of Assyria]
10:6	tr2n		rc://*/ta/man/translate/figs-abstractnouns	בָּשְׁנָה֙ אֶפְרַ֣יִם יִקָּ֔ח	1	If your language does not use an abstract noun for the idea of **shame**, you could express the same idea in another way. Alternate translation: [Ephraim will feel ashamed]
10:6	k76u		rc://*/ta/man/translate/figs-abstractnouns	וְ⁠יֵב֥וֹשׁ יִשְׂרָאֵ֖ל מֵ⁠עֲצָתֽ⁠וֹ	1	If your language does not use an abstract noun for the idea of **counsel**, you could express the same idea in another way. Alternate translation: [and Israel will be ashamed of what their leaders had led them to believe]
10:7	mqbc		rc://*/ta/man/translate/figs-activepassive	נִדְמֶ֥ה & מַלְכָּ֑⁠הּ	1	The expression **will be ended** is a passive verbal form. If it would be unnatural to use that form, you could express the idea in active form or in another way that is natural in your language. Alternate translation: [its king will perish]
10:7	vmdm		rc://*/ta/man/translate/figs-simile	כְּ⁠קֶ֖צֶף עַל־פְּנֵי־מָֽיִם	1	The point of this comparison is that just as a **splinter on the face of the waters** is small and helplessly carried away by the force of the water, so the king of Samaria will be swept away and come to nothing. If it would be helpful in your language, you could make this point explicitly. Alternate translation: [he will disappear like a small splinter that is carried away on the surface of the water]
10:7	ukjd		rc://*/ta/man/translate/figs-metonymy	עַל־פְּנֵי־מָֽיִם	1	Here, **the face of the waters** represents the surface of the water. If it would be helpful in your language, you could use an equivalent expression or plain language. Alternate translation: [on top of the water]
10:8	v5v6		rc://*/ta/man/translate/figs-activepassive	וְ⁠נִשְׁמְד֞וּ בָּמ֣וֹת אָ֗וֶן	1	The expression **will be destroyed** is a passive verbal form. If it would be unnatural to use that form, you could express the idea in active form or in another way that is natural in your language. Alternate translation: [And Yahweh will destroy the high places of Aven]
10:8	kuyf		rc://*/ta/man/translate/translate-names	אָ֗וֶן	1	The word **Aven** is a shortened version of “Beth Aven” (which means “house of evil”) mentioned in [verse 5](../10/05.md) and refers to the city of Bethel. See how you translated it there.
10:8	wh74		rc://*/ta/man/translate/figs-abstractnouns	חַטַּאת֙ יִשְׂרָאֵ֔ל	1	If your language does not use an abstract noun for the idea of **sin**, you could express the same idea in another way. Alternate translation: [where Israel sinned]
10:8	adqr		rc://*/ta/man/translate/figs-doublet	ק֣וֹץ וְ⁠דַרְדַּ֔ר	1	The terms **Thorn and thistle** mean similar things. The speaker is using the two terms together for emphasis. If it would be clearer for your readers, you could express the emphasis with a single phrase. Alternate translation: [All kinds of weeds]
10:8	naaq		rc://*/ta/man/translate/figs-apostrophe	וְ⁠אָמְר֤וּ לֶֽ⁠הָרִים֙ כַּסּ֔וּ⁠נוּ וְ⁠לַ⁠גְּבָע֖וֹת נִפְל֥וּ עָלֵֽי⁠נוּ	1	The people are speaking to the **mountains** and the **hills**, which they know cannot hear them. They are doing this to express that they feel very strongly about their desire to escape Yahweh’s judgment. If it would be helpful in your language, you could translate these words as if they were speaking directly to the people about the mountains and the hills. Alternate translation: [and they will cry out to one another, “Let the mountains cover us!” and “Let the hills fall on us]
10:9	rebe		rc://*/ta/man/translate/figs-metaphor	שָׁ֣ם עָמָ֔דוּ	1	The speaker is speaking of Israel persisting in their sin as if the Israelites had **stood** still in the place where their sin began. Your language may have a comparable expression that you can use in your translation, or you could state the meaning plainly. Alternate translation: [There they have remained in their sin]
10:9	f36g		rc://*/ta/man/translate/figs-rquestion	לֹֽא־תַשִּׂיגֵ֧⁠ם בַּ⁠גִּבְעָ֛ה מִלְחָמָ֖ה עַל־בְּנֵ֥י עַֽלְוָֽה	1	The speaker is using the question form to emphasize that war will certainly be the consequence of their sinfulness. If a speaker of your language would not use the question form for that purpose, you could translate this as a statement or as an exclamation. Alternate translation: [War will certainly overtake them in Gibeah against the sons of injustice!]
10:9	chz7		rc://*/ta/man/translate/figs-idiom	בְּנֵ֥י עַֽלְוָֽה	1	The speaker is using **son of** as a common expression of the culture to indicate people who have a certain characteristic. In this case, the people of Gibeah are characterized by doing what is unjust. If this phrase does not have that meaning for your readers, you could use a comparable expression from your language that does have that meaning, or you could state the meaning plainly. Alternate translation: [those who have acted unjustly]
10:10	vi60		rc://*/ta/man/translate/figs-abstractnouns	בְּ⁠אַוָּתִ֖⁠י	1	If your language does not use an abstract noun for the idea of **desire**, you could express the same idea in another way. Alternate translation: [When I want to]
10:10	z6jn		rc://*/ta/man/translate/writing-quotations	בְּ⁠אַוָּתִ֖⁠י	1	This seems to be the beginning of what Yahweh said. If it would be helpful to your readers, you could mark that this is a direct quote of Yahweh that continues beyond the end of the chapter as modeled in the UST.
10:10	lbkh		rc://*/ta/man/translate/figs-activepassive	וְ⁠אֻסְּפ֤וּ עֲלֵי⁠הֶם֙ עַמִּ֔ים	1	The expression **will be gathered** is a passive verbal form. If it would be unnatural to use that form, you could express the idea in active form or in another way that is natural in your language. If you need to say who does the action, the context indicates that it is Yahweh who is speaking from this point forward in the chapter. Alternate translation: [and I will gather peoples against them]
10:10	mtga		rc://*/ta/man/translate/figs-activepassive	בְּ⁠אָסְרָ֖⁠ם	1	The expression **are bound** is a passive verbal form. If it would be unnatural to use that form, you could express the idea in active form or in another way that is natural in your language. Alternate translation: [when I bind them]
10:10	ez5x		rc://*/ta/man/translate/translate-alternativereadings	לִ⁠שְׁתֵּ֥י עינת⁠ם	1	The phrase ** to their two eyes** is a translation of the written Hebrew text. Later Hebrew scribes, however, have recommended in the margin of the text what they considered to be a correction, by changing one letter. The UST follows this reading, and you may want to do the same or follow the reading of the major translation in your area. Alternate translation: [because of their two sins]
10:11	aobf		rc://*/ta/man/translate/figs-metaphor	וְ⁠אֶפְרַ֜יִם עֶגְלָ֤ה מְלֻמָּדָה֙	1	Yahweh is speaking as if Ephraim were **a trained heifer**, a young cow that had been taught to work. He means that the people of Ephraim had become accustomed to easy, pleasant labor. Your language may have a comparable expression that you can use in your translation, or you could state the meaning plainly. Alternate translation: [And the people of Ephraim were like a teachable calf]
10:11	vcwu		rc://*/ta/man/translate/figs-metaphor	עָבַ֔רְתִּי עַל־ט֖וּב צַוָּארָ֑⁠הּ	1	Yahweh is speaking as if he would lay a yoke on a work animal when he says that he **passed over upon the goodness of her neck**. He means that he will subject the people of Ephraim to hard labor and suffering. Your language may have a comparable expression that you can use in your translation, or you could state the meaning plainly. Alternate translation: [I have subjected her to hard labor and suffering]
10:11	y5r9		rc://*/ta/man/translate/figs-metaphor	אַרְכִּ֤יב אֶפְרַ֨יִם֙ יַחֲר֣וֹשׁ יְהוּדָ֔ה יְשַׂדֶּד־ל֖⁠וֹ יַעֲקֹֽב	1	Yahweh is speaking as if the people were work animals that he would **harness** to **plow** and **harrow** the fields. He means that he will subject Ephraim, Judah, and Jacob to hard toil. Your language may have a comparable expression that you can use in your translation, or you could state the meaning plainly. Alternate translation: [I will put Ephraim to hard work; Judah will labor; Jacob will toil alone]
10:11	t1pf		rc://*/ta/man/translate/figs-abstractnouns	ט֖וּב צַוָּארָ֑⁠הּ	1	If your language does not use an abstract noun for the idea of **goodness**, you could express the same idea in another way. Alternate translation: [her untouched neck]
10:12	rhgy		rc://*/ta/man/translate/figs-metaphor	זִרְע֨וּ לָ⁠כֶ֤ם לִ⁠צְדָקָה֙ קִצְר֣וּ לְ⁠פִי־חֶ֔סֶד	1	Yahweh is speaking as if righteousness were a crop that the people should **Sow** and then **reap**. He means that they should do what is right and so receive Yahweh’s covenant faithfulness in return. Your language may have a comparable expression that you can use in your translation, or you could state the meaning plainly. Alternate translation: [Do what is right, and you will receive covenant faithfulness]
10:12	q8jb		rc://*/ta/man/translate/figs-abstractnouns	זִרְע֨וּ לָ⁠כֶ֤ם לִ⁠צְדָקָה֙	1	If your language does not use an abstract noun for the idea of **righteousness**, you could express the same idea in another way. Alternate translation: [If you do the right thing, then]
10:12	l794		rc://*/ta/man/translate/figs-idiom	קִצְר֣וּ לְ⁠פִי־חֶ֔סֶד	1	Yahweh is using **to the mouth of** as a common expression of the culture to mean “according to.” If this phrase does not have that meaning for your readers, you could use a comparable expression from your language that does have that meaning, or you could state the meaning plainly. Alternate translation: [then you will reap according to Yahweh’s covenant faithfulness to you]
10:12	badj		rc://*/ta/man/translate/figs-abstractnouns	חֶ֔סֶד	1	If your language does not use an abstract noun for the idea of **covenant faithfulness**, you could express the same idea in another way. Alternate translation: [faithfully keeping the covenant]
10:12	mze5		rc://*/ta/man/translate/writing-poetry	נִ֥ירוּ לָ⁠כֶ֖ם נִ֑יר	1	Yahweh is using a construction in which a verb and its object come from the same root. You may be able to use the same construction in your language to express the meaning here. Alternatively, your language may have another way of saying this. Alternate translation: [Break up your unplowed ground]
10:12	pi3a		rc://*/ta/man/translate/figs-abstractnouns	וְ⁠יֹרֶ֥ה צֶ֖דֶק לָ⁠כֶֽם	1	If your language does not use an abstract noun for the idea of **righteousness**, you could express the same idea in another way. Alternate translation: [and rains his righteous deeds on you]
10:12	we6u		rc://*/ta/man/translate/figs-metaphor	נִ֥ירוּ לָ⁠כֶ֖ם נִ֑יר	1	Yahweh is speaking as if the people needed to **Till for yourselves tillage**, breaking up new ground. He means that they should make a thorough change in the way they live. Your language may have a comparable expression that you can use in your translation, or you could state the meaning plainly. Alternate translation: [Begin to break your bad habits] or [Make a thorough change in the way you live]
10:12	czke		rc://*/ta/man/translate/figs-123person	אֶת־יְהוָ֔ה עַד־יָב֕וֹא	1	Yahweh is speaking of himself in the third person as **Yahweh** and **he**. If it would be helpful in your language, you could translate this in the first person as modeled in the UST.
10:12	q8yg		rc://*/ta/man/translate/figs-metaphor	וְ⁠יֹרֶ֥ה צֶ֖דֶק לָ⁠כֶֽם	1	Yahweh is speaking of Yahweh’s abundant blessing as if he **rains** it down on the people like water from the sky. Your language may have a comparable expression that you can use in your translation, or you could state the meaning plainly. Alternate translation: [and abundantly gives righteousness to you]
10:13	jo00		rc://*/ta/man/translate/figs-abstractnouns	חֲרַשְׁתֶּם־רֶ֛שַׁע	1	If your language does not use an abstract noun for the idea of **wickedness**, you could express the same idea in another way. Alternate translation: [You have plowed what is wicked]
10:13	zh8k		rc://*/ta/man/translate/figs-metaphor	חֲרַשְׁתֶּם־רֶ֛שַׁע עַוְלָ֥תָ⁠ה קְצַרְתֶּ֖ם	1	Hosea is speaking as if wickedness and injustice were crops that the people had **plowed** and **reaped**. He means that the people did evil and then experienced its harmful consequences. Your language may have a comparable expression that you can use in your translation, or you could state the meaning plainly. Alternate translation: [You have committed wickedness; you have received injustice]
10:13	t6nl		rc://*/ta/man/translate/figs-abstractnouns	עַוְלָ֥תָ⁠ה קְצַרְתֶּ֖ם	1	If your language does not use an abstract noun for the idea of **injustice**, you could express the same idea in another way. Alternate translation: [you have reaped what is unjust]
10:13	m9ia		rc://*/ta/man/translate/figs-abstractnouns	כָ֑חַשׁ	1	If your language does not use an abstract noun for the idea of **deception**, you could express the same idea in another way. Alternate translation: [deceiving others]
10:13	zw26		rc://*/ta/man/translate/figs-metaphor	אֲכַלְתֶּ֣ם פְּרִי־כָ֑חַשׁ	1	Yahweh is speaking as if the people’s deception were **fruit** that they had **eaten**. He means that the people have experienced the harmful consequences of their lies and deceit. Your language may have a comparable expression that you can use in your translation, or you could state the meaning plainly. Alternate translation: [You have experienced the harmful consequences of your own deception]
10:13	hf85		rc://*/ta/man/translate/figs-ellipsis	בְּ⁠רֹ֥ב גִּבּוֹרֶֽי⁠ךָ	1	Yahweh is leaving out some of the words that in many languages a sentence would need in order to be complete. You can supply these words from the context if that would be clearer in your language. Alternate translation: [and you trusted in the multitude of your warriors]
10:13	wjen		rc://*/ta/man/translate/figs-possession	בְּ⁠רֹ֥ב גִּבּוֹרֶֽי⁠ךָ	1	Yahweh is using the possessive form to describe a **multitude** made up of **warriors**. If a speaker of your language would not use the possessive form for this, you could express this idea in another way. Alternate translation: [in how many warriors you have]
10:14	q7hy		rc://*/ta/man/translate/figs-activepassive	וְ⁠כָל־מִבְצָרֶ֣י⁠ךָ יוּשַּׁ֔ד	1	The expression **will be destroyed** is a passive verbal form. If it would be unnatural to use that form, you could express the idea in active form or in another way that is natural in your language. Alternate translation: [and your enemies will destroy all your fortresses]
10:14	soid		rc://*/ta/man/translate/figs-activepassive	אֵ֥ם & רֻטָּֽשָׁה	1	The expression **was dashed to pieces** is a passive verbal form. If it would be unnatural to use that form, you could express the idea in active form or in another way that is natural in your language. Alternate translation: [when his soldiers dashed a mother to pieces]
10:15	h41a		rc://*/ta/man/translate/writing-pronouns	כָּ֗כָה עָשָׂ֤ה לָ⁠כֶם֙	1	The pronoun **he** refers to Yahweh. It may be helpful to clarify this for your readers. Alternate translation: [Thus I, Yahweh will do to you]
10:15	d9nl		rc://*/ta/man/translate/figs-metonymy	בֵּֽית־אֵ֔ל	1	Here, **Bethel** represents the people who live in Bethel. If it would be helpful in your language, you could use an equivalent expression or plain language. Alternate translation: [who live in Bethel]
10:15	f4vj		rc://*/ta/man/translate/figs-idiom	מִ⁠פְּנֵ֖י רָעַ֣ת רָֽעַתְ⁠כֶ֑ם	1	Yahweh is using the expression **from the face of** as a common expression of the culture to mean “because of.” If this phrase does not have that meaning for your readers, you could use a comparable expression from your language that does have that meaning, or you could state the meaning plainly. Alternate translation: [because of your great evil]
10:15	rt3y		rc://*/ta/man/translate/figs-abstractnouns	רָעַ֣ת רָֽעַתְ⁠כֶ֑ם	1	If your language does not use an abstract noun for the idea of **evil**, you could express the same idea in another way. Alternate translation: [the extremely evil things you have done]
10:15	lrv2		rc://*/ta/man/translate/figs-activepassive	נִדְמֹ֥ה נִדְמָ֖ה מֶ֥לֶךְ יִשְׂרָאֵֽל	1	The expressions **being destroyed** and **will be destroyed** are passive verbal forms. If it would be unnatural to use that form, you could express the idea in active form or in another way that is natural in your language. Alternate translation: [your enemies will attack and surely destroy the king of Israel]
11:intro	ou2h					# Hosea 11 Chapter Introduction\n\n## Structure and Formatting\n\nThis chapter is a poetic divine speech: Yahweh recalls his fatherly love for Israel, laments their unfaithfulness, and finally turns from judgment to compassion.\n\n1. Yahweh recalls his love and care for Israel (1–4)\n2. Israel faces judgment for refusing to return to Yahweh (5–7)\n3. Yahweh’s compassion restrains his anger (8–11)\n4. Israel’s unfaithfulness is exposed (12)\n\n## Religious and Cultural Concepts in This Chapter\n\n### Israel as God’s son\n\nYahweh portrays himself as a parent who taught the child Israel to walk and called his “son” out of Egypt.
11:1	amq0		rc://*/ta/man/translate/figs-metaphor	נַ֥עַר יִשְׂרָאֵ֖ל	1	Yahweh is speaking of the nation of Israel as if it were a young **child** here and in the next few verses. Your language may have a comparable expression that you can use in your translation, or you could state the meaning plainly. Alternate translation: [Israel was a young nation]
11:1	iygj		rc://*/ta/man/translate/figs-metaphor	לִ⁠בְנִֽ⁠י	1	Yahweh is speaking of the nation of Israel as if it were his **son**. Your language may have a comparable expression that you can use in your translation, or you could state the meaning plainly. Alternate translation: [my people]
11:2	jru3		rc://*/ta/man/translate/translate-alternativereadings	קָרְא֖וּ לָ⁠הֶ֑ם	1	The phrase **They called to them** is a translation of the written Hebrew text. It is unclear who **They** would refer to. The ancient Greek and Syriac translations reflect a reading that has Yahweh calling to the Israelites directly and that includes an initial term that means “the more” or “as much as.” The UST follows this reading. If you prefer to translate according to the Hebrew, there are two possibilities: (1) “They” could refer to the prophets, through whom Yahweh called to the Israelites to repent and obey him. Alternate translation: [The prophets called to them] or [I called to them through the prophets] or (2) it could refer to worshippers of Baal, who called the Israelites away from Yahweh. Alternate translation: [Worshippers of Baal called to them]
11:2	rvcz		rc://*/ta/man/translate/writing-pronouns	הָלְכ֣וּ מִ⁠פְּנֵי⁠הֶ֔ם	1	The pronoun **they** in this phrase refers to the people of Israel. It may be helpful to clarify this for your readers. Alternate translation: [the Israelites went from their faces]
11:2	sahx		rc://*/ta/man/translate/figs-idiom	מִ⁠פְּנֵי⁠הֶ֔ם	1	Here the phrase **from their faces** could: (1) represent “from their presence,” referring to the prophets of Yahweh. Or if you chose to divide the words differently as did the ancient Greek and Syriac translators, it would represent “from my presence.” Alternate translation: [from before them] or [from before me] or (2) be a common expression of the culture that means “because of them.” In this case, it could refer to the worshippers of Baal, if that is how you chose to interpret who **They** is in **They called to them** at the beginning of the verse. Alternate translation: [because of them]
11:2	kw5u		rc://*/ta/man/translate/translate-alternativereadings	מִ⁠פְּנֵי⁠הֶ֔ם	1	The phrase **from their faces** is a translation of the written Hebrew text. This reading, however, does not seem to make sense. You may want to follow an alternative reading from the ancient Greek and Syriac translations, which divided the words differently, reading the pronoun with the verb “they kept sacrificing” (“they” has the same letters as “their”). The UST follows that reading. Alternate translation: [from my face] or [from me]
11:3	r1cu		rc://*/ta/man/translate/writing-pronouns	וְ⁠אָנֹכִ֤י תִרְגַּ֨לְתִּי֙ לְ⁠אֶפְרַ֔יִם	1	Yahweh is stating the pronoun **I** separately, even though the verb translated as **I taught** already includes this meaning. He is doing that to emphasize that it was he himself who cared for the people of Ephraim. If a speaker of your language would use an explicit pronoun for the same purpose, you may want to use that construction in your translation. If not, your language may have other ways of showing the meaning here. Alternate translation: [Yet I myself taught Ephraim to walk]
11:3	yf71		rc://*/ta/man/translate/figs-metaphor	תִרְגַּ֨לְתִּי֙ לְ⁠אֶפְרַ֔יִם	1	Yahweh is speaking of his early care for the people of Ephraim as if he as a parent had been teaching a small child and **taught Ephraim to walk**. Your language may have a comparable expression that you can use in your translation, or you could state the meaning plainly. Alternate translation: [I cared for Ephraim like a parent teaching a small child to walk]
11:3	y4z0		rc://*/ta/man/translate/figs-metaphor	קָחָ֖⁠ם עַל־זְרֽוֹעֹתָ֑י⁠ו	1	The phrase **He took them upon his arms** could be translated to mean: (1) that Yahweh picked up Ephraim, pictured as a small child, and carried him in his arms. The UST follows this interpretation. It may be that Hosea is speaking about Yahweh here, or it may be that the original reading continued Yahweh’s speech in the first person, as the ancient Greek and Syriac translations have it. Alternate translation: [I took him up in my arms] or (2) that Yahweh took Ephraim, pictured as a small child, and held onto Ephraim’s arms as Yahweh taught Ephraim to walk. Alternate translation: [He took him by his arms] or [I took him by his arms]
11:3	kk7t		rc://*/ta/man/translate/writing-pronouns	קָחָ֖⁠ם עַל־זְרֽוֹעֹתָ֑י⁠ו וְ⁠לֹ֥א יָדְע֖וּ כִּ֥י רְפָאתִֽי⁠ם	1	The plural pronouns **them** and **they** refer to Ephraim as the nation of Israel which is a shift from earlier in this verse where he refers to the nation as the person, **Ephraim**. Throughout this chapter, the pronouns referring to Israel and Ephraim vary between singular and plural. If it would be helpful in your language, you could use the singular here and in the next verses or use the plural throughout as modeled in the UST. Alternate translation: [He took him upon his arms, but he did not know that I healed him]
11:3	fsda		rc://*/ta/man/translate/figs-metaphor	רְפָאתִֽי⁠ם	1	Yahweh is speaking of caring for the people of Israel as if he **healed them** from sickness. Your language may have a comparable expression that you can use in your translation, or you could state the meaning plainly. Alternate translation: [I cared for them]
11:4	t5se		rc://*/ta/man/translate/figs-metaphor	בְּ⁠חַבְלֵ֨י אָדָ֤ם אֶמְשְׁכֵ⁠ם֙ בַּ⁠עֲבֹת֣וֹת אַהֲבָ֔ה	1	Yahweh is speaking of the kind and gentle ways he led the people of Israel as if they were **cords of humanity** and **bands of love** by which he drew them along. Your language may have a comparable expression that you can use in your translation, or you could state the meaning plainly. Alternate translation: [I led them with gentle kindness and love]
11:4	ao3u		rc://*/ta/man/translate/figs-abstractnouns	אַהֲבָ֔ה	1	If your language does not use an abstract noun for the idea of **love**, you could express the same idea in another way. Alternate translation: [how I loved them]
11:4	b45r		rc://*/ta/man/translate/translate-alternativereadings	וָ⁠אֶהְיֶ֥ה לָ⁠הֶ֛ם כִּ⁠מְרִ֥ימֵי עֹ֖ל עַ֣ל לְחֵי⁠הֶ֑ם	1	The phrase **And I was to them like the lifters of a yoke on their jaws** is a translation of the written Hebrew text. This reading, however, does not seem to make sense. A yoke is never placed on an animal’s jaws, but on the animal’s neck. Further, if this were an image of release from slavery, it would describe lifting the yoke from the animal, not lifting it on the animal. It seems that the word translated as **yoke** should be pronounced with a different vowel, which would then be the word for “infant.” The word translated as **jaws** also means “cheek.” Therefore, this could mean: (1) Yahweh is continuing the picture of Ephraim as a small child and describing his tender care for them. The UST follows that reading. Alternate translation: [And I was to them like those who lift an infant onto their cheeks] or (2) Yahweh is describing Ephraim as a working animal on which he is lifting a yoke, perhaps as a picture of releasing them from slavery. Alternate translation: [And I was to them like those who lift a yoke on their jaws]
11:4	rroo		rc://*/ta/man/translate/figs-metaphor	וְ⁠אַ֥ט אֵלָ֖י⁠ו אוֹכִֽיל	1	Yahweh is speaking of his care for the people of Israel as if he were a parent who **bent down** and **fed** a small child. Your language may have a comparable expression that you can use in your translation, or you could state the meaning plainly. Alternate translation: [and I gently cared for him and fed him]
11:5	ends		rc://*/ta/man/translate/grammar-connect-logic-result	לֹ֤א יָשׁוּב֙ אֶל־אֶ֣רֶץ מִצְרַ֔יִם וְ⁠אַשּׁ֖וּר ה֣וּא מַלְכּ֑⁠וֹ כִּ֥י מֵאֲנ֖וּ לָ⁠שֽׁוּב	1	If it would be more natural in your language, you could reverse the order of these phrases, since the last phrase gives the reason for the result that the first phrases describe. Alternate translation: [Since they refused to return to worship Yahweh, he will not return them to the land of Egypt, but instead, Assyria will be his king]
11:5	xiec		rc://*/ta/man/translate/writing-pronouns	ה֣וּא מַלְכּ֑⁠וֹ	1	The pronoun **he** refers to the king of Assyria, while the pronoun **his** refers to Ephraim. It may be helpful to clarify this for your readers. Alternate translation: [the king of Assyria will be Ephraim‘s king]
11:5	gb3c		rc://*/ta/man/translate/figs-explicit	מֵאֲנ֖וּ לָ⁠שֽׁוּב	1	The implication is that they refused to return to worshiping Yahweh. You could include this information if that would be helpful to your readers. Alternate translation: [they no longer worship me]
11:6	hl77		rc://*/ta/man/translate/figs-explicit	וְ⁠כִלְּתָ֥ה בַדָּ֖י⁠ו	1	Yahweh assumes that readers will know the **bars** being referred to are part of the city gates. You could say that explicitly if that would be helpful to your readers. Alternate translation: [and will destroy the bars of his gates]
11:6	edob		rc://*/ta/man/translate/figs-metaphor	וְ⁠אָכָ֑לָה מִֽ⁠מֹּעֲצ֖וֹתֵי⁠הֶֽם	1	Yahweh is speaking of the destruction that the sword will cause as if the sword would **devour** its victims like an animal eating its prey. Your language may have a comparable expression that you can use in your translation, or you could state the meaning plainly. Alternate translation: [and will destroy them because of their plans]
11:6	fv6f		rc://*/ta/man/translate/figs-ellipsis	וְ⁠אָכָ֑לָה מִֽ⁠מֹּעֲצ֖וֹתֵי⁠הֶֽם	1	Yahweh is leaving out some of the words that in many languages a sentence would need in order to be complete. You can supply these words from the context if that would be clearer in your language. Alternate translation: [and will devour them because of their plans]
11:6	ue9s		rc://*/ta/man/translate/writing-pronouns	מִֽ⁠מֹּעֲצ֖וֹתֵי⁠הֶֽם	1	The pronoun **their** refers to the Ephraim or the nation of Israel which is a shift from earlier in this verse where he refers to the nation as the person with the pronoun **his**. Throughout this chapter, the pronouns referring to Ephraim and Israel vary between singular and plural. If it would be helpful in your language, you could use the singular here and in the next verses or use the plural throughout as modeled in the UST. Alternate translation: [because of his plans]
11:7	xcgc		rc://*/ta/man/translate/figs-metaphor	תְלוּאִ֖ים לִ⁠מְשֽׁוּבָתִ֑⁠י	1	Yahweh is speaking of his people abandoning their loyalty to him as if they were physically **turning away from** him to walk in a different direction. Your language may have a comparable expression that you can use in your translation, or you could state the meaning plainly. Alternate translation: [are determined to abandon me]
11:7	pjuz		rc://*/ta/man/translate/figs-123person	וְ⁠אֶל־עַל֙ יִקְרָאֻ֔⁠הוּ יַ֖חַד לֹ֥א יְרוֹמֵם	1	Yahweh is speaking of himself in the third person as **him** and **he**. If it would be helpful in your language, you could translate this in the first person. Alternate translation: [Though they call to me on high, I will not raise them up at all]
11:8	zaiu		rc://*/ta/man/translate/figs-rquestion	אֵ֞יךְ אֶתֶּנְ⁠ךָ֣ אֶפְרַ֗יִם אֲמַגֶּנְ⁠ךָ֙ יִשְׂרָאֵ֔ל	1	Yahweh is using the question form to express the anguish and reluctance he feels at the thought of giving up his people. If a speaker of your language would not use the question form for that purpose, you could translate this as a statement or as an exclamation. Alternate translation: [I will not give you up, Ephraim or surrender you, Israel!]
11:8	im5v		rc://*/ta/man/translate/figs-rquestion	אֵ֚יךְ אֶתֶּנְ⁠ךָ֣ כְ⁠אַדְמָ֔ה אֲשִֽׂימְ⁠ךָ֖ כִּ⁠צְבֹאיִ֑ם	1	Yahweh is using the question form to express how unwilling he is to destroy his people as he destroyed Admah. If a speaker of your language would not use the question form for that purpose, you could translate this as a statement or as an exclamation. Alternate translation: [I will not make you like Admah or set you like Zeboiim!]
11:8	uiiw		rc://*/ta/man/translate/figs-simile	אֶתֶּנְ⁠ךָ֣ כְ⁠אַדְמָ֔ה אֲשִֽׂימְ⁠ךָ֖ כִּ⁠צְבֹאיִ֑ם	1	The point of this comparison is that while the cities of **Admah** and **Zeboiim** were completely destroyed (see [Deuteronomy 29:23](../../deu/29/23.md)), this is something that Yahweh does not want to do to the people of Israel. If it would be helpful in your language, you could make this point explicitly. Alternate translation: [How can I completely destroy you like Admah and Zebeoiim]
11:8	ez6z		rc://*/ta/man/translate/figs-metaphor	נֶהְפַּ֤ךְ עָלַ⁠י֙ לִבִּ֔⁠י	1	Yahweh is speaking of the turmoil of his strong feelings of anguish as if his **heart** were physically **turned over within** him. Your language may have a comparable expression that you can use in your translation, or you could state the meaning plainly. Alternate translation: [My heart is overwhelmed within me]
11:8	zrtr		rc://*/ta/man/translate/figs-activepassive	נֶהְפַּ֤ךְ עָלַ⁠י֙ לִבִּ֔⁠י	1	The expression **is turned over** is a passive verbal form. If it would be unnatural to use that form, you could express the idea in active form or in another way that is natural in your language. Alternate translation: [This situation makes my heart turn over within me]
11:8	cfwi		rc://*/ta/man/translate/figs-metaphor	לִבִּ֔⁠י	1	Here Yahweh speaks of his **heart** as it represents where his feelings and desires exist. You may have a comparable expression in your language, or you could state the meaning plainly. Alternate translation: [My inner being]
11:8	cvsi		rc://*/ta/man/translate/figs-abstractnouns	נִחוּמָֽ⁠י	1	If your language does not use an abstract noun for the idea of **compassions**, you could express the same idea in another way. Alternate translation: [my feelings of compassion for you]
11:8	kfcj		rc://*/ta/man/translate/figs-activepassive	נִכְמְר֥וּ	1	The expression **are aroused** is a passive verbal form. If it would be unnatural to use that form, you could express the idea in active form or in another way that is natural in your language. Alternate translation: [rise up]
11:9	r626		rc://*/ta/man/translate/figs-idiom	חֲר֣וֹן אַפִּ֔⁠י	1	Yahweh is using **the burning of my nose** as a common expression of the culture to mean “my fierce anger.” If this phrase does not have that meaning for your readers, you could use a comparable expression from your language that does have that meaning, or you could state the meaning plainly. Alternate translation: [my fierce anger]
11:9	yghl		rc://*/ta/man/translate/figs-abstractnouns	בְּ⁠עִֽיר	1	If your language does not use an abstract noun for the idea of **wrath**, you could express the same idea in another way. Alternate translation: [angrily]
11:10	h3si		rc://*/ta/man/translate/figs-123person	אַחֲרֵ֧י יְהוָ֛ה יֵלְכ֖וּ	1	This could be: (1) Hosea speaking about Yahweh as in the UST or (2) Yahweh speaking of himself in the third person. Alternate translation: [They will come after me, Yahweh]
11:10	pos6		rc://*/ta/man/translate/figs-simile	כְּ⁠אַרְיֵ֣ה יִשְׁאָ֑ג	1	The point of this comparison is that just as **a lion** roars loudly and powerfully, so Yahweh will summon his people with a loud, powerful voice. If it would be helpful in your language, you could make this point explicitly. Alternate translation: [he will roar powerfully to summon his people]
11:10	bbso		rc://*/ta/man/translate/writing-pronouns	כִּֽי־ה֣וּא יִשְׁאַ֔ג	1	Yahweh is stating the pronoun **he** separately, even though the verb translated as **he roars** already includes this meaning. He is doing that to emphasize that it is he himself who roars. If a speaker of your language would use an explicit pronoun for the same purpose, you may want to use that construction in your translation. If not, your language may have other ways of showing the meaning here. Alternate translation: [When he himself roars]
11:10	mbqk		rc://*/ta/man/translate/figs-metaphor	בָנִ֖ים	1	Yahweh is speaking of the people of Israel as if they were his **sons** returning to their father. Your language may have a comparable expression that you can use in your translation, or you could state the meaning plainly. Alternate translation: [the people who belong to him]
11:11	lo4d		rc://*/ta/man/translate/figs-simile	יֶחֶרְד֤וּ כְ⁠צִפּוֹר֙ מִ⁠מִּצְרַ֔יִם	1	The point of this comparison is that just as **a bird** would be timid, fearful, and trembling in response to a lion’s roar, so the people of Israel will hurry back from exile with respectful fear when Yahweh summons them to return. If it would be helpful in your language, you could make this point explicitly. Alternate translation: [They will return with fear and trembling from Egypt]
11:11	lkgr		rc://*/ta/man/translate/figs-simile	וּ⁠כְ⁠יוֹנָ֖ה מֵ⁠אֶ֣רֶץ אַשּׁ֑וּר	1	The point of this comparison is that just as **a dove** is gentle and docile, so the people of Israel will come back without objections from the land of Assyria, ready to obey Yahweh. If it would be helpful in your language, you could make this point explicitly. Alternate translation: [and other returns from Assyria like a dove that docilely returns home]
11:11	db07		rc://*/ta/man/translate/figs-123person	נְאֻם־יְהוָֽה	1	Yahweh is speaking of himself in the third person in the phrase **the declaration of Yahweh**. If it would be helpful in your language, you could translate this in the first person. Alternate translation: [it is I, Yahweh, who is declaring this]
11:12	qj6z		rc://*/ta/man/translate/figs-metaphor	סְבָבֻ֤⁠נִי בְ⁠כַ֨חַשׁ֙	1	Yahweh is speaking of the constant lying of the people of Ephraim as if they had **surrounded me with lies** on every side. Your language may have a comparable expression that you can use in your translation, or you could state the meaning plainly. Alternate translation: [has completely deceived me with lies]
11:12	zt43		rc://*/ta/man/translate/figs-abstractnouns	וּ⁠בְ⁠מִרְמָ֖ה בֵּ֣ית יִשְׂרָאֵ֑ל	1	If your language does not use an abstract noun for the idea of **deceit**, you could express the same idea in another way. Alternate translation: [and the house of Israel is constantly trying to deceive me]
11:12	ce3q		rc://*/ta/man/translate/figs-idiom	רָד֙ עִם־אֵ֔ל	1	Yahweh is using **roams with God** as a common expression of the culture to mean “remains loyal to God.” If this phrase does not have that meaning for your readers, you could use a comparable expression from your language that does have that meaning, or you could state the meaning plainly. Alternate translation: [remains loyal to God]
11:12	erb0		rc://*/ta/man/translate/figs-metaphor	בֵּ֣ית יִשְׂרָאֵ֑ל	1	Here, **house** means all the people descended from a particular person. It envisions them as if they were one household living together. So **the house of Israel** figuratively means all the people descended from the patriarch Jacob, who was also known as Israel. Alternate translation: [the Israelites]
11:12	tps3		rc://*/ta/man/translate/figs-metaphor	וִֽ⁠יהוּדָ֗ה עֹ֥ד רָד֙ עִם־אֵ֔ל וְ⁠עִם־קְדוֹשִׁ֖ים נֶאֱמָֽן	1	The sentence **But Judah still roams with God, and is established with the Holy One** could mean: (1) that although Israel is far from God, Judah is still following him. The ULT and UST follow that reading, or (2) that the word translated as “God” refers to the false god Baal, and the word translated as “the Holy One” refers to the lesser gods who serve Baal. This could be possible because the word is plural, but words for God are often plural to indicate his majesty. Alternate translation: [But Judah still roams with a god, and is established with the holy ones]
11:12	oygg		rc://*/ta/man/translate/figs-activepassive	וְ⁠עִם־קְדוֹשִׁ֖ים נֶאֱמָֽן	1	The expression **is established** is a passive verbal form. If it would be unnatural to use that form, you could express the idea in active form or in another way that is natural in your language. Alternate translation: [and the Holy One establishes them]
12:intro	klxk					# Hosea 12 Chapter Introduction\n\n## Structure and Formatting\n\nThis chapter is prophetic poetry indicting Ephraim (Israel) for futile foreign alliances and deceit, framed as a covenant lawsuit and recalling the patriarch Jacob.\n\n1. Israel turns from Yahweh to idols (1–3)\n2. Yahweh recalls his care and Israel’s rebellion (4–8)\n3. Israel’s sin brings judgment and death (9–16)\n\n## Religious and Cultural Concepts in This Chapter\n\n### The Jacob narrative\n\nVerses 3-4 and 12 allude to Genesis events (grasping Esau’s heel, wrestling at Peniel, Bethel, fleeing to Aram) and assume readers know these stories.\n\n## Translation Issues in This Chapter\n\n### Shifting pronouns\n\nThe subject shifts often—he/they for Ephraim, and ambiguous he/him for Jacob, God, and the angel in verses 3-4. It may be helpful to clarify who each pronoun refers to in your translation.
12:1	kckr		rc://*/ta/man/translate/figs-parallelism	אֶפְרַ֜יִם רֹעֶ֥ה ר֨וּחַ֙ וְ⁠רֹדֵ֣ף קָדִ֔ים כָּל־הַ⁠יּ֕וֹם	1	These two clauses mean basically the same thing. The second emphasizes the meaning of the first by repeating the same idea with different words. If it would be helpful to your readers, you could combine them and express the emphasis in another way. Another approach would be to connect the phrases with a word that shows that the second phrase is repeating the first one, not saying something additional as modeled in the UST. Alternate translation: [Ephraim is uselessly pursuing the wind all the day]
12:1	le4m		rc://*/ta/man/translate/figs-metaphor	אֶפְרַ֜יִם רֹעֶ֥ה ר֨וּחַ֙ וְ⁠רֹדֵ֣ף קָדִ֔ים	1	The speaker is speaking of Ephraim’s useless pursuit foreign alliances as if it were **feeding on wind** and **pursuing the east-wind**, an activity that gains nothing real. Your language may have a comparable expression that you can use in your translation, or you could state the meaning plainly. Alternate translation: [By pursuing foreign alliances, Ephraim is chasing after nothing]
12:1	iiqq		rc://*/ta/man/translate/figs-hyperbole	כָּל־הַ⁠יּ֕וֹם	1	The speaker says **all the day** as a generalization for emphasis. If it would be clearer in your language, you could express the emphasis in a different way. Alternate translation: [constantly] or [all the time]
12:1	ask0		rc://*/ta/man/translate/figs-abstractnouns	כָּזָ֥ב וָ⁠שֹׁ֖ד	1	If your language does not use abstract nouns for the ideas of **lies** and **destruction**, you could express the same idea in another way. Alternate translation: [false words and destructive activity]
12:1	o0wg		rc://*/ta/man/translate/writing-pronouns	וּ⁠בְרִית֙ & יִכְרֹ֔תוּ	1	The pronoun **they** refers to the people of Ephraim or the northern kingdom of Israel, which is a shift from earlier in this verse where he refers to the nation as the person with his name and the pronoun**He**. Throughout this chapter, the pronouns referring to the nation vary between singular and plural. If it would be helpful in your language, you could use the singular here and in the next verses or use the plural throughout as modeled in the UST. The pronoun **they** refers to the people of Ephraim, the same people referred to as **He** earlier in the verse. It may be helpful to clarify this for your readers. Alternate translation: [And Ephraim cut a covenant] or [And he cut a covenant]
12:1	q39t		rc://*/ta/man/translate/figs-idiom	וּ⁠בְרִית֙ & יִכְרֹ֔תוּ	1	The speaker is using **cut a covenant** as a common expression of his culture which means “to make” or “establish” a covenant. See how you translated the phrase “cut a covenant” in [2:18](../02/18.md). Here it refers to agreements that Israel made when they forsook the help that their God offered to pursue help from enemy nations. If this phrase does not have that meaning in your language, you could use a comparable expression from your language that does have that meaning, or you could state the meaning plainly. Alternate translation: [will establish a covenant]
12:1	ykd0		rc://*/ta/man/translate/figs-activepassive	וְ⁠שֶׁ֖מֶן לְ⁠מִצְרַ֥יִם יוּבָֽל	1	The expression **is carried** is a passive verbal form. If it would be unnatural to use that form, you could express the idea in active form or in another way that is natural in your language. Alternate translation: [and they carry oil to Egypt] or [and they give olive oil to negotiate with Egypt]
12:2	tggd		rc://*/ta/man/translate/figs-explicit	וְ⁠רִ֥יב לַֽ⁠יהוָ֖ה עִם־יְהוּדָ֑ה	1	The implication is that **dispute** here refers to a formal legal complaint, as when one party brings a lawsuit against another. You could include this information if that would be helpful to your readers. Alternate translation: [And Yahweh has a formal legal complaint against Judah]
12:2	v3dg		rc://*/ta/man/translate/figs-abstractnouns	וְ⁠רִ֥יב	1	If your language does not use an abstract noun for the idea of **dispute**, you could express the same idea in another way. Alternate translation: [And Yahweh disputes with Judah]
12:2	b7zs		rc://*/ta/man/translate/figs-metaphor	כִּ⁠דְרָכָ֔י⁠ו	1	The speaker is speaking of how Jacob has lived as if it were the paths or ** ways** that he usually walks along. Your language may have a comparable expression that you can use in your translation, or you could state the meaning plainly. Alternate translation: [based on his behavior]
12:3	gigy		rc://*/ta/man/translate/writing-pronouns	עָקַ֣ב אֶת־אָחִ֑י⁠ו	1	The pronoun **he** refers to Jacob, the ancestor of the people of Israel. It may be helpful to clarify this for your readers. Alternate translation: [Jacob took his brother by the heel]
12:3	wjim		rc://*/ta/man/translate/figs-explicit	בַּ⁠בֶּ֖טֶן עָקַ֣ב אֶת־אָחִ֑י⁠ו	1	This refers to the account of Jacob’s birth described in [Genesis 25:26](../../gen/25/26.md), when he came out of the womb grasping the heel of his twin brother Esau. You could include this information in a footnote if that would be helpful to your readers.
12:3	r072		rc://*/ta/man/translate/figs-abstractnouns	וּ⁠בְ⁠אוֹנ֖⁠וֹ	1	If your language does not use an abstract noun for the idea of **manhood**, you could express the same idea in another way. Alternate translation: [and in his adult life]
12:3	gv6s		rc://*/ta/man/translate/figs-explicit	שָׂרָ֥ה אֶת־אֱלֹהִֽים	1	This and the first line of the next verse refer to the account described in [Genesis 32:22-32](../../gen/32/22.md), when Jacob wrestled with an angel who turned out to be God. You could include this information in a footnote if that would be helpful to your readers.
12:4	q0we		rc://*/ta/man/translate/writing-pronouns	בָּכָ֖ה וַ⁠יִּתְחַנֶּן־ל֑⁠וֹ	1	The pronoun **He** refers to Jacob, while the pronoun **him** refers to the angel. It may be helpful to clarify this for your readers. Alternate translation: [Jacob wept and begged favor of the angel]
12:4	wkn1		rc://*/ta/man/translate/figs-explicit	בֵּֽית־אֵל֙ יִמְצָאֶ֔⁠נּוּ	1	This refers to the event described in [Genesis 32:28-30](../../gen/32/28.md) when God revealed himself to Jacob at **Bethel** and spoke with him. You could include this information in a footnote if that would be helpful to your readers.
12:4	suyt		rc://*/ta/man/translate/writing-pronouns	יִמְצָאֶ֔⁠נּוּ	1	The pronoun **he** refers to God, while the pronoun **him** refers to Jacob. It may be helpful to clarify this for your readers. Alternate translation: [God found Jacob]
12:4	ay6n		rc://*/ta/man/translate/translate-alternativereadings	עִמָּֽ⁠נוּ	1	The phrase **with us** is a translation of the written Hebrew text. This reading, however, does not seem to make sense, since God spoke to Jacob at Bethel, not to his descendants. You may want to follow an alternative reading from the ancient Greek and Syriac translations, which translated the phrase as “with him,” which has the same consonants as “with us.” The UST follows that reading.
12:5	ch2m		rc://*/ta/man/translate/figs-possession	אֱלֹהֵ֣י הַ⁠צְּבָא֑וֹת	1	The speaker is using the possessive form **God of Armies** to mean the one who commands the armies of heaven. It may be helpful to clarify this for your readers. Alternate translation: [the God who commands the armies of heaven]
12:5	xrkn		rc://*/ta/man/translate/figs-idiom	יְהוָ֖ה זִכְרֽ⁠וֹ	1	The speaker is using the expression **his memorial name** as a common expression of the culture to mean “the name by which Yahweh is to be remembered and worshiped for all generations.” If this phrase does not have that meaning for your readers, you could use a comparable expression from your language that does have that meaning, or you could state the meaning plainly. Alternate translation: [Yahweh is the name by which he is to be remembered and worshiped for all generations]
12:6	ldz1		rc://*/ta/man/translate/figs-metaphor	וְ⁠אַתָּ֖ה בֵּ⁠אלֹהֶ֣י⁠ךָ תָשׁ֑וּב	1	The speaker is speaking of repenting and turning back to God as if the people had been walking one direction and must instead **return** to him. Your language may have a comparable expression that you can use in your translation, or you could state the meaning plainly. Alternate translation: [And you must restore yourself to your God]
12:6	va5m			בֵּ⁠אלֹהֶ֣י⁠ךָ	1	The phrase **by your God** could mean: (1) that the Israelites should return to God by following his ways, as described in the rest of the verse. Alternate translation: [by following the ways of your God] or (2) that the Israelites should rely on God’s help to empower them to return. Alternate translation: [by the help of your God]
12:6	nm2k		rc://*/ta/man/translate/figs-abstractnouns	חֶ֤סֶד וּ⁠מִשְׁפָּט֙	1	If your language does not use abstract nouns for the ideas of **covenant faithfulness** and **justice**, you could express the same idea in another way. Alternate translation: [being faithful to the covenant and doing what is just]
12:7	atr7		rc://*/ta/man/translate/figs-explicit	כְּנַ֗עַן	1	The implication is that the **merchant** here stands for the tradesmen of Ephraim, whom the speaker is portraying as dishonest traders. You could include this information if that would be helpful to your readers. Alternate translation: [The merchants of Ephraim]
12:7	xo9o		rc://*/ta/man/translate/figs-metonymy	בְּ⁠יָד֛⁠וֹ מֹאזְנֵ֥י מִרְמָ֖ה	1	Here, **his hand** represents his possession and control of the scales. If it would be helpful in your language, you could use an equivalent expression or plain language. Alternate translation: [he possesses scales of deceit]
12:7	upc8		rc://*/ta/man/translate/translate-unknown	מֹאזְנֵ֥י מִרְמָ֖ה	1	Here, **scales** describes an instrument for determining the weight of an object. It consists of a central post with a crossbar from which two pans are hung. An object may be placed in one pan and known weights placed in the other pan until the crossbar remains level, indicating that both pans contain an equal weight. By using incorrect weights these merchants were deceiving those with whom they traded in order to increase their wealth. If your readers would not be familiar with this type of weighing instrument, you could use the name of something similar in your area, or you could use a more general term. Alternate translation: [are dishonest weighing instruments]
12:7	v6ud		rc://*/ta/man/translate/figs-abstractnouns	מֹאזְנֵ֥י מִרְמָ֖ה	1	If your language does not use an abstract noun for the idea of **deceit**, you could express the same idea in another way. Alternate translation: [are deceitful scales]
12:8	lrxr		rc://*/ta/man/translate/figs-parallelism	עָשַׁ֔רְתִּי מָצָ֥אתִי א֖וֹן לִ֑⁠י	1	These two clauses mean basically the same thing. The second emphasizes the meaning of the first by repeating the same idea with different words. If it is helpful, you could connect the phrases in a way that shows that the second phrase is repeating the first one, not saying something additional. Alternate translation: [I have become rich; yes, I have found wealth for myself]
12:8	ohbn		rc://*/ta/man/translate/figs-abstractnouns	מָצָ֥אתִי א֖וֹן לִ֑⁠י	1	If your language does not use an abstract noun for the idea of **wealth**, you could express the same idea in another way. Alternate translation: [I have made myself very wealthy]
12:8	w71s		rc://*/ta/man/translate/figs-abstractnouns	עָוֺ֥ן	1	If your language does not use an abstract noun for the idea of **iniquity**, you could express the same idea in another way. Alternate translation: [anything evil]
12:8	nvxp		rc://*/ta/man/translate/figs-abstractnouns	חֵֽטְא	1	If your language does not use an abstract noun for the idea of **sin**, you could express the same idea in another way. Alternate translation: [would be considered sinful]
12:9	ql2k		rc://*/ta/man/translate/writing-quotations	וְ⁠אָנֹכִ֛י יְהוָ֥ה	1	This is the beginning of what Yahweh said. If it would be helpful to your readers, you could mark that this is a direct quote of Yahweh. Alternate translation: [Yahweh said, “I am Yahweh]
12:9	dpyp		rc://*/ta/man/translate/figs-metaphor	עֹ֛ד אוֹשִֽׁיבְ⁠ךָ֥ בָ⁠אֳהָלִ֖ים	1	Yahweh is speaking of bringing the people back to humble dependence on him as if it were making them **dwell in tents** again. Your language may have a comparable expression that you can use in your translation, or you could state the meaning plainly. Alternate translation: [I will make you live as wanderers again]
12:9	vn9i		rc://*/ta/man/translate/figs-explicit	מֵ⁠אֶ֣רֶץ מִצְרָ֑יִם	1	Yahweh assumes that readers will know that the exodus is meant when he mentions **the land of Egypt**. You could say that explicitly if that would be helpful to your readers. Alternate translation: [who saved you from the land of Egypt]
12:9	pdgu		rc://*/ta/man/translate/figs-metonymy	כִּ⁠ימֵ֥י	1	Yahweh is using the term **as in the days** to refer to a specific time. If it would be helpful in your language, you could state the meaning plainly. Alternate translation: [during the time of]
12:9	k024		rc://*/ta/man/translate/figs-explicit	מוֹעֵֽד	1	The implication is that **the appointed festival** refers to the Festival of Shelters, during which the people lived in **tents** as temporary shelters to remember how their ancestors lived in the wilderness after leaving Egypt. You could include this information if that would be helpful to your readers as modeled in the UST.
12:10	onoi		rc://*/ta/man/translate/figs-metonymy	וּ⁠בְ⁠יַ֥ד הַ⁠נְּבִיאִ֖ים אֲדַמֶּֽה	1	Here, **the hand of the prophets** represents the prophets as the agents through whom Yahweh acted. If it would be helpful in your language, you could use an equivalent expression or plain language. Alternate translation: [and through the prophets I gave parables]
12:10	rpmg		rc://*/ta/man/translate/writing-pronouns	וְ⁠אָנֹכִ֖י חָז֣וֹן הִרְבֵּ֑יתִי	1	Yahweh is stating the pronoun **I** separately, even though the verb translated as **I multiplied** already includes this meaning. He is doing that to emphasize that he is the one who did this. If a speaker of your language would use an explicit pronoun for the same purpose, you may want to use that construction in your translation. If not, your language may have other ways of showing the meaning here. Alternate translation: [and I, Yahweh, am the one who multiplied visions]
12:10	u2p3		rc://*/ta/man/translate/figs-abstractnouns	חָז֣וֹן	1	If your language does not use an abstract noun for the idea of **visions**, you could express the same idea in another way. Alternate translation: [the things I revealed to them]
12:11	a8by		rc://*/ta/man/translate/grammar-connect-condition-fact	אִם־גִּלְעָ֥ד אָ֨וֶן֙	1	Yahweh is speaking as if this were a hypothetical possibility, but he means that it is actually true. If your language does not state something as a condition if it is certain or true, or if your readers might think that what Hosea is saying is uncertain, then you could translate this as a confident statement. Alternate translation: [Gilead is indeed full of iniquity]
12:11	z5a9		rc://*/ta/man/translate/figs-metonymy	גִּלְעָ֥ד אָ֨וֶן֙	1	Here, **Gilead** represents the people of Gilead. If it would be helpful in your language, you could use an equivalent expression or plain language. Alternate translation: [If the people of Gilead are iniquity]
12:11	bn4z		rc://*/ta/man/translate/figs-abstractnouns	אָ֨וֶן֙	1	If your language does not use an abstract noun for the idea of **iniquity**, you could express the same idea in another way. Alternate translation: [is idolatrous]
12:11	kutl		rc://*/ta/man/translate/figs-explicit	אִם־גִּלְעָ֥ד אָ֨וֶן֙	1	The implication is that the people of Gilead were well known for their idolatry and violent deeds. You could include this information if that would be helpful to your readers. Alternate translation: [Since Gilead is known for its idolatry and violent deeds]
12:11	wie1		rc://*/ta/man/translate/figs-abstractnouns	שָׁ֣וְא הָי֔וּ	1	If your language does not use an abstract noun for the idea of **worthlessness**, you could express the same idea in another way. Alternate translation: [they have come to nothing]
12:11	awn2		rc://*/ta/man/translate/figs-explicit	בַּ⁠גִּלְגָּ֖ל שְׁוָרִ֣ים זִבֵּ֑חוּ	1	The implication is that Gilgal was a place of pagan worship, so the people’s sacrificing there was offensive to Yahweh rather than pleasing to him. You could include this information if that would be helpful to your readers. Alternate translation: [In Gilgal, they sacrifice bulls on their pagan altars]
12:11	e8py		rc://*/ta/man/translate/figs-metonymy	בַּ⁠גִּלְגָּ֖ל	1	Here, **In Gilgal** represents the people who lived in Gilgal. If it would be helpful in your language, you could use an equivalent expression or plain language. Alternate translation: [Those who live in Gilgal]
12:11	cuq2		rc://*/ta/man/translate/writing-pronouns	שְׁוָרִ֣ים זִבֵּ֑חוּ	1	The pronoun **they** here refers to the people of Israel who worship at Gilgal. It may be helpful to clarify this for your readers. Alternate translation: [the people of Israel sacrifice bulls]
12:11	t0ue		rc://*/ta/man/translate/figs-simile	מִזְבְּחוֹתָ⁠ם֙ כְּ⁠גַלִּ֔ים עַ֖ל תַּלְמֵ֥י שָׂדָֽי	1	The point of this comparison is that just as **heaps** of stones cleared onto the **furrows** of a plowed field are nothing but useless piles of rubble, so **their altars** will be torn down into ruined heaps of stone. If it would be helpful in your language, you could make this point explicitly. Alternate translation: [their altars will become useless heaps of rubble on the furrows of the field]
12:12	goav		rc://*/ta/man/translate/figs-explicit	וַ⁠יִּבְרַ֥ח יַעֲקֹ֖ב שְׂדֵ֣ה אֲרָ֑ם	1	This refers to the occasion described in [Genesis 27:43](../../gen/27/43.md) when Jacob fled to Aram (in the land of Haran) in order to escape from his brother Esau. You could include this information or add it in a footnote if that would be helpful to your readers.
12:12	pa2v		rc://*/ta/man/translate/figs-parallelism	וַ⁠יַּעֲבֹ֤ד יִשְׂרָאֵל֙ בְּ⁠אִשָּׁ֔ה וּ⁠בְ⁠אִשָּׁ֖ה שָׁמָֽר	1	These two clauses mean basically the same thing. The second emphasizes the meaning of the first by repeating the same idea with different words. If it would be helpful to your readers, you could combine them and express the emphasis in another way. Another approach would be to connect the phrases with a word that shows that the second phrase is repeating the first one, not saying something additional. Alternate translation: [and Israel worked hard tending sheep in order to get a wife] or [and Israel served for a wife, indeed for a wife he kept sheep]
12:12	cjdm		rc://*/ta/man/translate/figs-ellipsis	וּ⁠בְ⁠אִשָּׁ֖ה שָׁמָֽר	1	Hosea is leaving out some of the words that in many languages a sentence would need in order to be complete. You can supply these words from the context if that would be clearer in your language. Alternate translation: [and for a wife he worked by keeping sheep]
12:13	kbse		rc://*/ta/man/translate/figs-activepassive	וּ⁠בְ⁠נָבִ֖יא נִשְׁמָֽר	1	The expression **he was kept** is a passive verbal form. If it would be unnatural to use that form, you could express the idea in active form or in another way that is natural in your language. Alternate translation: [and by a prophet Yahweh kept him]
12:13	qm0n		rc://*/ta/man/translate/figs-explicit	וּ⁠בְ⁠נָבִ֕יא הֶעֱלָ֧ה יְהוָ֛ה אֶת־יִשְׂרָאֵ֖ל מִ⁠מִּצְרָ֑יִם וּ⁠בְ⁠נָבִ֖יא	1	The speaker assumes that readers will know that the **prophet** through whom Yahweh brought Israel up from Egypt was Moses. You could include this information if that would be helpful to your readers. Alternate translation: [And by the prophet Moses Yahweh brought Israel up from Egypt, and by Moses]
12:14	vixs		rc://*/ta/man/translate/figs-ellipsis	הִכְעִ֥יס אֶפְרַ֖יִם תַּמְרוּרִ֑ים	1	The speaker is leaving out some of the words that in many languages a sentence would need in order to be complete. You can supply these words from the context of the next line if that would be clearer in your language. Alternate translation: [Ephraim has provoked his Lord to bitternesses]
12:14	dkup		rc://*/ta/man/translate/figs-abstractnouns	הִכְעִ֥יס אֶפְרַ֖יִם תַּמְרוּרִ֑ים	1	If your language does not use an abstract noun for the idea of **bitternesses**, you could express the same idea in another way. Alternate translation: [Ephraim has bitterly angered his Lord]
12:14	qge6		rc://*/ta/man/translate/figs-abstractnouns	וְ⁠דָמָי⁠ו֙ עָלָ֣י⁠ו יִטּ֔וֹשׁ & אֲדֹנָֽי⁠ו	1	If your language does not use an abstract noun for the idea of **bloodguilt**, you could express the same idea in another way. Alternate translation: [and his Lord will hold him guilty for the blood he has shed]
12:14	kz0v		rc://*/ta/man/translate/figs-metaphor	וְ⁠חֶ֨רְפָּת֔⁠וֹ יָשִׁ֥יב ל֖⁠וֹ	1	The speaker is speaking of his Lord repaying Ephraim for his shameful conduct as if the **reproach** were an object that the Lord could **return** to him. Your language may have a comparable expression that you can use in your translation, or you could state the meaning plainly. Alternate translation: [and will repay him for his shameful conduct]
12:14	vsfd		rc://*/ta/man/translate/figs-abstractnouns	וְ⁠חֶ֨רְפָּת֔⁠וֹ יָשִׁ֥יב	1	If your language does not use an abstract noun for the idea of **reproach**, you could express the same idea in another way. Alternate translation: [and will repay his offenses]
13:intro	c2ik					# Hosea 13 Chapter Introduction\n\n## Structure and Formatting\n\nThis chapter is a poetic oracle of judgment against the northern kingdom of Israel, usually referred to as “Ephraim.”\n\n1. Israel turns from Yahweh to idols (1–3)\n2. Yahweh recalls his care and Israel’s rebellion (4–8)\n3. Israel’s sin brings judgment and death (9–16)\n\n## Religious and Cultural Concepts in This Chapter\n\n### Idolatry\n\nThe worship of Baal and of cast-metal calf idols is the central offense this chapter condemns.\n\n## Translation Issues in This Chapter\n\n### Yahweh portrayed as a predatory animal\n\nIn verses 7-8, Yahweh likens his judgment to a lion, leopard, bear, and lioness; translate these similes so they convey fierceness, not that God is an animal.
13:1	q369		rc://*/ta/man/translate/figs-metonymy	אֶפְרַ֨יִם֙	1	Here, **Ephraim** represents the people who were leaders of the northern kingdom of Israel, since Ephraim was its largest and most prominent tribe. If it would be helpful in your language, you could use an equivalent expression or plain language. Alternate translation: [the leaders of the northern kingdom of Israel]
13:1	f83g		rc://*/ta/man/translate/figs-abstractnouns	רְתֵ֔ת	1	If your language does not use an abstract noun for the idea of **trembling**, you could express the same idea in another way. Alternate translation: [people trembled in fear]
13:1	twvb		rc://*/ta/man/translate/figs-metaphor	נָשָׂ֥א ה֖וּא	1	The speaker is speaking of people exalting themselves and being proud or arrogant as if they had physically **lifted up** themselves. Your language may have a comparable expression that you can use in your translation, or you could state the meaning plainly. Alternate translation: [He exalted himself] or [He became proud of himself]
13:1	pu44		rc://*/ta/man/translate/figs-explicit	וַ⁠יָּמֹֽת	1	The implication is that, by worshiping Baal, the people of Ephraim brought about their own destruction as a nation, as if they had **died**. Their disobedience would eventually lead to the end of the nation of Israel. You could include this information if that would be helpful to your readers. Alternate translation: [and so destroyed himself as a nation]
13:2	yp5p		rc://*/ta/man/translate/writing-pronouns	יוֹסִ֣פוּ לַ⁠חֲטֹ֗א	1	The pronoun **they** here going forward refers to the people of Ephraim or the northern kingdom of Israel, which is a shift from the previous verse where the nation is referred to as the person with his name and the singular pronoun**he**. Throughout this chapter, the pronouns referring to the nation vary between singular and plural. If it would be helpful in your language, you could use the singular here and in the next verses or use the plural throughout as modeled in the UST. Alternate translation: [Ephraim continued to sin]
13:2	kog7		rc://*/ta/man/translate/figs-possession	מַעֲשֵׂ֥ה חָרָשִׁ֖ים	1	The speaker is using the possessive form to describe a **work** that is characterized by being made by **craftsmen**. If a speaker of your language would not use the possessive form for this, you could express this idea in another way. Alternate translation: [is only handmade by craftsmen] or [is made by craftsmen]
13:2	yxrl		rc://*/ta/man/translate/writing-pronouns	לָ⁠הֶם֙ הֵ֣ם אֹמְרִ֔ים זֹבְחֵ֣י אָדָ֔ם עֲגָלִ֖ים יִשָּׁקֽוּ⁠ן	1	The pronoun **them** could refer to: (1) the idols. Then the pronoun **they** would refer to the **sacrificers**, that is, those who offer sacrifices to the idols. Alternate translation: [Those people who sacrifice humans talk to the idols; they kiss the calves] or (2) the **sacrificers**, and then the pronoun **they** would refer to people in general who are talking about the sacrificers. In this case, the word translated as **saying** would introduce a quote of what these people were saying. Alternate translation: [Of the sacrificers people are saying, “Sacrificers of humans, they kiss calves!”]
13:3	htis		rc://*/ta/man/translate/figs-simile	כַּ⁠עֲנַן־בֹּ֔קֶר וְ⁠כַ⁠טַּ֖ל מַשְׁכִּ֣ים הֹלֵ֑ךְ	1	The point of this comparison is that just as **a cloud** and **the dew** that appears early in the day disappears as the day goes on, so the people of Ephraim will soon disappear. If it would be helpful in your language, you could make this point explicitly. Alternate translation: [like a morning cloud and the early dew that quickly vanishes]
13:3	pbds		rc://*/ta/man/translate/figs-simile	כְּ⁠מֹץ֙ יְסֹעֵ֣ר מִ⁠גֹּ֔רֶן	1	The point of this comparison is that just as **chaff** is quickly blown away from the threshing floor and is worthless, so the people of Ephraim will be swept away. If it would be helpful in your language, you could make this point explicitly. Alternate translation: [like worthless chaff that is quickly blown away from the threshing floor]
13:3	q7ta		rc://*/ta/man/translate/figs-activepassive	יְסֹעֵ֣ר מִ⁠גֹּ֔רֶן	1	The expression **is blown away** is a passive verbal form. If it would be unnatural to use that form, you could express the idea in active form or in another way that is natural in your language as modeled in the UST.
13:3	d166		rc://*/ta/man/translate/figs-simile	וּ⁠כְ⁠עָשָׁ֖ן מֵ⁠אֲרֻבָּֽה	1	The point of this comparison is that just as **smoke** quickly dissipates as it goes out from a window, so the people of Ephraim will soon disappear. If it would be helpful in your language, you could make this point explicitly. Alternate translation: [and like smoke that quickly disappears out the window]
13:4	fty7		rc://*/ta/man/translate/writing-quotations	וְ⁠אָנֹכִ֛י יְהוָ֥ה אֱלֹהֶ֖י⁠ךָ מֵ⁠אֶ֣רֶץ מִצְרָ֑יִם	1	This is the beginning of what Yahweh said. If it would be helpful to your readers, you could mark that this is a direct quote of Yahweh as modeled in the UST. See how you translated the similar statement, “And I am Yahweh your God from the land of Egypt.” in [12:9](../12/09.md).
13:5	zsm8		rc://*/ta/man/translate/writing-pronouns	יְדַעְתִּ֖י⁠ךָ	1	Yahweh is stating the pronoun **I** separately, even though the verb translated as **I knew** already includes this meaning. He is doing that to emphasize that he is the one who cared for their ancestors. If a speaker of your language would use an explicit pronoun for the same purpose, you may want to use that construction in your translation. If not, your language may have other ways of showing the meaning here. Alternate translation: [I, Yahweh knew you]
13:6	jjpo		rc://*/ta/man/translate/figs-metaphor	כְּ⁠מַרְעִיתָ⁠ם֙ וַ⁠יִּשְׂבָּ֔עוּ	1	Yahweh is speaking of the provision he gave the people as if it were **pasturage** where they fed like animals and became satisfied. Your language may have a comparable expression that you can use in your translation, or you could state the meaning plainly. Alternate translation: [According to the food that I provided them, they ate until they were satisfied]
13:6	lx8m		rc://*/ta/man/translate/figs-metaphor	וַ⁠יָּ֣רָם לִבָּ֑⁠ם	1	Yahweh is speaking of the people becoming proud as if their **heart** were **lifted up**. Your language may have a comparable expression that you can use in your translation, or you could state the meaning plainly as modeled in the UST.
13:6	s9uq		rc://*/ta/man/translate/grammar-connect-logic-result	עַל־כֵּ֖ן	1	The term translated as **Therefore** indicates that what follows is a result of what came before. Use a connector in your language that makes this clear. Alternate translation: [As a result,]
13:7	m0cp		rc://*/ta/man/translate/figs-simile	כְּמוֹ־שָׁ֑חַל	1	The point of this comparison is that just as **a lion** attacks its prey fiercely, so Yahweh will act fiercely toward the people in judgment. If it would be helpful in your language, you could make this point explicitly. Alternate translation: [like a fierce lion attacking its prey]
13:7	r1wr		rc://*/ta/man/translate/figs-simile	כְּ⁠נָמֵ֖ר עַל־דֶּ֥רֶךְ אָשֽׁוּר	1	The point of this comparison is that just as **a leopard** lurks beside the path to ambush its prey, so Yahweh will watch and wait for the right time to bring judgment on them. If it would be helpful in your language, you could make this point explicitly. Alternate translation: [like a leopard that waits beside the path to attack, so I will watch and wait to punish them]
13:8	ejyw		rc://*/ta/man/translate/figs-simile	כְּ⁠דֹ֣ב שַׁכּ֔וּל	1	The point of this comparison is that just as **a bereaved bear** attacks with ferocious rage when someone takes her cubs, so Yahweh will confront the people in his anger. If it would be helpful in your language, you could make this point explicitly. Alternate translation: [with the fierce rage of a bereaved bear]
13:8	wowm		rc://*/ta/man/translate/figs-metaphor	וְ⁠אֶקְרַ֖ע סְג֣וֹר לִבָּ֑⁠ם	1	Yahweh is speaking of destroying the people as if he were a wild animal that would **tear open the enclosure of their heart**. Your language may have a comparable expression that you can use in your translation, or you could state the meaning plainly as modeled in the UST.
13:8	ctk7		rc://*/ta/man/translate/figs-simile	כְּ⁠לָבִ֔יא	1	The point of this comparison is that just as **a lioness** devours its prey, so Yahweh will completely destroy the people. If it would be helpful in your language, you could make this point explicitly. Alternate translation: [and completely destroy them as a lioness does her prey]
13:9	ef8f		rc://*/ta/man/translate/writing-pronouns	שִֽׁחֶתְ⁠ךָ֥	1	The pronoun **It** refers to Israel’s rebellion against Yahweh, which is described in the rest of the verse. It may be helpful to clarify this for your readers. Alternate translation: [Your rebellion has destroyed you]
13:9	q3px		rc://*/ta/man/translate/figs-metonymy	יִשְׂרָאֵ֖ל	1	Here, **Israel** represents the people of the northern kingdom of Israel. If it would be helpful in your language, you could use an equivalent expression or plain language. Alternate translation: [Israelites]
13:9	iou5		rc://*/ta/man/translate/figs-abstractnouns	בְ⁠עֶזְרֶֽ⁠ךָ	1	If your language does not use an abstract noun for the idea of **help**, you could express the same idea in another way. Alternate translation: [against the one who helps you]
13:10	q6t8		rc://*/ta/man/translate/figs-rquestion	אֱהִ֤י מַלְכְּ⁠ךָ֙ אֵפ֔וֹא וְ⁠יוֹשִֽׁיעֲ⁠ךָ֖ בְּ⁠כָל־עָרֶ֑י⁠ךָ וְ⁠שֹׁ֣פְטֶ֔י⁠ךָ אֲשֶׁ֣ר אָמַ֔רְתָּ תְּנָ⁠ה־לִּ֖⁠י מֶ֥לֶךְ וְ⁠שָׂרִֽים	1	Yahweh is using the question form to emphasize that the people’s king is unable to save them. If a speaker of your language would not use the question form for that purpose, you could translate this as a statement or as an exclamation. Alternate translation: [Even though you asked for a king to save you and for judges to rule you, they cannot help you now.]
13:10	qq11		rc://*/ta/man/translate/figs-quotesinquotes	וְ⁠שֹׁ֣פְטֶ֔י⁠ךָ אֲשֶׁ֣ר אָמַ֔רְתָּ תְּנָ⁠ה־לִּ֖⁠י מֶ֥לֶךְ וְ⁠שָׂרִֽים	1	If it would be clearer in your language, you could translate this so that there is not a quotation within a quotation. Alternate translation: [and your judges that I gave you because you asked me for a king and princes?]
13:11	kpqg		rc://*/ta/man/translate/figs-idiom	בְּ⁠אַפִּ֔⁠י	1	Yahweh is using **in my nose** as a common expression of the culture to mean “in my anger.” If this phrase does not have that meaning for your readers, you could use a comparable expression from your language that does have that meaning, or you could state the meaning plainly. Alternate translation: [even though it made me angry]
13:11	g5iy		rc://*/ta/man/translate/figs-abstractnouns	בְּ⁠עֶבְרָתִֽ⁠י	1	If your language does not use an abstract noun for the idea of **wrath**, you could express the same idea in another way. Alternate translation: [because I am angry]
13:12	is84		rc://*/ta/man/translate/figs-parallelism	צָרוּר֙ עֲוֺ֣ן אֶפְרָ֔יִם צְפוּנָ֖ה חַטָּאתֽ⁠וֹ	1	These two clauses mean basically the same thing. The second emphasizes the meaning of the first by repeating the same idea with different words. If it would be helpful to your readers, you could combine them and express the emphasis in another way. Another approach would be to connect the phrases with a word that shows that the second phrase is repeating the first one, not saying something additional as modeled in the UST. See how you as a team have decided to translate the parallel phrases in poetry, and follow that approach here and throughout this chapter. Alternate translation: [I have recorded all of the evil things that Ephraim has done]
13:12	gffy		rc://*/ta/man/translate/figs-metaphor	צָרוּר֙ עֲוֺ֣ן אֶפְרָ֔יִם צְפוּנָ֖ה חַטָּאתֽ⁠וֹ	1	The speaker is speaking of all of Ephraim’s sinfulness as if it were a physical object that is **bound up** and **stored up** to be kept for the future. Your language may have a comparable expression that you can use in your translation, or you could state the meaning plainly. Alternate translation: [I have remembered the iniquity of Ephraim; I have kept a record of his sin for future punishment]
13:12	idgd		rc://*/ta/man/translate/figs-abstractnouns	עֲוֺ֣ן	1	If your language does not use an abstract noun for the idea of **iniquity**, you could express the same idea in another way. Alternate translation: [The wrong things done by]
13:13	uktb		rc://*/ta/man/translate/figs-metaphor	חֶבְלֵ֥י יֽוֹלֵדָ֖ה יָבֹ֣אוּ ל֑⁠וֹ	1	The speaker is speaking of the suffering that judgment will bring on the people as if it were **pains of a woman giving birth**. Your language may have a comparable expression that you can use in your translation, or you could state the meaning plainly. Alternate translation: [Intense suffering will come to him]
13:13	oewd		rc://*/ta/man/translate/figs-possession	לֹֽא־יַעֲמֹ֖ד בְּ⁠מִשְׁבַּ֥ר בָּנִֽים	1	The speaker is using the possessive form to describe a **womb opening** that is characterized by being the place through which **sons** are born. If a speaker of your language would not use the possessive form for this, you could express this idea in another way. Alternate translation: [he refused to come out at the opening where babies are born]
13:14	i0ez		rc://*/ta/man/translate/figs-explicit	מִ⁠יַּ֤ד שְׁאוֹל֙ אֶפְדֵּ֔⁠ם מִ⁠מָּ֖וֶת אֶגְאָלֵ֑⁠ם	1	These phrases could be: (1) expressions of Yahweh’s frustration that he wants to redeem the people of Israel, but their sin and rebellion keep him from doing so, as in the ULT and UST, or (2) promises that Yahweh will redeem the people of Israel. Alternate translation: [From the hand of Sheol I will ransom them; from death I will redeem them] or (3) questions that expect a negative answer. Alternate translation: [From the hand of Sheol should I ransom them? No! From death should I redeem them? No]
13:14	k19g		rc://*/ta/man/translate/figs-metonymy	מִ⁠יַּ֤ד שְׁאוֹל֙	1	Here, **hand** represents the power or grip of Sheol, the place of the dead. If it would be helpful in your language, you could use an equivalent expression or plain language. Alternate translation: [From the power of death]
13:14	k7vf		rc://*/ta/man/translate/figs-apostrophe	אֱהִ֨י דְבָרֶי⁠ךָ֜ מָ֗וֶת אֱהִ֤י קָֽטָבְ⁠ךָ֙ שְׁא֔וֹל	1	Yahweh is speaking to **Death** and **Sheol**, which he knows cannot hear him. He is doing this to communicate to the people listening to him that he feels very strongly that they deserve death. If it would be helpful in your language, you could translate these words as if he were speaking directly to the people about Death and Sheol. Alternate translation: [Where are the plague and destruction that bring death]
13:14	sjot		rc://*/ta/man/translate/figs-rquestion	אֱהִ֨י דְבָרֶי⁠ךָ֜ מָ֗וֶת אֱהִ֤י קָֽטָבְ⁠ךָ֙ שְׁא֔וֹל	1	The meaning of these two questions could be: (1) that Yahweh is calling on Death to bring out its plagues and for Sheol to bring out its destructive forces. If a speaker of your language would not use the question form for that purpose, you could translate these questions as statements or as exclamations. Alternate translation: [Bring your plagues, Death! Bring your destruction, Sheol!] or (2) that the plagues of Death and the destruction of Sheol are nowhere to be found. If you decided to translate the first two phrases of this verse as promises that Yahweh will redeem the people of Israel, then you may want to choose this option. Alternate translation: [Your plagues have gone missing, Death! Your destruction is gone, Sheol!]
13:14	qo7o		rc://*/ta/man/translate/figs-abstractnouns	קָֽטָבְ⁠ךָ֙	1	If your language does not use an abstract noun for the idea of **your destruction**, you could express the same idea in another way. Alternate translation: [your power to destroy]
13:14	wxmd		rc://*/ta/man/translate/figs-metaphor	נֹ֖חַם יִסָּתֵ֥ר מֵ⁠עֵינָֽ⁠י	1	Here Yahweh is speaking as if his **Relenting** toward Israel were a thing that could be **hidden from my eyes**, out of his sight so that he could not act on it. He means that he will not change his mind and show mercy to Israel. Your language may have a comparable expression that you can use in your translation, or you could state the meaning plainly. Alternate translation: [I will not change my mind about this]
13:15	j7r2		rc://*/ta/man/translate/writing-pronouns	ה֔וּא בֵּ֥ן אַחִ֖ים יַפְרִ֑יא	1	The pronoun **he** refers to Ephraim. It may be helpful to clarify this for your readers. Alternate translation: [Ephraim, among brothers, he bears fruit]
13:15	by7v		rc://*/ta/man/translate/figs-metaphor	בֵּ֥ן אַחִ֖ים יַפְרִ֑יא	1	The speaker is speaking of Ephraim prospering more than the other tribes as if he were a plant that **bears fruit**. Your language may have a comparable expression that you can use in your translation, or you could state the meaning plainly. Alternate translation: [in comparison to his brothers, he prospers]
13:15	i7mr		rc://*/ta/man/translate/figs-metaphor	יָב֣וֹא קָדִים֩ ר֨וּחַ יְהוָ֜ה	1	The speaker is speaking of the destructive judgment of the enemies from the east that Yahweh will send, **the wind of Yahweh**, as if it were **an easterly**, a scorching wind from the east. Your language may have a comparable expression that you can use in your translation, or you could state the meaning plainly. Alternate translation: [a destroyer sent by Yahweh will come]
13:15	nwhb		rc://*/ta/man/translate/figs-parallelism	וְ⁠יֵב֤וֹשׁ מְקוֹר⁠וֹ֙ וְ⁠יֶחֱרַ֣ב מַעְיָנ֔⁠וֹ	1	These two clauses mean basically the same thing. The second emphasizes the meaning of the first by repeating the same idea with different words. If it would be helpful to your readers, you could combine them and express the emphasis in another way as in the UST. Another approach would be to connect the phrases with a word that shows that the second phrase is repeating the first one, not saying something additional. Alternate translation: [and his fountain will dry up, indeed his spring as well]
13:15	dkf7		rc://*/ta/man/translate/translate-alternativereadings	וְ⁠יֵב֤וֹשׁ מְקוֹר⁠וֹ֙	1	The word translated as **will be ashamed** is a translation of the written Hebrew text. This reading, however, does not seem to make sense. Scholars suggest that two letters got switched from the original reading, which was the word meaning “will dry up.” The ancient Greek and Syriac translations also translated the word as “will dry up.” Alternate translation: [and his fountain will dry up]
13:15	yyja		rc://*/ta/man/translate/writing-pronouns	ה֣וּא יִשְׁסֶ֔ה	1	Yahweh is stating the pronoun **It** separately, even though the verb translated as **it will plunder** already includes this meaning. He is doing that to emphasize how completely the enemies will plunder them. If a speaker of your language would use an explicit pronoun for the same purpose, you may want to use that construction in your translation. If not, your language may have other ways of showing the meaning here. Alternate translation: [They will completely plunder]
13:15	go3n		rc://*/ta/man/translate/figs-possession	כְּלִ֥י חֶמְדָּֽה	1	The speaker is using the possessive form to describe a **vessel** that is characterized by being desirable and valuable. If a speaker of your language would not use the possessive form for this, you could express this idea in another way. Alternate translation: [every desirable possession]
13:16	e5xe		rc://*/ta/man/translate/figs-metonymy	שֹֽׁמְר֔וֹן	1	Here, **Samaria** represents the people who live in the city of Samaria, the capital of the northern kingdom. If it would be helpful in your language, you could use an equivalent expression or plain language. Alternate translation: [The people living in Samaria]
13:16	qvk2		rc://*/ta/man/translate/grammar-connect-logic-result	תֶּאְשַׁם֙ שֹֽׁמְר֔וֹן כִּ֥י מָרְתָ֖ה בֵּֽ⁠אלֹהֶ֑י⁠הָ	1	If it would be more natural in your language, you could reverse the order of these phrases, since the second phrase gives the reason for the result that the first phrase describes. Alternate translation: [Since Samaria has rebelled against her God, she will bear guilt]
13:16	ek4k		rc://*/ta/man/translate/writing-pronouns	מָרְתָ֖ה בֵּֽ⁠אלֹהֶ֑י⁠הָ בַּ⁠חֶ֣רֶב יִפֹּ֔לוּ עֹלְלֵי⁠הֶ֣ם יְרֻטָּ֔שׁוּ וְ⁠הָרִיּוֹתָ֖י⁠ו	1	The pronouns **she**, **her**, **they**, **their**, and **his** all refer to the people of Samaria. Throughout this verse, the pronouns vary between singular and plural and even gender. If it would be helpful in your language, you could use the singular masculine pronouns as is more common for consistency or use the plural throughout as modeled in the UST. Alternate translation: [he has rebelled against his God. By the sword he will fall; his young children will be dashed to pieces, and his pregnant women]
13:16	ninm		rc://*/ta/man/translate/figs-metonymy	בַּ⁠חֶ֣רֶב יִפֹּ֔לוּ	1	Here, **the sword** represents warfare and violent death in battle. If it would be helpful in your language, you could use an equivalent expression or plain language. Alternate translation: [They will die in battle]
13:16	s2ta		rc://*/ta/man/translate/writing-pronouns	יִפֹּ֔לוּ	1	The pronoun **they** refers to the people of Samaria. It may be helpful to clarify this for your readers. Alternate translation: [the people of Samaria will fall]
13:16	wnu0		rc://*/ta/man/translate/figs-activepassive	עֹלְלֵי⁠הֶ֣ם יְרֻטָּ֔שׁוּ	1	The expression **will be dashed to pieces** is a passive verbal form. If it would be unnatural to use that form, you could express the idea in active form or in another way that is natural in your language. Alternate translation: [their enemies will dash their young children to pieces]
13:16	rg6c		rc://*/ta/man/translate/figs-activepassive	וְ⁠הָרִיּוֹתָ֖י⁠ו יְבֻקָּֽעוּ	1	The expression **will be ripped open** is a passive verbal form. If it would be unnatural to use that form, you could express the idea in active form or in another way that is natural in your language. Alternate translation: [and their enemies will cut open their pregnant women]
14:intro	dcqo					# Hosea 14 Chapter Introduction\n\n## Structure and Formatting\n\nYahweh calls Israel to repentance and promises restoration\n\n1. Call to Israel to come back to Yahweh in repentance (1–3)\n2. Yahweh promises healing, restoration, and blessing (4–8)\n3. The wise walk in Yahweh’s ways (9)\n\n## Religious and Cultural Concepts in This Chapter\n\n### Repentance\n\nThe chapter urges Israel to “return” to Yahweh, abandoning idols and reliance on Assyria.\n\n## Translation Issues in This Chapter\n\n### Shifting speakers\n\nThe chapter moves between the prophet, the praying people, and Yahweh himself, often without explicit markers, so track the pronouns to see who is speaking.
14:1	nzym		rc://*/ta/man/translate/grammar-connect-logic-result	שׁ֚וּבָ⁠ה יִשְׂרָאֵ֔ל עַ֖ד יְהוָ֣ה אֱלֹהֶ֑י⁠ךָ כִּ֥י כָשַׁ֖לְתָּ בַּ⁠עֲוֺנֶֽ⁠ךָ	1	If it would be more natural in your language, you could reverse the order of these phrases, since the second phrase gives the reason for the result that the first phrase describes. Alternate translation: [Because you have stumbled in your iniquity, return, Israel, to Yahweh your God]
14:1	f2de		rc://*/ta/man/translate/figs-metaphor	שׁ֚וּבָ⁠ה יִשְׂרָאֵ֔ל עַ֖ד	1	The speaker is speaking to the Israelites as if they had physically been walking away but could **Return** to walk back to Yahweh. He means that they should repent of living in ways that are displeasing to Yahweh and instead live in the manner in which Yahweh wants people to live. If it would be helpful in your language, you could state the meaning plainly. Alternate translation: [You, Israel, should once again start obeying Yahweh]
14:1	u81f		rc://*/ta/man/translate/figs-possession	אֱלֹהֶ֑י⁠ךָ	1	The speaker is not using this possessive form **your God** to indicate that Israel possesses or controls Yahweh. Rather, he is using these words to indicate that Yahweh is the God whom Israel was meant to worship. Alternate translation: [the God whom you worship]
14:1	qr3e		rc://*/ta/man/translate/figs-metaphor	כָשַׁ֖לְתָּ בַּ⁠עֲוֺנֶֽ⁠ךָ	1	The speaker is speaking of the ruin that the people’s sin has brought upon them as if they had physically **stumbled**. Your language may have a comparable expression that you can use in your translation, or you could state the meaning plainly. Alternate translation: [you have fallen into ruin because of your iniquity]
14:1	q5tu		rc://*/ta/man/translate/figs-abstractnouns	בַּ⁠עֲוֺנֶֽ⁠ךָ	1	If your language does not use an abstract noun for the idea of **iniquity**, you could express the same idea in another way. Alternate translation: [because of your sinful ways]
14:2	zr4n		rc://*/ta/man/translate/figs-imperative	קְח֤וּ עִמָּ⁠כֶם֙ דְּבָרִ֔ים וְ⁠שׁ֖וּבוּ אֶל־יְהוָ֑ה אִמְר֣וּ אֵלָ֗י⁠ו	1	Here, the words **Take** and **Say** are imperatives, but they communicate an exhortation rather than a command. The speaker is encouraging the people to say the following words of repentance in order to **return to Yahweh**. If the imperative does not communicate an exhortation for your readers, then use a form in your language that communicates an exhortation or invitation. Alternate translation: [You should repent and return to Yahweh and say to him]
14:2	r3ml		rc://*/ta/man/translate/figs-imperative	כָּל־תִּשָּׂ֤א עָוֺן֙ וְ⁠קַח־ט֔וֹב	1	The words translated as **Take away** and **accept** are imperatives, but they communicate a polite request rather than a command. If the imperative does not communicate a polite request for your readers, then use a form in your language that communicates a polite request. It may be helpful to add an expression such as “please” to make this clear. Alternate translation: [Please take away all iniquity and please accept what is good]
14:2	in7p		rc://*/ta/man/translate/figs-metaphor	תִּשָּׂ֤א	1	Here the people are speaking of Yahweh forgiving their sins as if they were a mark that he could erase or **take away**. Your language may have a comparable expression that you can use in your translation, or you could state the meaning plainly. Alternate translation: [Forgive]
14:2	nd9q		rc://*/ta/man/translate/figs-abstractnouns	עָוֺן֙	1	If your language does not use an abstract noun for the idea of **iniquity**, you could express the same idea in another way. Alternate translation: [that we have done wrong]
14:2	svrg		rc://*/ta/man/translate/translate-alternativereadings	וּֽ⁠נְשַׁלְּמָ֥ה פָרִ֖ים שְׂפָתֵֽי⁠נוּ	1	The phrase **and let us repay with bulls of our lips** is a translation of the written Hebrew text, which compares a sincere prayer of obedience to the sacrifice of a bull (see [chapter 6:6](../06/06.md)). The ancient Greek translation, however, understood the word translated as “bulls” to be the word for “fruit.” Several modern translations follow this reading. You may want to follow the reading of the major translation in your area. Alternate translation: [and let us repay with the fruit of our lips]
14:2	pnx4		rc://*/ta/man/translate/figs-metonymy	פָרִ֖ים שְׂפָתֵֽי⁠נוּ	1	Here, **bulls of our lips** represents the words of praise and the vows that the people offer to Yahweh in place of animal sacrifices. If it would be helpful in your language, you could use an equivalent expression or plain language. Alternate translation: [with the praise from our lips in place of bull sacrifices]
14:3	whij		rc://*/ta/man/translate/figs-metonymy	עַל־סוּס֙ לֹ֣א נִרְכָּ֔ב	1	In this context, **horse** represent military strength so the people are saying they will not rely on military strength. Here the word **horse** is singular in form, but it refers to all horses as a group. If it would be helpful in your language, you could use the plural form of “horse” or explain the meaning in plain language. Alternate translation: [we will not rely on our military strength]
14:3	irne		rc://*/ta/man/translate/figs-possession	אֱלֹהֵ֖י⁠נוּ	1	The people are not using this possessive form **Our God** to indicate that they possess or control a god. Rather, they are using these words to indicate the false god whom they worship. Alternate translation: [You are the god whom we worship]
14:3	qskz		rc://*/ta/man/translate/figs-metonymy	לְ⁠מַעֲשֵׂ֣ה יָדֵ֑י⁠נוּ	1	Here, **the work of our hands** represents the idols that the people have made with their hands. If it would be helpful in your language, you could use an equivalent expression or plain language. Alternate translation: [to the idols we have made with our hands]
14:3	vi2v		rc://*/ta/man/translate/writing-pronouns	אֲשֶׁר־בְּ⁠ךָ֖	1	The pronoun **who** refers to Yahweh, to whom this speech is directed. It may be helpful to clarify this for your readers. It may also be helpful to start a new sentence here. Alternate translation: [It is by you, Yahweh, that]
14:3	et40		rc://*/ta/man/translate/figs-nominaladj	יָתֽוֹם	1	The people are using the adjective **fatherless** as a noun to mean a certain kind of person. Your language may use adjectives in the same way. If not, you can translate this adjective with an equivalent phrase. Alternate translation: [the fatherless person]
14:3	i6hv		rc://*/ta/man/translate/figs-activepassive	אֲשֶׁר־בְּ⁠ךָ֖ יְרֻחַ֥ם יָתֽוֹם	1	The expression **is shown compassion** is a passive verbal form. If it would be unnatural to use that form, you could express the idea in active form or in another way that is natural in your language. Alternate translation: [you are the one who shows compassion to the fatherless]
14:3	a8j4		rc://*/ta/man/translate/figs-abstractnouns	יְרֻחַ֥ם	1	If your language does not use an abstract noun for the idea of **compassion**, you could express the same idea in another way. Alternate translation: [is compassionately cared for]
14:4	lclx		rc://*/ta/man/translate/grammar-connect-logic-result	אֶרְפָּא֙ מְשׁ֣וּבָתָ֔⁠ם אֹהֲבֵ֖⁠ם נְדָבָ֑ה כִּ֛י שָׁ֥ב אַפִּ֖⁠י מִמֶּֽ⁠נּוּ	1	If it would be more natural in your language, you could reverse the order of these phrases, since the second phrase gives the reason for the result that the first phrase describes. Alternate translation: [Because my nose has turned away from them, I will heal their turning away; I will love them freely]
14:4	xvmb		rc://*/ta/man/translate/writing-quotations	אֶרְפָּא֙	1	This is the beginning of what Yahweh says. If it would be helpful to your readers, you could mark that this is a direct quote of Yahweh. Alternate translation: [Then Yahweh will respond, “I will heal]
14:4	g7vm		rc://*/ta/man/translate/figs-metaphor	אֶרְפָּא֙	1	Yahweh is speaking of forgiving the people and restoring their previous relationship as if he would **heal** them from a sickness. Your language may have a comparable expression that you can use in your translation, or you could state the meaning plainly. Alternate translation: [I will restore them from]
14:4	w4n3		rc://*/ta/man/translate/figs-metaphor	מְשׁ֣וּבָתָ֔⁠ם	1	Yahweh is speaking of the people’s abandonment of worshiping him to worshiping idols as if it were a physical **turning away** from following him. If it would be helpful in your language, you could state the meaning plainly. Alternate translation: [their abandonment of me] or [their rebellion against me]
14:4	rczp		rc://*/ta/man/translate/figs-idiom	אַפִּ֖⁠י	1	Yahweh is using **my nose** as part of a common expression of this culture, “the burning of his nose” which means that Yahweh is angry. If this phrase does not have that meaning for your readers, you could use a comparable expression from your language that does have that meaning, or you could state the meaning plainly. Alternate translation: [my anger]
14:4	rb8j		rc://*/ta/man/translate/figs-metaphor	שָׁ֥ב אַפִּ֖⁠י מִמֶּֽ⁠נּוּ	1	Here Yahweh is speaking of his anger as if it had been moving toward them but now **has turned away from them**. Your language may have a comparable expression that you can use in your translation, or you could state the meaning plainly. Alternate translation: [my anger at them has left] or [my fury with them has subsided]
14:5	csu8		rc://*/ta/man/translate/figs-simile	אֶהְיֶ֤ה כַ⁠טַּל֙ לְ⁠יִשְׂרָאֵ֔ל	1	The point of this comparison is that just as **the dew** brings moisture and life to plants, so Yahweh will bring nourishment and new life to **Israel**. If it would be helpful in your language, you could make this point explicitly. Alternate translation: [I will again nourish Israel just as the dew brings life to plants]
14:5	pif3		rc://*/ta/man/translate/figs-simile	יִפְרַ֖ח כַּ⁠שּֽׁוֹשַׁנָּ֑ה	1	The point of this comparison is that just as **the lily** blossoms with beauty, so the people of Israel will flourish and grow. If it would be helpful in your language, you could make this point explicitly. Alternate translation: [he will flourish beautifully, like a blossoming lily]
14:5	u2iu		rc://*/ta/man/translate/figs-simile	וְ⁠יַ֥ךְ שָׁרָשָׁ֖י⁠ו כַּ⁠לְּבָנֽוֹן	1	The point of this comparison is that just as the great trees of **Lebanon** send down deep, firm roots, so the people of Israel will become strong and firmly established. If it would be helpful in your language, you could make this point explicitly. Alternate translation: [and he will become strong and firmly established, like the deep-rooted trees of Lebanon]
14:6	n2m1		rc://*/ta/man/translate/figs-metaphor	יֵֽלְכוּ֙ יֹֽנְקוֹתָ֔י⁠ו	1	Yahweh is speaking of the people of Israel as if they were a plant whose **shoots** spread out and grow. He means that they will increase in influence and prosperity. Your language may have a comparable expression that you can use in your translation, or you could state the meaning plainly. Alternate translation: [The people of Israel will spread its influence and prosper]
14:6	jaf3		rc://*/ta/man/translate/figs-simile	וִ⁠יהִ֥י כַ⁠זַּ֖יִת הוֹד֑⁠וֹ	1	The point of this comparison is that just as **the olive tree** is beautiful and majestic, so the people of Israel will be splendid. If it would be helpful in your language, you could make this point explicitly. Alternate translation: [and he will be as splendid as the majestic olive tree]
14:6	m3tb		rc://*/ta/man/translate/figs-abstractnouns	הוֹד֑⁠וֹ	1	If your language does not use an abstract noun for the idea of **splendor**, you could express the same idea in another way. Alternate translation: [how splendid he looks]
14:6	xplh		rc://*/ta/man/translate/figs-simile	וְ⁠רֵ֥יחַֽ ל֖⁠וֹ כַּ⁠לְּבָנֽוֹן	1	The point of this comparison is that just as the cedar forests of **Lebanon** give off a pleasant fragrance, so the people of Israel will be pleasing and delightful. If it would be helpful in your language, you could make this point explicitly. Alternate translation: [and he will be as pleasing as the fragrant forests of Lebanon]
14:7	zagp		rc://*/ta/man/translate/figs-metaphor	יָשֻׁ֨בוּ֙	1	Here the speaker is speaking of the people of Israel resuming a right relationship with Yahweh as if they would **return** to a place from which they had gone away. Your language may have a comparable expression that you can use in your translation, or you could state the meaning plainly. Alternate translation: [They will once again be]
14:7	c9ri		rc://*/ta/man/translate/figs-metaphor	יֹשְׁבֵ֣י בְ⁠צִלּ֔⁠וֹ	1	The speaker is speaking of Yahweh’s protection as if it were a **shadow** in which people could dwell and find shelter. Your language may have a comparable expression that you can use in your translation, or you could state the meaning plainly. Alternate translation: [those who live under his protection]
14:7	sz2p		rc://*/ta/man/translate/writing-pronouns	בְ⁠צִלּ֔⁠וֹ & זִכְר֖⁠וֹ	1	Here, **his** could refer to: (1) Yahweh, who covers the people of Israel with his **shadow**, Alternate translation: [in Yahweh’s shadow] or (2) the nation of Israel, which covers the people of Israel with its **shadow**. Alternate translation: [in its shadow … Its remembrance]
14:7	ydky		rc://*/ta/man/translate/figs-simile	וְ⁠יִפְרְח֣וּ כַ⁠גָּ֑פֶן	1	The point of this comparison is that just as **the vine** produces an abundant harvest, so the people of Israel will flourish and multiply. If it would be helpful in your language, you could make this point explicitly. Alternate translation: [and flourish abundantly, just as a vine produces a rich harvest]
14:7	er3f		rc://*/ta/man/translate/figs-simile	זִכְר֖⁠וֹ כְּ⁠יֵ֥ין לְבָנֽוֹן	1	The point of this comparison is that just as **the wine of Lebanon** was famous and highly valued, so **His remembrance** will be renowned. If it would be helpful in your language, you could make this point explicitly. Alternate translation: [People will honor his remembrance as much as they prize the famous wine of Lebanon]
14:7	m4nv		rc://*/ta/man/translate/figs-abstractnouns	זִכְר֖⁠וֹ כְּ⁠יֵ֥ין לְבָנֽוֹן	1	If your language does not use an abstract noun for the idea of **remembrance**, you could express the same idea in another way. Alternate translation: [People will be as favorable to Yahweh as they are to the wine of Lebanon]
14:8	v7s5		rc://*/ta/man/translate/figs-rquestion	אֶפְרַ֕יִם מַה־לִּ֥⁠י ע֖וֹד לָֽ⁠עֲצַבִּ֑ים	1	Yahweh is using the question form to state emphatically that he wants nothing more to do with **idols**. If a speaker of your language would not use the question form for that purpose, you could translate this as a statement or as an exclamation. Alternate translation: [Ephraim, I want to no longer have anything to do with idols!]
14:8	ohxj		rc://*/ta/man/translate/figs-metonymy	אֶפְרַ֕יִם	1	As throughout the book of Hosea, **Ephraim**, the name of the largest of the northern tribes, represents the entire northern kingdom of Israel. If it would be helpful in your language, you could use an equivalent expression or plain language. Alternate translation: [People of the northern kingdom of Israel]
14:8	dpid		rc://*/ta/man/translate/figs-idiom	מַה־לִּ֥⁠י ע֖וֹד לָֽ⁠עֲצַבִּ֑ים	1	Yahweh is using **what to me** as a common expression of the culture to mean “I have nothing to do with.” Yahweh is expressing that he is disgusted by the people of Ephraim mixing idol worship with worship of Yahweh. If this phrase does not have that meaning for your readers, you could use a comparable expression from your language that does have that meaning, or you could state the meaning plainly. Alternate translation: [Why are you still worshiping both me and idols] or [I am sick and tired of you worshiping both me and idols!] or [I do not want anything more to do with idols.]
14:8	ds88		rc://*/ta/man/translate/writing-pronouns	אֲנִ֧י עָנִ֣יתִי וַ⁠אֲשׁוּרֶ֗⁠נּוּ	1	Yahweh is stating the pronoun **I** separately, even though the verbs translated as **I have answered** and **I will look after** already include this meaning. He is doing that to emphasize that he himself is the one who answers and cares for his people. If a speaker of your language would use an explicit pronoun for the same purpose, you may want to use that construction in your translation. If not, your language may have other ways of showing the meaning here. Alternate translation: [I myself have answered and will look after him]
14:8	fjxx		rc://*/ta/man/translate/figs-simile	אֲנִי֙ כִּ⁠בְר֣וֹשׁ רַֽעֲנָ֔ן	1	The point of this comparison is that just as **a luxuriant cypress** stays green and provides shade and shelter, so Yahweh continually provides for and protects his people. If it would be helpful in your language, you could make this point explicitly. Alternate translation: [I continually provide for and protect you, as a flourishing cypress tree gives shade and shelter]
14:8	i58h		rc://*/ta/man/translate/figs-metaphor	מִמֶּ֖⁠נִּי פֶּרְיְ⁠ךָ֥ נִמְצָֽא	1	Yahweh is speaking of the blessings and prosperity that he gives to his people as if they were **fruit** that comes from him. Your language may have a comparable expression that you can use in your translation, or you could state the meaning plainly. Alternate translation: [your prosperity comes from me]
14:9	hqvh		rc://*/ta/man/translate/figs-rquestion	מִ֤י חָכָם֙ וְ⁠יָ֣בֵֽן אֵ֔לֶּה נָב֖וֹן וְ⁠יֵֽדָעֵ֑⁠ם	1	The speaker is using the question form to challenge his readers to be **wise** and **Discerning** enough to understand and heed his message. If a speaker of your language would not use the question form for that purpose, you could translate these questions as statements. Alternate translation: [Let the one who is wise understand these things, and let the one who is discerning know them]
14:9	aabe		rc://*/ta/man/translate/figs-ellipsis	נָב֖וֹן	1	The speaker is leaving out some of the words that in many languages a sentence would need in order to be complete. You can supply these words from the context if that would be clearer in your language. Alternate translation: [Who is discerning]
14:9	c218		rc://*/ta/man/translate/figs-metaphor	יְשָׁרִ֞ים דַּרְכֵ֣י יְהוָ֗ה וְ⁠צַדִּקִים֙ יֵ֣לְכוּ בָ֔⁠ם וּ⁠פֹשְׁעִ֖ים יִכָּ֥שְׁלוּ בָֽ⁠ם	1	The speaker is speaking of how Yahweh wants people to live as if it were **the ways of Yahweh**, that is, paths to walk on. He speaks of obeying Yahweh as **the righteous will walk** on these paths and of disobeying as **stumbling** on them. Your language may have a comparable expression that you can use in your translation, or you could state the meaning plainly. Alternate translation: [what Yahweh commands is right, and righteous people will obey him, but rebellious people will disobey him and be ruined]
14:9	t00f		rc://*/ta/man/translate/figs-nominaladj	וְ⁠צַדִּקִים֙	1	The speaker is using the adjective **righteous** as a noun to mean a certain kind of person. Your language may use adjectives in the same way. If not, you can translate this adjective with an equivalent phrase. Alternate translation: [and righteous people]
