Reference	ID	Tags	SupportReference	Quote	Occurrence	Note
front:intro	zxy7				0	# Introduction to Lamentations\n\n## Part 1: General Introduction\n\n### Outline of Lamentations\n\n1. First poem: Lament over the desolation of Jerusalem (1:1–22)\n2. Second poem: Yahweh has punished Zion (2:1–22)\n3. Third poem: Suffering and hope in Yahweh’s faithfulness (3:1–66)\n4. Fourth poem: The destruction of Jerusalem’s people and leaders (4:1–22)\n5. Fifth poem: A communal prayer for restoration (5:1–22)\n\n### What is the book of Lamentations about?\n\nThe Babylonians destroyed Jerusalem in 586 B.C., burned the temple, and took most of the people into exile. Lamentations is a collection of five poems responding to this catastrophe. The poems express deep grief over the loss of the city and its people, confess that the destruction came as divine judgment for sin, and close with a prayer for Yahweh to restore his people. Central to the book is the declaration in chapter 3 that Yahweh’s covenant faithfulness never ends.\n\n### Who wrote the book of Lamentations?\n\nThe book does not name its author. The traditional view, held by Jewish and early Christian interpreters, is that the prophet Jeremiah wrote it. The writer appears to have been an eyewitness to the fall of Jerusalem, and the tone of mourning resembles portions of the book of Jeremiah. However, the book itself does not make this claim. Translators may follow the traditional attribution or leave the authorship unspecified.\n\n### How should the title of this book be translated?\n\nThis book is traditionally called “Lamentations.” Translators may use a descriptive title such as “Poems of Grief” or “Songs of Mourning.” If translators follow the tradition that Jeremiah wrote it, a title like “The Laments of Jeremiah” is also possible.\n\n## Part 2: Important Religious and Cultural Concepts\n\n### Did God abandon his people?\n\nThe poems often describe Yahweh as having rejected or abandoned Jerusalem. This is part of the honest expression of suffering under divine judgment, not a final theological conclusion. The author also affirms that Yahweh’s covenant faithfulness never ends and is renewed each morning ([3:22–23](../03/22.md)). Unlike the gods of other ancient Near Eastern nations, who were thought to abandon their cities because they were too weak to protect them, Yahweh abandoned Jerusalem because his people sinned against him.\n\n### What is a lament?\n\nA lament is a poem or song of grief and mourning. In the ancient Near East, people composed laments after the destruction of cities. The five poems in Lamentations are in this tradition, but they address Yahweh directly, confess sin, and express hope for restoration. Some scholars think the slow heavy rhythm of the Hebrew verse in this book reflects the weight of mourning.\n\n## Part 3: Important Translation Issues\n\n### The acrostic structure\n\nFour of the five poems in Lamentations use an acrostic pattern based on the Hebrew alphabet of 22 letters. In chapters 1, 2, and 4 each verse begins with a successive letter of the Hebrew alphabet. In chapter 3, groups of three consecutive verses share each letter, creating 66 verses in total. Chapter 5 has 22 verses matching the alphabet count but does not follow alphabetic order. This structure cannot be reproduced in most languages. Translators do not need to create an equivalent; a brief explanatory note may help readers appreciate the literary craftsmanship of the original.\n\n### The personification of Jerusalem as a woman\n\nThroughout Lamentations, the city of Jerusalem is addressed and described as a woman — a widow, a grieving mother, a disgraced princess. Neighboring nations are addressed the same way (for example, “the daughter of Edom” in [4:21](../04/21.md)). This literary technique helps readers feel the personal anguish of destruction. Translators should use feminine pronouns consistently when the text addresses the city in this way.\n\n### “let” and “may”\n\nThe ULT uses the English helping verbs “let” and “may” to show that a speaker is expressing a desire that something happen or that someone do something. It uses the verb “let” for more assertive expressions, and it uses the verb “may” for more deferential expressions. For example, when Jeremiah says in 3:28, “Let him sit alone and be silent,” he means “I want him to sit alone and be silent.” Languages that do not have a volitional form might say “He ought to sit alone and be silent,” or they might use an imperative, “Sit alone and be silent!” Translate this volitional form in the most natural way in your language to indicate that the speaker is expressing what he wants someone to do or what he wishes someone would do.
1:intro	nvgs				0	# Lamentations 1 Chapter Introduction\n\n## Structure and Formatting\n\nThis chapter is a lament over the destruction of Jerusalem and the exile of Judah’s people to Babylon. The narrator and personified Jerusalem alternate as speakers, mourning her desolation.\n\n## Religious and Cultural Concepts in This Chapter\n\n### Jerusalem personified as a woman\n\nThroughout this chapter, Jerusalem is addressed as a woman — a widow, a princess, a grieving mother. Translators should use feminine pronouns consistently for the city.\n\n## Translation Issues in This Chapter\n\n### Acrostic structure\n\nEach of the 22 verses begins with a successive letter of the Hebrew alphabet. Most languages cannot reproduce this pattern; a brief footnote may inform readers of this literary feature.
1:1	x1q9		rc://*/ta/man/translate/figs-personification	אֵיכָ֣ה ׀ יָשְׁבָ֣ה בָדָ֗ד הָ⁠עִיר֙ רַבָּ֣תִי עָ֔ם	1	The author is speaking of the city of Jerusalem as if it were a woman who could **sit alone** in mourning. If it would be helpful in your language, you could state the meaning plainly. See the Introduction to Lamentations for further discussion of the term and how to translate it here and throughout this book. Alternate translation: [How the city that was great with people is now deserted]
1:1	rsz0		rc://*/ta/man/translate/figs-simile	הָיְתָ֖ה כְּ⁠אַלְמָנָ֑ה רַּבָּ֣תִי בַ⁠גּוֹיִ֗ם	1	The point of this comparison is that just as **a widow** is alone, unprotected, and grieving, so is Jerusalem now without allies or support. If it would be helpful in your language, you could make this point explicitly. Alternate translation: [She has become alone and unprotected, though she was once great among the nations]
1:1	ifom		rc://*/ta/man/translate/figs-metaphor	שָׂרָ֨תִי֙ בַּ⁠מְּדִינ֔וֹת הָיְתָ֖ה לָ⁠מַֽס	1	Here the author is speaking as if Jerusalem were a **princess** who has been reduced to slavery. Your language may have a comparable expression that you can use in your translation, or you could state the meaning plainly. Alternate translation: [The city that once ruled over the provinces now serves them]
1:2	wgce		rc://*/ta/man/translate/figs-personification	בָּכ֨וֹ תִבְכֶּ֜ה בַּ⁠לַּ֗יְלָה וְ⁠דִמְעָתָ⁠הּ֙ עַ֣ל לֶֽחֱיָ֔⁠הּ	1	The author is speaking of the city of Jerusalem as if it were a woman who **weeps** and has **tears on her cheeks**. See the note on verse one. If it would be helpful in your language, you could state the meaning plainly. Alternate translation: [The people of Jerusalem weep bitterly in the night, and their tears are on their cheeks]
1:2	r4ss		rc://*/ta/man/translate/figs-parallelism	כָּל־רֵעֶ֨י⁠הָ֙ בָּ֣גְדוּ בָ֔⁠הּ הָ֥יוּ לָ֖⁠הּ לְ⁠אֹיְבִֽים	1	These two phrases mean basically the same thing. The second emphasizes the meaning of the first by repeating the same idea with different words. Hebrew poetry was based on this kind of repetition, and you may want to show this to your readers by including both phrases in your translation. If it is helpful, you could connect the phrases in a way that shows that the second phrase is repeating the first one, not saying something additional. Alternate translation: [All her companions have betrayed her; yes, they have become her enemies]
1:3	j4fy		rc://*/ta/man/translate/figs-abstractnouns	מֵ⁠עֹ֨נִי֙ וּ⁠מֵ⁠רֹ֣ב עֲבֹדָ֔ה	1	If your language does not use abstract nouns for the ideas of **affliction** and **greatness**, you could express the same ideas in other ways. Alternate translation: [where she suffers greatly under forced labor]
1:3	stoh		rc://*/ta/man/translate/figs-metaphor	לֹ֥א מָצְאָ֖ה מָנ֑וֹחַ	1	The author is speaking of having a secure and peaceful home as if it were a **resting place** that Judah could find. Your language may have a comparable expression that you can use in your translation, or you could state the meaning plainly. Alternate translation: [she finds no safe place to rest] or [she has found no peace and security]
1:3	vmxr		rc://*/ta/man/translate/figs-metaphor	בֵּ֥ין הַ⁠מְּצָרִֽים	1	Here the author is speaking as if being trapped with no escape were being caught **between the narrow passes** of a mountain gorge. Your language may have a comparable expression that you can use in your translation, or you could state the meaning plainly. Alternate translation: [in a place where they were trapped]
1:4	rhb2		rc://*/ta/man/translate/figs-personification	דַּרְכֵ֨י צִיּ֜וֹן אֲבֵל֗וֹת	1	The author is speaking of **the roads of Zion** as if they were a person who could mourn. He means that the roads are empty and unused. If it would be helpful in your language, you could state the meaning plainly. Alternate translation: [The roads of Zion are empty and unused]
1:5	l22z		rc://*/ta/man/translate/figs-parallelism	הָי֨וּ צָרֶ֤י⁠הָ לְ⁠רֹאשׁ֙ אֹיְבֶ֣י⁠הָ שָׁל֔וּ	1	These two phrases mean basically the same thing. The second emphasizes the meaning of the first by repeating the same idea with different words. Hebrew poetry was based on this kind of repetition, and you may want to show this to your readers by including both phrases in your translation. If it is helpful, you could connect the phrases in a way that shows that the second phrase is repeating the first one, not saying something additional. Alternate translation: [Her adversaries have become the head and are prospering]
1:5	xa6v		rc://*/ta/man/translate/figs-abstractnouns	עַ֣ל רֹב־פְּשָׁעֶ֑י⁠הָ	1	If your language does not use abstract nouns for the ideas of **greatness** and **transgressions**, you could express the same ideas in other ways. Alternate translation: [because she transgressed so greatly against him]
1:5	iqrx		rc://*/ta/man/translate/figs-activepassive	עוֹלָלֶ֛י⁠הָ הָלְכ֥וּ שְׁבִ֖י לִ⁠פְנֵי־צָֽר	1	The expression **Her children have gone away as captives** is a passive verbal form. If it would be unnatural to use that form, you could express the idea in active form or in another way that is natural in your language. If you need to say who does the action, the context indicates that it is the adversary. Alternate translation: [The adversary has taken her children away as captives]
1:6	iucx		rc://*/ta/man/translate/figs-metaphor	מן־בת־צִיּ֖וֹן	1	The author is speaking of Jerusalem and its people as if the city were a **daughter**. Your language may have a comparable expression that you can use in your translation, or you could state the meaning plainly. Alternate translation: [from Jerusalem] or [from the people of Zion]
1:6	u8hj		rc://*/ta/man/translate/figs-metaphor	כָּל־הֲדָרָ֑⁠הּ	1	Here the author is speaking as if Jerusalem’s **majesty** were a person or thing that could depart from her. Your language may have a comparable expression that you can use in your translation, or you could state the meaning plainly. Alternate translation: [all her honor has been lost]
1:6	gbav		rc://*/ta/man/translate/figs-abstractnouns	כָּל־הֲדָרָ֑⁠הּ	1	If your language does not use an abstract noun for the idea of **majesty**, you could express the same idea in another way. Alternate translation: [everything that made her majestic is gone]
1:6	c9k3		rc://*/ta/man/translate/figs-simile	הָי֣וּ שָׂרֶ֗י⁠הָ כְּ⁠אַיָּלִים֙ לֹא־מָצְא֣וּ מִרְעֶ֔ה	1	The point of this comparison is that just as **deer that have found no pasture** are weak and helpless, so are **Her princes** without strength or resources. If it would be helpful in your language, you could make this point explicitly. Alternate translation: [Her princes have become weak and helpless, like deer that have found no pasture]
1:6	azzj		rc://*/ta/man/translate/figs-abstractnouns	בְ⁠לֹא־כֹ֖חַ	1	If your language does not use an abstract noun for the idea of **strength**, you could express the same idea in another way. Alternate translation: [being completely weak]
1:7	rqh1		rc://*/ta/man/translate/figs-abstractnouns	יְמֵ֤י עָנְיָ⁠הּ֙ וּ⁠מְרוּדֶ֔י⁠הָ	1	If your language does not use abstract nouns for the ideas of **affliction** and **wanderings**, you could express the same ideas in other ways. Alternate translation: [in the days when she was afflicted and displaced]
1:7	eu7g		rc://*/ta/man/translate/figs-idiom	בִּ⁠נְפֹ֧ל עַמָּ֣⁠הּ בְּ⁠יַד־צָ֗ר	1	The author is using **fell into the hand of** as a common expression of the culture to mean “came under the power of.” If this phrase does not have that meaning for your readers, you could use a comparable expression from your language that does have that meaning, or you could state the meaning plainly. Alternate translation: [When her people came under the power of the adversary]
1:8	wm66		rc://*/ta/man/translate/figs-metaphor	לְ⁠נִידָ֣ה הָיָ֑תָה	1	Here the author is speaking as if Jerusalem were an object of ritual **abhorrence**, something that people treat as defiling and avoid. Your language may have a comparable expression that you can use in your translation, or you could state the meaning plainly. Alternate translation: [she has become something people avoid]
1:8	on2p		rc://*/ta/man/translate/figs-explicit	עֶרְוָתָ֔⁠הּ	1	By **her nakedness**, the author means her naked body is being exposed to shame before her enemies. You could indicate this explicitly in your translation if that would be helpful to your readers. Alternate translation: [how shamefully exposed she is]
1:8	zbxf		rc://*/ta/man/translate/translate-symaction	וַ⁠תָּ֥שָׁב אָחֽוֹר	1	Turning backward was a symbolic action by which Jerusalem showed her shame and disgrace before those who saw her. If it would be helpful to your readers, you could explain the significance of this action in the text of your translation or in a footnote. Alternate translation: [and retreated in shame]
1:9	gc9s		rc://*/ta/man/translate/figs-euphemism	טֻמְאָתָ֣⁠הּ בְּ⁠שׁוּלֶ֗י⁠הָ	1	The author is referring to menstrual impurity in a polite way by using the phrase **Her uncleanness is in her skirts**. He uses this image to characterize Jerusalem’s profound defilement before God. Depending on what is helpful for your readers, you could use a polite way of referring to this in your language, or you could state this plainly. Alternate translation: [She is as unclean as a woman in her menstrual impurity] or [She is deeply defiled by her sin]
1:9	xzwo		rc://*/ta/man/translate/figs-abstractnouns	טֻמְאָתָ֣⁠הּ	1	If your language does not use an abstract noun for the idea of **uncleanness**, you could express the same idea in another way. Alternate translation: [The way she has made herself impure]
1:9	ip2t		rc://*/ta/man/translate/figs-abstractnouns	אַחֲרִיתָ֔⁠הּ	1	If your language does not use an abstract noun for the idea of **her end**, you could express the same idea in another way. Alternate translation: [what would happen to her as a result]
1:9	ltsm		rc://*/ta/man/translate/figs-metaphor	וַ⁠תֵּ֣רֶד פְּלָאִ֔ים	1	The author is speaking of Jerusalem’s ruin as if she were going **down** to a lower place. Your language may have a comparable expression that you can use in your translation, or you could state the meaning plainly. Alternate translation: [And she was brought to ruin in an astonishing way]
1:9	cayc		rc://*/ta/man/translate/figs-rpronouns	הִגְדִּ֖יל אוֹיֵֽב	1	The word **himself** indicates that the object of the verb is the same as the subject of the verb. Use a way that is natural in your language to indicate that the enemy is the one doing the action to himself. Alternate translation: [the enemy has boasted greatly]
1:10	zilz		rc://*/ta/man/translate/figs-idiom	יָד⁠וֹ֙ פָּ֣רַשׂ צָ֔ר עַ֖ל כָּל־מַחֲמַדֶּ֑י⁠הָ	1	The author is using **spread out his hand over** as a common expression of the culture to mean “seized and took possession of.” If this phrase does not have that meaning for your readers, you could use a comparable expression from your language that does have that meaning, or you could state the meaning plainly. Alternate translation: [The adversary has seized all her precious things]
1:11	c9uj		rc://*/ta/man/translate/figs-synecdoche	מְבַקְּשִׁ֣ים לֶ֔חֶם	1	The author is using one kind of food, **bread**, to mean food in general. If it would be helpful in your language, you could state the meaning plainly. Alternate translation: [seeking food]
1:11	lqhr		rc://*/ta/man/translate/figs-abstractnouns	לְ⁠הָשִׁ֣יב נָ֑פֶשׁ	1	If your language does not use an abstract noun for the idea of **life**, you could express the same idea in another way. Alternate translation: [to keep themselves alive]
1:11	eu0r		rc://*/ta/man/translate/figs-quotations	רְאֵ֤ה יְהוָה֙ וְֽ⁠הַבִּ֔יטָ⁠ה כִּ֥י הָיִ֖יתִי זוֹלֵלָֽה	1	It would be good to present this as a direct quotation, if possible, to show that the city of Jerusalem is speaking to Yahweh.
1:12	k5id		rc://*/ta/man/translate/figs-apostrophe	ל֣וֹא אֲלֵי⁠כֶם֮ כָּל־עֹ֣בְרֵי דֶרֶךְ֒	1	Jerusalem is speaking to **all you who pass along the way**, people who are not in conversation with her. She is doing this to communicate to the people listening to her that she feels very strongly about her suffering. If it would be helpful in your language, you could translate these words as if she were speaking directly to the people about the passers–by. It would be good to present [verse12](../01/12.md) through [verse16](../01/16.md) as a direct quotation, if possible, to show that Jerusalem is speaking to the people. Alternate translation: [Is it nothing to all those who pass along the way]
1:12	labc		rc://*/ta/man/translate/figs-rquestion	ל֣וֹא אֲלֵי⁠כֶם֮ כָּל־עֹ֣בְרֵי דֶרֶךְ֒	1	Jerusalem is using the question form to emphasize that the passers–by should pay attention to its suffering and that no one has ever suffered as it has. If a speaker of your language would not use the question form for that purpose, you could translate this question as a statement or as an exclamation. Alternate translation: [You who pass along the way should care deeply about what has happened to me.]
1:12	z89v		rc://*/ta/man/translate/figs-idiom	בְּ⁠י֖וֹם חֲר֥וֹן אַפּֽ⁠וֹ	1	The speaker is using **the day of his burning anger** as a common expression of the culture to mean the time when Yahweh expressed his fierce anger in judgment. If this phrase does not have that meaning for your readers, you could use a comparable expression from your language that does have that meaning, or you could state the meaning plainly. Alternate translation: [at the time when he was fiercely angry]
1:13	gb10		rc://*/ta/man/translate/figs-metaphor	מִ⁠מָּר֛וֹם שָֽׁלַח־אֵ֥שׁ בְּ⁠עַצְמֹתַ֖⁠י וַ⁠יִּרְדֶּ֑⁠נָּה	1	Jerusalem is speaking as if God’s judgment were **fire** that **he sent** from heaven into her **bones** and that **ruled over them**. Your language may have a comparable expression that you can use in your translation, or you could state the meaning plainly. Alternate translation: [From on high he sent suffering deep inside me, and it overwhelmed me]
1:13	bc3a		rc://*/ta/man/translate/figs-metaphor	פָּרַ֨שׂ רֶ֤שֶׁת לְ⁠רַגְלַ⁠י֙ הֱשִׁיבַ֣⁠נִי אָח֔וֹר	1	Here Jerusalem is speaking as if God were a hunter who **spread a net** to catch prey and **turned** her **back** so she could not escape. Your language may have a comparable expression that you can use in your translation, or you could state the meaning plainly. Alternate translation: [He trapped me and kept me from going forward]
1:14	ifur		rc://*/ta/man/translate/figs-metaphor	נִשְׂקַד֩ עֹ֨ל פְּשָׁעַ֜⁠י בְּ⁠יָד֗⁠וֹ יִשְׂתָּֽרְג֛וּ עָל֥וּ עַל־צַוָּארִ֖⁠י	1	Here Jerusalem is speaking as if her sins were **a yoke** that was **bound fast** and **intertwined** and placed on her **neck**, like the wooden frame placed on the neck of a draft animal to control it. Your language may have a comparable expression that you can use in your translation, or you could state the meaning plainly. Alternate translation: [My sins have completely overpowered me] or [Yahweh has made my sins control me completely]
1:14	obmy		rc://*/ta/man/translate/figs-activepassive	נִשְׂקַד֩ עֹ֨ל פְּשָׁעַ֜⁠י	1	The expression **The yoke of my transgressions was bound fast** is a passive verbal form. If it would be unnatural to use that form, you could express the idea in active form or in another way that is natural in your language. If you need to say who does the action, the context indicates that it is God. Alternate translation: [He bound fast the yoke of my transgressions]
1:14	nklm		rc://*/ta/man/translate/figs-abstractnouns	פְּשָׁעַ֜⁠י	1	If your language does not use an abstract noun for the idea of **transgressions**, you could express the same idea in another way. Alternate translation: [of the ways I transgressed]
1:14	c7wi		rc://*/ta/man/translate/figs-abstractnouns	כֹּחִ֑⁠י	1	If your language does not use an abstract noun for the idea of **strength**, you could express the same idea in another way. Alternate translation: [me to become weak]
1:15	dx35		rc://*/ta/man/translate/figs-metaphor	גַּ֚ת דָּרַ֣ךְ אֲדֹנָ֔⁠י לִ⁠בְתוּלַ֖ת בַּת־יְהוּדָֽה	1	Here Jerusalem is speaking as if the Lord were a person who has **trodden the winepress**, crushing grapes underfoot. She means that the Lord has crushed the people of Judah in judgment. If this image communicates well in your language, please use it. If not, you could express this as a comparison. Alternate translation: [The Lord has crushed the virgin daughter of Judah like grapes in a winepress]
1:15	zdp2		rc://*/ta/man/translate/figs-metaphor	לִ⁠בְתוּלַ֖ת בַּת־יְהוּדָֽה	1	Jerusalem is speaking of the people of Judah as if they were a **virgin daughter**. Your language may have a comparable expression that you can use in your translation, or you could state the meaning plainly. Alternate translation: [for the people of Judah]
1:16	n4db		rc://*/ta/man/translate/figs-doublet	אֲנִ֣י בוֹכִיָּ֗ה עֵינִ֤⁠י ׀ עֵינִ⁠י֙ יֹ֣רְדָה מַּ֔יִם	1	The repetition of the phrases, **I, I am weeping** and **my eye, my eye** is an emphatic form. Jerusalem is using the repetition for emphasis to express the intensity of her weeping. If it would be clearer for your readers, you could express the emphasis with a single phrase. Alternate translation: [I am weeping; my eye is continually running down with water]
1:16	uqv5		rc://*/ta/man/translate/figs-metaphor	עֵינִ֤⁠י ׀ עֵינִ⁠י֙ יֹ֣רְדָה מַּ֔יִם	1	Here Jerusalem is speaking as if her **eye** were a stream of water **running down**. Your language may have a comparable expression that you can use in your translation, or you could state the meaning plainly. Alternate translation: [my tears are flowing constantly]
1:16	f8d9		rc://*/ta/man/translate/figs-genericnoun	מְנַחֵ֖ם	1	Jerusalem is not referring to a specific **comforter**. She means anyone in general who could comfort. If it would be helpful to your readers, you could use an expression that would be more natural in your language. Alternate translation: [anyone to comfort me]
1:16	q57q		rc://*/ta/man/translate/figs-metaphor	מֵשִׁ֣יב נַפְשִׁ֑⁠י	1	Jerusalem is speaking of her **life** as if it were something that could be restored and given back to her. Your language may have a comparable expression that you can use in your translation, or you could state the meaning plainly. Alternate translation: [who could revive my strength]
1:17	v4lc		rc://*/ta/man/translate/figs-personification	פֵּֽרְשָׂ֨ה צִיּ֜וֹן בְּ⁠יָדֶ֗י⁠הָ	1	The author is speaking of **Zion** as if it were a woman who could **spread out her hands** in a gesture of pleading. If it would be helpful in your language, you could state the meaning plainly. Alternate translation: [The people of Zion plead for help]
1:17	sqy3		rc://*/ta/man/translate/figs-metaphor	הָיְתָ֧ה יְרוּשָׁלִַ֛ם לְ⁠נִדָּ֖ה בֵּינֵי⁠הֶֽם	1	Here the author is speaking as if Jerusalem were an object of ritual **abhorrence**, something that the surrounding nations treat as defiling and avoid. See the note on [verse 8](../01/08.md). Your language may have a comparable expression that you can use in your translation, or you could state the meaning plainly. Alternate translation: [Jerusalem has become something all the surrounding nations consider filthy]
1:18	mowh		rc://*/ta/man/translate/figs-personification	צַדִּ֥יק ה֛וּא יְהוָ֖ה כִּ֣י פִ֣י⁠הוּ מָרִ֑יתִי	1	It would be good to present [verse18](../01/11.md) through [verse22](../01/22.md) as a direct quotation, if possible, to show that the city of Jerusalem is speaking. In [verses18–19], Jerusalem speaks to passers–by, and in [20–22] she speaks directly to Yahweh.
1:18	jyib		rc://*/ta/man/translate/figs-metonymy	כִּ֣י פִ֣י⁠הוּ מָרִ֑יתִי	1	Here, **his mouth** represents his commands. If it would be helpful in your language, you could use an equivalent expression or plain language. Alternate translation: [for I have rebelled against his commands]
1:18	t3uz		rc://*/ta/man/translate/figs-apostrophe	כָל־עמים	1	Jerusalem is speaking to **all peoples**. She is doing this to communicate to the people listening that she feels very strongly about her suffering. If it would be helpful in your language, you could translate these words as if she were speaking directly to the people as in the UST.
1:19	jrc0		rc://*/ta/man/translate/figs-doublet	הֵ֣מָּה רִמּ֔וּ⁠נִי	1	The repetition of the pronoun **they, they** is an emphatic form. Jerusalem is using the repetition for emphasis to express the depth of betrayal. If it would be clearer for your readers, you could express the emphasis with a single phrase. Alternate translation: [they completely deceived me]
1:19	cf6f		rc://*/ta/man/translate/figs-euphemism	גָּוָ֑עוּ	1	Jerusalem is referring to death in a polite way by using the word **expired**. Depending on what is helpful for your readers, you could use a polite way of referring to this in your language, or you could state this plainly. Alternate translation: [passed away] or [died]
1:20	ot10		rc://*/ta/man/translate/figs-imperative	רְאֵ֨ה יְהוָ֤ה כִּֽי־צַר־לִ⁠י֙	1	This is an imperative, but it communicates a polite request rather than a command. Jerusalem is urgently appealing to Yahweh to observe her suffering. If the imperative does not communicate a polite request for your readers, then use a form in your language that communicates a polite request. Alternate translation: [Please see, Yahweh, that I am in distress]
1:20	e9y0		rc://*/ta/man/translate/figs-metonymy	מֵעַ֣⁠י חֳמַרְמָ֔רוּ	1	Here, **my inward parts** represent deep emotions. If it would be helpful in your language, you could use an equivalent expression or plain language. Alternate translation: [I am deeply distressed]
1:20	r8cg		rc://*/ta/man/translate/figs-metaphor	נֶהְפַּ֤ךְ לִבִּ⁠י֙ בְּ⁠קִרְבִּ֔⁠י	1	Here Jerusalem is speaking as if her **heart** had been physically **overturned within** her. She means that she is in complete emotional anguish. Your language may have a comparable expression that you can use in your translation, or you could state the meaning plainly. Alternate translation: [I am in total anguish within myself]
1:20	b3kv		rc://*/ta/man/translate/figs-activepassive	נֶהְפַּ֤ךְ לִבִּ⁠י֙ בְּ⁠קִרְבִּ֔⁠י	1	The expression **my heart has been overturned** is a passive verbal form. If it would be unnatural to use that form, you could express the idea in active form or in another way that is natural in your language. If you need to say who does the action, the context indicates that it is God. Alternate translation: [God has overturned my heart within me]
1:20	veox		rc://*/ta/man/translate/figs-merism	מִ⁠ח֥וּץ שִׁכְּלָה־חֶ֖רֶב בַּ⁠בַּ֥יִת כַּ⁠מָּֽוֶת	1	Jerusalem is referring to all of the destruction by naming two extremes, **Outside** and **inside**. If it would be helpful in your language, you could use an equivalent expression or plain language. Alternate translation: [Everywhere there is death, both outside in the streets and inside the buildings]
1:21	vdsa		rc://*/ta/man/translate/figs-genericnoun	אֵ֤ין מְנַחֵם֙ לִ֔⁠י	1	Jerusalem is not referring to a specific **comforter**. She means, in a general sense, someone who is willing or able to comfort her. See how you translated the same word in [verse16](../01/16.md). Alternate translation: [there is no one able to comfort me] or [there is no one willing to comfort me]
1:21	shfj		rc://*/ta/man/translate/figs-abstractnouns	רָֽעָתִ⁠י֙	1	If your language does not use an abstract noun for the idea of **calamity**, you could express the same idea in another way. Alternate translation: [the tragic events that we have experienced]
1:21	y25y		rc://*/ta/man/translate/figs-imperative3p	וְ⁠יִֽהְי֥וּ כָמֽוֹ⁠נִי	1	When Jerusalem says **and let them be like me**, she is saying what she wants God to do. Alternate translation: [and I desire that our enemies will suffer as we have] or [and God, you should require our enemies to experience the same]
1:22	hqlr		rc://*/ta/man/translate/figs-abstractnouns	פְּשָׁעָ֑⁠י	1	If your language does not use an abstract noun for the idea of **transgressions**, you could express the same idea in another way. Alternate translation: [the wrong actions I have done]
2:intro	w57v				0	# Lamentations 2 Chapter Introduction\n\n## Structure and Formatting\n\nLamentations 2 is a 22–verse acrostic poem; each verse begins with a successive letter of the Hebrew alphabet. The poet portrays Yahweh himself as a warrior and enemy who has brought destruction on Jerusalem and her people.\n\n## Religious and Cultural Concepts in This Lament\n\n### The daughter of Zion\n\nThe phrase “daughter of Zion” is an idiom, a common expression in the original language for referring to a city and its inhabitants. Translators should render this in a way that is clear and natural in their language.\n\n### The footstool of God\n\nThe temple in Jerusalem was spoken of as the footstool of God, the place where his presence rested on earth. This image makes the destruction of the temple especially shocking.\n\n## Translation Issues in This Chapter\n\n### Acrostic structure\n\nEach verse begins with a successive Hebrew letter (aleph through taw). Most languages cannot reproduce this pattern; a brief note explaining the acrostic to readers is sufficient.
2:1	efsq		rc://*/ta/man/translate/figs-exclamations	אֵיכָה֩ יָעִ֨יב בְּ⁠אַפּ֤⁠וֹ ׀ אֲדֹנָ⁠י֙ אֶת־בַּת־צִיּ֔וֹן	1	The exclamation **How** indicates that Jeremiah is expressing his grief and sorrow over what the Lord has done to Jerusalem. Your language may have its own way of expressing feelings of grief and sorrow. Alternate translation: [The Lord has covered with a cloud in his anger the daughter of Zion]
2:1	mtp4		rc://*/ta/man/translate/figs-metaphor	יָעִ֨יב	1	The writer is speaking of the Lord bringing judgment on Jerusalem as if the Lord **covered with a cloud** the city, that is, as if he brought darkness and gloom upon it. If your language has a comparable expression, you could use it. If not, you could state the meaning plainly. Alternate translation: [has darkened]
2:1	b19g		rc://*/ta/man/translate/figs-idiom	בְּ⁠אַפּ֤⁠וֹ	1	The writer is using the phrase **in his nose** as a common expression of the culture to mean that the Lord is angry. If this phrase does not have that meaning for your readers, use a comparable expression from your language that does have that meaning or state the meaning plainly. Alternate translation: [in his wrath]
2:1	nvaf		rc://*/ta/man/translate/figs-idiom	אֶת־בַּת־צִיּ֔וֹן	1	The writer is speaking of the people of Jerusalem as if they were a **daughter** of the city. This is a common expression in the original language for referring to a city and its inhabitants. If your language has a comparable expression, you could use it. If not, you could state the meaning plainly here and elsewhere in this lament. See the Lamentations 2 Introduction for more information. Alternate translation: [the people of Jerusalem]
2:1	x89p		rc://*/ta/man/translate/figs-metaphor	הִשְׁלִ֤יךְ מִ⁠שָּׁמַ֨יִם֙ אֶ֔רֶץ תִּפְאֶ֖רֶת יִשְׂרָאֵ֑ל	1	The writer is speaking of the Lord removing Israel’s honor as if the Lord had **cast down from heaven to earth the splendor of Israel**. The image of heaven represents a high and honored position, while earth represents a low and disgraced position. If your language has a comparable expression, you could use it. If not, you could state the meaning plainly. Alternate translation: [He has taken away the honor of Israel and made it a disgrace]
2:1	lbuq		rc://*/ta/man/translate/figs-abstractnouns	תִּפְאֶ֖רֶת יִשְׂרָאֵ֑ל	1	If your language does not use an abstract noun for the idea of **splendor**, you could express the same idea in another way. Alternate translation: [everything that made Israel splendid]
2:1	i5ta		rc://*/ta/man/translate/figs-metonymy	הֲדֹם־רַגְלָ֖י⁠ו	1	Here, **the footstool of his feet** represents the temple in Jerusalem, since the temple was considered the place where God’s presence rested on earth, as a king rests his feet on a footstool. If it would be helpful in your language, you could use an equivalent expression or plain language. Alternate translation: [his temple]
2:1	uwcy		rc://*/ta/man/translate/figs-possession	הֲדֹם־רַגְלָ֖י⁠ו	1	The writer is using the possessive form to describe a **footstool** that belongs to God, that is, the place where God rests his feet. This refers to the temple or the ark of the covenant. If a speaker of your language would not use the possessive form for this, you could express the idea in another way. Alternate translation: [the footstool where he rests his feet]
2:1	g36u		rc://*/ta/man/translate/figs-metonymy	בְּ⁠י֥וֹם אַפּֽ⁠וֹ	1	Here, **on the day of his nose** represents the time or occasion when God acted in judgment. If it would be helpful in your language, you could state the meaning plainly. Alternate translation: [on the occasion of his wrath]
2:2	vyel		rc://*/ta/man/translate/figs-metaphor	בִּלַּ֨ע אֲדֹנָ֜⁠י	1	The writer is speaking of the Lord completely destroying the settlements of Jacob as if the Lord has **swallowed** them **up**, as a person might consume food. If your language has a comparable expression, you could use it. If not, you could state the meaning plainly. Alternate translation: [The Lord has completely destroyed]
2:2	r48s		rc://*/ta/man/translate/figs-metonymy	אֵ֚ת כָּל־נְא֣וֹת יַעֲקֹ֔ב	1	Here, **all the pastures of Jacob** represents the dwelling places of the people of Israel, since pastures were the places where people lived and kept their flocks. If it would be helpful in your language, you could use an equivalent expression or plain language. Alternate translation: [all the dwelling places of the descendants of Jacob]
2:2	lc61		rc://*/ta/man/translate/figs-abstractnouns	בְּ⁠עֶבְרָת֛⁠וֹ	1	If your language does not use an abstract noun for the idea of **wrath**, you could express the same idea in another way. Alternate translation: [very angrily]
2:2	xmai		rc://*/ta/man/translate/figs-metaphor	הִגִּ֣יעַ לָ⁠אָ֑רֶץ	1	The writer is speaking of the Lord destroying the fortifications as if **he has brought them to the ground**, that is, knocked them flat. If your language has a comparable expression, you could use it. If not, you could state the meaning plainly. Alternate translation: [he has completely destroyed them]
2:2	a7cl		rc://*/ta/man/translate/figs-metaphor	חִלֵּ֥ל מַמְלָכָ֖ה וְ⁠שָׂרֶֽי⁠הָ	1	The writer is speaking of the Lord stripping the kingdom and its rulers of their honor and dignity as if they were sacred things that the Lord had made common and unclean. If your language has a comparable expression, you could use it. If not, you could state the meaning plainly. Alternate translation: [He has dishonored the kingdom and its princes]
2:3	c96f		rc://*/ta/man/translate/figs-metaphor	גָּדַ֣ע בָּֽ⁠חֳרִי אַ֗ף כֹּ֚ל קֶ֣רֶן יִשְׂרָאֵ֔ל	1	The writer is speaking of God removing the power of Israel as if God **cut off** every **horn**, since a horn represents the strength and power of an animal. If your language has a comparable expression, you could use it. If not, you could state the meaning plainly. Alternate translation: [He has destroyed in fierce anger all the power of Israel]
2:3	avcx		rc://*/ta/man/translate/figs-idiom	בָּֽ⁠חֳרִי אַ֗ף	1	Here, **nose** represents the emotion of wrath, since the nostrils flare when a person is angry. If it would be helpful in your language, you could use a comparable expression that has the same meaning or state the meaning plainly. Alternate translation: [in burning wrath] or [angrily]
2:3	klqw		rc://*/ta/man/translate/figs-metonymy	הֵשִׁ֥יב אָח֛וֹר יְמִינ֖⁠וֹ	1	Here, **his right hand** represents God’s power to help and protect his people, since the right hand was associated with strength and action. The writer says that God **turned back** this power, meaning he withdrew his protection. If it would be helpful in your language, you could use a comparable expression or state the meaning plainly. Alternate translation: [He has withdrawn his protective power]
2:3	pydw		rc://*/ta/man/translate/figs-idiom	מִ⁠פְּנֵ֣י אוֹיֵ֑ב	1	Jeremiah is using **from the face of** as a common expression to mean “from before” or “away from the direction of.” He means that God withdrew his right hand away from facing the enemy, leaving Israel unprotected. If this phrase does not have that meaning for your readers, you could use a comparable expression from your language or state the meaning plainly. Alternate translation: [from before the enemy] or [from the enemy’s advance]
2:3	qlgg		rc://*/ta/man/translate/figs-simile	וַ⁠יִּבְעַ֤ר בְּ⁠יַעֲקֹב֙ כְּ⁠אֵ֣שׁ לֶֽהָבָ֔ה	1	The writer uses this comparison to say that God’s judgment was as destructive to Israel as **a fire of flame** is to whatever it burns. If it would be helpful in your language, you could make this point explicitly. Alternate translation: [and he has destroyed Jacob with devastating force]
2:3	rg46		rc://*/ta/man/translate/figs-metaphor	אָכְלָ֖ה סָבִֽיב	1	The writer is continuing the image of fire, speaking of God’s judgment as a flame that destroys everything in its path. The word **consuming** pictures the fire burning to nothing everything it touches. If your language has a comparable expression, you could use it. If not, you could state the meaning plainly. Alternate translation: [destroying everything on every side]
2:4	uug9		rc://*/ta/man/translate/figs-simile	דָּרַ֨ךְ קַשְׁתּ֜⁠וֹ כְּ⁠אוֹיֵ֗ב נִצָּ֤ב יְמִינ⁠וֹ֙ כְּ⁠צָ֔ר	1	The writer uses comparisons to describe God’s hostility toward his own people. He says that God **has bent his bow like an enemy; his right hand is stationed like an adversary**, meaning that God has prepared to attack his people the way an enemy would and has taken the stance of one ready to fight against them. If it would be helpful in your language, you could make this point explicitly. Alternate translation: [He has prepared to attack us as an enemy would; he has positioned himself to fight against us like an adversary]
2:4	oi7d		rc://*/ta/man/translate/figs-metonymy	יְמִינ⁠וֹ֙	1	Here, **his right hand** represents God’s power and ability to act. If it would be helpful in your language, you could use an equivalent expression or plain language. Alternate translation: [his power]
2:4	uksy		rc://*/ta/man/translate/figs-metonymy	כֹּ֖ל מַחֲמַדֵּי־עָ֑יִן	1	Here, **the eye** represents sight and what is pleasing to behold. The phrase **the delights of the eye** refers to everything people treasured and found beautiful. Some understand this as referring specifically to the fine young men of Judah. If it would be helpful in your language, you could use an equivalent expression or plain language. Alternate translation: [everything they treasured] or [all the finest young men]
2:4	weks		rc://*/ta/man/translate/figs-personification	בְּ⁠אֹ֨הֶל֙ בַּת־צִיּ֔וֹן	1	The writer speaks of Zion as if it were a woman, calling it **the daughter of Zion**, and he describes the city as her **tent** or dwelling place. For more information, see the Lamentations 2 Introduction. If it would be helpful in your language, you could express this idea in another way here and in verse 18. Alternate translation: [In the city of Jerusalem]
2:4	ao5u		rc://*/ta/man/translate/figs-simile	שָׁפַ֥ךְ כָּ⁠אֵ֖שׁ חֲמָתֽ⁠וֹ	1	The writer uses a comparison to describe God’s anger. He says that God **has poured out his anger like fire**, meaning that God’s anger has been destructive and consuming. If it would be helpful in your language, you could make this point explicitly. Alternate translation: [his anger has been as destructive as fire]
2:4	puo6		rc://*/ta/man/translate/figs-abstractnouns	שָׁפַ֥ךְ כָּ⁠אֵ֖שׁ חֲמָתֽ⁠וֹ	1	If your language does not use an abstract noun for the idea of **anger**, you could express the same idea in another way. Alternate translation: [he has shown how angry he is by burning like fire]
2:5	blxo		rc://*/ta/man/translate/figs-simile	הָיָ֨ה אֲדֹנָ֤⁠י ׀ כְּ⁠אוֹיֵב֙	1	The writer uses a comparison to describe how God has treated his own people. He says that **The Lord has become like an enemy**, meaning that God has acted against his people as an enemy would. If it would be helpful in your language, you could make this point explicitly. Alternate translation: [The Lord has acted as though he were an enemy]
2:5	whk7		rc://*/ta/man/translate/figs-parallelism	בִּלַּ֣ע יִשְׂרָאֵ֔ל בִּלַּע֙ כָּל־אַרְמְנוֹתֶ֔י⁠הָ שִׁחֵ֖ת מִבְצָרָ֑י⁠ו	1	These three phrases mean basically the same thing. Each one emphasizes the totality of God’s destruction by repeating the same idea with different words. If it would be helpful to your readers, you could combine them and express the emphasis in another way. Another approach would be to connect the phrases with words that show that the second and third phrases are repeating the first one, not saying something additional. See how you as a team have decided to translate the parallel phrases in Lamentations, and follow that approach here and throughout this chapter. Alternate translation: [He has utterly destroyed Israel, all her citadels, and all his fortifications]
2:5	itkn		rc://*/ta/man/translate/figs-metaphor	בִּלַּ֣ע יִשְׂרָאֵ֔ל	1	The writer is speaking of God’s destruction of Israel as if God had **swallowed** the nation like a beast consuming its prey. This emphasizes the completeness of the destruction. Your language may have a comparable expression you can use in your translation, or you could state the meaning plainly. Alternate translation: [he has completely destroyed Israel]
2:5	ahha		rc://*/ta/man/translate/figs-doublet	תַּאֲנִיָּ֖ה וַ⁠אֲנִיָּֽה	1	The terms **mourning** and **groaning** mean similar things. The writer is using the two terms together for emphasis. If it would be clearer for your readers, you could express the emphasis with a single phrase. Alternate translation: [great grief]
2:5	asmb		rc://*/ta/man/translate/figs-abstractnouns	תַּאֲנִיָּ֖ה וַ⁠אֲנִיָּֽה	1	If your language does not use abstract nouns for the ideas of **mourning** and **groaning**, you could express the same ideas in another way. Alternate translation: [and caused people to mourn and lament greatly]
2:6	ydix		rc://*/ta/man/translate/figs-simile	וַ⁠יַּחְמֹ֤ס כַּ⁠גַּן֙ שֻׂכּ֔⁠וֹ	1	The writer is comparing God’s destruction of his sanctuary to the tearing down of **his garden booth**, a temporary seasonal shelter. If it would be helpful in your language, you could make this point explicitly. Alternate translation: [He violently tore down his sanctuary as if it were a temporary shelter]
2:6	cu9n		rc://*/ta/man/translate/figs-merism	מוֹעֵ֣ד וְ⁠שַׁבָּ֔ת	1	The writer is referring to all of Israel’s sacred worship occasions by naming two major components, **appointed festival** and **Sabbath**. If it would be helpful in your language, you could use an equivalent expression or plain language. Alternate translation: [all their sacred worship occasions]
2:6	px9q		rc://*/ta/man/translate/figs-abstractnouns	בְּ⁠זַֽעַם־אַפּ֖⁠וֹ	1	If your language does not use an abstract noun for the idea of **indignation**, you could express the same idea in another way. Alternate translation: [because he was indignantly angry]
2:6	fgxc		rc://*/ta/man/translate/figs-merism	מֶ֥לֶךְ וְ⁠כֹהֵֽן	1	The writer is referring to all of Israel’s leadership by naming two major components, **king** and **priest**. If it would be helpful in your language, you could use an equivalent expression or plain language. Alternate translation: [all their leaders]
2:7	wuwg		rc://*/ta/man/translate/figs-metonymy	מִזְבְּח⁠וֹ֙	1	Here, **his altar** represents the entire sacrificial worship system of Israel. If it would be helpful in your language, you could use an equivalent expression or plain language. Alternate translation: [the Israelites’ worship] or [the place where people offered sacrifices to him]
2:7	hcxk		rc://*/ta/man/translate/figs-metonymy	הִסְגִּיר֙ בְּ⁠יַד־אוֹיֵ֔ב חוֹמֹ֖ת אַרְמְנוֹתֶ֑י⁠הָ	1	Here, **the hand of the enemy** represents the power and control of the enemy. If it would be helpful in your language, you could use an equivalent expression or plain language. Alternate translation: [He has given the walls of her palaces over to the enemy’s control]
2:7	dacj		rc://*/ta/man/translate/figs-simile	ק֛וֹל נָתְנ֥וּ בְּ⁠בֵית־יְהוָ֖ה כְּ⁠י֥וֹם מוֹעֵֽד	1	The writer compares the shouts of the enemies in the house of Yahweh to the shouts of worshipers on **an appointed festival** day. If it would be helpful in your language, you could make this point explicitly. Alternate translation: [They shouted in the house of Yahweh the way worshipers used to shout on a festival day]
2:8	oy47		rc://*/ta/man/translate/figs-metaphor	נָ֣טָה קָ֔ו	1	The writer is speaking of God’s careful planning for destruction as if God had **stretched out the measuring line** like a builder measuring before construction. However, God measured not to build but to tear down. If your language does not use this image, you could express the same idea in another way. Alternate translation: [He carefully planned the destruction]
2:8	zzxp		rc://*/ta/man/translate/figs-metaphor	לֹא־הֵשִׁ֥יב יָד֖⁠וֹ מִ⁠בַּלֵּ֑עַ	1	The writer is speaking of God’s destructive action as if God were **swallowing up** the city, consuming it completely. The phrase **his hand** represents God’s active power. If your language does not use this image, you could express the same idea in another way. Alternate translation: [he did not hold back from completely destroying it]
2:8	a9xd		rc://*/ta/man/translate/figs-personification	וַ⁠יַּֽאֲבֶל־חֵ֥ל וְ⁠חוֹמָ֖ה יַחְדָּ֥ו אֻמְלָֽלוּ	1	The writer speaks of **the rampart** and **wall** as if they were people who could **mourn** and languish. He says this because they lie in ruins. If it would be helpful in your language, you could state the meaning plainly. Alternate translation: [And he caused the rampart and wall to fall into ruins]
2:8	ik6w		rc://*/ta/man/translate/figs-merism	חֵ֥ל וְ⁠חוֹמָ֖ה	1	The writer is referring to all of Jerusalem’s defensive structures by naming two major components, **the rampart** and the **wall**. If it would be helpful in your language, you could use an equivalent expression or plain language. Alternate translation: [all of Jerusalem’s defenses]
2:9	ez3a		rc://*/ta/man/translate/figs-metaphor	טָבְע֤וּ בָ⁠אָ֨רֶץ֙ שְׁעָרֶ֔י⁠הָ	1	The writer is speaking of the complete destruction of **Her gates** as if they had **sunk into the ground**. If your language does not use this image, you could express the same idea in another way. Alternate translation: [Her gates have been completely destroyed]
2:9	d18m		rc://*/ta/man/translate/figs-doublet	אִבַּ֥ד וְ⁠שִׁבַּ֖ר בְּרִיחֶ֑י⁠הָ	1	The terms **destroyed** and **shattered** mean similar things. The writer is using the two terms together for emphasis. If it would be clearer for your readers, you could express the emphasis with a single phrase. Alternate translation: [he has completely destroyed the bars of her gates]
2:9	sab8		rc://*/ta/man/translate/figs-metonymy	אֵ֣ין תּוֹרָ֔ה	1	Here, **law** represents the entire instruction and guidance of God. Without their land and temple, the people have no access to God’s teaching. If it would be helpful in your language, you could use an equivalent expression or plain language. Alternate translation: [No one teaches them God’s law]
2:9	vgeb		rc://*/ta/man/translate/figs-metaphor	גַּם־נְבִיאֶ֕י⁠הָ לֹא־מָצְא֥וּ חָז֖וֹן מֵ⁠יְהוָֽה	1	The writer is speaking of receiving **a vision from Yahweh** as if it were something that could be found through searching. He means that Yahweh has ceased communicating with the prophets. Your language may have a comparable expression that you can use in your translation, or you could state the meaning plainly. Alternate translation: [Also, her prophets have received no vision from Yahweh]
2:10	udn7		rc://*/ta/man/translate/translate-symaction	יֵשְׁב֨וּ לָ⁠אָ֤רֶץ יִדְּמוּ֙ זִקְנֵ֣י בַת־צִיּ֔וֹן הֶֽעֱל֤וּ עָפָר֙ עַל־רֹאשָׁ֔⁠ם חָגְר֖וּ שַׂקִּ֑ים הוֹרִ֤ידוּ לָ⁠אָ֨רֶץ֙ רֹאשָׁ֔⁠ן בְּתוּלֹ֖ת יְרוּשָׁלִָֽם	1	Sitting on **the ground** in **silence**, throwing up **dust on their heads**, and putting **on sackcloth** (rough goat-hair cloth) were mourning customs expressing grief too deep for words. Bowing the head **to the ground** was a symbolic action expressing utter humiliation and grief. If it would be helpful to your readers, you could explain the significance of these actions in the text of your translation or in a footnote. Alternate translation: [The elders of the daughter of Zion sit on the ground in silence to show that they are overwhelmed with grief. They have thrown up dust on their heads; they have put on sackcloth. The virgins of Jerusalem bowed their heads to the ground to show their utter humiliation and grief]
2:10	dwt3		rc://*/ta/man/translate/figs-merism	יִדְּמוּ֙ זִקְנֵ֣י בַת־צִיּ֔וֹן הֶֽעֱל֤וּ עָפָר֙ עַל־רֹאשָׁ֔⁠ם חָגְר֖וּ שַׂקִּ֑ים הוֹרִ֤ידוּ לָ⁠אָ֨רֶץ֙ רֹאשָׁ֔⁠ן בְּתוּלֹ֖ת יְרוּשָׁלִָֽם	1	The writer is referring to all of the people of Jerusalem by naming two extremes, **the elders** (the oldest) and **The virgins** (the youngest women). If it would be helpful in your language, you could use an equivalent expression or plain language. Alternate translation: [Everyone in Jerusalem, both old and young, has silently thrown dust on their heads and put on sackcloth and bowed their heads to the ground]
2:11	qia3		rc://*/ta/man/translate/figs-idiom	כָּל֨וּ בַ⁠דְּמָע֤וֹת עֵינַ⁠י֙	1	The writer is using the expression **My eyes have failed with tears** as a common expression of the culture to mean that one has wept so much that the eyes are exhausted and can no longer produce tears. If this phrase does not have that meaning for your readers, you could use a comparable expression from your language that does have that meaning, or you could state the meaning plainly. Alternate translation: [I have cried until my eyes are exhausted]
2:11	bsnz		rc://*/ta/man/translate/figs-metonymy	חֳמַרְמְר֣וּ מֵעַ֔⁠י	1	Here, **my inner parts** represent deep emotional anguish. Jeremiah uses the internal organs as a way of referring to intense grief. If it would be helpful in your language, you could use an equivalent expression or plain language. Alternate translation: [I am deeply troubled within]
2:11	jqej		rc://*/ta/man/translate/figs-metaphor	נִשְׁפַּ֤ךְ לָ⁠אָ֨רֶץ֙ כְּבֵדִ֔⁠י	1	The writer is speaking of his emotional anguish as if his **liver** had been **poured out to the ground**, like liquid spilling from a container. He means that he is completely overwhelmed. Your language may have a comparable expression that you can use in your translation, or you could state the meaning plainly. Alternate translation: [I am completely overwhelmed with grief]
2:11	ujn4		rc://*/ta/man/translate/figs-doublet	עוֹלֵל֙ וְ⁠יוֹנֵ֔ק	1	The terms **child** and **infant** are paired to represent the very youngest and most vulnerable members of the community. If it would be clearer for your readers, you could express this with a single phrase. Alternate translation: [the young children]
2:12	wwii		rc://*/ta/man/translate/figs-simile	בְּ⁠הִֽתְעַטְּפָ֤⁠ם כֶּֽ⁠חָלָל֙ בִּ⁠רְחֹב֣וֹת עִ֔יר	1	The writer compares the children to **the slain** collapsing in the streets, meaning the children fall as though they have been mortally wounded, but from hunger rather than the sword. If it would be helpful in your language, you could make this point explicitly. Alternate translation: [when they collapse and die in the city streets]
2:12	e8ct		rc://*/ta/man/translate/figs-metaphor	בְּ⁠הִשְׁתַּפֵּ֣ךְ נַפְשָׁ֔⁠ם אֶל־חֵ֖יק אִמֹּתָֽ⁠ם	1	The writer is speaking of the children’s lives slowly draining away as if their souls were **poured out** like liquid from a container. He means that the children die slowly in their mothers’ arms. Your language may have a comparable expression that you can use in your translation, or you could state the meaning plainly. Alternate translation: [as they slowly die while their mothers hold them]
2:13	ehba		rc://*/ta/man/translate/figs-rquestion	מָֽה־אֲעִידֵ֞⁠ךְ מָ֣ה אֲדַמֶּה־לָּ֗⁠ךְ הַ⁠בַּת֙ יְר֣וּשָׁלִַ֔ם מָ֤ה אַשְׁוֶה־לָּ⁠ךְ֙ וַ⁠אֲנַֽחֲמֵ֔⁠ךְ בְּתוּלַ֖ת בַּת־צִיּ֑וֹן	1	The writer uses a series of rhetorical questions to express the idea that he cannot find anything adequate to say about Jerusalem’s suffering, to express the idea that nothing compares to her suffering, and that no comparison is adequate to bring comfort. If you would not use rhetorical questions for this purpose in your language, you could translate this as a statement. Alternate translation: [I do not know what I could say to you. Nothing can be compared to your suffering, O daughter of Jerusalem. There is nothing I can say to bring you comfort, O virgin daughter of Zion.]
2:13	k11u		rc://*/ta/man/translate/figs-simile	כִּֽי־גָד֥וֹל כַּ⁠יָּ֛ם שִׁבְרֵ֖⁠ךְ	1	The writer uses a comparison to describe Jerusalem’s destruction. He compares it to the greatness of **the sea**, meaning that the **brokenness** is immeasurable and overwhelming in its vastness. If it would be helpful in your language, you could make this point explicitly. Alternate translation: [Your destruction is as vast and deep as the ocean]
2:13	serw		rc://*/ta/man/translate/figs-abstractnouns	שִׁבְרֵ֖⁠ךְ	1	If your language does not use an abstract noun for the idea of **brokenness**, you could express the same idea in another way. Alternate translation: [how broken you are]
2:13	jeke		rc://*/ta/man/translate/figs-rquestion	מִ֥י יִרְפָּא־לָֽ⁠ךְ	1	The writer uses another rhetorical question to express the idea that no one can remedy Jerusalem’s suffering. If you would not use a rhetorical question for this purpose in your language, you could translate this as a statement. Alternate translation: [no one can heal you.]
2:14	qnt6		rc://*/ta/man/translate/figs-doublet	שָׁ֣וְא וְ⁠תָפֵ֔ל	1	The terms **falsehood** and **worthlessness** mean similar things. The writer is using the two terms together to emphasize that what the prophets claimed to see had no truth or value. If it would be clearer for your readers, you could express the emphasis with a single phrase. Alternate translation: [things that were completely misleading]
2:14	yvr4		rc://*/ta/man/translate/figs-abstractnouns	עֲוֺנֵ֖⁠ךְ	1	If your language does not use an abstract noun for the idea of **iniquity**, you could express the same idea in another way. Alternate translation: [the ways you sinned]
2:14	y7l9		rc://*/ta/man/translate/figs-doublet	מַשְׂא֥וֹת שָׁ֖וְא וּ⁠מַדּוּחִֽים	1	The terms **falsehood** and **enticement** are paired to characterize the prophets’ deceptive messages as both untrue and misleadingly appealing. If it would be clearer for your readers, you could express this with a single phrase. Alternate translation: [utterly false visions]
2:15	h9vp		rc://*/ta/man/translate/translate-symaction	סָֽפְק֨וּ עָלַ֤יִ⁠ךְ כַּפַּ֨יִם֙	1	Clapping hands at someone was a symbolic action by which they showed scorn, mockery, and contempt. This is not applause. If it would be helpful to your readers, you could explain the significance of this action in the text of your translation or in a footnote. Alternate translation: [mock you by clapping their hands]
2:15	tspe		rc://*/ta/man/translate/translate-symaction	שָֽׁרְקוּ֙ וַ⁠יָּנִ֣עוּ רֹאשָׁ֔⁠ם	1	Hissing and shaking the head were symbolic gestures of derision and scorn. If it would be helpful to your readers, you could add a short explanation. Alternate translation: [They express their contempt by hissing and shaking their heads]
2:15	rmlk		rc://*/ta/man/translate/figs-rquestion	הֲ⁠זֹ֣את הָ⁠עִ֗יר שֶׁ⁠יֹּֽאמְרוּ֙ כְּלִ֣ילַת יֹ֔פִי מָשׂ֖וֹשׂ לְ⁠כָל־הָ⁠אָֽרֶץ	1	The passers-by use a rhetorical question to express their disbelief that the once-glorious city has fallen to such ruin. If you would not use a rhetorical question for this purpose in your language, you could translate this as a statement or an exclamation. Alternate translation: [This cannot be the city that people used to call the most beautiful, the joy of the entire earth!]
2:15	ph30		rc://*/ta/man/translate/figs-quotesinquotes	הֲ⁠זֹ֣את הָ⁠עִ֗יר שֶׁ⁠יֹּֽאמְרוּ֙ כְּלִ֣ילַת יֹ֔פִי מָשׂ֖וֹשׂ לְ⁠כָל־הָ⁠אָֽרֶץ	1	This is a quotation within a quotation. The passers-by are quoting a title that others previously gave to Jerusalem. If your language does not allow quotations within quotations, you could express the inner quotation as indirect speech as in the UST.
2:15	xa0s		rc://*/ta/man/translate/figs-doublet	כְּלִ֣ילַת יֹ֔פִי מָשׂ֖וֹשׂ לְ⁠כָל־הָ⁠אָֽרֶץ	1	The expressions **the perfection of beauty** and **the joy of all the earth** are paired to express the former glory of Jerusalem. If it would be clearer for your readers, you could express this with a single phrase. Alternate translation: [the pride and joy of all the earth]
2:16	evvq		rc://*/ta/man/translate/translate-symaction	פָּצ֨וּ עָלַ֤יִ⁠ךְ פִּי⁠הֶם֙	1	Opening the mouth wide against someone was a symbolic action by which someone showed hostility, scorn, and readiness to devour. If it would be helpful to your readers, you could explain the significance of this action in the text of your translation or in a footnote. Alternate translation: [mocked you openly]
2:16	biod		rc://*/ta/man/translate/translate-symaction	שָֽׁרְקוּ֙ וַ⁠יַּֽחַרְקוּ־שֵׁ֔ן	1	Hissing and gnashing the teeth were symbolic gestures expressing hatred, rage, and contempt. If it would be helpful to your readers, you could add a short explanation.
2:16	z46v		rc://*/ta/man/translate/figs-metaphor	בִּלָּ֑עְנוּ	1	The enemies are speaking of their destruction of Jerusalem as if they had **swallowed her up** like an animal consuming its prey. Your language may have a comparable expression that you can use in your translation, or you could state the meaning plainly. Alternate translation: [We have completely destroyed her]
2:16	zx02		rc://*/ta/man/translate/figs-parallelism	מָצָ֥אנוּ רָאִֽינוּ	1	The expressions **we have found** and **we have seen** mean similar things. The enemies are using the two expressions together to express their satisfaction at finally witnessing the destruction they longed for. If it would be clearer for your readers, you could express the emphasis with a single phrase. Alternate translation: [we have seen what we had been hoping to see]
2:17	j38q		rc://*/ta/man/translate/figs-abstractnouns	חָמָ֑ל	1	If your language does not use an abstract noun for the idea of **compassion**, you could express the same idea in another way. Alternate translation: [spared them]
2:17	bus9		rc://*/ta/man/translate/figs-metaphor	הֵרִ֖ים קֶ֥רֶן צָרָֽיִ⁠ךְ	1	The writer is speaking of God increasing the power of the enemies as if he had **lifted up** their **horn**, since a horn represents the strength of a powerful animal. Your language may have a comparable expression that you can use in your translation, or you could state the meaning plainly. Alternate translation: [he has made your enemies powerful]
2:18	dlx4		rc://*/ta/man/translate/figs-personification	חוֹמַ֣ת בַּת־צִ֠יּוֹן	1	The writer speaks of the **wall of the daughter of Zion** as if it were a person who could weep. He says this because the wall lies in ruins and he urges it to mourn. If it would be helpful in your language, you could state the meaning plainly. Alternate translation: [Let the people of Zion cry out and weep]
2:18	ra9j		rc://*/ta/man/translate/figs-simile	הוֹרִ֨ידִי כַ⁠נַּ֤חַל דִּמְעָה֙ יוֹמָ֣ם וָ⁠לַ֔יְלָה	1	The writer uses a comparison to describe how abundant and continuous the weeping should be. He compares the flow of tears to **a river**, meaning the weeping should be constant and unceasing. If it would be helpful in your language, you could make this point explicitly. Alternate translation: [Let your tears flow abundantly and continuously, day and night without stopping]
2:18	rkjd		rc://*/ta/man/translate/figs-merism	יוֹמָ֣ם וָ⁠לַ֔יְלָה	1	The writer is referring to all the time without stopping by naming two extremes, **day** and **night**. If it would be helpful in your language, you could use an equivalent expression or plain language. Alternate translation: [continually without stopping]
2:18	xqjm		rc://*/ta/man/translate/figs-idiom	בַּת־עֵינֵֽ⁠ךְ	1	The expression **the daughter of your eye** was a common expression meaning the pupil of the eye. In this context it means that one should not let the eyes stop weeping. If it would be helpful to your readers, you could use a comparable expression or state the meaning plainly. Alternate translation: [the pupil of your eye] or [your eyes]
2:19	eu9y		rc://*/ta/man/translate/figs-explicit	לְ⁠רֹאשׁ֙ אַשְׁמֻר֔וֹת	1	The writer assumes that his readers will know that the night watches were the periods into which the night was divided for keeping guard. You could say this explicitly if that would be helpful to your readers. Alternate translation: [at the start of each period of the night]
2:19	lbae		rc://*/ta/man/translate/figs-simile	שִׁפְכִ֤י כַ⁠מַּ֨יִם֙ לִבֵּ֔⁠ךְ נֹ֖כַח פְּנֵ֣י אֲדֹנָ֑⁠י	1	The writer uses a comparison to describe complete, unreserved prayer. He compares pouring out the heart to pouring out **water**, meaning one should hold nothing back and empty oneself completely before God. If it would be helpful in your language, you could express the comparison plainly. See how you translated the similar expressions in [2:4] and [2:11]. Alternate translation: [Open your heart completely to the Lord]
2:19	zmd5		rc://*/ta/man/translate/figs-metonymy	נֹ֖כַח פְּנֵ֣י אֲדֹנָ֑⁠י	1	Here, **the face of the Lord** represents God’s presence. If it would be helpful in your language, you could use an equivalent expression or plain language. Alternate translation: [in the presence of the Lord]
2:19	bhhz		rc://*/ta/man/translate/figs-metonymy	שְׂאִ֧י אֵלָ֣י⁠ו כַּפַּ֗יִ⁠ךְ	1	Here, **lift up your hands** represents the act of praying and pleading with God. If it would be helpful in your language, you could use an equivalent expression or plain language. Alternate translation: [Pray earnestly to him]
2:19	n5uo		rc://*/ta/man/translate/figs-explicit	בְּ⁠רֹ֥אשׁ כָּל־חוּצֽוֹת	1	By the expression **at the head of every street**, the writer means that children are fainting from hunger everywhere. You could indicate this explicitly in your translation if that would be helpful to your readers. Alternate translation: [everywhere]
2:20	sqf1		rc://*/ta/man/translate/figs-imperative	רְאֵ֤ה יְהוָה֙ וְֽ⁠הַבִּ֔יטָ⁠ה	1	The imperatives **See** and **look** communicate a plea or request to God, not a command. If this does not communicate a polite request for your readers, you could use a form in your language that communicates a polite request. It may be helpful to add an expression such as “please” to make this clear. Alternate translation: [Please see this, Yahweh, and pay attention]
2:20	q68f		rc://*/ta/man/translate/figs-rquestion	לְ⁠מִ֖י עוֹלַ֣לְתָּ כֹּ֑ה אִם־תֹּאכַ֨לְנָה נָשִׁ֤ים פִּרְיָ⁠ם֙ עֹלֲלֵ֣י טִפֻּחִ֔ים אִם־יֵהָרֵ֛ג בְּ⁠מִקְדַּ֥שׁ אֲדֹנָ֖⁠י כֹּהֵ֥ן וְ⁠נָבִֽיא	1	The writer uses rhetorical questions to express grief that God would allow his own people to suffer so terribly, to express outrage that women have been driven to eat their own children, and to express shock that religious leaders have been killed in the very place that was meant to be holy and safe. The expected answer to all these questions is “No!” If you would not use rhetorical questions for these purposes in your language, you could translate these as statements or exclamations. Alternate translation: [You have never dealt with anyone else this way! It is terrible that women are eating their own children! It is horrible that priests and prophets have been killed in the sanctuary of the Lord!]
2:20	cstf		rc://*/ta/man/translate/figs-idiom	פִּרְיָ⁠ם֙	1	The expression **their fruit** was a common expression meaning their children or offspring. If this phrase does not have that meaning for your readers, use an equivalent expression or state the meaning plainly. Alternate translation: [their children]
2:20	ybbw		rc://*/ta/man/translate/figs-merism	כֹּהֵ֥ן וְ⁠נָבִֽיא	1	The writer is referring to all of Israel’s religious leaders by naming two representative roles, **priest** and **prophet**. If it would be helpful in your language, you could use an equivalent expression or plain language. Alternate translation: [all their religious leaders]
2:21	pg4e		rc://*/ta/man/translate/figs-merism	נַ֣עַר וְ⁠זָקֵ֔ן	1	The writer is referring to people of every age by naming two extremes, **Young** and **old**. If it would be helpful in your language, you could use an equivalent expression or plain language. Alternate translation: [People of all ages]
2:21	gf7o		rc://*/ta/man/translate/figs-merism	בְּתוּלֹתַ֥⁠י וּ⁠בַחוּרַ֖⁠י	1	Jeremiah is referring to all the young people of the community by naming both groups, **my young women** and **my young men**. If it would be helpful in your language, you could use an equivalent expression or plain language. Alternate translation: [All the young among my people]
2:21	fjjl		rc://*/ta/man/translate/figs-idiom	נָפְל֣וּ בֶ⁠חָ֑רֶב	1	The expression **have fallen by the sword** was a common expression meaning to be killed in battle. If this phrase does not have that meaning for your readers, you could use an equivalent expression or state the meaning plainly. Alternate translation: [have been killed in battle]
2:21	qg3q		rc://*/ta/man/translate/figs-metonymy	בְּ⁠י֣וֹם אַפֶּ֔⁠ךָ	1	The writer is using the expression **on the day of your anger** to refer to the specific time when God executed judgment. If it would be helpful to your readers, you could use an equivalent expression or state the meaning plainly. Alternate translation: [when you were angry and judged us]
2:21	cds5		rc://*/ta/man/translate/figs-abstractnouns	חָמָֽלְתָּ	1	If your language does not use an abstract noun for the idea of **compassion**, you could express the same idea in another way. See how you translated this phrase in [2:17]. Alternate translation: [spared anyone]
2:22	pyh2		rc://*/ta/man/translate/figs-simile	תִּקְרָא֩ כְ⁠י֨וֹם מוֹעֵ֤ד מְגוּרַ⁠י֙ מִ⁠סָּבִ֔יב	1	The point of this comparison is that just as guests are invited to **an appointed festival**, so has God **summoned** numerous **terrors from all around**. If it would be helpful in your language, you could make this point explicitly. Alternate translation: [You have invited terrors to attack me from all around, as if calling guests to a festival]
2:22	vost		rc://*/ta/man/translate/figs-abstractnouns	מְגוּרַ⁠י֙ מִ⁠סָּבִ֔יב	1	If your language does not use an abstract noun for the idea of **terrors**, you could express the same idea in another way. Alternate translation: [enemies who terrify me from every side]
2:22	ore3		rc://*/ta/man/translate/figs-metonymy	בְּ⁠י֥וֹם אַף־יְהוָ֖ה	1	The writer is using the expression **the day of the anger of Yahweh** to refer to the time of divine judgment. If it would be helpful in your language, you could state the meaning plainly. Alternate translation: [when Yahweh was angry and executed his judgment]
2:22	sewq		rc://*/ta/man/translate/figs-doublet	פָּלִ֣יט וְ⁠שָׂרִ֑יד	1	The terms **an escapee** and **a survivor** mean similar things. The writer is using the two terms together to emphasize that absolutely no one got away. If it would be clearer for your readers, you could express the emphasis with a single phrase. Alternate translation: [any one at all who escaped]
2:22	sl1b		rc://*/ta/man/translate/figs-doublet	אֲשֶׁר־טִפַּ֥חְתִּי וְ⁠רִבִּ֖יתִי	1	The terms **carried** and **multiplied** are paired to express the full cycle of motherhood, both bearing and nurturing children. The writer speaks as a mother figure who carried and raised these people. If it would be clearer for your readers, you could express this with a single phrase. Alternate translation: [All those whom I lovingly reared]
2:22	m66t		rc://*/ta/man/translate/figs-metaphor	אֹיְבִ֥⁠י כִלָּֽ⁠ם	1	The writer is speaking of the enemy’s total destruction of the people as if the enemy had **consumed** them like food. Your language may have a comparable expression you can use in your translation, or you could state the meaning plainly. Alternate translation: [my enemy has completely destroyed them]
3:intro	ac85				0	# Lamentations 3 Chapter Introduction\n\n## Structure and Formatting\n\nThis individual lament uses a triple acrostic: each Hebrew letter governs three verses (66 total), far more elaborate than the book’s other poems. It moves from sustained suffering to hope in Yahweh’s faithfulness, then to communal lament.\n\n## Religious and Cultural Concepts in This Chapter\n\n### Covenant faithfulness\n\nVerses 22–23 form the theological center of the book, declaring that Yahweh’s covenant faithfulness never ends and is renewed each morning. Translators should use a consistent term for this concept throughout Lamentations.
3:1	ip7v		rc://*/ta/man/translate/figs-abstractnouns	עֳנִ֔י	1	If your language does not use an abstract noun for the idea of **affliction**, you could express the same idea in another way. Alternate translation: [how he has afflicted me]
3:1	sdei		rc://*/ta/man/translate/figs-metaphor	רָאָ֣ה עֳנִ֔י	1	The writer is speaking of the experience of **affliction** as if it were something he could see. Your language may have a comparable expression that you can use in your translation, or you could state the meaning plainly. Alternate translation: [experiencing affliction] or [suffering affliction]
3:1	sk15		rc://*/ta/man/translate/figs-metaphor	בְּ⁠שֵׁ֖בֶט עֶבְרָתֽ⁠וֹ	1	Here the writer is speaking of God’s punishment as if it were a **rod** used to strike someone. Your language may have a comparable expression that you can use in your translation, or you could state the meaning plainly. Alternate translation: [by his angry punishment]
3:1	e03x		rc://*/ta/man/translate/writing-pronouns	עֶבְרָתֽ⁠וֹ	1	The pronoun **his** refers to God. It may be helpful to clarify this for your readers. Alternate translation: [God’s wrath]
3:1	l1h7		rc://*/ta/man/translate/figs-abstractnouns	עֶבְרָתֽ⁠וֹ	1	If your language does not use an abstract noun for the idea of **wrath**, you could express the same idea in another way. Alternate translation: [his wrathful punishment]
3:2	nlby		rc://*/ta/man/translate/writing-pronouns	אוֹתִ֥⁠י נָהַ֛ג	1	The pronoun **He** refers to God. It may be helpful to clarify this for your readers. Alternate translation: [God drove me]
3:2	sdkl		rc://*/ta/man/translate/figs-metaphor	חֹ֥שֶׁךְ וְ⁠לֹא־אֽוֹר	1	Here the writer is speaking of suffering as if it were **darkness** and of well-being as if it were **light**. Your language may have a comparable expression that you can use in your translation, or you could state the meaning plainly. Alternate translation: [in suffering and not relief]
3:3	lbc8		rc://*/ta/man/translate/figs-metonymy	יַהֲפֹ֥ךְ יָד֖⁠וֹ	1	Here, **his hand** represents God’s power and action. If it would be helpful in your language, you could use an equivalent expression or state the meaning plainly. Alternate translation: [he directs his power against me]
3:3	tspo		rc://*/ta/man/translate/figs-hyperbole	כָּל־הַ⁠יּֽוֹם	1	The writer is saying **all the day** as a generalization for emphasis. If it would be clearer in your language, you could express the emphasis in a different way. Alternate translation: [continually]
3:4	op09		rc://*/ta/man/translate/figs-doublet	בְשָׂרִ⁠י֙ וְ⁠עוֹרִ֔⁠י	1	The terms **my flesh** and **my skin** mean similar things. The writer is using the two terms together for emphasis. If it would be clearer for your readers, you could express the emphasis with a single phrase. Alternate translation: [my whole body]
3:5	aw7q		rc://*/ta/man/translate/figs-metaphor	בָּנָ֥ה עָלַ֛⁠י וַ⁠יַּקַּ֖ף	1	Here the writer is speaking of God’s opposition as if God built siege works **against** him and **surrounded** him like an army besieging a city. Your language may have comparable expressions that you can use in your translation, or you could state the meaning plainly. Alternate translation: [He set himself against me and hemmed me in]
3:5	fyps		rc://*/ta/man/translate/figs-doublet	רֹ֥אשׁ וּ⁠תְלָאָֽה	1	The terms **poison** and **hardship** mean similar things. The writer is using the two terms together for emphasis. If it would be clearer for your readers, you could express the emphasis with a single phrase. Alternate translation: [with bitter suffering]
3:6	d8ww		rc://*/ta/man/translate/figs-metaphor	בְּ⁠מַחֲשַׁכִּ֥ים הוֹשִׁיבַ֖⁠נִי	1	Here the writer is speaking as if God had placed him in **dark places**, the realm where the forgotten dead dwell without hope. Your language may have a comparable expression that you can use in your translation, or you could state the meaning plainly. Alternate translation: [He has made me dwell in a place of utter despair]
3:6	wnjm		rc://*/ta/man/translate/figs-simile	כְּ⁠מֵתֵ֥י עוֹלָֽם	1	The point of this comparison is that just as **the dead of long ago** are forgotten and have no hope, so the writer feels completely hopeless, as though no one remembers him. If it would be helpful in your language, you could make this point explicitly. Alternate translation: [as if I were among those who have been dead and forgotten for a long time]
3:7	o4zh		rc://*/ta/man/translate/figs-explicit	גָּדַ֧ר בַּעֲדִ֛⁠י וְ⁠לֹ֥א אֵצֵ֖א	1	By **He walled me in, and I cannot go out**, the writer means that God caused him to be imprisoned so that he could not leave (see Jeremiah 37:15–16). You could indicate this explicitly in your translation if that would be helpful to your readers. Alternate translation: [He caused me to be confined so that I cannot escape]
3:7	z8go		rc://*/ta/man/translate/figs-explicit	הִכְבִּ֥יד נְחָשְׁתִּֽ⁠י	1	By **he made my chains heavy**, the writer means that God caused him to be bound in heavy chains (see Jeremiah 40:1). You could indicate this explicitly in your translation if that would be helpful to your readers. Alternate translation: [he caused me to be bound with heavy chains]
3:8	yhdu		rc://*/ta/man/translate/figs-doublet	אֶזְעַק֙ וַ⁠אֲשַׁוֵּ֔עַ	1	The terms **I cry out** and **call for help** mean similar things. The writer is using the two terms together for emphasis. If it would be clearer for your readers, you could express the emphasis with a single phrase. Alternate translation: [I desperately plead for help]
3:8	hz1h		rc://*/ta/man/translate/figs-metaphor	שָׂתַ֖ם תְּפִלָּתִֽ⁠י	1	Here the writer is speaking of his **prayer** as if it were a physical object that God **shuts out** or blocks. Your language may have a comparable expression that you can use in your translation, or you could state the meaning plainly. Alternate translation: [he refuses to hear my plea]
3:9	apik		rc://*/ta/man/translate/figs-metaphor	גָּדַ֤ר דְּרָכַ⁠י֙ בְּ⁠גָזִ֔ית	1	Here the writer is speaking of his life direction as if it were a way or path, and of God blocking his progress as if God had **walled up** those **ways** with **hewn stone**. If it would be helpful in your language, you could state the meaning plainly. Alternate translation: [He has blocked every direction I try to go with solid obstacles]
3:9	y8vt		rc://*/ta/man/translate/figs-metaphor	נְתִיבֹתַ֖⁠י עִוָּֽה	1	Here the writer is speaking of his life direction as if it were **paths**, and of God confusing his plans as if God had made those paths **crooked**. If it would be helpful in your language, you could state the meaning plainly. Alternate translation: [he has confused every direction I try to go]
3:9	re3x		rc://*/ta/man/translate/figs-parallelism	גָּדַ֤ר דְּרָכַ⁠י֙ בְּ⁠גָזִ֔ית נְתִיבֹתַ֖⁠י עִוָּֽה	1	These two phrases mean basically the same thing. The second emphasizes the meaning of the first by repeating the same idea with different words. If it would be helpful to your readers, you could combine them and express the emphasis in another way. Alternate translation: [He has thoroughly blocked every path I try to take]
3:10	grtt		rc://*/ta/man/translate/figs-metaphor	דֹּ֣ב אֹרֵ֥ב הוּא֙ לִ֔⁠י	1	Here the writer is speaking of God as if he were **a bear lying in ambush**. Your language may have a comparable expression that you can use in your translation, or you could state the meaning plainly. Alternate translation: [He waits to attack me like a bear]
3:10	slcx		rc://*/ta/man/translate/figs-parallelism	דֹּ֣ב אֹרֵ֥ב הוּא֙ לִ֔⁠י אריה בְּ⁠מִסְתָּרִֽים	1	These two phrases mean basically the same thing. The second emphasizes the meaning of the first by repeating the same idea with different words. If it would be helpful to your readers, you could combine them and express the emphasis in another way. Alternate translation: [He lies in wait to attack me like a dangerous wild animal]
3:10	i30p		rc://*/ta/man/translate/figs-metaphor	אריה בְּ⁠מִסְתָּרִֽים	1	Here the writer is speaking of God as if he were **a lion in hiding places**. Your language may have a comparable expression that you can use in your translation, or you could state the meaning plainly. Alternate translation: [like a lion hiding and waiting to pounce]
3:10	slkm		rc://*/ta/man/translate/figs-ellipsis	אריה בְּ⁠מִסְתָּרִֽים	1	The writer is leaving out some of the words that in many languages a sentence would need in order to be complete. You can supply these words from the context if that would be clearer in your language. Alternate translation: [he is like a lion waiting to attack me in hiding places]
3:11	ja1i		rc://*/ta/man/translate/figs-metaphor	דְּרָכַ֥⁠י סוֹרֵ֛ר	1	Here the writer is speaking of his life as if it were paths or **ways** that God **turned aside**. If it would be helpful in your language, you could state the meaning plainly. Alternate translation: [He diverted my course]
3:12	ixry		rc://*/ta/man/translate/figs-metaphor	דָּרַ֤ךְ קַשְׁת⁠וֹ֙ וַ⁠יַּצִּיבֵ֔⁠נִי	1	Here the writer is speaking of God as if he were an archer who **bent his bow** and aimed at him as a target. Your language may have a comparable expression that you can use in your translation, or you could state the meaning plainly. Alternate translation: [He prepared to attack me and made me]
3:12	wgs8		rc://*/ta/man/translate/figs-simile	כַּ⁠מַּטָּרָ֖א לַ⁠חֵֽץ	1	The point of this comparison is that just as a **target** is set up to be struck by arrows, so God has set the writer up to receive his arrows of affliction. If it would be helpful in your language, you could make this point explicitly. Alternate translation: [as something to be struck by the arrow]
3:13	dvol		rc://*/ta/man/translate/figs-metaphor	הֵבִיא֙ בְּ⁠כִלְיוֹתָ֔⁠י	1	Here the writer is speaking of God’s affliction as if God were an archer whose arrows pierced his **kidneys**, representing deep inner pain. Your language may have a comparable expression that you can use in your translation, or you could state the meaning plainly. Alternate translation: [He shot deep into my body]
3:13	zz8p		rc://*/ta/man/translate/figs-metaphor	בְּנֵ֖י אַשְׁפָּתֽ⁠וֹ	1	The writer is speaking of the arrows as if they were **sons of his quiver**. If your language has a comparable expression, you can use it. If not, you could state the meaning plainly. Alternate translation: [the arrows from his quiver]
3:14	sgzn		rc://*/ta/man/translate/figs-parallelism	הָיִ֤יתִי שְּׂחֹק֙ לְ⁠כָל־עַמִּ֔⁠י נְגִינָתָ֖⁠ם כָּל־הַ⁠יּֽוֹם	1	These two phrases mean basically the same thing. The second emphasizes the meaning of the first by repeating the same idea with different words. If it would be helpful to your readers, you could combine them and express the emphasis in another way. Alternate translation: [I have become a constant source of ridicule to my people]
3:14	uo5w		rc://*/ta/man/translate/figs-metaphor	הָיִ֤יתִי שְּׂחֹק֙ לְ⁠כָל־עַמִּ֔⁠י	1	Here the writer is speaking of becoming an object of ridicule as if he literally **became a laughingstock**. Your language may have a comparable expression that you can use in your translation, or you could state the meaning plainly. Alternate translation: [I became an object of mockery to all my people]
3:14	o01d		rc://*/ta/man/translate/figs-hyperbole	לְ⁠כָל־עַמִּ֔⁠י	1	The writer is saying **all my people** as a generalization for emphasis. If it would be clearer in your language, you could express the emphasis in a different way. Alternate translation: [to my people]
3:15	dguu		rc://*/ta/man/translate/figs-metaphor	הִשְׂבִּיעַ֥⁠נִי בַ⁠מְּרוֹרִ֖ים הִרְוַ֥⁠נִי לַעֲנָֽה	1	The writer is speaking of God imposing bitter suffering on him as if God had literally **filled** him **with bitter herbs** and **saturated** him **with wormwood**. Your language may have comparable expressions that you can use in your translation, or you could state the meaning plainly. Alternate translation: [He has filled my life with bitter and overwhelming experiences]
3:15	lv1j		rc://*/ta/man/translate/figs-parallelism	הִשְׂבִּיעַ֥⁠נִי בַ⁠מְּרוֹרִ֖ים הִרְוַ֥⁠נִי לַעֲנָֽה	1	These two phrases mean basically the same thing. The second emphasizes the meaning of the first by repeating the same idea with different words. If it would be helpful to your readers, you could combine them and express the emphasis in another way. Alternate translation: [He has completely filled me with bitter suffering]
3:15	etb7		rc://*/ta/man/translate/translate-unknown	לַעֲנָֽה	1	Here, **wormwood** refers to a plant that tastes very bitter. If your readers would not be familiar with this plant, you could use the name of a bitter-tasting plant in your area, or you could use a more general term. Alternate translation: [with a bitter-tasting plant]
3:16	sz6v		rc://*/ta/man/translate/figs-metaphor	וַ⁠יַּגְרֵ֤ס בֶּֽ⁠חָצָץ֙ שִׁנָּ֔⁠י	1	Here the writer is speaking of his degrading humiliation as if God had literally made his **teeth grind on gravel**. Your language may have a comparable expression that you can use in your translation, or you could state the meaning plainly. Alternate translation: [He has humiliated me in a degrading way]
3:16	nh3x		rc://*/ta/man/translate/figs-metaphor	הִכְפִּישַׁ֖⁠נִי בָּ⁠אֵֽפֶר	1	The writer is speaking of being brought low in mourning and shame as if God had literally **pressed** him **down in the ashes**. Your language may have a comparable expression that you can use in your translation, or you could state the meaning plainly. Alternate translation: [he has brought me low in shame]
3:17	guie		rc://*/ta/man/translate/figs-activepassive	וַ⁠תִּזְנַ֧ח מִ⁠שָּׁל֛וֹם נַפְשִׁ֖⁠י	1	The phrase **was deprived** is a passive verbal form. If it would be helpful to your readers, you could express this in active form or in another way that is natural in your language. Alternate translation: [God deprived my soul of peace] or [God deprived me of peace]
3:17	dvdd		rc://*/ta/man/translate/figs-abstractnouns	מִ⁠שָּׁל֛וֹם	1	If your language does not use an abstract noun for the idea of **peace**, you could express the same idea in another way. Alternate translation: [of anything peaceful]
3:17	rblc		rc://*/ta/man/translate/figs-abstractnouns	טוֹבָֽה	1	If your language does not use an abstract noun for the idea of **good**, you could express the same idea in another way. Alternate translation: [what is good]
3:18	t3tc		rc://*/ta/man/translate/figs-quotations	וָ⁠אֹמַר֙ אָבַ֣ד נִצְחִ֔⁠י וְ⁠תוֹחַלְתִּ֖⁠י מֵ⁠יְהוָֽה	1	If it would be helpful to your readers, you could translate this so that there is not a direct quotation but an indirect one. Alternate translation: [And I said that my endurance has perished, as has my hope from Yahweh]
3:18	tsik		rc://*/ta/man/translate/figs-metaphor	אָבַ֣ד נִצְחִ֔⁠י וְ⁠תוֹחַלְתִּ֖⁠י מֵ⁠יְהוָֽה	1	Here the writer is speaking of his **endurance** and **hope** as if they were living things that could **perish**. Your language may have comparable expressions that you can use in your translation, or you could state the meaning plainly. Alternate translation: [My ability to endure is gone and my expectation that Yahweh would help me]
3:18	zgqf		rc://*/ta/man/translate/figs-abstractnouns	נִצְחִ֔⁠י וְ⁠תוֹחַלְתִּ֖⁠י	1	If your language does not use abstract nouns for the ideas of **endurance** and **hope**, you could express the same ideas in other ways. Alternate translation: [My ability to endure … and my reason to hope]
3:19	i13p		rc://*/ta/man/translate/figs-imperative	זְכָר־עָנְיִ֥⁠י וּ⁠מְרוּדִ֖⁠י	1	The writer is using the imperative form **Remember** to make a request to God, but it communicates a polite request rather than a command. If the imperative does not communicate a polite request for your readers, then use a form in your language that communicates a polite request. It may be helpful to add an expression such as “please” to make this clear. Alternate translation: [Please remember my affliction and my wandering]
3:19	zuvb		rc://*/ta/man/translate/figs-abstractnouns	זְכָר־עָנְיִ֥⁠י וּ⁠מְרוּדִ֖⁠י	1	If your language does not use abstract nouns for the ideas of **affliction** and **wandering**, you could express the same ideas in other ways. Alternate translation: [Remember how I have been afflicted and how I have wandered]
3:19	ofyq		rc://*/ta/man/translate/figs-doublet	עָנְיִ֥⁠י וּ⁠מְרוּדִ֖⁠י	1	The terms **my affliction** and **my wandering** mean similar things. The writer is using the two terms together for emphasis. If it would be clearer for your readers, you could express the emphasis with a single phrase. Alternate translation: [my great distress]
3:19	x8wn		rc://*/ta/man/translate/figs-doublet	לַעֲנָ֥ה וָ⁠רֹֽאשׁ	1	The terms **the wormwood** and **the poison** mean similar things. The writer again is using the two terms together for emphasis and here also you could express the emphasis with a single phrase. Alternate translation: [the overwhelming bitterness]
3:19	uazz		rc://*/ta/man/translate/figs-metaphor	לַעֲנָ֥ה וָ⁠רֹֽאשׁ	1	Here the writer speaks of his bitter suffering as if it were **wormwood** and **poison** that he was forced to taste. Your language may have a comparable expression that you can use in your translation, or you could state the meaning plainly. Alternate translation: [the overwhelming bitterness of my experience]
3:20	y9pa		rc://*/ta/man/translate/figs-reduplication	זָכ֣וֹר תִּזְכּ֔וֹר	1	The writer is repeating forms of the verb **remembering, it remembers** in order to intensify his expression of the idea that it conveys. If your language can repeat words for intensification, it would be appropriate to do that here in your translation. If not, your language may have another way of expressing the intensification. Alternate translation: [It certainly remembers]
3:20	r92s		rc://*/ta/man/translate/writing-pronouns	תִּזְכּ֔וֹר	1	The subject of the verb translated **it remembers** is ambiguous. This likely refers to the writer’s soul continuing to remember the suffering described in the previous verse. It may be helpful to clarify this for your readers. Alternate translation: [my soul remembers] or [I remember]
3:20	r2cn		rc://*/ta/man/translate/figs-personification	ו⁠תשיח עָלַ֖⁠י נַפְשִֽׁ⁠י	1	The writer speaks of his **soul** as if it were a person who **bows down**. If it would be helpful in your language, you could state the meaning plainly. Alternate translation: [and I am bowed down]
3:21	awqp		rc://*/ta/man/translate/figs-explicit	זֹ֛את אָשִׁ֥יב אֶל־לִבִּ֖⁠י	1	Here, **This** refers forward to what the writer is about to say, not back to what he has just described. Alternate translation: [This is what I recall]
3:21	f1pk		rc://*/ta/man/translate/figs-metaphor	אָשִׁ֥יב אֶל־לִבִּ֖⁠י	1	Here the **heart** represents where the writer’s thoughts and emotions exist. He is speaking of recalling something as if he were physically bringing it **back to** his **heart**. You may have a comparable expression in your language, or you could state the meaning plainly. Alternate translation: [I recall in my mind]
3:21	ommf		rc://*/ta/man/translate/grammar-connect-logic-result	עַל־כֵּ֥ן אוֹחִֽיל	1	The word translated as **therefore** indicates that what follows is a result of what the writer has just brought back to mind. Use a word or phrase that makes this relationship clear. Alternate translation: [and so I will hope]
3:22	p74r		rc://*/ta/man/translate/translate-textvariants	כִּ֣י לֹא־תָ֔מְנוּ	1	Many ancient manuscripts read **for we have not been consumed**, with the writer and the people as the subject. The ULT follows that reading. Other ancient manuscripts read “his steadfast love has not ceased,” with the steadfast love of Yahweh as the subject. If a translation of the Bible exists in your region, you may wish to use the reading that it uses. If a translation of the Bible does not exist in your region, you may wish to use the reading of the ULT.
3:22	btj3		rc://*/ta/man/translate/figs-abstractnouns	חַֽסְדֵ֤י יְהוָה֙ & רַחֲמָֽי⁠ו	1	If your language does not use abstract nouns for the ideas of **covenant faithfulness** and **compassions**, you could express the same ideas in other ways. Alternate translation: [Because Yahweh is faithful to his covenant … his compassionate actions continue and]
3:23	t6dd		rc://*/ta/man/translate/writing-pronouns	חֲדָשִׁים֙ לַ⁠בְּקָרִ֔ים	1	The pronoun **They** refers to “the compassionate actions” of Yahweh. It may be helpful to clarify this for your readers. Alternate translation: [His compassion renews every morning]
3:23	j6tf		rc://*/ta/man/translate/figs-abstractnouns	רַבָּ֖ה אֱמוּנָתֶֽ⁠ךָ	1	If your language does not use an abstract noun for the idea of **faithfulness**, you could express the same idea in another way. Alternate translation: [you are always faithful]
3:24	hqee		rc://*/ta/man/translate/figs-quotations	חֶלְקִ֤⁠י יְהוָה֙ אָמְרָ֣ה נַפְשִׁ֔⁠י	1	If it would be helpful to your readers, you could translate this so that there is not a direct quotation but an indirect one. Alternate translation: [I realized that Yahweh is all I need]
3:24	k2j2		rc://*/ta/man/translate/figs-metaphor	חֶלְקִ֤⁠י יְהוָה֙	1	Here the writer is speaking of Yahweh as if he were an inherited **portion** of land. Your language may have a comparable expression that you can use in your translation, or you could state the meaning plainly. Alternate translation: [Yahweh is like my inheritance]
3:24	fp2v		rc://*/ta/man/translate/figs-metonymy	אָמְרָ֣ה נַפְשִׁ֔⁠י	1	Here, **my soul** represents the writer himself from the perspective of his inner being. If it would be helpful in your language, you could use an equivalent expression or plain language. Alternate translation: [I said to myself]
3:24	d4cx		rc://*/ta/man/translate/grammar-connect-logic-result	עַל־כֵּ֖ן אוֹחִ֥יל לֽ⁠וֹ	1	The word **therefore** here indicates that what follows is a result of Yahweh being his portion. If it would be helpful in your language, you could use a word or phrase that makes this relationship clear. Alternate translation: [and so I will hope in him]
3:25	nwd4		rc://*/ta/man/translate/figs-metonymy	לְ⁠נֶ֖פֶשׁ תִּדְרְשֶֽׁ⁠נּוּ	1	Here, **the soul** represents the person who seeks God. If it would be helpful in your language, you could use an equivalent expression or plain language. Alternate translation: [to the person who seeks him]
3:26	j8gb		rc://*/ta/man/translate/figs-abstractnouns	לִ⁠תְשׁוּעַ֖ת	1	If your language does not use an abstract noun for the idea of **salvation**, you could express the same idea in another way. Alternate translation: [for the saving act of]
3:27	tcux		rc://*/ta/man/translate/figs-gendernotations	לַ⁠גֶּ֔בֶר	1	Here the masculine term **man** has a generic sense that includes both men and women. If it would be helpful to your readers, you could use language in your translation that is clearly inclusive of both men and women. Alternate translation: [for anyone]
3:27	g2kr		rc://*/ta/man/translate/figs-metaphor	כִּֽי־יִשָּׂ֥א עֹ֖ל בִּ⁠נְעוּרָֽי⁠ו	1	Here the writer is speaking of discipline and suffering as if they were a **yoke** placed on a person’s shoulders. Your language may have a comparable expression that you can use in your translation, or you could state the meaning plainly. Alternate translation: [if he endures discipline in his youth]
3:27	nqtu		rc://*/ta/man/translate/grammar-connect-condition-hypothetical	כִּֽי־יִשָּׂ֥א עֹ֖ל בִּ⁠נְעוּרָֽי⁠ו	1	Here, **that he bears a yoke in his youth** introduces a possible condition. It is good for a man only if this happens. Use a natural form in your language for introducing a condition that could happen. Alternate translation: [when he bears a yoke in his youth]
3:28	qhdj		rc://*/ta/man/translate/figs-imperative3p	יֵשֵׁ֤ב בָּדָד֙ וְ⁠יִדֹּ֔ם	1	The writer is using the third-person imperative form **Let him sit** to give instruction about what a person should do. See the discussion in the introduction to this book about “let” and “may” and follow the decision of your team here and elsewhere in this lament. If it would be helpful in your language, you could express this with a different form that communicates instruction or exhortation. Alternate translation: [He should sit alone and be silent] or [I desire that he sit alone and be silent]
3:28	sk0l		rc://*/ta/man/translate/writing-pronouns	נָטַ֖ל עָלָֽי⁠ו	1	The pronoun **he** in **he has laid** refers to God, while the pronoun **him** refers to the suffering person. It may be helpful to clarify this for your readers. Alternate translation: [God has laid it upon him]
3:29	fsde		rc://*/ta/man/translate/translate-symaction	יִתֵּ֤ן בֶּֽ⁠עָפָר֙ פִּ֔י⁠הוּ	1	In the writer’s culture, putting one’s **mouth in the dust** was a symbolic action that signified extreme humility and submission before God. If it would be helpful in your language, you could explain the significance of this action in the text of your translation or in a footnote. Alternate translation: [Let him humble himself completely before God]
3:29	fwl1		rc://*/ta/man/translate/figs-abstractnouns	תִּקְוָֽה	1	If your language does not use an abstract noun for the idea of **hope**, you could express the same idea in another way. Alternate translation: [something to hope for]
3:30	ehaa		rc://*/ta/man/translate/translate-symaction	יִתֵּ֧ן לְ⁠מַכֵּ֛⁠הוּ לֶ֖חִי	1	In the writer’s culture, giving one’s **cheek to the one striking him** was a symbolic action that signified patient acceptance of suffering and willingness to endure insult without retaliation. If it would be helpful in your language, you could explain the significance of this action in the text of your translation or in a footnote. Alternate translation: [Let him patiently accept the blows of the one who strikes him]
3:30	imji		rc://*/ta/man/translate/figs-abstractnouns	בְּ⁠חֶרְפָּֽה	1	If your language does not use an abstract noun for the idea of **reproach**, you could express the same idea in another way. Alternate translation: [with insults]
3:31	a1ip		rc://*/ta/man/translate/grammar-connect-logic-result	כִּ֣י לֹ֥א יִזְנַ֛ח לְ⁠עוֹלָ֖ם אֲדֹנָֽ⁠י	1	The word **For** here indicates that what follows is the reason for the exhortation in the preceding verses. Use a word or phrase in your language that makes it clear that what follows is the reason for what came before. Alternate translation: [The reason is that the Lord will not reject forever]
3:32	ockz		rc://*/ta/man/translate/grammar-connect-logic-contrast	כִּ֣י אִם־הוֹגָ֔ה וְ⁠רִחַ֖ם	1	The words **For though** introduce a contrast between what God does temporarily and what he will do ultimately. In your translation, indicate this contrast in a way that is natural in your language. Alternate translation: [Even though he causes grief, he will still have compassion]
3:32	vv12		rc://*/ta/man/translate/figs-abstractnouns	אִם־הוֹגָ֔ה וְ⁠רִחַ֖ם כְּ⁠רֹ֥ב חסד⁠ו	1	If your language does not use abstract nouns for the ideas of **grief**, **compassion**, and **covenant faithfulness**, you could express the same ideas in other ways. Alternate translation: [even though he grieves people, he will show them that he is compassionate because he is faithful to his covenant]
3:33	s022		rc://*/ta/man/translate/figs-metaphor	לֹ֤א עִנָּה֙ מִ⁠לִּבּ֔⁠וֹ	1	Here the **heart** represents God’s true desire and will. The writer is saying that God does not afflict people because he desires to do so. You may have a comparable expression in your language, or you could state the meaning plainly. Alternate translation: [he does not willingly afflict]
3:33	vlsb		rc://*/ta/man/translate/figs-gendernotations	בְנֵי־אִֽישׁ	1	Although the writer uses the masculine term **the sons of man**, he means this to apply to people in general, both men and women. If it would be helpful in your language, you could include language that is clearly inclusive of both men and women. Alternate translation: [people]
3:34	hqv1		rc://*/ta/man/translate/figs-infostructure	לְ⁠דַכֵּא֙ תַּ֣חַת רַגְלָ֔י⁠ו כֹּ֖ל אֲסִ֥ירֵי אָֽרֶץ	1	The infinitive phrases in this verse and the following verses list actions that precede the main statement in verse 36. If it would be helpful in your language, you could restructure this so that the relationship between these actions and the main statement is clear. Alternate translation: [When anyone crushes under his feet all the prisoners of the earth]
3:34	f30b		rc://*/ta/man/translate/figs-metonymy	תַּ֣חַת רַגְלָ֔י⁠ו	1	Here, **under his feet** represents dominion and oppressive power. If it would be helpful in your language, you could use an equivalent expression or state the meaning plainly. Alternate translation: [under his authority]
3:35	mw7f		rc://*/ta/man/translate/figs-abstractnouns	מִשְׁפַּט	1	If your language does not use an abstract noun for the idea of **justice**, you could express the same idea in another way. Alternate translation: [the right to be judged justly]
3:35	hnx5		rc://*/ta/man/translate/figs-metonymy	נֶ֖גֶד פְּנֵ֥י עֶלְיֽוֹן	1	Here, **before the face of the Most High** represents being in the presence of the Most High. If it would be helpful in your language, you could use an equivalent expression or plain language. Alternate translation: [in the presence of the Most High]
3:36	f7c6		rc://*/ta/man/translate/figs-metaphor	לְ⁠עַוֵּ֤ת אָדָם֙ בְּ⁠רִיב֔⁠וֹ	1	The writer is speaking of acting unjustly toward someone as if it were physically twisting or distorting him, using the same image as “turn aside” in the previous verse. If it would be helpful in your language, you could state the meaning plainly. Alternate translation: [to deal unjustly with a man in his legal case]
3:36	x74e		rc://*/ta/man/translate/figs-explicit	אֲדֹנָ֖⁠י לֹ֥א רָאָֽה	1	This could mean: (1) that the Lord does not regard with approval the wrong actions described in verses 34–36. Alternate translation: [the Lord does not approve] or (2) that the author is using the question form for emphasis. Alternate translation: [does the Lord not see it?] or [the Lord certainly sees it!]
3:37	j3ef		rc://*/ta/man/translate/figs-rquestion	מִ֣י זֶ֤ה אָמַר֙ וַ⁠תֶּ֔הִי אֲדֹנָ֖⁠י לֹ֥א צִוָּֽה	1	The writer is using these questions to emphasize that no one can speak something into existence apart from God. If it would be helpful in your language, you could express these questions as statements here and in verses 38–39. Alternate translation: [No one can speak and make it happen unless God has ordained it.]
3:38	xim7		rc://*/ta/man/translate/figs-metonymy	מִ⁠פִּ֤י עֶלְיוֹן֙	1	Here, **the mouth of the Most High** represents the decrees and commands of God. If it would be helpful in your language, you could use an equivalent expression or state the meaning plainly. Alternate translation: [From the decree of the Most High]
3:38	m8b8		rc://*/ta/man/translate/figs-merism	הָ⁠רָע֖וֹת וְ⁠הַ⁠טּֽוֹב	1	Jeremiah is referring to everything that happens by naming two extremes, **the evil things** and **the good**. If it would be helpful in your language, you could use an equivalent expression or plain language. Alternate translation: [all things, whether bad or good]
3:39	dqc2		rc://*/ta/man/translate/figs-gendernotations	אָדָ֣ם חָ֔י גֶּ֖בֶר	1	Although the writer uses the masculine terms **a living man** and **a man**, he means these to apply to people in general, both men and women. If it would be helpful in your language, you could use language in your translation that is clearly inclusive of both men and women. Alternate translation: [a living person … a person]
3:39	fm0b		rc://*/ta/man/translate/figs-explicit	עַל־חטא⁠ו	1	By **about his sins**, the writer means “about the punishment he receives for his sins.” You could indicate this explicitly in your translation if that would be helpful to your readers. Alternate translation: [about his punishment for sin]
3:40	razs		rc://*/ta/man/translate/figs-metaphor	נַחְפְּשָׂ֤ה דְרָכֵ֨י⁠נוּ֙ וְֽ⁠נַחְקֹ֔רָה	1	Here the writer is speaking of examining conduct and behavior as if it were **ways** or paths that a person could **search**. If it would be helpful in your language, you could state the meaning plainly. Alternate translation: [Let us carefully examine our conduct]
3:40	ue6z		rc://*/ta/man/translate/figs-exclusive	נַחְפְּשָׂ֤ה דְרָכֵ֨י⁠נוּ֙	1	Here the pronouns **us** and **our** do not include God, whom the community is addressing. The writer is speaking on behalf of himself and the people but not God, so use the exclusive form of the word if your language marks that distinction.
3:40	wncc		rc://*/ta/man/translate/figs-doublet	נַחְפְּשָׂ֤ה דְרָכֵ֨י⁠נוּ֙ וְֽ⁠נַחְקֹ֔רָה	1	The terms **search** and **examine** mean similar things. Jeremiah is using the two terms together for emphasis. If it would be clearer for your readers, you could express the emphasis with a single phrase. Alternate translation: [Let us carefully examine our conduct]
3:41	vs5i		rc://*/ta/man/translate/figs-metaphor	נִשָּׂ֤א לְבָבֵ֨⁠נוּ֙	1	Here the **heart** represents the inner being and affections. The writer is speaking of directing his heart toward God as if it were something he could **lift up**. You may have a comparable expression in your language, or you could state the meaning plainly. Alternate translation: [Let us direct our innermost being in prayer]
3:41	y3sy		rc://*/ta/man/translate/figs-exclusive	לְבָבֵ֨⁠נוּ֙ אֶל־כַּפָּ֔יִם	1	Here the pronouns **our** do not include God, whom the community is addressing. The writer is speaking on behalf of himself and the people. If it would be helpful in your language, you could make this distinction.
3:41	ptfj		rc://*/ta/man/translate/figs-metonymy	אֶל־כַּפָּ֔יִם	1	Here, **hands** represents the gesture of prayer. If it would be helpful in your language, you could use an equivalent expression or state the meaning plainly. Alternate translation: [with our hands raised in prayer]
3:42	mox7		rc://*/ta/man/translate/writing-pronouns	נַ֤חְנוּ פָשַׁ֨עְנוּ֙	1	The writer is stating the pronoun **We** separately for emphasis, to highlight the community’s guilt. If a speaker of your language would use an explicit pronoun for the same purpose, you may want to use that construction in your translation. If not, your language may have other ways of showing the meaning here. Alternate translation: [It is we who have transgressed]
3:42	dyf0		rc://*/ta/man/translate/figs-doublet	פָשַׁ֨עְנוּ֙ וּ⁠מָרִ֔ינוּ	1	The terms **transgressed** and **rebelled** mean similar things. The writer is using the two terms together for emphasis. If it would be clearer for your readers, you could express the emphasis with a single phrase. Alternate translation: [have sinned greatly against you]
3:43	u5zx		rc://*/ta/man/translate/figs-metaphor	סַכֹּ֤תָה בָ⁠אַף֙	1	Here the writer is speaking of God’s **nose** as if it were a garment that God **covered** himself with. The nose refers to anger. Your language may have a comparable expression that you can use in your translation, or you could state the meaning plainly. Alternate translation: [You were completely consumed by anger]
3:43	tv40		rc://*/ta/man/translate/figs-abstractnouns	לֹ֥א חָמָֽלְתָּ	1	If your language does not use an abstract noun for the idea of **pity**, you could express the same idea in other ways. Alternate translation: [you did not show that you pitied us]
3:44	od0f		rc://*/ta/man/translate/figs-metaphor	סַכּ֤וֹתָה בֶֽ⁠עָנָן֙ לָ֔⁠ךְ	1	Here the writer is speaking of a barrier to communication with God as if God had **covered** himself **in a cloud**. Your language may have a comparable expression that you can use in your translation, or you could state the meaning plainly. Alternate translation: [You made yourself unreachable]
3:44	ikm9		rc://*/ta/man/translate/grammar-connect-logic-result	מֵ⁠עֲב֖וֹר תְּפִלָּֽה	1	The phrase **from a prayer passing through** indicates the result of God covering himself in a cloud. If it would be helpful in your language, you could use a word or phrase that makes it clear that this is a result of God covering himself in a cloud. Alternate translation: [with the result that no prayer reached you]
3:44	syfa		rc://*/ta/man/translate/figs-metaphor	מֵ⁠עֲב֖וֹר תְּפִלָּֽה	1	Here the writer is speaking of **prayer** as if it were a physical object that could be blocked from traveling through a barrier. Your language may have a comparable expression that you can use in your translation, or you could state the meaning plainly. Alternate translation: [so that you would not hear any prayer]
3:45	lf3w		rc://*/ta/man/translate/figs-infostructure	סְחִ֧י וּ⁠מָא֛וֹס תְּשִׂימֵ֖⁠נוּ	1	In this verse the object **Offscouring and refuse** comes before the subject and verb **you make** for emphasis. If it would be more natural in your language, you could restructure this to put the subject and verb first. Alternate translation: [You make us offscouring and refuse]
3:45	t3x6		rc://*/ta/man/translate/figs-metaphor	סְחִ֧י וּ⁠מָא֛וֹס תְּשִׂימֵ֖⁠נוּ	1	Here the writer is speaking of the people as if they were **offscouring and refuse**, that is, filth and garbage that others discard. Your language may have a comparable expression that you can use in your translation, or you could state the meaning plainly. Alternate translation: [You have made us despised and rejected]
3:45	mf1r		rc://*/ta/man/translate/figs-doublet	סְחִ֧י וּ⁠מָא֛וֹס	1	The terms **Offscouring** and **refuse** mean similar things. The writer is using the two terms together for emphasis. If it would be clearer for your readers, you could express the emphasis with a single phrase. Alternate translation: [Worthless waste]
3:46	f16d		rc://*/ta/man/translate/figs-idiom	פָּצ֥וּ עָלֵ֛י⁠נוּ פִּי⁠הֶ֖ם	1	The expression **opened their mouth against us** was a common expression meaning “spoke against us with hostility.” If it would be helpful in your language, you could state the meaning plainly. Alternate translation: [spoke against us with hostility]
3:47	dzos		rc://*/ta/man/translate/figs-parallelism	פַּ֧חַד וָ⁠פַ֛חַת הָ֥יָה לָ֖⁠נוּ הַ⁠שֵּׁ֥את וְ⁠הַ⁠שָּֽׁבֶר	1	These two phrases mean basically the same thing. The second emphasizes the meaning of the first by repeating the same idea with different words. If it would be helpful to your readers, you could combine them and express the emphasis in another way. Alternate translation: [We have experienced overwhelming terror and utter ruin]
3:47	k1zo		rc://*/ta/man/translate/figs-abstractnouns	פַּ֧חַד וָ⁠פַ֛חַת הָ֥יָה לָ֖⁠נוּ הַ⁠שֵּׁ֥את וְ⁠הַ⁠שָּֽׁבֶר	1	If your language does not use abstract nouns for the ideas of **Terror**, **desolation**, and **destruction**, you could express the same ideas in other ways. Alternate translation: [Terrifying things have come to us, what makes us desolate and what destroys us]
3:47	qj2r		rc://*/ta/man/translate/figs-doublet	פַּ֧חַד וָ⁠פַ֛חַת & הַ⁠שֵּׁ֥את וְ⁠הַ⁠שָּֽׁבֶר	1	The terms **Terror** and **the pit** mean similar things. Also, the terms **the desolation** and **the destruction** mean similar things. The writer is using two terms together for emphasis. If it would be clearer for your readers, you could express the emphasis with a single phrase. Alternate translation: [Overwhelming danger … utter ruin]
3:47	mi3g		rc://*/ta/man/translate/figs-ellipsis	הַ⁠שֵּׁ֥את וְ⁠הַ⁠שָּֽׁבֶר	1	The writer is leaving out some of the words that in many languages a sentence would need in order to be complete. You can supply these words from the context if that would be clearer in your language. Alternate translation: [desolation and destruction have come to us] or [utter ruin has come to us]
3:48	xuvd		rc://*/ta/man/translate/figs-hyperbole	פַּלְגֵי־מַ֨יִם֙ תֵּרַ֣ד עֵינִ֔⁠י	1	The writer says **Streams of water go down from my eye** as an extreme statement for emphasis. If it would be helpful in your language, you could use a different way to express the emphasis. Alternate translation: [Many tears flow from my eye]
3:48	krby		rc://*/ta/man/translate/figs-metonymy	פַּלְגֵי־מַ֨יִם֙ תֵּרַ֣ד עֵינִ֔⁠י	1	Here, **my eye** represents the writer himself as the one who is weeping. If it would be helpful in your language, you could use an equivalent expression or plain language. Alternate translation: [I weep profusely]
3:48	ebj3		rc://*/ta/man/translate/figs-abstractnouns	עַל־שֶׁ֖בֶר בַּת־עַמִּֽ⁠י	1	If your language does not use an abstract noun for the idea of **destruction**, you could express the same idea in another way. Alternate translation: [because my people have been destroyed]
3:48	dibw		rc://*/ta/man/translate/figs-metaphor	בַּת־עַמִּֽ⁠י	1	Here the writer is speaking of his people as if they were a **daughter**. Your language may have a comparable expression that you can use in your translation, or you could state the meaning plainly. Alternate translation: [my beloved people]
3:49	uh7w		rc://*/ta/man/translate/figs-personification	עֵינִ֧⁠י נִגְּרָ֛ה וְ⁠לֹ֥א תִדְמֶ֖ה	1	The writer speaks of his **eye** as if it were a person who could **pour out** tears on its own. If it would be helpful in your language, you could state the meaning plainly. Alternate translation: [I pour out tears and do not cease]
3:49	jz7h		rc://*/ta/man/translate/figs-hyperbole	וְ⁠לֹ֥א תִדְמֶ֖ה מֵ⁠אֵ֥ין הֲפֻגֽוֹת	1	The writer says **does not cease, without stopping** as an overstatement for emphasis. If it would be helpful in your language, you could use a different way to express the emphasis. Alternate translation: [does not cease for any relief]
3:50	okx6		rc://*/ta/man/translate/grammar-connect-time-sequential	עַד־יַשְׁקִ֣יף	1	The word **until** marks the endpoint of the writer’s weeping. If it would be helpful in your language, you could use a word or phrase that makes this temporal relationship clear. Alternate translation: [until the time when Yahweh looks down]
3:51	i5a2		rc://*/ta/man/translate/figs-metonymy	עֵינִ⁠י֙ עֽוֹלְלָ֣ה לְ⁠נַפְשִׁ֔⁠י	1	The writer is using the term **eye** to mean what he sees. If it would be helpful in your language, you could state the meaning plainly. Alternate translation: [What I see brings grief to my soul]
3:51	wt6r		rc://*/ta/man/translate/figs-metonymy	לְ⁠נַפְשִׁ֔⁠י	1	Here, **my soul** represents the writer himself from the perspective of his inner being. If it would be helpful in your language, you could use an equivalent expression or plain language. Alternate translation: [to me]
3:51	qony		rc://*/ta/man/translate/figs-metaphor	בְּנ֥וֹת עִירִֽ⁠י	1	Here the writer is speaking of the women of his city as **the daughters of my city**. Your language may have a comparable expression that you can use in your translation, or you could state the meaning plainly. Alternate translation: [the women of my city]
3:52	sy5i		rc://*/ta/man/translate/figs-reduplication	צ֥וֹד צָד֛וּ⁠נִי	1	The writer is repeating the verb **Hunting** before the main verb for emphasis, to show the relentless and determined nature of the pursuit. If your language can repeat words for intensification, it would be appropriate to do so here. If not, your language may have a comparable way to express emphasis. Alternate translation: [They hunted me relentlessly]
3:52	wjlv		rc://*/ta/man/translate/figs-simile	צ֥וֹד צָד֛וּ⁠נִי כַּ⁠צִּפּ֖וֹר	1	The point of this comparison is that just as a **bird** is helpless and easily caught by hunters, so the writer’s enemies pursued him relentlessly. If it would be helpful in your language, you could make this point explicitly. Alternate translation: [I was helpless before their pursuit]
3:53	y6nu		rc://*/ta/man/translate/figs-explicit	צָֽמְת֤וּ בַ⁠בּוֹר֙ חַיָּ֔⁠י	1	By **They silenced my life in the pit**, the writer means that his enemies threw him into a cistern intending to kill him (see Jeremiah 38:6). You could indicate this explicitly in your translation if that would be helpful to your readers. Alternate translation: [They threw me into a cistern to kill me]
3:54	pw3t		rc://*/ta/man/translate/figs-explicit	צָֽפוּ־מַ֥יִם עַל־רֹאשִׁ֖⁠י	1	By **Waters flowed over my head**, the writer means that water in the cistern rose up around him and he was in danger of drowning (see Jeremiah 38:6). You could indicate this explicitly in your translation if that would be helpful to your readers. Alternate translation: [The water in the cistern rose over my head]
3:54	d1kh		rc://*/ta/man/translate/figs-activepassive	נִגְזָֽרְתִּי	1	The expression **I am cut off** is a passive verbal form. If it would be helpful in your language, you could state this with an active form or in another way that is natural in your language. Alternate translation: [They have cut me off]
3:54	kxzq		rc://*/ta/man/translate/figs-quotations	נִגְזָֽרְתִּי	1	If it would be helpful to your readers, you could translate this so that there is not a direct quotation but an indirect one. Alternate translation: [that I was cut off]
3:54	g2aq		rc://*/ta/man/translate/figs-idiom	נִגְזָֽרְתִּי	1	The expression **I am cut off** was a common expression meaning I am about to die or I am separated from the living. If it would be helpful in your language, you could state the meaning plainly. Alternate translation: [I am about to die]
3:55	nrlt		rc://*/ta/man/translate/figs-metonymy	קָרָ֤אתִי שִׁמְ⁠ךָ֙	1	Here, **your name** represents God himself and his character. If it would be helpful in your language, you could use an equivalent expression or state the meaning plainly. Alternate translation: [I called on you]
3:55	x3g6		rc://*/ta/man/translate/figs-explicit	מִ⁠בּ֖וֹר תַּחְתִּיּֽוֹת	1	By **the pit of the depths**, Jeremiah means the deepest part of the cistern where his enemies had thrown him (see Jeremiah 38:6). You could indicate this explicitly in your translation if that would be helpful to your readers. Alternate translation: [from the deepest part of the cistern]
3:56	vs1p		rc://*/ta/man/translate/figs-metonymy	קוֹלִ֖⁠י שָׁמָ֑עְתָּ	1	Here, **my voice** represents the words the writer spoke in prayer. If it would be helpful in your language, you could use an equivalent expression or state the meaning plainly. Alternate translation: [You heard my prayer]
3:56	gs6b		rc://*/ta/man/translate/figs-metonymy	אַל־תַּעְלֵ֧ם אָזְנְ⁠ךָ֛	1	Here, **your ear** represents God’s hearing and attention. If it would be helpful in your language, you could use an equivalent expression or state the meaning plainly. Alternate translation: [do not refuse to listen]
3:56	jsfa		rc://*/ta/man/translate/figs-imperative	אַל־תַּעְלֵ֧ם אָזְנְ⁠ךָ֛ לְ⁠רַוְחָתִ֖⁠י	1	The writer is using the imperative form **do not hide** to make a request to God rather than to give a command. If it would be helpful in your language, you could express this with a form that communicates a request. Alternate translation: [please do not refuse to hear and come to my aid, and listen]
3:56	gjvu		rc://*/ta/man/translate/figs-doublet	לְ⁠רַוְחָתִ֖⁠י לְ⁠שַׁוְעָתִֽ⁠י	1	The terms **my relief** and **my cry for help** mean similar things. The writer is using the two terms together for emphasis. If it would be clearer for your readers, you could express the emphasis with a single phrase. Alternate translation: [to my desperate plea]
3:56	fxd0		rc://*/ta/man/translate/figs-abstractnouns	לְ⁠רַוְחָתִ֖⁠י לְ⁠שַׁוְעָתִֽ⁠י	1	If your language does not use an abstract noun for the idea of **relief**, you could express the same idea in another way. Alternate translation: [when I ask you to relieve my pain and cry out for you to help me]
3:57	lppd		rc://*/ta/man/translate/figs-quotations	אַל־תִּירָֽא	1	If it would be helpful to your readers, you could translate this so that there is not a direct quotation but an indirect one. Alternate translation: [not to be afraid]
3:58	ac1c		rc://*/ta/man/translate/figs-metaphor	רַ֧בְתָּ אֲדֹנָ֛⁠י רִיבֵ֥י נַפְשִׁ֖⁠י	1	Here the writer is speaking of God defending him as if God were a legal advocate who **pleaded** his **cases** in a courtroom. Your language may have a comparable expression that you can use in your translation, or you could state the meaning plainly. Alternate translation: [Lord, you were my legal advocate]
3:58	p2ju		rc://*/ta/man/translate/figs-metonymy	רִיבֵ֥י נַפְשִׁ֖⁠י	1	Here, **my soul** represents the writer himself. If it would be helpful to your readers, you could use an equivalent expression or plain language. Alternate translation: [my case]
3:59	ejv0		rc://*/ta/man/translate/figs-abstractnouns	עַוָּ֣תָתִ֔⁠י	1	If your language does not use an abstract noun for the idea of **my wrong**, you could express the same idea in another way. Alternate translation: [how they have wronged me]
3:59	ky8v		rc://*/ta/man/translate/figs-imperative	שָׁפְטָ֖⁠ה מִשְׁפָּטִֽ⁠י	1	The writer is using the imperative form **judge** to make a request to God rather than to give a command. If it would be helpful in your language, you could express this with a different form that communicates a polite request. Alternate translation: [please judge my case]
3:60	sseg		rc://*/ta/man/translate/figs-abstractnouns	כָּל־נִקְמָתָ֔⁠ם כָּל־מַחְשְׁבֹתָ֖⁠ם	1	If your language does not use abstract nouns for the ideas of **vengeance** and **plans**, you could express the same ideas in other ways. Alternate translation: [all the ways they have tried to harm me and how they scheme against me]
3:61	goow		rc://*/ta/man/translate/figs-abstractnouns	חֶרְפָּתָ⁠ם֙ יְהוָ֔ה כָּל־מַחְשְׁבֹתָ֖⁠ם	1	If your language does not use abstract nouns for the ideas of **reproach** and **plans**, you could express the same ideas in other ways. Alternate translation: [how they reproach me and everything they plan against me]
3:62	srt7		rc://*/ta/man/translate/figs-metonymy	שִׂפְתֵ֤י קָמַ⁠י֙	1	Here, **the lips of those rising against me** represents the hostile speech of the writer’s enemies. If it would be helpful in your language, you could use an equivalent expression or state the meaning plainly. Alternate translation: [the words of those who oppose]
3:63	ojo5		rc://*/ta/man/translate/figs-imperative	שִׁבְתָּ֤⁠ם וְ⁠קִֽימָתָ⁠ם֙ הַבִּ֔יטָ⁠ה	1	The writer is using the imperative form **Look** to make a polite request to God rather than to give a command. If it would be helpful in your language, you could express this with a different form that communicates a polite request. Alternate translation: [Please observe their sitting and their rising]
3:63	wyi8		rc://*/ta/man/translate/figs-merism	שִׁבְתָּ֤⁠ם וְ⁠קִֽימָתָ⁠ם֙	1	The writer is referring to everything his enemies do by naming two major components, **their sitting** and **their rising**. If it would be helpful in your language, you could use an equivalent expression or plain language. Alternate translation: [everything they do]
3:64	x50e		rc://*/ta/man/translate/figs-abstractnouns	גְּמ֛וּל	1	If your language does not use an abstract noun for the idea of **recompense**, you could express the same idea in another way. Alternate translation: [what they deserve]
3:64	cjqs		rc://*/ta/man/translate/figs-metonymy	כְּ⁠מַעֲשֵׂ֥ה יְדֵי⁠הֶֽם	1	Here, **their hands** represents the actions and deeds of the writer’s enemies. If it would be helpful in your language, you could use an equivalent expression or state the meaning plainly. Alternate translation: [according to their evil actions]
3:65	igc2		rc://*/ta/man/translate/figs-idiom	מְגִנַּת־לֵ֔ב	1	The expression **a covering of heart** was a common expression meaning spiritual stubbornness or obstinacy of mind. If it would be helpful in your language, you could use a comparable expression or state the meaning plainly. Alternate translation: [stubborn minds]
3:66	dk8t		rc://*/ta/man/translate/figs-idiom	בְּ⁠אַף֙	1	The writer is using the phrase **in nose** as a common expression of the culture to mean in anger. If this phrase does not have that meaning for your readers, use a comparable expression from your language that does have that meaning, or state the meaning plainly. Alternate translation: [in your fury] or [because you are angry]
3:66	iq5l		rc://*/ta/man/translate/figs-metaphor	מִ⁠תַּ֖חַת שְׁמֵ֥י יְהוָֽה	1	Here the writer is speaking of the realm of the living as being **under the heavens of Yahweh**. Your language may have a comparable expression that you can use in your translation, or you could state the meaning plainly. Alternate translation: [from the face of the earth]
4:intro	v761				0	# Lamentations 4 Chapter Introduction\n\n## Structure and Formatting\n\nLamentations 4 is a 22–verse acrostic poem, with each verse beginning with a successive letter of the Hebrew alphabet. The poem moves from vivid images of degradation — tarnished gold, starving children, cannibalism — to the fall of Jerusalem’s prophets, priests, and king, closing with a warning to Edom and a word of hope that Zion’s punishment is complete.\n\n## Religious and Cultural Concepts in This Chapter\n\n### The anointed of Yahweh\n\nVerse 20 calls the king “the anointed of Yahweh” and “the breath of our nostrils.” This royal language expresses the deep trust the people placed in the king as God’s appointed ruler. Translators should use a term for “anointed” consistent with how it is used elsewhere, since the same concept applies to priests and, ultimately, to the Messiah.\n\n### Daughter of Edom and daughter of Zion\n\nThe chapter closes by addressing “daughter of Edom” and “daughter of Zion” as if they were women. This is a common Hebrew way of personifying a city or nation.\n\n## Translation Issues in This Chapter\n\n### Iniquity as sin or punishment\n\nIn verses 6 and 22, the word “iniquity” can mean either the sin itself or the punishment for sin. Translators should choose one reading and apply it consistently within each verse, since the two clauses in each verse are parallel.
4:1	ndhj		rc://*/ta/man/translate/writing-poetry	אֵיכָה֙	1	The word **How** introduces an exclamation of sorrow which expresses strong feelings of shock and grief at the way the people of Zion are now treated. This is poetic language and begins the lament for the destruction of Jerusalem and its people. If there is an equivalent word or phrase in your language that you can use in your translation, you could use it here and in verse 2.
4:1	c0lg		rc://*/ta/man/translate/figs-metaphor	יוּעַ֣ם זָהָ֔ב יִשְׁנֶ֖א הַ⁠כֶּ֣תֶם הַ⁠טּ֑וֹב	1	Here the writer is speaking as if the people of Jerusalem were **gold** that has lost its luster and **fine gold** that has been altered. Your language may have a comparable expression that you can use in your translation, or you could state the meaning plainly. Alternate translation: [the people have lost their value; the most honored people have changed]
4:1	vl30		rc://*/ta/man/translate/figs-metaphor	תִּשְׁתַּפֵּ֨כְנָה֙ אַבְנֵי־קֹ֔דֶשׁ	1	Here the writer is speaking as if the people of the city were **The stones of holiness** and liquid that has been **poured out** and scattered. Your language may have a comparable expression that you can use in your translation, or you could state the meaning plainly. Alternate translation: [The holy stones lie scattered] or [The people lie scattered]
4:1	u2lb		rc://*/ta/man/translate/figs-idiom	בְּ⁠רֹ֖אשׁ כָּל־חוּצֽוֹת	1	The writer is using **at the head of every street** as a common expression of the culture to mean at the beginning or top of every street. If this phrase does not have that meaning for your readers, you could use a comparable expression from your language that does have that meaning, or you could state the meaning plainly. Alternate translation: [on every street corner] or [at the top of every street]
4:2	b20e		rc://*/ta/man/translate/figs-metaphor	בְּנֵ֤י צִיּוֹן֙ הַ⁠יְקָרִ֔ים הַ⁠מְסֻלָּאִ֖ים בַּ⁠פָּ֑ז	1	Here the writer is speaking as if the people of Jerusalem were precious metal that could be **weighed against fine gold**. Your language may have a comparable expression that you can use in your translation, or you could state the meaning plainly. Alternate translation: [The precious sons of Zion, as valuable as fine gold]
4:2	bwg7		rc://*/ta/man/translate/figs-activepassive	הַ⁠מְסֻלָּאִ֖ים בַּ⁠פָּ֑ז	1	The expression **weighed against fine gold** is a passive verbal form. If it would be unnatural to use that form, you could express the idea in active form or in another way that is natural in your language. Alternate translation: [whose value equaled fine gold]
4:2	mw40		rc://*/ta/man/translate/figs-simile	אֵיכָ֤ה נֶחְשְׁבוּ֙ לְ⁠נִבְלֵי־חֶ֔רֶשׂ	1	The point of this comparison is that just as **jars of clay** are cheap and easily broken, so the sons of Zion are now treated as worthless. If it would be helpful in your language, you could make this point explicitly. Alternate translation: [how people regard them as worthless, like jars of clay]
4:3	ee0q		rc://*/ta/man/translate/figs-personification	בַּת־עַמִּ֣⁠י לְ⁠אַכְזָ֔ר	1	The writer is speaking of **the daughter of my people** as if the people group were one woman. If it would be helpful in your language, you could state the meaning plainly here and in verse 10. Alternate translation: [But my people have become cruel]
4:3	nhsj		rc://*/ta/man/translate/figs-simile	כי ענים בַּ⁠מִּדְבָּֽר	1	The point of this comparison is that just as **ostriches in the wilderness** abandon their eggs and neglect their young, so the people have become cruel to their children. If it would be helpful in your language, you could make this point explicitly. Alternate translation: [like ostriches in the wilderness that abandon their young]
4:4	eug9		rc://*/ta/man/translate/figs-metaphor	חכּ֖⁠וֹ	1	Here, the writer is speaking of the top of the infant’s mouth as if it were a **roof**. Your language may have a comparable expression that you can use in your translation, or you could state the meaning plainly. Alternate translation: [the top of his mouth] or [his palate]
4:5	bwuu		rc://*/ta/man/translate/figs-activepassive	הָ⁠אֱמֻנִים֙ עֲלֵ֣י תוֹלָ֔ע	1	Here, **scarlet** represents expensive dyed clothing. The expression **The ones reared on scarlet** is a passive verbal form. If it would be unnatural to use that form, you could express the idea in active form or in another way that is natural in your language. Alternate translation: [Those whose parents raised them in fine clothes]
4:6	co6l		rc://*/ta/man/translate/figs-metonymy	וַ⁠יִּגְדַּל֙ עֲוֺ֣ן בַּת־עַמִּ֔⁠י מֵֽ⁠חַטַּ֖את סְדֹ֑ם	1	Here, **iniquity** could represent: (1) the sin itself, meaning the sinfulness of the people is worse than the sinfulness of Sodom. Alternate translation: [the wickedness of the daughter of my people is greater than the wickedness of Sodom] or (2) the punishment for sin, meaning God has punished the people more severely than he punished Sodom. The UST follows this reading. Alternate translation: [the punishment of the daughter of my people is greater than the punishment of Sodom]
4:6	u0ln		rc://*/ta/man/translate/figs-abstractnouns	וַ⁠יִּגְדַּל֙ עֲוֺ֣ן בַּת־עַמִּ֔⁠י מֵֽ⁠חַטַּ֖את סְדֹ֑ם	1	If your language does not use abstract nouns for the ideas of **iniquity** and **sin**, you could express the same idea in another way. Alternate translation: [And the way the daughter of my people has acted wickedly is worse than the way Sodom sinned]
4:6	ywm1		rc://*/ta/man/translate/figs-idiom	וְ⁠לֹא־חָ֥לוּ בָ֖⁠הּ יָדָֽיִם	1	This could mean: (1) no one expressed grief for Sodom, that is, no one wrung their hands in anguish over its destruction. Alternate translation: [and no one grieved for her] or (2) no human hands were involved in its destruction because God destroyed it suddenly. Alternate translation: [and no hands helped her]
4:7	ezmo		rc://*/ta/man/translate/translate-unknown	נְזִירֶ֨י⁠הָ֙	1	This could mean: (1) **Nazirites** refers to people who had taken a special vow of dedication to God, as described in [Numbers 6:1–21](../../num/06/01.md). Their pure appearance would reflect their consecrated life. Alternate translation: [Her consecrated ones] or (2) the word refers more generally to nobles, leaders, or people who were set apart by their high position. The UST follows this reading. Alternate translation: [Her nobles]
4:7	lh3c		rc://*/ta/man/translate/figs-simile	זַכּ֤וּ & מִ⁠שֶּׁ֔לֶג צַח֖וּ מֵ⁠חָלָ֑ב	1	The point of this comparison is that just as **snow** and **milk** are bright and clean, so the Nazirites had a pure appearance. If it would be helpful in your language, you could make this point explicitly. Alternate translation: [were as clean looking as snow; their appearance was as bright as milk]
4:7	sgb0		rc://*/ta/man/translate/figs-simile	אָ֤דְמוּ עֶ֨צֶם֙ מִ⁠פְּנִינִ֔ים סַפִּ֖יר גִּזְרָתָֽ⁠ם	1	The point of this comparison is that just as **corals** have a rich red color and **sapphire** is very precious, so the Nazirites’ bodies had a healthy, ruddy complexion and fine form. If it would be helpful in your language, you could make this point explicitly. Alternate translation: [Their complexion was as healthy-looking as coral; their form was as beautiful as sapphire]
4:8	y5zc		rc://*/ta/man/translate/figs-simile	חָשַׁ֤ךְ מִ⁠שְּׁחוֹר֙	1	The point of this comparison is that just as **soot** is very dark, so the appearance of the people has become extremely dark because of starvation and suffering. If it would be helpful in your language, you could make this point explicitly. Alternate translation: [is extremely dark]
4:8	kx9p		rc://*/ta/man/translate/figs-simile	יָבֵ֖שׁ הָיָ֥ה כָ⁠עֵֽץ	1	The point of this comparison is that just as **wood** is dry and lifeless, so the skin of the starving people has become dried out. If it would be helpful in your language, you could make this point explicitly. Alternate translation: [it has become dry and lifeless like a piece of wood]
4:9	tsy2		rc://*/ta/man/translate/figs-metonymy	חַלְלֵי־חֶ֔רֶב	1	Here, **the slain of the sword** represents those who died in battle. If it would be helpful in your language, you could use an equivalent expression or plain language. Alternate translation: [those who died by the sword in battle]
4:9	olqr		rc://*/ta/man/translate/grammar-connect-logic-result	שֶׁ֣⁠הֵ֤ם יָז֨וּבוּ֙ מְדֻקָּרִ֔ים מִ⁠תְּנוּבֹ֖ת שָׂדָֽי	1	If it would be more natural in your language, you could reverse the order of these phrases, since the second phrase gives the reason for the result that the first phrase describes. Alternate translation: [because there was no food from the fields, they wasted away, pierced by hunger]
4:10	bm00		rc://*/ta/man/translate/figs-metonymy	יְדֵ֗י נָשִׁים֙ רַחֲמָ֣נִיּ֔וֹת	1	Here, **The hands of compassionate women** represents the women themselves and their actions. If it would be helpful in your language, you could use an equivalent expression or plain language. Alternate translation: [Compassionate women themselves]
4:10	m1py		rc://*/ta/man/translate/writing-pronouns	הָי֤וּ לְ⁠בָרוֹת֙ לָ֔⁠מוֹ	1	The pronoun **they** refers to the children, while the pronoun **them** refers to the women.
4:11	jl4y		rc://*/ta/man/translate/figs-idiom	חֲר֣וֹן אַפּ֑⁠וֹ	1	The writer is using **the burning of his nose** as a common expression of the culture to mean that Yahweh is angry. If this phrase does not have that meaning for your readers, you could use a comparable expression from your language that does have that meaning, or you could state the meaning plainly. Alternate translation: [his fierce anger] or [his burning anger]
4:12	vt45		rc://*/ta/man/translate/figs-metonymy	בְּ⁠שַׁעֲרֵ֖י יְרוּשָׁלִָֽם	1	Here, **the gates of Jerusalem** represents the city itself and its defenses. If it would be helpful in your language, you could use an equivalent expression or plain language. Alternate translation: [the city of Jerusalem]
4:13	krnt		rc://*/ta/man/translate/figs-parallelism	מֵֽ⁠חַטֹּ֣את נְבִיאֶ֔י⁠הָ עֲוֺנ֖וֹת כֹּהֲנֶ֑י⁠הָ	1	These two phrases mean basically the same thing. The second emphasizes the meaning of the first by repeating the same idea with different words. If it would be helpful to your readers, you could combine them and express the emphasis in another way. The pronoun **her** in the phrases **her prophets** and **her priests** refers to Jerusalem. Alternate translation: [Because of the great wickedness of her religious leaders]
4:13	vihk		rc://*/ta/man/translate/figs-metonymy	הַ⁠שֹּׁפְכִ֥ים & דַּ֥ם צַדִּיקִֽים	1	Here, **pouring out the blood of the righteous** represents killing innocent people. If it would be helpful in your language, you could use an equivalent expression or plain language. Alternate translation: [killing righteous people]
4:14	sdc9		rc://*/ta/man/translate/figs-metaphor	נָע֤וּ עִוְרִים֙ בַּֽ⁠חוּצ֔וֹת	1	Here the writer is speaking as if the prophets and priests were physically **blind**. He means that they had no moral or spiritual discernment, and now after Jerusalem’s destruction they wander helplessly through the streets. Your language may have a comparable expression that you can use in your translation, or you could state the meaning plainly. Alternate translation: [They wandered through the streets without direction, unable to see what they had done]
4:14	mq2b		rc://*/ta/man/translate/figs-metonymy	נְגֹֽאֲל֖וּ בַּ⁠דָּ֑ם	1	Here, **blood** represents the guilt of having murdered innocent people. If it would be helpful in your language, you could use an equivalent expression or plain language. Alternate translation: [they were guilty of shedding innocent blood] or [the blood of their victims defiled them]
4:15	mcz5		rc://*/ta/man/translate/figs-quotations	ס֣וּרוּ טָמֵ֞א קָ֣רְאוּ לָ֗⁠מוֹ ס֤וּרוּ ס֨וּרוּ֙ אַל־תִּגָּ֔עוּ	1	If it would be more natural in your language, you could express these as indirect quotations. The verse contains direct quotations of what people shouted at the defiled priests and prophets. The first pronoun **they** refers to the people of the city, while the pronoun **them** refers to the priests and prophets. Alternate translation: [People shouted at them to turn aside because they were unclean, and told them to go away and not to touch anyone]
4:15	r15d		rc://*/ta/man/translate/figs-quotations	אָֽמְרוּ֙ בַּ⁠גּוֹיִ֔ם לֹ֥א יוֹסִ֖יפוּ לָ⁠גֽוּר	1	If it would be more natural in your language, you could express this as an indirect quotation. The first **They** refers to the people of the nations while the second **They** refers to the priests and prophets. Alternate translation: [They said among the nations that those priests and prophets could not continue to live there]
4:16	ewps		rc://*/ta/man/translate/figs-metonymy	פְּנֵ֤י יְהוָה֙ חִלְּקָ֔⁠ם	1	Here, **The face of Yahweh** represents Yahweh’s presence and active attention. If it would be helpful in your language, you could use an equivalent expression or plain language. Alternate translation: [Yahweh himself scattered them]
4:16	xi08		rc://*/ta/man/translate/figs-explicit	לֹ֥א יוֹסִ֖יף לְ⁠הַבִּיטָ֑⁠ם	1	By saying Yahweh will **not continue to look at them**, the writer means that Yahweh will no longer watch over or care for the priests and prophets he has scattered. You could indicate this explicitly in your translation if that would be helpful to your readers. The pronoun **he** refers to Yahweh, while the pronoun **them** refers to the priests and prophets. Alternate translation: [he will no longer watch over them]
4:16	j498		rc://*/ta/man/translate/figs-idiom	פְּנֵ֤י כֹהֲנִים֙ לֹ֣א נָשָׂ֔אוּ	1	The writer is using **The face of the priests they did not lift up** as a common expression of the culture to mean they did not show respect to the priests. If this phrase does not have that meaning for your readers, you could use a comparable expression from your language that does have that meaning, or you could state the meaning plainly. The pronoun **they** in the phrases **they did not lift up** and **they did not show grace** refers to the people of the nations. Alternate translation: [They did not show respect to the priests] or [They did not honor the priests]
4:16	brxs		rc://*/ta/man/translate/figs-idiom	לֹ֥א חָנָֽנוּ	1	The writer is using **show grace** as a common expression meaning to show kindness or mercy. If this phrase does not have that meaning for your readers, you could use a comparable expression from your language that does have that meaning, or you could state the meaning plainly. Alternate translation: [they did not show them any mercy]
4:17	xv4u		rc://*/ta/man/translate/writing-pronouns	עֵינֵ֔י⁠נוּ	1	In this verse, the writer shifts from speaking about the people of Jerusalem in the third person (as in verses 1–16) to speaking in the first-person plural, identifying himself with them. If it would be helpful to your readers, you could note this shift or make it natural in your language.
4:17	mj3c		rc://*/ta/man/translate/figs-metonymy	עוד⁠ינה תִּכְלֶ֣ינָה עֵינֵ֔י⁠נוּ אֶל	1	Here the writer is using **Our eyes** to represent the act of watching and hoping. If it would be helpful in your language, you could use an equivalent expression or plain language. Alternate translation: [We still grew weary looking for]
4:17	zhnh		rc://*/ta/man/translate/figs-metaphor	עֶזְרָתֵ֖⁠נוּ הָ֑בֶל	1	Here the writer is speaking of the help they hoped for as if it were **a vapor**, something that appears but quickly vanishes. Your language may have a comparable expression that you can use in your translation, or you could state the meaning plainly. Alternate translation: [our help was worthless] or [our help amounted to nothing]
4:18	qcqb		rc://*/ta/man/translate/figs-metaphor	צָד֣וּ צְעָדֵ֔י⁠נוּ	1	Here the writer is speaking as if the enemies were hunters and the people of Judah were prey that they **hunted** and **our steps** represents the people’s movements and daily activities. Your language may have a comparable expression that you can use in your translation, or you could state the meaning plainly. Alternate translation: [They tracked our every movement]
4:18	rme3		rc://*/ta/man/translate/writing-poetry	קָרַ֥ב קִצֵּ֛י⁠נוּ מָלְא֥וּ יָמֵ֖י⁠נוּ כִּי־בָ֥א קִצֵּֽי⁠נוּ	1	Jeremiah uses three phrases that build on each other to express the same idea with increasing intensity. **Our end** represents the time of their destruction, and **our days** represents the time they had left. The first phrase says it was approaching, the second that their time had run out, and the third confirms it had arrived. If your language has a natural way to build this kind of repetition, use it. If not, you could combine these and express the emphasis in another way. Alternate translation: [The time of our destruction was at hand—our days had run out, for our end had finally come]
4:19	p02c		rc://*/ta/man/translate/figs-merism	עַל־הֶ⁠הָרִ֣ים & בַּ⁠מִּדְבָּ֖ר	1	The writer is referring to all places by naming two extremes, **On the mountains** and **in the wilderness**. If it would be helpful in your language, you could use an equivalent expression or plain language. Alternate translation: [Everywhere, whether on the mountains … in the wilderness]
4:20	a28v		rc://*/ta/man/translate/figs-metaphor	ר֤וּחַ אַפֵּ֨י⁠נוּ֙	1	Here the writer is speaking as if the king were **The breath of our nostrils**, that is, as essential to the people’s lives as breathing. Your language may have a comparable expression that you can use in your translation, or you could state the meaning plainly. Alternate translation: [The one who was essential to our life]
4:20	oyxo		rc://*/ta/man/translate/figs-metaphor	נִלְכַּ֖ד בִּ⁠שְׁחִיתוֹתָ֑⁠ם	1	Here the writer is speaking as if the king were an animal **captured in their pits**. Your language may have a comparable expression that you can use in your translation, or you could state the meaning plainly. Alternate translation: [fell into the traps they set] or [the enemies captured him in their pits]
4:20	h1o6		rc://*/ta/man/translate/figs-quotations	אֲשֶׁ֣ר אָמַ֔רְנוּ בְּ⁠צִלּ֖⁠וֹ נִֽחְיֶ֥ה בַ⁠גּוֹיִֽם	1	If it would be more natural in your language, you could express this as an indirect quotation. Alternate translation: [of whom we said that we would live under his protection among the nations]
4:20	ho16		rc://*/ta/man/translate/figs-metaphor	בְּ⁠צִלּ֖⁠וֹ נִֽחְיֶ֥ה	1	Here the writer is speaking as if the king’s protection were a **shadow** that shelters from the heat. Your language may have a comparable expression that you can use in your translation, or you could state the meaning plainly. Alternate translation: [Under his protection we will live]
4:21	x8ws		rc://*/ta/man/translate/figs-apostrophe	שִׂ֤ישִׂי וְ⁠שִׂמְחִי֙ בַּת־אֱד֔וֹם יושבתי בְּ⁠אֶ֣רֶץ ע֑וּץ	1	The writer is speaking to the people of Edom, who are not present. He is doing this to communicate to the people listening to him that he feels very strongly about the judgment that will come on Edom as well. If it would be helpful in your language, you could translate these words as if he were speaking directly to his own people about Edom. Alternate translation: [The people of Edom who live in the land of Uz may rejoice and be glad now]
4:21	infj		rc://*/ta/man/translate/figs-irony	שִׂ֤ישִׂי וְ⁠שִׂמְחִי֙ בַּת־אֱד֔וֹם	1	The writer actually means to communicate the opposite of the literal meaning of what he is saying here. He is not genuinely urging Edom to celebrate but is sarcastically warning that judgment is coming for them as well. If a speaker of your language would not do that, you could translate the meaning plainly. Alternate translation: [You may be celebrating now, people of Edom]
4:21	utml		rc://*/ta/man/translate/figs-metaphor	גַּם־עָלַ֨יִ⁠ךְ֙ תַּעֲבָר־כּ֔וֹס	1	Here the writer is speaking as if God’s judgment were a **cup** of wine being passed to Edom to drink. Your language may have a comparable expression that you can use in your translation, or you could state the meaning plainly. Alternate translation: [Yahweh will also judge you]
4:21	dy5a		rc://*/ta/man/translate/figs-metaphor	תִּשְׁכְּרִ֖י וְ⁠תִתְעָרִֽי	1	Here the writer is speaking as if experiencing God’s judgment were becoming **drunk** and the resulting public humiliation were making **yourself naked**. Your language may have a comparable expression that you can use in your translation, or you could state the meaning plainly. Alternate translation: [you will stagger under his judgment and will be exposed in your shame]
4:22	dvu0		rc://*/ta/man/translate/figs-metonymy	תַּם־עֲוֺנֵ⁠ךְ֙ בַּת־צִיּ֔וֹן	1	As in [4:6](../04/06.md), the word **iniquity** here could represent either the sin itself or the punishment for it. In this context, the sense is most likely that Zion’s **punishment** is complete—Yahweh has finished disciplining his people and will not send them into exile again. Alternate translation: [Your punishment is complete, daughter of Zion] or [You have finished serving your sentence, people of Zion]
4:22	s3x9		rc://*/ta/man/translate/figs-idiom	פָּקַ֤ד עֲוֺנֵ⁠ךְ֙	1	The writer is using **He will visit your iniquity** as a common expression of the culture to mean that Yahweh will punish Edom for their wrongdoing. If this phrase does not have that meaning for your readers, you could use a comparable expression from your language that does have that meaning, or you could state the meaning plainly. Alternate translation: [He will punish you for your iniquity] or [He will hold you accountable for your wrongdoing]
4:22	vsgf		rc://*/ta/man/translate/figs-metaphor	גִּלָּ֖ה עַל־חַטֹּאתָֽיִ⁠ךְ	1	Here the writer is speaking as if Edom’s sins were hidden things that Yahweh will **uncover** for all to see. Your language may have a comparable expression that you can use in your translation, or you could state the meaning plainly. Alternate translation: [he will expose your sins for all to see]
5:intro	qq6e					# Lamentations 5 Chapter Introduction\n\n## Structure and Formatting\n\nThis chapter is a communal prayer to Yahweh, cataloging the people’s suffering (vv. 1–18), affirming God’s eternal throne (v. 19), and closing with petitions and rhetorical questions (vv. 20–22). Unlike chapters 1–4, it is not an acrostic, though it retains 22 verses matching the Hebrew alphabet.\n\n## Religious and Cultural Concepts in This Chapter\n\n### Inherited guilt\n\nThe community confesses that their fathers sinned and died, yet the current generation bears their iniquity (v. 7), reflecting communal covenant accountability.\n\n## Translation Issues in This Chapter\n\n### Recurring synonymous parallelism\n\nMany verses pair synonymous lines, requiring translators to preserve the parallel structure while keeping each line distinct.
5:1	sku1		rc://*/ta/man/translate/figs-imperative	זְכֹ֤ר יְהוָה֙ מֶֽה־הָ֣יָה לָ֔⁠נוּ הביט וּ⁠רְאֵ֥ה אֶת־חֶרְפָּתֵֽ⁠נוּ	1	This is an imperative, but it communicates a polite request rather than a command. If the imperative does not communicate a polite request for your readers, then use a form in your language that communicates a polite request. It may be helpful to add an expression such as “please” to make this clear. Alternate translation: [Please remember, Yahweh, what has happened to us; please look and see our reproach]
5:1	lty9		rc://*/ta/man/translate/figs-doublet	הביט וּ⁠רְאֵ֥ה	1	The terms **look** and **see** mean similar things. The writer is using the two terms together for emphasis. If it would be clearer for your readers, you could express the emphasis with a single phrase. Alternate translation: [look carefully at]
5:2	slk5		rc://*/ta/man/translate/figs-parallelism	נַחֲלָתֵ֨⁠נוּ֙ נֶֽהֶפְכָ֣ה לְ⁠זָרִ֔ים בָּתֵּ֖י⁠נוּ לְ⁠נָכְרִֽים	1	These two clauses mean basically the same thing. The second emphasizes the meaning of the first by repeating the same idea with different words. If it would be helpful to your readers, you could combine them and express the emphasis in another way. Alternate translation: [Our inheritance and our houses have been taken from us and given to people who are not from our land]
5:3	pu4h		rc://*/ta/man/translate/figs-simile	אִמֹּתֵ֖י⁠נוּ כְּ⁠אַלְמָנֽוֹת	1	The point of this comparison is that just as **widows** are without husbands to care for them, so are **our mothers** without anyone to support them. If it would be helpful in your language, you could make this point explicitly. Alternate translation: [our mothers have no one to support them]
5:4	sp0m		rc://*/ta/man/translate/figs-infostructure	מֵימֵ֨י⁠נוּ֙ בְּ⁠כֶ֣סֶף שָׁתִ֔ינוּ	1	If it would be more natural in your language, you could change the order of the words so that the subject comes before the object. Alternate translation: [We drink our water for silver]
5:5	qzia		rc://*/ta/man/translate/figs-idiom	עַ֤ל צַוָּארֵ֨⁠נוּ֙ נִרְדָּ֔פְנוּ	1	The writer is using **pursued on our necks** as a common expression of the culture to mean “our enemies chase us relentlessly and are close behind us.” If this phrase does not have that meaning for your readers, you could use a comparable expression from your language that does have that meaning, or you could state the meaning plainly. Alternate translation: [We are chased relentlessly by our enemies]
5:5	dag5		rc://*/ta/man/translate/figs-abstractnouns	לא	1	If your language does not use an abstract noun for the idea of **rest**, you could express the same idea in another way. Alternate translation: [and we are not allowed to rest]
5:6	tm6r		rc://*/ta/man/translate/figs-idiom	מִצְרַ֨יִם֙ נָתַ֣נּוּ יָ֔ד	1	The writer is using **given a hand** as a common expression of the culture to mean “submitted” or “surrendered.” If this phrase does not have that meaning for your readers, you could use a comparable expression from your language that does have that meaning, or you could state the meaning plainly. Alternate translation: [We have submitted to Egypt]
5:6	ou7x		rc://*/ta/man/translate/figs-explicit	אַשּׁ֖וּר	1	The implication is that the people also submitted to Assyria, just as they submitted to Egypt. You could include this information if that would be helpful to your readers. Alternate translation: [to Assyria also]
5:6	q83v		rc://*/ta/man/translate/grammar-connect-logic-goal	מִצְרַ֨יִם֙ נָתַ֣נּוּ יָ֔ד אַשּׁ֖וּר לִ⁠שְׂבֹּ֥עַֽ לָֽחֶם	1	Here, **to be satisfied with bread** marks getting food as the goal or purpose of submitting to Egypt and Assyria. Use a connector in your language that makes it clear that this is the purpose.
5:7	vxwx		rc://*/ta/man/translate/figs-euphemism	אינ⁠ם	1	The writer is referring to death in a polite way by using the phrase **they are no more**. Depending on what is helpful for your readers, you could use a polite way of referring to this in your language, or you could state this plainly. Alternate translation: [they have died]
5:7	hppb		rc://*/ta/man/translate/writing-pronouns	אנחנו עֲוֺנֹתֵי⁠הֶ֥ם סָבָֽלְנוּ	1	The pronoun **we** refers to the current generation of the people of Jerusalem, in contrast with their **fathers** who sinned and died. It may be helpful to clarify this for your readers. Alternate translation: [and we, the current generation, bear their iniquities]
5:7	gfom		rc://*/ta/man/translate/figs-metaphor	אנחנו עֲוֺנֹתֵי⁠הֶ֥ם סָבָֽלְנוּ	1	The writer is speaking as if the consequences of sin were a physical burden that people **bear**. Your language may have a comparable expression that you can use in your translation, or you could state the meaning plainly. Alternate translation: [and we, we suffer the consequences of what they did wrong]
5:8	brvj		rc://*/ta/man/translate/figs-metonymy	מִ⁠יָּדָֽ⁠ם	1	Here, **their hand** represents “their control.” If it would be helpful in your language, you could use an equivalent expression or plain language. Alternate translation: [from their control]
5:9	i781		rc://*/ta/man/translate/figs-idiom	מִ⁠פְּנֵ֖י	1	The writer is using **from the face of** as a common expression of the culture to mean “because of.” If this phrase does not have that meaning for your readers, you could use a comparable expression from your language that does have that meaning, or you could state the meaning plainly here and in verse 10. Alternate translation: [because of]
5:9	p6cc		rc://*/ta/man/translate/figs-metonymy	חֶ֥רֶב הַ⁠מִּדְבָּֽר	1	Here, **the sword of the wilderness** represents “the violent dangers in the wilderness.” If it would be helpful in your language, you could use an equivalent expression or plain language. Alternate translation: [the violent dangers of the wilderness]
5:10	kn30		rc://*/ta/man/translate/figs-simile	עוֹרֵ֨⁠נוּ֙ כְּ⁠תַנּ֣וּר נִכְמָ֔רוּ	1	The point of this comparison is that just as **an oven** is extremely hot, so the people’s **skin** is burning with intense heat from fever. If it would be helpful in your language, you could make this point explicitly. Alternate translation: [Our skin burns as hot as an oven]
5:11	dqlx		rc://*/ta/man/translate/figs-euphemism	נָשִׁים֙ & עִנּ֔וּ	1	The writer is referring to sexual assault in a polite way by using the word **violate**. Depending on what is helpful for your readers, you could use a polite way of referring to this in your language, or you could state this plainly. Alternate translation: [They sexually assault women]
5:12	zpux		rc://*/ta/man/translate/figs-metonymy	פְּנֵ֥י זְקֵנִ֖ים	1	Here, **the faces of elders** represents the elders themselves. If it would be helpful in your language, you could use an equivalent expression or plain language. Alternate translation: [the elders themselves]
5:14	ykax		rc://*/ta/man/translate/figs-metonymy	זְקֵנִים֙ מִ⁠שַּׁ֣עַר שָׁבָ֔תוּ	1	Here, **the gate** represents the place where civic leaders gathered to make decisions and administer justice. If it would be helpful in your language, you could use an equivalent expression or plain language. Alternate translation: [Elders have ceased from making decisions]
5:14	qocd		rc://*/ta/man/translate/figs-merism	זְקֵנִים֙ מִ⁠שַּׁ֣עַר שָׁבָ֔תוּ בַּחוּרִ֖ים	1	The writer is referring to all of the people by naming two major components, **Elders** and **young men**. If it would be helpful in your language, you could use an equivalent expression or plain language. Alternate translation: [Everyone has stopped gathering at the gates, all the people have withdrawn]
5:15	yk39		rc://*/ta/man/translate/figs-metaphor	לִבֵּ֔⁠נוּ	1	The writer is speaking of the people’s emotions as if they were located in the **heart**. Your language may have a comparable expression that you can use in your translation, or you could state the meaning plainly. Alternate translation: [our emotions]
5:16	kuph		rc://*/ta/man/translate/figs-metaphor	נָֽפְלָה֙ עֲטֶ֣רֶת רֹאשֵׁ֔⁠נוּ	1	The writer is speaking of the people’s honor and dignity as if it were a **crown** that could fall from their head. Your language may have a comparable expression that you can use in your translation, or you could state the meaning plainly. Alternate translation: [We have lost our honor and dignity]
5:16	dsba		rc://*/ta/man/translate/figs-exclamations	אֽוֹי־נָ֥א לָ֖⁠נוּ	1	The writer is using a phrase that expresses a strong feeling of grief and despair. There may be an equivalent word or phrase in your language that you can use in your translation to convey this feeling. Alternate translation: [We are now in great misery]
5:17	uc26		rc://*/ta/man/translate/figs-metaphor	הָיָ֤ה דָוֶה֙ לִבֵּ֔⁠נוּ	1	The writer is speaking of the people’s grief as if their **heart** had become physically **sick**. Your language may have a comparable expression that you can use in your translation, or you could state the meaning plainly. Alternate translation: [our heart is filled with grief]
5:19	xza6		rc://*/ta/man/translate/figs-metaphor	לְ⁠עוֹלָ֣ם תֵּשֵׁ֔ב	1	The writer uses the word **sit** to speak of Yahweh’s rule as if he were a king on a throne. Your language may have a comparable expression that you can use in your translation, or you could state the meaning plainly. Alternate translation: [reign forever]
5:19	cws5		rc://*/ta/man/translate/figs-metonymy	כִּסְאֲ⁠ךָ֖	1	Here, **your throne** represents “your royal authority.” If it would be helpful in your language, you could use an equivalent expression or plain language. Alternate translation: [your royal authority is]
5:19	p9ww		rc://*/ta/man/translate/figs-idiom	לְ⁠דֹ֥ר וָ⁠דֽוֹר	1	The writer is using **to generation and generation** as a common expression of the culture to mean “throughout every generation” or “forever.” If this phrase does not have that meaning for your readers, you could use a comparable expression from your language that does have that meaning, or you could state the meaning plainly. Alternate translation: [throughout every generation]
5:20	hv48		rc://*/ta/man/translate/figs-rquestion	לָ֤⁠מָּה לָ⁠נֶ֨צַח֙ תִּשְׁכָּחֵ֔⁠נוּ תַּֽעַזְבֵ֖⁠נוּ לְ⁠אֹ֥רֶךְ יָמִֽים	1	The writer is using the question form to express anguish over feeling abandoned by God. If a speaker of your language would not use the question form for that purpose, you could translate these as statements or as exclamations. Alternate translation: [Surely you have forgotten us forever, you have forsaken us for so long]
5:20	wbr9		rc://*/ta/man/translate/figs-idiom	לְ⁠אֹ֥רֶךְ יָמִֽים	1	The writer is using **for the length of days** as a common expression of the culture to mean “for a long time.” If this phrase does not have that meaning for your readers, you could use a comparable expression from your language that does have that meaning, or you could state the meaning plainly. Alternate translation: [for a very long time]
5:21	nhya		rc://*/ta/man/translate/figs-imperative	הֲשִׁיבֵ֨⁠נוּ יְהוָ֤ה ׀ אֵלֶ֨י⁠ךָ֙ ו⁠נשוב חַדֵּ֥שׁ יָמֵ֖י⁠נוּ כְּ⁠קֶֽדֶם	1	These phrases are imperatives, but they communicate polite requests rather than commands. If the imperative does not communicate a polite request for your readers, then use a form in your language that communicates a polite request. It may be helpful to add an expression such as “please” to make this clear. Alternate translation: [Please bring us back to yourself, Yahweh, and please let us return; please make our days as they were in times past]
5:22	xrty		rc://*/ta/man/translate/figs-rquestion	כִּ֚י אִם־מָאֹ֣ס מְאַסְתָּ֔⁠נוּ	1	The writer is using the question form to express fear and anguish about the possibility that God has completely rejected his people. If a speaker of your language would not use the question form for that purpose, you could translate these as statements or as exclamations. Alternate translation: [For you have completely rejected us! You have been angry against us beyond measure!]
5:22	ok68		rc://*/ta/man/translate/figs-reduplication	מָאֹ֣ס מְאַסְתָּ֔⁠נוּ	1	The writer is repeating forms of the verb **rejected** in order to intensify his expression of the idea that it conveys. If your language can repeat words for intensification, it would be appropriate to do that here in your translation. If not, your language may have another way of expressing the intensification. Alternate translation: [have you rejected, yes, rejected us]
5:22	d4uy		rc://*/ta/man/translate/figs-hyperbole	עַד־מְאֹֽד	1	The writer says **beyond measure** as an extreme statement for emphasis. If it would be helpful in your language, you could use a different way to express the emphasis. Alternate translation: [so greatly]
