Reference	ID	Tags	SupportReference	Quote	Occurrence	Note
front:intro	hp4d				0	# Introduction to Micah\n\n## Part 1: General Introduction\n\n### Outline of Micah\n\n1. Yahweh announces judgment on his people and their leaders (1–3)\n2. Yahweh promises future restoration and righteous rule (4–5)\n3. Yahweh calls his people to repentance and offers hope (6–7)\n\n### What is the Book of Micah about?\n\nThis book contains many of Micah’s prophecies. Micah repeated many similar prophecies as found in Isaiah. Micah warned the kingdoms of Israel and Judah that the Assyrians would soon attack them. Micah condemned those who acted unjustly and immorally. He spoke against those who did not work for a living. He also spoke against the false prophets in Israel and Judah. These false prophets were telling the people that Yahweh would never let a foreign kingdom harm or conquer them.\n\nMicah called the people to please Yahweh by living righteous and holy lives. However, the sinful way they lived and the unjust way they treated their fellow countrymen proved that they no longer wanted to obey and honor Yahweh.\n\n### How should the title of this book be translated?\n\nTranslators may decide to translate the traditional title “The Book of Micah” or just “Micah” in a way that is clearer to the readers. They may decide to call it “The Sayings of Micah.”\n\n### Who wrote Micah?\n\nThe prophet Micah wrote this book. Micah lived at the same time as Isaiah and Hosea. This was sometime between 750 and 700 B.C., during the reigns of Jotham, Ahaz, and Hezekiah, kings of Judah. He began prophesying when he lived in the northern kingdom of Israel. Then he moved to the kingdom of Judah.\n\n## Part 2: Important Religious and Cultural Concepts\n\n### Who is the deliverer Micah mentions?\n\nMicah frequently mentioned a king who would deliver the people. It is clear that Micah meant the Messiah, the descendant of David who would rule forever, though he never referred to him as the Messiah.\n\n### Were the Israelites required to offer sacrifices or live holy lives to please Yahweh?\n\nMany of the Old Testament writers were concerned with offering sacrifices according to the law of Moses. However, Micah explained to the people that Yahweh was pleased only when they offered these sacrifices in faith. Without faith, the sacrifices had no meaning.\n\n## Part 3: Important Translation Issues\n\n### What does a translator need to know before translating Micah?\n\nMicah did not often explain how his prophecies were historically situated. This may result in the translator failing to understand implicit information unless they understand Micah’s time. It is therefore suggested that translators understand well the history of the kingdoms of Israel and Judah.\n\n### How do I translate passages where the speaker or addressee is not mentioned explicitly?\n\nMicah did not usually say who was speaking or who was being addressed. Reading the verses before and after the quote will often help the reader to understand who is speaking or being addressed. It is acceptable to make this information explicit so the reader can more easily understand it.\n\n### “let” and “may”\n\nThe ULT uses the English helping verbs “let” and “may” to show that a speaker is expressing a desire that something happen or that someone do something. It uses the verb “let” for more assertive expressions, and it uses the verb “may” for more deferential expressions. For example, when David says in Psalms 69:34 “Let the heavens and the earth praise him,” he means “I want the heavens and the earth to praise him.” Languages that do not have a volitional form might say “The heavens and earth ought to praise him,” or they might use an imperative, “Praise him, heavens and earth!” When Micah says in 5:9 “May your hand rise over your adversaries,” he is being more deferential, even though his wish is urgent, because he is addressing Yahweh, a superior. Languages that do not have a volitional form might say “Yahweh, I desire that your hand rise over your adversaries,” or they might use an imperative with an indication that it is a polite request, “Yahweh, please defeat your adversaries.” Translate this volitional form in the most natural way in your language to indicate that the speaker is expressing what he wants someone to do or what he wishes someone would do.\n\n### How should the text of Micah be formatted?\n\nThe ULT uses a poetic language style like the Hebrew text. Many languages can do this but some languages will not be able to do this. The ULT also sets apart the poetic portions of the text by setting the poetic lines farther to the right on the page than the rest of the text. With the exception of the first verse, the entire book is indented because the prophecies were written as a series of poems.
1:intro	e47z				0	# Micah 1 Chapter Introduction\n\n## Structure and Formatting\n\nMicah is written mainly in a poetic form. Most of the prophets wrote to either the Northern Kingdom or the Southern Kingdom. Micah wrote to both of them at times without clear distinction, as he did in this chapter.\n\n1. Yahweh comes to judge the nations (1–5)\n2. Samaria is destroyed because of its sin (6–7)\n3. Micah mourns the coming judgment on Judah (8–16)\n\n## Religious and Cultural Concepts in This Chapter\n\n### Idolatry as prostitution\n\nSamaria’s idols are called a prostitute’s wages, portraying idolatry as unfaithfulness to Yahweh.\n\n## Translation Issues in This Chapter\n\n### City names\n\nSeveral times in this chapter, the names of the cities are used to describe their destruction. This sounds unusual in English because of its construction in Hebrew. It contains several “plays on words.” “Lachish will be lashed” is an example of this type of construction. This kind of poetic element rarely carries into other languages but including the information in a footnote may be helpful.
1:1	ujde		rc://*/ta/man/translate/figs-123person	דְּבַר־יְהוָ֣ה ׀ אֲשֶׁ֣ר הָיָ֗ה אֶל־מִיכָה֙ הַ⁠מֹּ֣רַשְׁתִּ֔י בִּ⁠ימֵ֥י יוֹתָ֛ם אָחָ֥ז יְחִזְקִיָּ֖ה מַלְכֵ֣י יְהוּדָ֑ה אֲשֶׁר־חָזָ֥ה עַל־שֹׁמְר֖וֹן וִ⁠ירֽוּשָׁלִָֽם	1	Micah is speaking of himself in the third person as **Micah** and **he** to introduce this book.
1:1	bjjj		rc://*/ta/man/translate/writing-pronouns	אֲשֶׁר־חָזָ֥ה	1	The pronoun **he** refers to Micah. It may be helpful to clarify this for your readers. Alternate translation: [which Micah saw]
1:1	ytv9		rc://*/ta/man/translate/figs-possession	דְּבַר־יְהוָ֣ה	1	Micah is using the possessive form to describe a **word** that comes from **Yahweh**. If a speaker of your language would not use the possessive form for this, you could express this idea in another way. Alternate translation: [The word from Yahweh]
1:2	utyh		rc://*/ta/man/translate/figs-apostrophe	הַקְשִׁ֖יבִי אֶ֣רֶץ	1	Micah is speaking to the **earth**, which he knows cannot hear him. He is doing this to communicate to the people listening to him that he feels very strongly about the judgment that Yahweh is about to bring. If it would be helpful in your language, you could translate these words as if he were speaking directly to the people about the earth. Alternate translation: [everyone on earth should pay attention]
1:2	rbh3		rc://*/ta/man/translate/figs-metonymy	אֶ֣רֶץ וּ⁠מְלֹאָ֑⁠הּ	1	Here, **its fullness** represents everything and everyone that fills the earth. If it would be helpful in your language, you could use an equivalent expression or plain language. Alternate translation: [earth, and everything and everyone in it]
1:2	dssw		rc://*/ta/man/translate/figs-abstractnouns	מֵ⁠הֵיכַ֥ל קָדְשֽׁ⁠וֹ	1	If your language does not use an abstract noun for the idea of **holiness**, you could express the same idea in another way. Alternate translation: [from his holy palace]
1:3	t5fj		rc://*/ta/man/translate/writing-foreground	כִּֽי־הִנֵּ֥ה	1	Micah is using the term **behold** to focus his listeners’ attention on what he is about to say. Your language may have a comparable expression that you can use in your translation. Alternate translation: [Pay attention for]
1:3	aw69		rc://*/ta/man/translate/figs-metaphor	וְ⁠דָרַ֖ךְ עַל־במותי אָֽרֶץ	1	Micah is speaking of Yahweh acting with power over the earth as if he would **tread on the high places of the earth**. Your language may have a comparable expression that you can use in your translation, or you could state the meaning plainly. Alternate translation: [act with power over even the highest places of the earth]
1:4	feam		rc://*/ta/man/translate/figs-metaphor	וְ⁠נָמַ֤סּוּ הֶֽ⁠הָרִים֙ תַּחְתָּ֔י⁠ו	1	Micah is speaking of the effect of Yahweh’s powerful presence as if the solid **mountains will melt under him**. Your language may have a comparable expression that you can use in your translation, or you could state the meaning plainly. Alternate translation: [And it will be like the mountains will soften and flow out from beneath him]
1:4	ifib		rc://*/ta/man/translate/figs-infostructure	וְ⁠הָ⁠עֲמָקִ֖ים יִתְבַּקָּ֑עוּ כַּ⁠דּוֹנַג֙ מִ⁠פְּנֵ֣י הָ⁠אֵ֔שׁ כְּ⁠מַ֖יִם מֻגָּרִ֥ים בְּ⁠מוֹרָֽד	1	If it would be more natural in your language, you may want to put the comparisons of the wax and the water with the information about the mountains melting as modeled in the UST.
1:4	hi5e		rc://*/ta/man/translate/figs-simile	כַּ⁠דּוֹנַג֙ מִ⁠פְּנֵ֣י הָ⁠אֵ֔שׁ	1	The point of this comparison is that just as **wax** melts when it is near a **fire**, so it will be as if the mountains will melt away because of the power of Yahweh’s presence. If it would be helpful in your language, you could make this point explicitly. Alternate translation: [just as wax melts when it is near a fire]
1:4	xsem		rc://*/ta/man/translate/figs-idiom	מִ⁠פְּנֵ֣י הָ⁠אֵ֔שׁ	1	Micah is using **from the face of** as a common expression of the culture to mean “because of” or “on account of.” If this phrase does not have that meaning for your readers, you could use a comparable expression from your language that does have that meaning, or you could state the meaning plainly. Alternate translation: [melts because of the heat of the fire]
1:4	n7fg		rc://*/ta/man/translate/figs-simile	כְּ⁠מַ֖יִם מֻגָּרִ֥ים בְּ⁠מוֹרָֽד	1	The point of this comparison is that just as **waters** rush swiftly and unstoppably down a **steep place**, so the will the mountains quickly melt before the powerful presence of Yahweh. If it would be helpful in your language, you could make this point explicitly. Alternate translation: [as swiftly and unstoppably as waters rushing down a steep place]
1:4	orkz		rc://*/ta/man/translate/figs-activepassive	כְּ⁠מַ֖יִם מֻגָּרִ֥ים בְּ⁠מוֹרָֽד	1	The expression **poured** is a passive verbal form. If it would be unnatural to use that form, you could express the idea in active form or in another way that is natural in your language. Alternate translation: [like waters that pour down from a steep place]
1:5	xkqt		rc://*/ta/man/translate/figs-abstractnouns	בְּ⁠פֶ֤שַׁע יַֽעֲקֹב֙	1	If your language does not use an abstract noun for the idea of **transgression**, you could express the same idea in another way. Alternate translation: [because of how Jacob has rebelled]
1:5	qrt8		rc://*/ta/man/translate/figs-metonymy	יַֽעֲקֹב֙	1	Here Micah is using the name **Jacob** to refer to the people of Israel who were all descendants of the patriarch Jacob, who was also known as Israel. If it would be helpful in your language, you could use an equivalent expression or state the meaning plainly. Alternate translation: [the people of Israel]
1:5	bapi		rc://*/ta/man/translate/figs-metaphor	בֵּ֣ית יִשְׂרָאֵ֑ל	1	Here, **house** means all the people descended from a particular person. It envisions them as if they were one household living together. So **the house of Israel** figuratively means all the people descended from the patriarch Jacob, who was also known as Israel. Alternate translation: [the Israelites]
1:5	escr		rc://*/ta/man/translate/figs-rquestion	מִֽי־פֶ֣שַׁע יַעֲקֹ֗ב הֲ⁠לוֹא֙ שֹֽׁמְר֔וֹן	1	Micah is using the question form for emphasis. If a speaker of your language would not use the question form for that purpose, you could translate this as a statement or as an exclamation. Alternate translation: [Samaria is the cause of Jacob’s transgression!]
1:5	di8h		rc://*/ta/man/translate/figs-rquestion	וּ⁠מִי֙ בָּמ֣וֹת יְהוּדָ֔ה הֲ⁠ל֖וֹא יְרוּשָׁלִָֽם	1	Micah is using the question form for emphasis. If a speaker of your language would not use the question form for that purpose, you could translate this as a statement or as an exclamation. Alternate translation: [And Jerusalem lead Judah to worship idols on the high places!]
1:6	zj4d		rc://*/ta/man/translate/figs-quotations	וְ⁠שַׂמְתִּ֥י	1	This is the beginning of what Yahweh said. If it would be more natural in your language, you could express this as a direct quotation. Alternate translation: [Yahweh said, “So I will make”]
1:6	nqab		rc://*/ta/man/translate/writing-pronouns	לַ⁠גַּי֙ אֲבָנֶ֔י⁠הָ וִ⁠יסֹדֶ֖י⁠הָ	1	The pronoun **her** refers to the city of Samaria, which Yahweh speaks of as if it were a woman. It may be helpful to clarify this for your readers. Alternate translation: [Samaria’s stones into the gorge, and Samaria’s foundations]
1:7	c7uc		rc://*/ta/man/translate/figs-activepassive	וְ⁠כָל־פְּסִילֶ֣י⁠הָ יֻכַּ֗תּוּ	1	The expression **crushed** is a passive verbal form. If it would be unnatural to use that form, you could express the idea in active form or in another way that is natural in your language. Alternate translation: [And enemies will crush all Samaria’s carved images]
1:7	g0oi		rc://*/ta/man/translate/figs-activepassive	וְ⁠כָל־אֶתְנַנֶּ֨י⁠הָ֙ יִשָּׂרְפ֣וּ בָ⁠אֵ֔שׁ	1	The expression **burned** is a passive verbal form. If it would be unnatural to use that form, you could express the idea in active form or in another way that is natural in your language. Alternate translation: [and fire will burn up all her wages]
1:7	gulh		rc://*/ta/man/translate/figs-abstractnouns	אָשִׂ֣ים שְׁמָמָ֑ה	1	If your language does not use an abstract noun for the idea of **desolation**, you could express the same idea in another way. Alternate translation: [I will completely destroy]
1:7	bzii		rc://*/ta/man/translate/writing-pronouns	יָשֽׁוּבוּ	1	The pronoun **they** refers to the idols and treasures that Samaria gathered. It may be helpful to clarify this for your readers. Alternate translation: [these treasures will be used again]
1:8	f2ma		rc://*/ta/man/translate/figs-doublet	אֶסְפְּדָ֣ה וְ⁠אֵילִ֔ילָה	1	The terms **lament** and **wail** mean similar things. Micah is using the two terms together for emphasis. If it would be clearer for your readers, you could express the emphasis with a single phrase. Alternate translation: [I shall greatly mourn]
1:8	p4km		rc://*/ta/man/translate/translate-symaction	אֵילְכָ֥ה שילל וְ⁠עָר֑וֹם	1	Going about without sandals or clothing was a symbolic action by which Micah showed his deep grief and mourning over the coming disaster. If it would be helpful to your readers, you could explain the significance of this action in the text of your translation or in a footnote. Alternate translation: [I shall go barefoot and naked to show my grief]
1:8	wj97		rc://*/ta/man/translate/figs-simile	אֶעֱשֶׂ֤ה מִסְפֵּד֙ כַּ⁠תַּנִּ֔ים	1	The point of this comparison is that just as **the jackals** make loud, wailing cries, so Micah’s **lamentation** will be loud and mournful. If it would be helpful in your language, you could make this point explicitly. Alternate translation: [I shall make a lamentation as loud and mournful as the cries of the jackals]
1:8	kh9o		rc://*/ta/man/translate/figs-abstractnouns	מִסְפֵּד֙	1	If your language does not use an abstract noun for the idea of **lamentation**, you could express the same idea in another way. Alternate translation: [mournful wailing]
1:8	b4si		rc://*/ta/man/translate/figs-simile	וְ⁠אֵ֖בֶל כִּ⁠בְנ֥וֹת יַעֲנָֽה	1	The point of this comparison is that just as **the daughters of an owl** make mournful, crying sounds, so Micah’s **mourning** will sound. If it would be helpful in your language, you could make this point explicitly. Alternate translation: [and mourning that sounds like the crying of young owls]
1:8	z0dl		rc://*/ta/man/translate/figs-ellipsis	וְ⁠אֵ֖בֶל כִּ⁠בְנ֥וֹת יַעֲנָֽה	1	Micah is leaving out some of the words that in many languages a sentence would need in order to be complete. You can supply these words from the context if that would be clearer in your language. Alternate translation: [and I shall make mourning like the daughters of an owl]
1:8	y1qv		rc://*/ta/man/translate/figs-abstractnouns	וְ⁠אֵ֖בֶל	1	If your language does not use an abstract noun for the idea of **mourning**, you could express the same idea in another way. Alternate translation: [and I shall mourn]
1:9	qmpq		rc://*/ta/man/translate/figs-metaphor	אֲנוּשָׁ֖ה מַכּוֹתֶ֑י⁠הָ	1	Micah is speaking of the destruction that has struck the city as if it were **wounds** that cannot be healed. Your language may have a comparable expression that you can use in your translation, or you could state the meaning plainly. Alternate translation: [the destruction that struck her cannot be undone]
1:9	g8op		rc://*/ta/man/translate/figs-abstractnouns	מַכּוֹתֶ֑י⁠הָ	1	If your language does not use an abstract noun for the idea of **wounds**, you could express the same idea in another way. Alternate translation: [the places where she is wounded]
1:9	wi8t		rc://*/ta/man/translate/writing-pronouns	כִּי־בָ֨אָה֙ עַד־יְהוּדָ֔ה נָגַ֛ע	1	The pronoun **it** refers to the disaster and judgment that Yahweh is bringing. It may be helpful to clarify this for your readers. Alternate translation: [for this disaster has also come to Judah. This disaster has reached]
1:9	ny7h		rc://*/ta/man/translate/figs-metonymy	שַׁ֥עַר עַמִּ֖⁠י	1	Here, **gate** represents the city of Jerusalem itself, since the gate was the main entrance to the city and the place where it was defended. If it would be helpful in your language, you could use an equivalent expression or plain language. Alternate translation: [the city of my people]
1:10	ohr7		rc://*/ta/man/translate/translate-names	בְּ⁠גַת֙ אַל־תַּגִּ֔ידוּ	1	The word translated as **declare** sounds like the name of the city, **Gath**. If it would be helpful to your readers, you could put this information in a footnote.
1:10	sxl5		rc://*/ta/man/translate/writing-pronouns	אַל־תַּגִּ֔ידוּ	1	The pronoun **it** refers to the news of the coming disaster. It may be helpful to clarify this for your readers. Alternate translation: [do not declare the news of the disaster]
1:10	ui2z		rc://*/ta/man/translate/figs-reduplication	בָּכ֖וֹ אַל־תִּבְכּ֑וּ	1	Micah is repeating forms of the verb **weep** in order to intensify his expression of the idea that it conveys. If your language can repeat words for intensification, it would be appropriate to do that here in your translation. If not, your language may have another way of expressing the intensification. Alternate translation: [certainly you should not weep]
1:10	ldeu		rc://*/ta/man/translate/translate-names	בְּ⁠בֵ֣ית לְעַפְרָ֔ה עָפָ֖ר התפלשתי	1	The name of the town **Beth Leaphrah** means “house of dust.” If it would be helpful to your readers, you could put this information in a footnote.
1:10	sxyz		rc://*/ta/man/translate/translate-symaction	עָפָ֖ר התפלשתי	1	Rolling oneself **in the dust** was a symbolic action by which a person showed deep grief and mourning. If it would be helpful to your readers, you could explain the significance of this action in the text of your translation or in a footnote. Alternate translation: [roll yourself in the dust to show your grief]
1:11	e9y9			שָׁפִ֖יר עֶרְיָה־בֹ֑שֶׁת לֹ֤א יָֽצְאָה֙ יוֹשֶׁ֣בֶת צַֽאֲנָ֔ן מִסְפַּד֙ בֵּ֣ית הָאֵ֔צֶל יִקַּ֥ח מִ⁠כֶּ֖ם	1	The name of the town **Shaphir** means “pleasant” or “beautiful,” the opposite of **nakedness** and **shame**. The name of the town **Zaanan** sounds like the verb “go out.” The name of the town **Beth Ezel** may mean “house of taking away.” If it would be helpful to your readers, you could put this information in a footnote.
1:11	kqsd		rc://*/ta/man/translate/figs-abstractnouns	עֶרְיָה־בֹ֑שֶׁת	1	If your language does not use an abstract noun for the idea of **shame**, you could express the same idea in another way. Alternate translation: [shamefully naked]
1:11	h6io		rc://*/ta/man/translate/figs-abstractnouns	מִסְפַּד֙ בֵּ֣ית הָאֵ֔צֶל	1	If your language does not use an abstract noun for the idea of **mourning**, you could express the same idea in another way. Alternate translation: [when the people of Beth Ezel mourn, it]
1:11	xts7		rc://*/ta/man/translate/writing-pronouns	יִקַּ֥ח מִ⁠כֶּ֖ם עֶמְדָּתֽ⁠וֹ	1	The pronoun **its** refers to the town of Beth Ezel. It may be helpful to clarify this for your readers. Alternate translation: [will take from you the standing place of Beth Ezel]
1:12	d4gj		rc://*/ta/man/translate/translate-names	חָ֥לָֽה לְ⁠ט֖וֹב יוֹשֶׁ֣בֶת מָר֑וֹת	1	The name of the town **Maroth** sounds like the word for “bitterness,” an opposite of **good.** If it would be helpful to your readers, you could put this information in a footnote.
1:12	qngf		rc://*/ta/man/translate/figs-nominaladj	יָ֤רַד רָע֙ מֵ⁠אֵ֣ת יְהוָ֔ה	1	Micah is using the adjective **evil** as a noun to mean a certain kind of thing. Your language may use adjectives in the same way. If not, you can translate this adjective with an equivalent phrase. Alternate translation: [terrible things have come down from Yahweh]
1:12	oyjx		rc://*/ta/man/translate/figs-metonymy	לְ⁠שַׁ֖עַר יְרוּשָׁלִָֽם	1	Here, **the gate** represents the city of Jerusalem itself, since the gate was its main entrance. If it would be helpful in your language, you could use an equivalent expression or plain language. Alternate translation: [to Jerusalem itself]
1:13	nl6m		rc://*/ta/man/translate/translate-names	רְתֹ֧ם הַ⁠מֶּרְכָּבָ֛ה לָ⁠רֶ֖כֶשׁ יוֹשֶׁ֣בֶת לָכִ֑ישׁ	1	The name of the town **Lachish** sounds like the word for “steed.” If it would be helpful to your readers, you could put this information in a footnote.
1:13	zvrf		rc://*/ta/man/translate/figs-123person	רֵאשִׁ֨ית חַטָּ֥את הִיא֙	1	Even though Micah has addressed the people of Lachish directly as **dweller of Lachish**, here he speaks of them in the third person as **She** and then switches back to addressing them as **you**. If it would be helpful in your language, you could translate this consistently in the second person. Alternate translation: [You were the beginning of sin]
1:13	l9s3		rc://*/ta/man/translate/figs-metaphor	לְ⁠בַת־צִיּ֔וֹן	1	Micah is speaking of the city of Zion, that is, Jerusalem, and its people as if they were his **daughter**. This form of expression conveys affection. Your language may have a comparable expression that you can use in your translation, or you could state the meaning plainly. Alternate translation: [to my beloved people of Zion]
1:13	kcj8		rc://*/ta/man/translate/figs-activepassive	בָ֥⁠ךְ נִמְצְא֖וּ	1	The expression **were found** is a passive verbal form. If it would be unnatural to use that form, you could express the idea in active form or in another way that is natural in your language. Alternate translation: [for people found in you]
1:13	rqt9		rc://*/ta/man/translate/figs-abstractnouns	פִּשְׁעֵ֥י יִשְׂרָאֵֽל	1	If your language does not use an abstract noun for the idea of **transgressions**, you could express the same idea in another way. Alternate translation: [the sinful things that Israel did]
1:14	z7ra		rc://*/ta/man/translate/grammar-connect-logic-result	לָ⁠כֵן֙	1	The word translated as **Therefore** indicates that what follows is a result of what came before. Use a connector in your language that makes it clear that what follows is a result of what came before. Alternate translation: [As a result,]
1:14	aquy		rc://*/ta/man/translate/figs-explicit	תִּתְּנִ֣י שִׁלּוּחִ֔ים עַ֖ל מוֹרֶ֣שֶׁת גַּ֑ת	1	The town **Moresheth Gath** is Micah’s hometown. The part of the name **Moresheth** sounds like the word for “betrothed.” The idea is that, just as a father gave a gift of money (a dowry) along with his daughter to the man she married, the leaders of Jerusalem will have to give tribute to Assyria as they also give them their towns, such as Moresheth Gath.
1:14	tx8z		rc://*/ta/man/translate/translate-names	בָּתֵּ֤י אַכְזִיב֙ לְ⁠אַכְזָ֔ב	1	The name of the town **Achzib** sounds like the word for “deception.” If it would be helpful to your readers, you could put this information in a footnote.
1:14	mrpy		rc://*/ta/man/translate/figs-abstractnouns	לְ⁠אַכְזָ֔ב	1	If your language does not use an abstract noun for the idea of **deception**, you could express the same idea in another way. Alternate translation: [will turn out to be deceptive]
1:15	raof		rc://*/ta/man/translate/translate-names	עֹ֗ד הַ⁠יֹּרֵשׁ֙ אָ֣בִי לָ֔⁠ךְ יוֹשֶׁ֖בֶת מָֽרֵשָׁ֑ה	1	The name of the town **Mareshah** sounds like the word for **possessor.** If it would be helpful to your readers, you could put this information in a footnote.
1:15	r0c4		rc://*/ta/man/translate/figs-metonymy	כְּב֥וֹד יִשְׂרָאֵֽל	1	Here, **glory** represents the honored, important leaders of Israel. If it would be helpful in your language, you could use an equivalent expression or plain language. Alternate translation: [honored ones of Israel]
1:15	f8xn		rc://*/ta/man/translate/figs-explicit	עַד־עֲדֻּלָּ֥ם יָב֖וֹא כְּב֥וֹד יִשְׂרָאֵֽל	1	By **The glory of Israel will come to Adullam**, Micah means that the honored leaders of Israel will go into hiding there, just as David once hid in the caves near Adullam to escape his enemies (described in [1 Samuel 22:1](../../1sa/22/01.md)). You could indicate this explicitly in your translation if that would be helpful to your readers. Alternate translation: [Israel’s honored leaders will flee to hide in the caves near Adullam, as David once did]
1:15	fl4x		rc://*/ta/man/translate/figs-abstractnouns	כְּב֥וֹד יִשְׂרָאֵֽל	1	If your language does not use an abstract noun for the idea of **glory**, you could express the same idea in another way. Alternate translation: [The glorious ones of Israel]
1:16	omhy		rc://*/ta/man/translate/figs-doublet	קָרְחִ֣י וָ⁠גֹ֔זִּי	1	The terms translated as **Make yourself bald** and **shave** mean similar things. Micah is using the two terms together for emphasis. If it would be clearer for your readers, you could express the emphasis with a single phrase. Alternate translation: [Shave your head completely bald]
1:16	ulgf		rc://*/ta/man/translate/translate-symaction	קָרְחִ֣י וָ⁠גֹ֔זִּי	1	Shaving the head completely bald was a symbolic action by which the people would show their deep grief and mourning. If it would be helpful to your readers, you could explain the significance of this action in the text of your translation or in a footnote. Alternate translation: [Make yourself bald and shave to show your grief]
1:16	mzbm		rc://*/ta/man/translate/figs-gendernotations	בְּנֵ֖י	1	Here the masculine term **sons** has a generic sense that includes all children whether male or female. If it would be helpful to your readers, you could use language in your translation that is clearly inclusive of both men and women as modeled in the UST.
1:16	je4o		rc://*/ta/man/translate/figs-abstractnouns	בְּנֵ֖י תַּעֲנוּגָ֑יִ⁠ךְ	1	If your language does not use an abstract noun for the idea of **delight**, you could express the same idea in another way. Alternate translation: [the sons who delight you]
1:16	ssgr		rc://*/ta/man/translate/figs-simile	הַרְחִ֤בִי קָרְחָתֵ⁠ךְ֙ כַּ⁠נֶּ֔שֶׁר	1	The point of this comparison is that just as **the eagle** has a bare, featherless head, so the people are to make their **baldness** in mourning complete. If it would be helpful in your language, you could make this point explicitly. Alternate translation: [Make your baldness complete, so that your head is as bare as an eagle’s head]
1:16	y03c		rc://*/ta/man/translate/figs-abstractnouns	קָרְחָתֵ⁠ךְ֙	1	If your language does not use an abstract noun for the idea of **baldness**, you could express the same idea in another way. Alternate translation: [the bald area on your head]
1:16	rnyb			כַּ⁠נֶּ֔שֶׁר	1	This word could mean: (1) an eagle, or (2) a vulture. Alternate translation: [like the vulture]
1:16	orce		rc://*/ta/man/translate/writing-pronouns	כִּ֥י גָל֖וּ מִמֵּֽ⁠ךְ	1	The pronoun **they** refers to the children whom Micah told the people to mourn for. It may be helpful to clarify this for your readers. Alternate translation: [for your children have gone into exile from you]
2:intro	jy29				0	# Micah 2 Chapter Introduction\n\n## Structure and Formatting\n\nThis chapter continues using poetic forms in communicating that people who take advantage of others are guilty of sin and injustice.\n\n1. Yahweh condemns those who oppress others (1–5)\n2. Yahweh rebukes those who reject his word (6–11)\n3. Yahweh promises to gather and restore his people (12–13)\n\n## Religious and Cultural Concepts in This Chapter\n\n### Land as inheritance\n\nA family’s fields were an inheritance from Yahweh meant to stay in the family, so seizing them (verses 2, 4) violated covenant order and invited his judgment.
2:1	ydsk		rc://*/ta/man/translate/figs-exclamations	ה֧וֹי חֹֽשְׁבֵי	1	Micah is using the word **Woe** to express a strong feeling of warning about the coming judgment on the people he is describing. There may be an equivalent word or phrase in your language that you can use in your translation to convey this feeling. Alternate translation: [Great disaster will come upon the devisers of]
2:1	fchm		rc://*/ta/man/translate/figs-abstractnouns	אָ֛וֶן	1	If your language does not use an abstract noun for the idea of **iniquity**, you could express the same idea in another way. Alternate translation: [what is sinful]
2:1	wkns		rc://*/ta/man/translate/figs-abstractnouns	וּ⁠פֹ֥עֲלֵי רָ֖ע	1	If your language does not use an abstract noun for the idea of **evil**, you could express the same idea in another way. Alternate translation: [and those who plan to do evil deeds]
2:1	j5us		rc://*/ta/man/translate/grammar-connect-logic-result	בְּ⁠א֤וֹר הַ⁠בֹּ֨קֶר֙ יַעֲשׂ֔וּ⁠הָ כִּ֥י יֶשׁ־לְ⁠אֵ֖ל יָדָֽ⁠ם	1	If it would be more natural in your language, you could reverse the order of these phrases, since the second phrase gives the reason for the result that the first phrase describes. Alternate translation: [Because it is in the power of their hand, in the light of the morning they do it]
2:1	rkfp		rc://*/ta/man/translate/figs-metonymy	לְ⁠אֵ֖ל יָדָֽ⁠ם	1	Here, **their hand** represents their ability to do what they want. If it would be helpful in your language, you could use an equivalent expression or plain language. Alternate translation: [within their power to do so]
2:2	axd3		rc://*/ta/man/translate/figs-ellipsis	וְ⁠חָמְד֤וּ שָׂדוֹת֙ וְ⁠גָזָ֔לוּ וּ⁠בָתִּ֖ים וְ⁠נָשָׂ֑אוּ	1	Micah is leaving out some of the words that in many languages a sentence would need in order to be complete. You can supply these words from the context if that would be clearer in your language. Alternate translation: [Woe to those who covet fields and seize them and covet houses and take them away]
2:2	uzrs		rc://*/ta/man/translate/figs-ellipsis	וְ⁠עָֽשְׁקוּ֙ גֶּ֣בֶר וּ⁠בֵית֔⁠וֹ וְ⁠אִ֖ישׁ וְ⁠נַחֲלָתֽ⁠וֹ	1	Micah is leaving out some of the words that in many languages a sentence would need in order to be complete. You can supply these words from the context if that would be clearer in your language. Alternate translation: [And they oppress a man and take away his house, and they oppress a man and take away his inheritance]
2:2	wiyr		rc://*/ta/man/translate/figs-abstractnouns	וְ⁠נַחֲלָתֽ⁠וֹ	1	If your language does not use an abstract noun for the idea of **inheritance**, you could express the same idea in another way. Alternate translation: [his inherited property]
2:3	bp9k		rc://*/ta/man/translate/grammar-connect-logic-result	לָ⁠כֵ֗ן	1	The term translated as **Therefore** indicates that what follows is a result of what came before. This marks the shift from the previous accusations to the sentence or judgement about to be pronounced. Use a connector in your language that makes this clear. Alternate translation: [Because you do these things]
2:3	t0du		rc://*/ta/man/translate/figs-idiom	הִנְ⁠נִ֥י חֹשֵׁ֛ב	1	Yahweh is using **Behold me** as a common expression to mean that he is about to act. If this phrase does not have that meaning for your readers, you could use a comparable expression from your language that does have that meaning, or you could state the meaning plainly. Alternate translation: [I am about to devise]
2:3	a8c5		rc://*/ta/man/translate/figs-synecdoche	הַ⁠מִּשְׁפָּחָ֥ה הַ⁠זֹּ֖את	1	Yahweh is using one part of the nation, **this clan** to represent all the people. If it would be helpful in your language, you could use an equivalent expression from your culture or state the meaning plainly. Alternate translation: [all of you]
2:3	i8h5		rc://*/ta/man/translate/figs-metaphor	אֲ֠שֶׁר לֹֽא־תָמִ֨ישׁוּ מִ⁠שָּׁ֜ם צַוְּארֹֽתֵי⁠כֶ֗ם	1	Yahweh is speaking of the coming disaster as if it were a heavy yoke on the people, from which **you will not remove your necks**. Your language may have a comparable expression that you can use in your translation, or you could state the meaning plainly. Alternate translation: [from which you will not be able to free yourselves]
2:3	eccp		rc://*/ta/man/translate/figs-metaphor	וְ⁠לֹ֤א תֵֽלְכוּ֙ רוֹמָ֔ה	1	Yahweh is speaking of behaving or conducting oneself as if it were walking down a path. To **walk haughtily** means to behave arrogantly or proudly. Your language may have a comparable expression that you can use in your translation, or you could state the meaning plainly. Alternate translation: [and you will not conduct yourselves proudly]
2:4	ggm4		rc://*/ta/man/translate/writing-newevent	בַּ⁠יּ֨וֹם הַ⁠ה֜וּא	1	Micah is using the phrase translated as **In that day** to introduce a new event. Use a word, phrase, or other method in your language that is natural for introducing a new event.
2:4	u6gd		rc://*/ta/man/translate/writing-pronouns	יִשָּׂ֧א עֲלֵי⁠כֶ֣ם מָשָׁ֗ל	1	Here the word **someone** refers to the enemies of the people in general, not to any specific person. It may be helpful to clarify this for your readers. Alternate translation: [your enemy will lift up against you a proverb]
2:4	dz5d		rc://*/ta/man/translate/figs-reduplication	וְ⁠נָהָ֨ה נְהִ֤י נִֽהְיָה֙	1	Micah is repeating forms of the word **lament** in order to intensify his expression of the idea that it conveys. If your language can repeat words for intensification, it would be appropriate to do that here in your translation. If not, your language may have another way of expressing the intensification. Alternate translation: [and mock you with a mournful dirge]
2:4	yybj		rc://*/ta/man/translate/figs-reduplication	שָׁד֣וֹד נְשַׁדֻּ֔נוּ	1	The people are repeating forms of the same verb, **Destroying** and **we are destroyed**, in order to intensify their expression of the idea that it conveys. If your language can repeat words for intensification, it would be appropriate to do that here in your translation. If not, your language may have another way of expressing the intensification. Alternate translation: [We are utterly destroyed]
2:4	mjzj		rc://*/ta/man/translate/figs-activepassive	נְשַׁדֻּ֔נוּ	1	The expression **we are destroyed** is a passive verbal form. If it would be unnatural to use that form, you could express the idea in active form or in another way that is natural in your language. Alternate translation: [Yahweh has destroyed us]
2:4	kzvc		rc://*/ta/man/translate/figs-explicit	חֵ֥לֶק עַמִּ֖⁠י	1	Micah assumes that readers will know that the phrase **portion of my people** means the fields and property that Yahweh gave to his people as their inheritance. You could indicate this explicitly in your translation if that would be helpful to your readers. Alternate translation: [The land that my people inherited]
2:4	tnu8		rc://*/ta/man/translate/figs-exclamations	אֵ֚יךְ יָמִ֣ישׁ	1	The people are using a phrase that expresses a strong feeling of dismay and grief at their loss. There may be an equivalent word or phrase in your language that you can use in your translation to convey this feeling. Alternate translation: [Alas, he removes my portion]
2:5	ro1m		rc://*/ta/man/translate/grammar-connect-logic-result	לָ⁠כֵן֙	1	The term translated as **Therefore** indicates that what follows is a future result of the redistribution of their land. Use a connector in your language that makes this clear. Alternate translation: [As a result,]
2:5	vkqa		rc://*/ta/man/translate/figs-explicit	מַשְׁלִ֥יךְ חֶ֖בֶל בְּ⁠גוֹרָ֑ל	1	Micah assumes that readers will know that **casting a measuring line by lot** refers to the way the tribes received the land in [Numbers 26:55](../../num/26/55.md). Since Yahweh had promised Abraham the land as an eternal inheritance, Micah knew they would some day return from exile and the land would once again be divided up, but those who Yahweh is judging here will not be a part of that. You could say that explicitly as in the UST if that would be helpful to your readers.
2:5	sv1p		rc://*/ta/man/translate/figs-possession	בִּ⁠קְהַ֖ל יְהוָֽה	1	Micah is using the possessive form to mean the **assembly** that belongs to **Yahweh,** that is, when his people gather once again to divide up the land after returning from exile. If a speaker of your language would not use the possessive form for this, you could express this idea in another way. Alternate translation: [among Yahweh’s people]
2:6	ejqu		rc://*/ta/man/translate/writing-pronouns	אַל־תַּטִּ֖פוּ יַטִּיפ֑וּ⁠ן	1	The pronoun **they** refers to the false prophets who oppose Micah. It may be helpful to clarify this for your readers. Alternate translation: [“Do not drip,” the false prophets drip]
2:6	md90		rc://*/ta/man/translate/figs-metaphor	אַל־תַּטִּ֖פוּ יַטִּיפ֑וּ⁠ן לֹֽא־יַטִּ֣פוּ	1	Micah is speaking of prophesying as if it words that **drip** from the prophet’s mouth, letting words fall like rain. Your language may have a comparable expression that you can use in your translation, or you could state the meaning plainly. Alternate translation: [“Do not pour out words of prophecy,” the false prophets prophesy. They do not prophesy]
2:6	k0pq		rc://*/ta/man/translate/figs-personification	לֹ֥א יִסַּ֖ג כְּלִמּֽוֹת	1	Here Micah is speaking of **disgraces** as if they were living things that could **depart**, or leave on their own. If it would be helpful in your language, you could state the meaning plainly. Alternate translation: [they will always be disgraced]
2:7	e45w		rc://*/ta/man/translate/figs-rquestion	הֶ⁠אָמ֣וּר בֵּֽית־יַעֲקֹ֗ב	1	Micah is using the question form to rebuke the people for the complacent things they say. If a speaker of your language would not use the question form for that purpose, you could translate this as a statement or as an exclamation. Alternate translation: [It should not be said, house of Jacob]
2:7	k3jk		rc://*/ta/man/translate/figs-activepassive	הֶ⁠אָמ֣וּר	1	The expression **Should it be said** is a passive verbal form. If it would be unnatural to use that form, you could express the idea in active form or in another way that is natural in your language. Alternate translation: [Should anyone say]
2:7	pd9q		rc://*/ta/man/translate/figs-metaphor	בֵּֽית־יַעֲקֹ֗ב	1	Here, **house** means all the people descended from a particular person. It envisions them as if they were one household living together. So **the house of Jacob** figuratively means all the people descended from the patriarch Jacob, who was also known as Israel. Alternate translation: [you Israelites]
2:7	jnhn		rc://*/ta/man/translate/figs-metaphor	הֲ⁠קָצַר֙ ר֣וּחַ יְהוָ֔ה	1	Here Micah is speaking of Yahweh being impatient as if his Spirit could be **short**. Your language may have a comparable expression that you can use in your translation, or you could state the meaning plainly. Alternate translation: [Is Yahweh impatient]
2:7	bled		rc://*/ta/man/translate/figs-rquestion	הֲ⁠קָצַר֙ ר֣וּחַ יְהוָ֔ה	1	Micah is using the question form to affirm that the Spirit of Yahweh is not impatient. If a speaker of your language would not use the question form for that purpose, you could translate this as a statement or as an exclamation. Alternate translation: [The Spirit of Yahweh is not impatient!]
2:7	m0zq		rc://*/ta/man/translate/figs-rquestion	אֵ֖לֶּה מַעֲלָלָ֑י⁠ו	1	Micah is using the question form to affirm that such calamities are not the kind of thing Yahweh normally does. If a speaker of your language would not use the question form for that purpose, you could translate this as a statement or as an exclamation. Alternate translation: [These are not his deeds!]
2:7	wzg5		rc://*/ta/man/translate/writing-pronouns	אֵ֖לֶּה מַעֲלָלָ֑י⁠ו	1	The pronoun **his** refers to Yahweh. It may be helpful to clarify this for your readers. Alternate translation: [Are these Yahweh’s deeds]
2:7	nvh2		rc://*/ta/man/translate/figs-rquestion	הֲ⁠ל֤וֹא דְבָרַ֨⁠י יֵיטִ֔יבוּ עִ֖ם הַ⁠יָּשָׁ֥ר הוֹלֵֽךְ	1	Micah is using the question form to affirm that his words which are reflecting Yahweh’s words do good to those who live uprightly. If a speaker of your language would not use the question form for that purpose, you could translate this as a statement or as an exclamation. Alternate translation: [Surely my words do good with the one walking uprightly.]
2:7	g05w		rc://*/ta/man/translate/figs-metaphor	הַ⁠יָּשָׁ֥ר הוֹלֵֽךְ	1	Micah is speaking of living or conducting one’s life as if it were **walking**. Your language may have a comparable expression that you can use in your translation, or you could state the meaning plainly. Alternate translation: [the one who lives righteously]
2:8	r9cn		rc://*/ta/man/translate/writing-quotations	וְ⁠אֶתְמ֗וּל עַמִּ⁠י֙	1	This is likely the beginning of what Yahweh said. If it would be helpful to your readers, you could mark that this is a direct quote of Yahweh as modeled in the UST.
2:8	lowl		rc://*/ta/man/translate/writing-pronouns	עַמִּ⁠י֙ לְ⁠אוֹיֵ֣ב יְקוֹמֵ֔ם	1	The pronoun **my** refers to Yahweh, who begins speaking here about his own people. It may be helpful to clarify this for your readers. Alternate translation: [Yahweh’s people rise up as an enemy]
2:8	qzp6		rc://*/ta/man/translate/figs-simile	עַמִּ⁠י֙ לְ⁠אוֹיֵ֣ב יְקוֹמֵ֔ם	1	The point of this comparison is that just as **an enemy** rises up to attack, so the leaders of Israel who Yahweh calls **my people**, have turned against Yahweh and have attacked their own defenseless people. If it would be helpful in your language, you could make this point explicitly. Alternate translation: [my people attack the way an enemy would attack]
2:8	snan		rc://*/ta/man/translate/writing-pronouns	תַּפְשִׁט֑וּ⁠ן	1	The pronoun **You** here and in the next verse, refers to the leaders of the Israelite people whom Yahweh has just described as rising up as an enemy against their own people. It may be helpful to clarify this for your readers. Alternate translation: [You leaders of my people strip]
2:8	fqff		rc://*/ta/man/translate/figs-abstractnouns	אֶ֖דֶר	1	If your language does not use an abstract noun for the idea of **splendor**, you could express the same idea in another way. Alternate translation: [the most splendid part]
2:9	n59x		rc://*/ta/man/translate/writing-pronouns	מִ⁠בֵּ֖ית תַּֽעֲנֻגֶ֑י⁠הָ מֵ⁠עַל֙ עֹֽלָלֶ֔י⁠הָ	1	The pronoun **her** refers to each of the women among Yahweh’s people whom the leaders are oppressing. He is not speaking about one particular woman but all of the women. It may be helpful to clarify this for your readers. Alternate translation: [from the houses of their delights; from upon their infants]
2:9	ppmh		rc://*/ta/man/translate/figs-abstractnouns	תַּֽעֲנֻגֶ֑י⁠הָ	1	If your language does not use an abstract noun for the idea of **delights**, you could express the same idea in another way. Alternate translation: [that she delights in]
2:9	xlda		rc://*/ta/man/translate/figs-abstractnouns	הֲדָרִ֖⁠י	1	If your language does not use an abstract noun for the idea of **splendor**, you could express the same idea in another way. Alternate translation: [the splendid things I gave them]
2:10	yi8h		rc://*/ta/man/translate/figs-metaphor	הַ⁠מְּנוּחָ֑ה	1	Here Micah is speaking of the land where the people can safely live as if it were a **resting place**. Your language may have a comparable expression that you can use in your translation, or you could state the meaning plainly. Alternate translation: [the place where you can safely live]
2:10	m2ak		rc://*/ta/man/translate/figs-abstractnouns	טָמְאָ֛ה	1	If your language does not use an abstract noun for the idea of **uncleanness**, you could express the same idea in another way. Alternate translation: [being unclean]
2:10	uw78		rc://*/ta/man/translate/translate-alternativereadings	תְּחַבֵּ֖ל	1	The phrase **it will destroy** is a translation of the standard written Hebrew text. This reading, however, does not seem to make sense. You may want to follow an alternative reading that scholars have proposed was original, pronouncing the consonants with different vowels. Alternate translation: [it will be destroyed]
2:10	h8nq		rc://*/ta/man/translate/writing-pronouns	תְּחַבֵּ֖ל	1	The pronoun **it** refers to the uncleanness of the land, which brings about its destruction. It may be helpful to clarify this for your readers. Alternate translation: [the land will be destroyed]
2:10	d2v4		rc://*/ta/man/translate/figs-abstractnouns	וְ⁠חֶ֥בֶל נִמְרָֽץ	1	If your language does not use an abstract noun for the idea of **destruction**, you could express the same idea in another way. Alternate translation: [and I will destroy it very severely]
2:11	in47		rc://*/ta/man/translate/grammar-connect-condition-hypothetical	לוּ־אִ֞ישׁ הֹלֵ֥ךְ ר֨וּחַ֙ וָ⁠שֶׁ֣קֶר כִּזֵּ֔ב	1	Micah is presenting a possible condition, that a person might come speaking lies and promising indulgence. Use a natural form in your language for introducing a condition that could happen. Alternate translation: [Suppose a man walking in wind and falsehood lied]
2:11	vp58		rc://*/ta/man/translate/figs-metaphor	אִ֞ישׁ הֹלֵ֥ךְ	1	Micah is speaking of a person conducting his life as if it were **walking** down a path. Your language may have a comparable expression that you can use in your translation, or you could state the meaning plainly. Alternate translation: [a man who lives]
2:11	uavz		rc://*/ta/man/translate/figs-genericnoun	אִ֞ישׁ	1	Micah is not referring to a specific **man**. He means anyone in general. If it would be helpful to your readers, you could use an expression that would be more natural in your language. Alternate translation: [anyone]
2:11	sp43		rc://*/ta/man/translate/figs-metaphor	ר֨וּחַ֙ וָ⁠שֶׁ֣קֶר	1	Micah is speaking of empty, deceptive speech as **wind** with no substance. Your language may have a comparable expression that you can use in your translation, or you could state the meaning plainly. Alternate translation: [by empty, deceptive talk]
2:11	y6vj		rc://*/ta/man/translate/figs-hendiadys	ר֨וּחַ֙ וָ⁠שֶׁ֣קֶר	1	The phrase **wind and falsehood** expresses a single idea. The word **wind** tells more about **falsehood**, describing it as empty and worthless. If it would be more natural in your language, you could express this meaning in a different way. Alternate translation: [in worthless lies]
2:11	aqpv		rc://*/ta/man/translate/figs-abstractnouns	וָ⁠שֶׁ֣קֶר	1	If your language does not use an abstract noun for the idea of **falsehood**, you could express the same idea in another way. Alternate translation: [and speaking false things]
2:11	relb		rc://*/ta/man/translate/figs-metaphor	אַטִּ֣ף לְ⁠ךָ֔ לַ⁠יַּ֖יִן וְ⁠לַ⁠שֵּׁכָ֑ר	1	Here the false prophet is speaking of someone who prophesies or preaches as if his words would **drip** out of his mouth as if they would fall like rain, as in verse 6. Your language may have a comparable expression that you can use in your translation, or you could state the meaning plainly. Alternate translation: [I will prophesy to you about wine and beer]
2:11	u2rn		rc://*/ta/man/translate/figs-metaphor	וְ⁠הָיָ֥ה מַטִּ֖יף הָ⁠עָ֥ם הַ⁠זֶּֽה	1	Micah is speaking of the false prophet speaking these prophesies that the people want to hear as if he were the **dripper** whose words would fall like rain. Your language may have a comparable expression that you can use in your translation, or you could state the meaning plainly. Alternate translation: [he would be exactly the sort of prophet this people would welcome]
2:12	tvi9		rc://*/ta/man/translate/figs-reduplication	אָסֹ֨ף אֶאֱסֹ֜ף	1	Yahweh is repeating forms of the verb **gather**, in order to intensify his expression of the idea that it conveys. If your language can repeat words for intensification, it would be appropriate to do that here in your translation. If not, your language may have another way of expressing the intensification. Alternate translation: [I will certainly gather]
2:12	n27d		rc://*/ta/man/translate/figs-synecdoche	יַעֲקֹ֣ב	1	Yahweh is using Jacob, the patriarch, who was also known as Israel, to represent all of his descendants. Alternate translation: [the people of Israel]
2:12	b7kb		rc://*/ta/man/translate/figs-reduplication	קַבֵּ֤ץ אֲקַבֵּץ֙	1	Yahweh is repeating forms of the verb **assemble**, in order to intensify his expression of the idea that it conveys. If your language can repeat words for intensification, it would be appropriate to do that here in your translation. If not, your language may have another way of expressing the intensification. Alternate translation: [I will surely assemble]
2:12	f5ll		rc://*/ta/man/translate/figs-possession	שְׁאֵרִ֣ית יִשְׂרָאֵ֔ל	1	Yahweh is using the possessive form to describe the **remnant** that consists of the people of **Israel** who survive. If a speaker of your language would not use the possessive form for this, you could express this idea in another way. Alternate translation: [the remaining people of Israel]
2:12	tdb0		rc://*/ta/man/translate/figs-123person	אֲשִׂימֶ֖⁠נּוּ	1	Even though Yahweh is addressing the people directly earlier in this verse, here he speaks about them in the third person as **them**. If it would be helpful in your language, you could continue to use the second person here. Alternate translation: [I will set you all]
2:12	pl4h		rc://*/ta/man/translate/figs-simile	כְּ⁠צֹ֣אן בָּצְרָ֑ה כְּ⁠עֵ֨דֶר֙ בְּ⁠ת֣וֹךְ הַ⁠דָּֽבְר֔⁠וֹ	1	The point of this comparison is that just as **sheep** are gathered together safely into **a flock** within their **pasture**, so Yahweh will gather his people together. If it would be helpful in your language, you could make this point explicitly. Alternate translation: [like sheep of Bozrah gathered safely together, like a flock kept secure within its pasture]
2:13	bffq		rc://*/ta/man/translate/figs-metaphor	הַ⁠פֹּרֵץ֙	1	Here Yahweh is speaking of the leader who goes ahead of the people as if he were **The breaker**, one who breaks open a way through a barrier. Your language may have a comparable expression that you can use in your translation, or you could state the meaning plainly. Alternate translation: [The one who breaks through]
2:13	grmn		rc://*/ta/man/translate/figs-metonymy	עָלָ֤ה & לִ⁠פְנֵי⁠הֶ֔ם	1	Here, **to the face of them** represents being in front of them or ahead of them. If it would be helpful in your language, you could use an equivalent expression or plain language. Alternate translation: [has gone up in front of them]
2:13	ghtc		rc://*/ta/man/translate/figs-metonymy	וַ⁠יַּעֲבֹ֤ר מַלְכָּ⁠ם֙ לִ⁠פְנֵי⁠הֶ֔ם	1	Here again, **to the face of them** represents being in front of them, leading them. If it would be helpful in your language, you could use an equivalent expression or plain language. Alternate translation: [And their king has gone ahead of them]
2:13	fpjp		rc://*/ta/man/translate/figs-metonymy	וַ⁠יהוָ֖ה בְּ⁠רֹאשָֽׁ⁠ם	1	Here, **their head** represents the leading or foremost position. If it would be helpful in your language, you could use an equivalent expression or plain language. Alternate translation: [and Yahweh leads the way]
3:intro	wy5w				0	# Micah 3 Chapter Introduction\n\n## Structure and Formatting\n\nYahweh judges corrupt leaders and false prophets.\n\n1. Yahweh condemns the injustice of Israel’s leaders (1–4)\n2. Yahweh exposes the deception of false prophets (5–8)\n3. Yahweh announces judgment on Jerusalem’s rulers (9–12)\n\n## Religious and Cultural Concepts in This Chapter\n\n### Justice\n\nAn unjust society was considered to be against the law of Moses. If these kingdoms did not have justice, they were not obedient to Yahweh.\n\n## Translation Issues in This Chapter\n\n### Metaphors\n\nThere are vivid pictures used in this chapter which show how the leaders of the people were treating the Israelites. These situations are absurd unless taken as a metaphor.
3:1	qf6t		rc://*/ta/man/translate/writing-quotations	וָ⁠אֹמַ֗ר	1	Micah is using the words **And I said** to introduce a direct quotation of what he said to the leaders. In your translation, use a natural way of introducing direct quotations in your language.
3:1	h5hq		rc://*/ta/man/translate/figs-metonymy	רָאשֵׁ֣י יַעֲקֹ֔ב	1	Here, **heads** represents the leaders of the people and the name **Jacob** the people of Israel who were all descendants of the patriarch Jacob, who was also known as Israel.. If it would be helpful in your language, you could use an equivalent expression or plain language. Alternate translation: [leaders of the people of Israel]
3:1	gar4		rc://*/ta/man/translate/figs-metaphor	בֵּ֣ית יִשְׂרָאֵ֑ל	1	Here, **house** means all the people descended from a particular person. It envisions them as if they were one household living together. So **the house of Israel** figuratively means all the people descended from the patriarch Jacob, who was also known as Israel. Alternate translation: [the people of Israel]
3:1	xcrv		rc://*/ta/man/translate/figs-rquestion	הֲ⁠ל֣וֹא לָ⁠כֶ֔ם לָ⁠דַ֖עַת אֶת־הַ⁠מִּשְׁפָּֽט	1	Micah is using the question form to rebuke the leaders and to assert that they are obligated to know justice. If a speaker of your language would not use the question form for that purpose, you could translate this as a statement or as an exclamation. Alternate translation: [It is certainly your responsibility to know justice!]
3:1	h3a9		rc://*/ta/man/translate/figs-abstractnouns	אֶת־הַ⁠מִּשְׁפָּֽט	1	If your language does not use an abstract noun for the idea of **justice**, you could express the same idea in another way. Alternate translation: [how to act justly]
3:2	wc5l		rc://*/ta/man/translate/figs-nominaladj	ט֖וֹב וְ⁠אֹ֣הֲבֵי רעה	1	Micah is using the adjectives **good** and **evil** as nouns to mean certain kinds of actions. Your language may use adjectives in the same way. If not, you can translate this adjective with an equivalent phrase. Alternate translation: [doing good things and love doing evil things]
3:2	icw2		rc://*/ta/man/translate/figs-metaphor	גֹּזְלֵ֤י עוֹרָ⁠ם֙ מֵֽ⁠עֲלֵי⁠הֶ֔ם וּ⁠שְׁאֵרָ֖⁠ם מֵ⁠עַ֥ל עַצְמוֹתָֽ⁠ם	1	Here Micah is speaking of the way the leaders oppress the people as if the leaders were butchers **tearing their skin from upon them and their flesh from upon their bones**. Your language may have a comparable expression that you can use in your translation, or you could state the meaning plainly. Alternate translation: [brutally oppressing the people, taking everything they have]
3:2	m5cq		rc://*/ta/man/translate/writing-pronouns	עוֹרָ⁠ם֙ מֵֽ⁠עֲלֵי⁠הֶ֔ם וּ⁠שְׁאֵרָ֖⁠ם מֵ⁠עַ֥ל עַצְמוֹתָֽ⁠ם	1	The pronouns **their** and **them** refer to the victims of the leaders’ oppression. It may be helpful to clarify this for your readers. Alternate translation: [the people’s skin from upon them and the people’s flesh from upon their bones]
3:2	xdbi		rc://*/ta/man/translate/figs-ellipsis	וּ⁠שְׁאֵרָ֖⁠ם מֵ⁠עַ֥ל עַצְמוֹתָֽ⁠ם	1	Micah is leaving out some of the words that in many languages a sentence would need in order to be complete. You can supply these words from the context if that would be clearer in your language. Alternate translation: [and tearing their flesh from upon their bones]
3:3	fssf		rc://*/ta/man/translate/figs-metaphor	וַ⁠אֲשֶׁ֣ר אָכְלוּ֮ שְׁאֵ֣ר עַמִּ⁠י֒	1	Here Micah is speaking of the way the leaders exploit the people as if the leaders had **eaten the flesh of my people**. Your language may have a comparable expression that you can use in your translation, or you could state the meaning plainly. Alternate translation: [and who have exploited my people]
3:3	t0wm		rc://*/ta/man/translate/figs-metaphor	וְ⁠עוֹרָ⁠ם֙ מֵ⁠עֲלֵי⁠הֶ֣ם הִפְשִׁ֔יטוּ וְ⁠אֶת־עַצְמֹֽתֵי⁠הֶ֖ם פִּצֵּ֑חוּ	1	Here Micah is speaking of how the leaders oppress the people as if the leaders had stripped **their skin from upon them** and had broken **their bones**. Your language may have a comparable expression that you can use in your translation, or you could state the meaning plainly. Alternate translation: [and they have cruelly oppressed and crushed them]
3:3	ymf7		rc://*/ta/man/translate/figs-123person	הִפְשִׁ֔יטוּ וְ⁠אֶת־עַצְמֹֽתֵי⁠הֶ֖ם פִּצֵּ֑חוּ וּ⁠פָרְשׂוּ֙	1	Even though Micah is addressing the leaders of Israel directly (see 3:1), here he is speaking of them in the third person as **they**. If it would be helpful in your language, you could translate this in the second person for consistency. Alternate translation: [you have stripped, and their bones you have broken, and you have chopped them up]
3:3	bygr		rc://*/ta/man/translate/figs-simile	וּ⁠פָרְשׂוּ֙ כַּ⁠אֲשֶׁ֣ר בַּ⁠סִּ֔יר וּ⁠כְ⁠בָשָׂ֖ר בְּ⁠ת֥וֹךְ קַלָּֽחַת	1	The point of this comparison is that the leaders treat the people as cruelly as a cook treats the meat that he chops up to cook **as what is in the pot** and **as flesh inside a cauldron**. If it would be helpful in your language, you could make this point explicitly. Alternate translation: [and they have chopped them up as cruelly as a cook chops up the meat that goes in the pot and the flesh inside a cauldron]
3:3	p9ys		rc://*/ta/man/translate/figs-ellipsis	וּ⁠כְ⁠בָשָׂ֖ר בְּ⁠ת֥וֹךְ קַלָּֽחַת	1	Micah is leaving out some of the words that in many languages a sentence would need in order to be complete. You can supply these words from the context if that would be clearer in your language. Alternate translation: [and as they chopped up the flesh to cook inside a cauldron]
3:4	wk31		rc://*/ta/man/translate/grammar-connect-time-sequential	אָ֚ז	1	The word **Then** indicates that these events will take place at a later time, after the wrongdoing described in the previous verses. Your language may have a connecting phrase that you can use to show this. Alternate translation: [At a later time]
3:4	hi5q		rc://*/ta/man/translate/grammar-connect-logic-result	וְ⁠יַסְתֵּ֨ר פָּנָ֤י⁠ו מֵ⁠הֶם֙ בָּ⁠עֵ֣ת הַ⁠הִ֔יא כַּ⁠אֲשֶׁ֥ר הֵרֵ֖עוּ מַעַלְלֵי⁠הֶֽם	1	If it would be more natural in your language, you could reverse the order of these phrases, since the second phrase gives the reason for the result that the first phrase describes. Alternate translation: [Since they have made their deeds evil, he will hide his face from them at that time.]
3:4	ee27		rc://*/ta/man/translate/writing-pronouns	יִזְעֲק֣וּ	1	The pronoun **they** refers to the leaders whom Micah has just finished addressing. It may be helpful to clarify this for your readers. Alternate translation: [the leaders will cry out]
3:4	aky6		rc://*/ta/man/translate/writing-pronouns	וְ⁠יַסְתֵּ֨ר פָּנָ֤י⁠ו מֵ⁠הֶם֙	1	The pronouns **he** and **his** refer to Yahweh, and the pronoun **them** refers to the leaders. It may be helpful to clarify this for your readers. Alternate translation: [And Yahweh will hide his face from those leaders]
3:4	skbr		rc://*/ta/man/translate/figs-metonymy	וְ⁠יַסְתֵּ֨ר פָּנָ֤י⁠ו מֵ⁠הֶם֙	1	Here, **his face** represents Yahweh’s favorable attention, so that to **hide his face** means to refuse to help. If it would be helpful in your language, you could use an equivalent expression or plain language. Alternate translation: [And he will refuse to help them]
3:5	yn8n		rc://*/ta/man/translate/writing-quotations	כֹּ֚ה אָמַ֣ר יְהוָ֔ה	1	Micah is using the words **Thus says Yahweh** to indicate that what follows is a direct quotation from Yahweh and comes with Yahweh’s authority. In your translation, use a natural way of indicating direct quotations in your language.
3:5	uvbm		rc://*/ta/man/translate/figs-metaphor	הַ⁠מַּתְעִ֣ים אֶת־עַמִּ֑⁠י	1	Yahweh is speaking of the prophets leading the people into wrong belief and behavior as if the prophets were **causing** the people **to wander astray** from the right path. Your language may have a comparable expression that you can use in your translation, or you could state the meaning plainly. Alternate translation: [causing my people to believe and act wrongly]
3:5	ybbn		rc://*/ta/man/translate/figs-metaphor	הַ⁠נֹּשְׁכִ֤ים בְּ⁠שִׁנֵּי⁠הֶם֙ וְ⁠קָרְא֣וּ שָׁל֔וֹם	1	Yahweh is speaking of the practice the prophets had of giving a favorable prophecy to someone in exchange for food or payment as if they were **biting with their teeth**. Your language may have a comparable expression that you can use in your translation, or you could state the meaning plainly. Alternate translation: [when they have been given food to eat, then they call out, ‘Peace!’]
3:5	v7mp		rc://*/ta/man/translate/figs-abstractnouns	שָׁל֔וֹם	1	If your language does not use an abstract noun for the idea of **Peace**, you could express the same idea in another way. Alternate translation: [You will live peacefully and be safe]
3:5	dn6f		rc://*/ta/man/translate/figs-explicit	וְ⁠קִדְּשׁ֥וּ עָלָ֖י⁠ו מִלְחָמָֽה	1	The implication is that the prophets perform religious ceremonies to declare a holy war against anyone who does not feed them. You could include this information if that would be helpful to your readers. Alternate translation: [they perform ceremonies to declare a holy war against him]
3:5	jk0z		rc://*/ta/man/translate/writing-pronouns	וְ⁠קִדְּשׁ֥וּ עָלָ֖י⁠ו מִלְחָמָֽה	1	The pronoun **they** refers to the prophets, and the pronoun **him** refers to anyone who does not give the prophets food. It may be helpful to clarify this for your readers. Alternate translation: [the prophets consecrate war against that person]
3:6	yg6d		rc://*/ta/man/translate/grammar-connect-logic-result	לָ⁠כֵ֞ן	1	The word **Therefore** indicates that what follows is the sentence for the crime the prophets are being accused of in the previous verse. Use a connector in your language that makes it clear that what follows is a result. Alternate translation: [Because you have done these things]
3:6	xfdm		rc://*/ta/man/translate/figs-metaphor	לַ֤יְלָה לָ⁠כֶם֙ מֵֽ⁠חָז֔וֹן	1	Here Yahweh is speaking of the prophets losing their ability to receive revelation as if they would become blind, saying it would become **night for you**, a time **without vision**. Your language may have a comparable expression that you can use in your translation, or you could state the meaning plainly. Alternate translation: [you prophets will receive no more visions]
3:6	wl53		rc://*/ta/man/translate/figs-abstractnouns	מֵֽ⁠חָז֔וֹן	1	If your language does not use an abstract noun for the idea of **vision**, you could express the same idea in another way. Alternate translation: [without the ability to see visions]
3:6	gmff		rc://*/ta/man/translate/figs-explicit	וְ⁠חָשְׁכָ֥ה לָ⁠כֶ֖ם מִ⁠קְּסֹ֑ם	1	Yahweh assumes that readers will know **divining** refers to the pagan practice these prophets used to predict the future. You could include this information if that would be helpful to your readers. Alternate translation: [and you will lose the ability you claim you have to predict the future]
3:6	bg9i		rc://*/ta/man/translate/figs-metaphor	וּ⁠בָ֤אָה הַ⁠שֶּׁ֨מֶשׁ֙ עַל־הַ⁠נְּבִיאִ֔ים וְ⁠קָדַ֥ר עֲלֵי⁠הֶ֖ם הַ⁠יּֽוֹם	1	Yahweh is speaking of the prophets losing his favor and guidance and the gift of true prophesy as if the **sun will go down on the prophets**, and **the day will become dark over them**, leaving them in darkness. Your language may have a comparable expression that you can use in your translation, or you could state the meaning plainly. Alternate translation: [And the prophets will lose my guidance and the ability to see my revelation]
3:6	vxre		rc://*/ta/man/translate/figs-123person	עַל־הַ⁠נְּבִיאִ֔ים וְ⁠קָדַ֥ר עֲלֵי⁠הֶ֖ם הַ⁠יּֽוֹם	1	Even though Yahweh is addressing the prophets directly, here he is speaking of them in the third person as **the prophets** and **them**. If it would be helpful in your language, you could translate this in a respectful form in the second person. Alternate translation: [on you prophets, and the day will become dark over you]
3:7	thsg		rc://*/ta/man/translate/figs-activepassive	וְ⁠חָֽפְרוּ֙ הַ⁠קֹּ֣סְמִ֔ים	1	The expression **will be disgraced** is a passive verbal form. If it would be unnatural to use that form, you could express the idea in active form or in another way that is natural in your language. Alternate translation: [and the diviners will no longer have honor from the people because they are unable to predict the future]
3:7	afk4		rc://*/ta/man/translate/translate-symaction	וְ⁠עָט֥וּ עַל־שָׂפָ֖ם כֻּלָּ֑⁠ם	1	Covering the upper lip, represented here by **cover over the mustache**, was a symbolic action by which people showed that they were unclean or in mourning. If it would be helpful to your readers, you could explain the significance of this action in the text of your translation or in a footnote. Alternate translation: [And all of them will cover their upper lip to express their sorrow and shame]
3:7	wyvz		rc://*/ta/man/translate/figs-possession	מַעֲנֵ֖ה אֱלֹהִֽים	1	Here Micah is using the possessive form to describe an **answer** that comes from **God**. If a speaker of your language would not use the possessive form for this, you could express this idea in another way. Alternate translation: [answer from God]
3:8	psx2		rc://*/ta/man/translate/grammar-connect-logic-contrast	וְ⁠אוּלָ֗ם אָנֹכִ֞י מָלֵ֤אתִי	1	Micah uses the words **But** and **in contrast** here to indicate a contrast between the false prophets, who will be put to shame, and himself, who is empowered by the Spirit of Yahweh. In your translation, indicate this contrast in a way that is natural in your language. Alternate translation: [I, however, am full of]
3:8	a4cr		rc://*/ta/man/translate/writing-pronouns	וְ⁠אוּלָ֗ם אָנֹכִ֞י מָלֵ֤אתִי	1	Micah is stating the pronoun **I** separately, even though the verb translated as **I am full** already includes this meaning. He is doing that to emphasize how he is different from the other prophets mentioned previously. If a speaker of your language would use an explicit pronoun for the same purpose, you may want to use that construction in your translation. If not, your language may have other ways of showing the meaning here. Alternate translation: [In contrast to them, I am full]
3:8	jnhv		rc://*/ta/man/translate/figs-abstractnouns	כֹ֨חַ֙ אֶת־ר֣וּחַ יְהוָ֔ה וּ⁠מִשְׁפָּ֖ט וּ⁠גְבוּרָ֑ה	1	If your language does not use abstract nouns for the ideas of **power**, **justice**, and **might**, you could express the same ideas in other ways. Alternate translation: [what makes me strong, the Spirit of Yahweh, and what makes me just and mighty]
3:8	bm05		rc://*/ta/man/translate/figs-possession	אֶת־ר֣וּחַ יְהוָ֔ה	1	Here Micah is using the possessive form to describe the **Spirit** that comes from and belongs to **Yahweh**. If a speaker of your language would not use the possessive form for this, you could express this idea in another way. Alternate translation: [the Spirit that comes from Yahweh]
3:8	qbye		rc://*/ta/man/translate/figs-ellipsis	אֶת־ר֣וּחַ יְהוָ֔ה	1	Micah is leaving out some of the words that in many languages a sentence would need in order to be complete. You could supply these words if that would be clearer in your language. Alternate translation: [I am full of the Spirit of Yahweh]
3:8	tvs8		rc://*/ta/man/translate/figs-parallelism	לְ⁠הַגִּ֤יד לְ⁠יַֽעֲקֹב֙ פִּשְׁע֔⁠וֹ וּ⁠לְ⁠יִשְׂרָאֵ֖ל חַטָּאתֽ⁠וֹ	1	These two clauses mean basically the same thing. The second emphasizes the meaning of the first by repeating the same idea with different words. If it would be helpful to your readers, you could combine them and express the emphasis in another way. Alternate translation: [to declare to the people of Israel how thy have rebelled by sinning again God]
3:8	vp94		rc://*/ta/man/translate/figs-abstractnouns	פִּשְׁע֔⁠וֹ וּ⁠לְ⁠יִשְׂרָאֵ֖ל חַטָּאתֽ⁠וֹ	1	If your language does not use abstract nouns for the ideas of **transgression** and **sin**, you could express the same ideas in other ways. Alternate translation: [about how he has rebelled and to Israel about how he has sinned]
3:8	cg6b		rc://*/ta/man/translate/figs-ellipsis	וּ⁠לְ⁠יִשְׂרָאֵ֖ל חַטָּאתֽ⁠וֹ	1	Micah is leaving out some of the words that in many languages a sentence would need in order to be complete. It may be helpful to repeat some of these words from the previous phrase. Alternate translation: [and to declare to Israel his sin]
3:9	doaw		rc://*/ta/man/translate/figs-metonymy	רָאשֵׁי֙ בֵּ֣ית יַעֲקֹ֔ב וּ⁠קְצִינֵ֖י בֵּ֣ית יִשְׂרָאֵ֑ל	1	See how you translated the very similar phrases in [verse1](../03/01.md).
3:9	f6g6		rc://*/ta/man/translate/figs-abstractnouns	מִשְׁפָּ֔ט	1	If your language does not use an abstract noun for the idea of **justice**, you could express the same idea in another way. Alternate translation: [what is just]
3:9	yye4		rc://*/ta/man/translate/figs-metaphor	וְ⁠אֵ֥ת כָּל־הַ⁠יְשָׁרָ֖ה יְעַקֵּֽשׁוּ	1	Here Micah is speaking of what is morally right as if it were **straight**, and of corrupting it as if it were making it **crooked**. Your language may have a comparable expression that you can use in your translation, or you could state the meaning plainly. Alternate translation: [corrupting everything that is right]
3:10	i4k5		rc://*/ta/man/translate/figs-parallelism	בֹּנֶ֥ה צִיּ֖וֹן בְּ⁠דָמִ֑ים וִ⁠ירוּשָׁלִַ֖ם בְּ⁠עַוְלָֽה	1	These two clauses mean basically the same thing. The second emphasizes the meaning of the first by repeating the same idea with different words. If it would be helpful to your readers, you could combine them and express the emphasis in another way. Another approach would be to connect the phrases with a word that shows that the second phrase is repeating the first one, not saying something additional. See how you as a team have decided to translate the parallel phrases in poetry, and follow that approach here and throughout this chapter. Alternate translation: [building Zion with bloodshed, indeed, building Jerusalem with injustice]
3:10	qicu		rc://*/ta/man/translate/figs-ellipsis	וִ⁠ירוּשָׁלִַ֖ם בְּ⁠עַוְלָֽה	1	Micah is leaving out some of the words that in many languages a sentence would need in order to be complete. You can supply these words from the context if that would be clearer in your language. Alternate translation: [and building Jerusalem with injustice]
3:10	p72v		rc://*/ta/man/translate/figs-abstractnouns	בְּ⁠עַוְלָֽה	1	If your language does not use an abstract noun for the idea of **injustice**, you could express the same idea in another way. Alternate translation: [by doing what is unjust]
3:11	fgzi		rc://*/ta/man/translate/figs-123person	רָאשֶׁ֣י⁠הָ ׀ בְּ⁠שֹׁ֣חַד יִשְׁפֹּ֗טוּ וְ⁠כֹהֲנֶ֨י⁠הָ֙ בִּ⁠מְחִ֣יר יוֹר֔וּ וּ⁠נְבִיאֶ֖י⁠הָ בְּ⁠כֶ֣סֶף יִקְסֹ֑מוּ וְ⁠עַל־יְהוָה֙ יִשָּׁעֵ֣נוּ	1	Even though Micah has been addressing the various leaders of Jerusalem directly, here he is speaking of them in the third person. If it would be helpful in your language, you could translate this in the second person for consistency. Alternate translation: [You leaders judge for a bribe, and you priests teach for a price, and you prophets divine for silver. Yet you lean on Yahweh]
3:11	glxc		rc://*/ta/man/translate/figs-metonymy	רָאשֶׁ֣י⁠הָ ׀ בְּ⁠שֹׁ֣חַד יִשְׁפֹּ֗טוּ	1	Here, **heads** represents the leaders of the city. If it would be helpful in your language, you could use an equivalent expression or plain language. Alternate translation: [Her leaders judge for a bribe]
3:11	jgfw		rc://*/ta/man/translate/writing-pronouns	רָאשֶׁ֣י⁠הָ	1	The pronoun **Her** refers to the city of Jerusalem. It may be helpful to clarify this for your readers. Alternate translation: [Jerusalem’s heads]
3:11	ahjs		rc://*/ta/man/translate/writing-pronouns	וְ⁠עַל־יְהוָה֙ יִשָּׁעֵ֣נוּ	1	The pronoun **they** refers to the leaders, priests, and prophets of the city. It may be helpful to clarify this for your readers. Alternate translation: [Yet these same leaders, priests, and prophets lean on Yahweh]
3:11	pqqf		rc://*/ta/man/translate/figs-metaphor	וְ⁠עַל־יְהוָה֙ יִשָּׁעֵ֣נוּ	1	Here Micah is speaking of trusting in Yahweh for support as if the people could physically **lean on Yahweh**. Your language may have a comparable expression that you can use in your translation, or you could state the meaning plainly. Alternate translation: [Yet they claim to rely on Yahweh]
3:11	zgoq		rc://*/ta/man/translate/figs-rquestion	הֲ⁠ל֤וֹא יְהוָה֙ בְּ⁠קִרְבֵּ֔⁠נוּ	1	The leaders are using the question form to express their confidence that Yahweh is present with them and will protect them. If a speaker of your language would not use the question form for that purpose, you could translate this as a statement or as an exclamation. Alternate translation: [Surely Yahweh is in our midst!]
3:12	n9gm		rc://*/ta/man/translate/grammar-connect-logic-result	לָ⁠כֵן֙ בִּ⁠גְלַלְ⁠כֶ֔ם	1	The word **Therefore** indicates that what follows is the sentence for the crime the leaders are being accused of in the previous verses. Use a connector in your language that makes it clear that what follows is a result. Alternate translation: [Because you have done these things]
3:12	j3bm		rc://*/ta/man/translate/writing-pronouns	בִּ⁠גְלַלְ⁠כֶ֔ם	1	The pronoun **you** refers to the leaders, priests, and prophets of the city. It may be helpful to clarify this for your readers. Alternate translation: [because of you leaders, priests, and prophets]
3:12	u2gd			צִיּ֖וֹן שָׂדֶ֣ה תֵֽחָרֵ֑שׁ וִ⁠ירוּשָׁלִַ֨ם֙ עִיִּ֣ין תִּֽהְיֶ֔ה וְ⁠הַ֥ר הַ⁠בַּ֖יִת לְ⁠בָמ֥וֹת יָֽעַר	1	See how you translated these phrases quoted in [Jeremiah 26:18](../../jer/26/18.md).
3:12	noe3		rc://*/ta/man/translate/figs-simile	צִיּ֖וֹן שָׂדֶ֣ה תֵֽחָרֵ֑שׁ	1	The point of this comparison is that Zion, or Jerusalem will be so completely destroyed that the ground where the city stood will be **plowed** like an open **field**. If it would be helpful in your language, you could make this point explicitly. Alternate translation: [Zion will be so completely leveled that it will be like a plowed field]
3:12	xjun		rc://*/ta/man/translate/figs-activepassive	צִיּ֖וֹן שָׂדֶ֣ה תֵֽחָרֵ֑שׁ	1	The expression **will be plowed** is a passive verbal form. If it would be unnatural to use that form, you could express the idea in active form or in another way that is natural in your language. If you must state who does the action, it is the enemies of Zion who will plow it. Alternate translation: [your enemies will plow Zion like a field]
3:12	y3eh		rc://*/ta/man/translate/figs-ellipsis	וְ⁠הַ֥ר הַ⁠בַּ֖יִת לְ⁠בָמ֥וֹת יָֽעַר	1	Micah is leaving out some of the words that in many languages a sentence would need in order to be complete. You can supply these words from the context if that would be clearer in your language. Alternate translation: [and the mountain of the house will become as high places of a forest]
3:12	nbts		rc://*/ta/man/translate/figs-metaphor	וְ⁠הַ֥ר הַ⁠בַּ֖יִת	1	Here Micah is speaking of the temple as if it were a **house**, since it was the place where Yahweh was present among his people. Your language may have a comparable expression that you can use in your translation, or you could state the meaning plainly. Alternate translation: [and the temple mountain]
3:12	oqgb		rc://*/ta/man/translate/figs-possession	לְ⁠בָמ֥וֹת יָֽעַר	1	Here Micah is using the possessive form to describe **high places** that are characterized by being overgrown like a **forest**. If a speaker of your language would not use the possessive form for this, you could express this idea in another way. Alternate translation: [as high places overgrown with forest]
4:intro	pzv8				0	# Micah 4 Chapter Introduction\n\n## Structure and Formatting\n\nYahweh promises the future glory and restoration of his people.\n\n1. Yahweh establishes his kingdom among the nations (1–5)\n2. Yahweh gathers and restores his people (6–8)\n3. Yahweh delivers Zion through present suffering (9–13)\n\n## Religious and Cultural Concepts in This Chapter\n\n### The remnant\n\nMicah speaks about a future hope and a remnant who will return to their homeland. Verses 1–8 are a vision of the future when God will restore Israel to its former glory. These verses will give hope to those about to be removed from their homeland.\n\n## Translation Issues in This Chapter\n\n### Similar passage\n\nNotice that Micah 4:1-3 is very similar to Isaiah 2:2-4. You may want to translate many of these phrases in a similar way.\n\n### Daughter Zion\n\nYahweh is addressing the people of Jerusalem as “daughter Zion” whom he is personifying as a woman—crying out, in labor, then threshing her enemies.
4:1	knb7		rc://*/ta/man/translate/figs-parallelism	יִ֠הְיֶה הַ֣ר בֵּית־יְהוָ֤ה נָכוֹן֙ בְּ⁠רֹ֣אשׁ הֶ⁠הָרִ֔ים וְ⁠נִשָּׂ֥א ה֖וּא מִ⁠גְּבָע֑וֹת	1	These two clauses mean basically the same thing. The second emphasizes the meaning of the first by repeating the same idea with different words. If it would be helpful to your readers, you could combine them and express the emphasis in another way. Alternate translation: [Yahweh will make the mountain where his temple stands become more important than all the other hills and mountains]
4:1	muar		rc://*/ta/man/translate/figs-activepassive	יִ֠הְיֶה הַ֣ר בֵּית־יְהוָ֤ה נָכוֹן֙	1	The expression **will be established** is a passive verbal form. If it would be unnatural to use that form, you could express the idea in active form or in another way that is natural in your language. If you need to say who does the action, the context indicates that it is Yahweh. Alternate translation: [Yahweh will establish the mountain of his house]
4:1	vge6		rc://*/ta/man/translate/figs-metaphor	הַ֣ר בֵּית־יְהוָ֤ה	1	Here Micah is speaking of the temple as if it were a **house**, since it was the place where Yahweh was present among his people. Your language may have a comparable expression that you can use in your translation, or you could state the meaning plainly. Alternate translation: [the mountain on which the temple of Yahweh stands]
4:1	tdh8		rc://*/ta/man/translate/figs-metaphor	בְּ⁠רֹ֣אשׁ הֶ⁠הָרִ֔ים	1	Micah is speaking of the mountain where his temple stands as if it were **the head of the mountains**. He means that Yahweh will exalt it above all the others so that it becomes the most important one. Your language may have a comparable expression that you can use in your translation, or you could state the meaning plainly. Alternate translation: [as the most prominent and important of the mountains]
4:1	grr1		rc://*/ta/man/translate/figs-activepassive	וְ⁠נִשָּׂ֥א ה֖וּא	1	The expression **will be lifted** is a passive verbal form. If it would be unnatural to use that form, you could express the idea in active form or in another way that is natural in your language. If you need to say who does the action, the context indicates that it is Yahweh. Alternate translation: [And Yahweh will lift it]
4:1	j8nr		rc://*/ta/man/translate/figs-metaphor	וְ⁠נָהֲר֥וּ עָלָ֖י⁠ו עַמִּֽים	1	Micah is speaking of the peoples as if they were water that could **stream** to the mountain. He means that they will come to it together in great numbers, like a river flowing. Your language may have a comparable expression that you can use in your translation, or you could state the meaning plainly. Alternate translation: [and peoples will come to it together in great numbers]
4:2	b6id		rc://*/ta/man/translate/figs-explicit	הַר־יְהוָ֗ה	1	By **the mountain of Yahweh**, the speakers are referring to Mount Zion in Jerusalem, where the temple of Yahweh was located. You could indicate this explicitly in your translation if that would be helpful to your readers. Alternate translation: [Mount Zion]
4:2	ncir		rc://*/ta/man/translate/figs-metaphor	בֵּית֙ אֱלֹהֵ֣י יַעֲקֹ֔ב	1	Here Micah is speaking of the temple as if it were a **house**, since it was the place where Yahweh was present among his people. Your language may have a comparable expression that you can use in your translation, or you could state the meaning plainly. Alternate translation: [the temple of the God of Jacob]
4:2	xb9v		rc://*/ta/man/translate/figs-possession	אֱלֹהֵ֣י יַעֲקֹ֔ב	1	Micah is not using the possessive form **the God of Jacob** to indicate that Jacob possesses or controls God. Rather he is using these words to indicate that God is the one whom Jacob worshiped as modeled in the UST.
4:2	iakn		rc://*/ta/man/translate/figs-metaphor	וְ⁠יוֹרֵ֨⁠נוּ֙ מִ⁠דְּרָכָ֔י⁠ו וְ⁠נֵלְכָ֖ה בְּ⁠אֹֽרְחֹתָ֑י⁠ו	1	Micah is speaking of how Yahweh wants people to live as if it were **his ways** and **his paths** that they could walk along. He means that to walk in Yahweh’s paths is to live in the way that he directs. Your language may have a comparable expression that you can use in your translation, or you could state the meaning plainly. Alternate translation: [so that he will teach us what he requires, and so that we may live as he directs]
4:2	n8yy		rc://*/ta/man/translate/figs-ellipsis	וּ⁠דְבַר־יְהוָ֖ה מִ⁠ירוּשָׁלִָֽם	1	Micah is leaving out some of the words that in many languages a sentence would need in order to be complete. You can supply these words from the context if that would be clearer in your language. Alternate translation: [and the word of Yahweh will go out from Jerusalem]
4:2	fak7		rc://*/ta/man/translate/figs-parallelism	כִּ֤י מִ⁠צִּיּוֹן֙ תֵּצֵ֣א תוֹרָ֔ה וּ⁠דְבַר־יְהוָ֖ה מִ⁠ירוּשָׁלִָֽם	1	These two clauses mean basically the same thing. The second emphasizes the meaning of the first by repeating the same idea with different words. If it would be helpful to your readers, you could combine them and express the emphasis in another way. Alternate translation: [For the word of Yahweh will surely go out from Jerusalem]
4:2	n9ki		rc://*/ta/man/translate/figs-metonymy	וּ⁠דְבַר־יְהוָ֖ה	1	Micah using the term **the word of Yahweh** to represent what Yahweh said by using words. If it would be clearer in your language, you could state the meaning plainly. Alternate translation: [and what Yahweh has spoken will go out]
4:3	tm9b		rc://*/ta/man/translate/writing-pronouns	וְ⁠שָׁפַ֗ט	1	The pronoun **he** refers to Yahweh. It may be helpful to clarify this for your readers. Alternate translation: [And Yahweh will judge]
4:3	yive		rc://*/ta/man/translate/writing-pronouns	וְ⁠כִתְּת֨וּ	1	The pronoun **they** refers to the many peoples whom Yahweh will judge. It may be helpful to clarify this for your readers. Alternate translation: [And these many peoples will beat]
4:3	k29q		rc://*/ta/man/translate/figs-metonymy	חַרְבֹתֵי⁠הֶ֜ם לְ⁠אִתִּ֗ים וַ⁠חֲנִיתֹֽתֵי⁠הֶם֙ לְ⁠מַזְמֵר֔וֹת לֹֽא־יִשְׂא֞וּ גּ֤וֹי אֶל־גּוֹי֙ חֶ֔רֶב	1	Here, **sword** and **spears** represent warfare and armed conflict. If it would be helpful in your language, you could use an equivalent expression or plain language. Alternate translation: [their weapons of war into farming tools. Nation will not make war against nation]
4:4	wlun		rc://*/ta/man/translate/figs-metonymy	וְ⁠יָשְׁב֗וּ אִ֣ישׁ תַּ֧חַת גַּפְנ֛⁠וֹ וְ⁠תַ֥חַת תְּאֵנָת֖⁠וֹ וְ⁠אֵ֣ין מַחֲרִ֑יד	1	Here, **under his vine and under his fig tree** represents living peacefully and safely on their own land. If it would be helpful in your language, you could use an equivalent expression or plain language. Alternate translation: [And they will dwell, each person safely and prosperously on his own land, undisturbed by anyone]
4:4	ofut		rc://*/ta/man/translate/figs-synecdoche	פִ֛י יְהוָ֥ה צְבָא֖וֹת דִּבֵּֽר	1	Micah is using **the mouth of Yahweh** to represent Yahweh himself in the act of speaking. If it would be helpful in your language, you could use an equivalent expression from your culture or state the meaning plainly. Alternate translation: [Yahweh of Armies himself has spoken]
4:5	cfjp		rc://*/ta/man/translate/figs-metaphor	כִּ֚י כָּל־הָ֣⁠עַמִּ֔ים יֵלְכ֕וּ אִ֖ישׁ בְּ⁠שֵׁ֣ם אֱלֹהָ֑י⁠ו	1	Here, the word **walk** is used to describe a habitual lifestyle. In this context, to **walk … in the name of his god** describes the people worshiping and obeying their own false gods. Your language may have a comparable expression that you can use in your translation, or you could state the meaning plainly. Alternate translation: [For all the peoples follow after their own gods] or [For all the peoples serve their own gods]
4:5	t125		rc://*/ta/man/translate/figs-metonymy	בְּ⁠שֵׁ֣ם אֱלֹהָ֑י⁠ו	1	Here, **name** represents the authority and character of a god. If it would be helpful in your language, you could use an equivalent expression or plain language. Alternate translation: [under the authority of his god]
4:5	i4b1		rc://*/ta/man/translate/writing-pronouns	וַ⁠אֲנַ֗חְנוּ נֵלֵ֛ךְ	1	Micah is stating the pronoun **we** separately, even though the verb translated as **we will walk** already includes this meaning. He is doing that to emphasize the contrast between what the other nations do and what he and his people will do. If a speaker of your language would use an explicit pronoun for the same purpose, you may want to use that construction in your translation. If not, your language may have other ways of showing the meaning here. Alternate translation: [However, my people and I will walk]
4:5	ebn3		rc://*/ta/man/translate/figs-metaphor	נֵלֵ֛ךְ בְּ⁠שֵׁם־יְהוָ֥ה אֱלֹהֵ֖י⁠נוּ	1	Again, the word **walk** is used to describe a habitual lifestyle. In contrast to the first phrase in this verse, to **we will walk in the name of Yahweh** describes the Israelites worshiping and obeying the true God, Yahweh. Your language may have a comparable expression that you can use in your translation, or you could state the meaning plainly. Alternate translation: [we will live in the manner that Yahweh our God wants]
4:5	bcto		rc://*/ta/man/translate/figs-possession	יְהוָ֥ה אֱלֹהֵ֖י⁠נוּ	1	Micah is not using this possessive form **our God** to indicate that the Israelites possess or control Yahweh. Rather, they are using these words to indicate that Yahweh is the God whom the Israelites worship, including himself. Alternate translation: [Yahweh, the God whom we worship]
4:6	f4t8		rc://*/ta/man/translate/figs-metaphor	אֹֽסְפָה֙ הַ⁠צֹּ֣לֵעָ֔ה וְ⁠הַ⁠נִּדָּחָ֖ה אֲקַבֵּ֑צָה	1	Yahweh is speaking of the people of Israel as if they were a flock of sheep, some of them **lame** and some of them **outcast**, whom he gathers together. He is portraying himself as a shepherd who cares for his scattered and suffering people. Your language may have a comparable expression that you can use in your translation, or you could state the meaning plainly. Alternate translation: [I shall bring together my people who are weak and bring back those who were driven away]
4:6	nhtz		rc://*/ta/man/translate/figs-nominaladj	אֹֽסְפָה֙ הַ⁠צֹּ֣לֵעָ֔ה וְ⁠הַ⁠נִּדָּחָ֖ה אֲקַבֵּ֑צָה	1	Yahweh is using the adjectives **the lame** and **the outcast** as nouns to mean certain kinds of people. Your language may use adjectives in the same way. If not, you can translate these adjectives with an equivalent phrase. Alternate translation: [I shall assemble those who are lame, and gather those who were outcast]
4:6	yucb		rc://*/ta/man/translate/figs-nominaladj	הַ⁠צֹּ֣לֵעָ֔ה וְ⁠הַ⁠נִּדָּחָ֖ה אֲקַבֵּ֑צָה	1	Yahweh is using the adjectives **the lame** and **the outcast** as nouns to mean certain kinds of people. Your language may use adjectives in the same way. If not, you can translate these adjectives with an equivalent phrase. Alternate translation: [the people who are lame and gather the people who have been cast out]
4:6	cgs7		rc://*/ta/man/translate/figs-ellipsis	וַ⁠אֲשֶׁ֖ר הֲרֵעֹֽתִי	1	Yahweh is leaving out some of the words that in many languages a sentence would need in order to be complete. You can supply these words from the context if that would be clearer in your language. Alternate translation: [and I will gather those whom I have afflicted]
4:6	npvz		rc://*/ta/man/translate/figs-explicit	וַ⁠אֲשֶׁ֖ר הֲרֵעֹֽתִי	1	Micah assumes that readers will know that **those whom I have afflicted** would refer to those who survived the previous judgment he predicted Yahweh would bring in the earlier portions. You could say that explicitly if that would be helpful to your readers. Alternate translation: [in fact, I will gather all those who survive my discipline]
4:7	czgk		rc://*/ta/man/translate/figs-explicit	לִ⁠שְׁאֵרִ֔ית	1	By **remnant**, Yahweh means those few people who he will allow to survive his discipline when he judges the sins of his people. You could indicate this explicitly in your translation if that would be helpful to your readers. Alternate translation: [into a people who will survive]
4:7	kbsn		rc://*/ta/man/translate/figs-123person	יְהוָ֤ה	1	Yahweh is speaking of himself in the third person as **Yahweh**. If it would be helpful in your language, you could translate this in the first person as modeled in the UST.
4:8	q0b9		rc://*/ta/man/translate/figs-metaphor	מִגְדַּל־עֵ֗דֶר	1	Yahweh is speaking of Jerusalem as if it were a **watchtower** from which a shepherd watches over his flock. He means that the city has the role of protecting and overseeing the people of God. Your language may have a comparable expression that you can use in your translation, or you could state the meaning plainly. Alternate translation: [protector of my people]
4:8	w0es		rc://*/ta/man/translate/figs-idiom	בַּת־צִיּ֖וֹן	1	Yahweh is using **daughter Zion** as a common expression of the culture to mean “the people of Jerusalem.” He refers to Jerusalem in the same way at the end of this verse. If this phrase does not have that meaning for your readers, you could use a comparable expression from your language that does have that meaning, or you could state the meaning plainly. Alternate translation: [the people of Jerusalem]
4:8	wvzx		rc://*/ta/man/translate/figs-parallelism	עָדֶ֣י⁠ךָ תֵּאתֶ֑ה וּ⁠בָאָ֗ה הַ⁠מֶּמְשָׁלָה֙ הָ⁠רִ֣אשֹׁנָ֔ה	1	These two clauses mean basically the same thing. The second emphasizes the meaning of the first by repeating the same idea with different words. If it would be helpful to your readers, you could combine them and express the emphasis in another way as in the UST. Another approach would be to connect the phrases with a word other than **and** in order to show that the second phrase is repeating the first one, not saying something additional. Alternate translation: [your former dominion will come, indeed to you it will arrive]
4:8	uzt1		rc://*/ta/man/translate/figs-abstractnouns	הַ⁠מֶּמְשָׁלָה֙ הָ⁠רִ֣אשֹׁנָ֔ה	1	If your language does not use an abstract noun for the idea of **dominion**, you could express the same idea in another way. Alternate translation: [the right to rule as before]
4:9	i9y2		rc://*/ta/man/translate/figs-rquestion	לָ֥⁠מָּה תָרִ֖יעִי רֵ֑עַ	1	Micah is using the question form to challenge the people of Jerusalem about their loud crying. If a speaker of your language would not use the question form for that purpose, you could translate this as a statement or as an exclamation. Alternate translation: [you are shouting loudly!]
4:9	awhr		rc://*/ta/man/translate/figs-reduplication	תָרִ֖יעִי רֵ֑עַ	1	Micah is repeating forms of the verb **shout** in order to intensify his expression of the idea that it conveys. If your language can repeat words for intensification, it would be appropriate to do that here in your translation. If not, your language may have another way of expressing the intensification. Alternate translation: [are you crying out so loudly]
4:9	cqng		rc://*/ta/man/translate/figs-rquestion	הֲ⁠מֶ֣לֶךְ אֵֽין־בָּ֗⁠ךְ אִֽם־יוֹעֲצֵ⁠ךְ֙ אָבָ֔ד כִּֽי־הֶחֱזִיקֵ֥⁠ךְ חִ֖יל כַּ⁠יּוֹלֵדָֽה	1	Micah is using the question form to prompt the people to recognize that they still have a king and a counselor to guide them and thus should not be crying out. If a speaker of your language would not use the question form for that purpose, you could translate this as a statement or as an exclamation. Alternate translation: [Since you have a king among you, and your counselor has not perished, you do not need to cry out like you are in as much pain as a woman giving birth.]
4:9	fxqp		rc://*/ta/man/translate/figs-simile	הֶחֱזִיקֵ֥⁠ךְ חִ֖יל כַּ⁠יּוֹלֵדָֽה	1	The point of this comparison is that just as **a woman giving birth** suffers severe pain, so the people of Jerusalem will experience the same intense anguish. If it would be helpful in your language, you could make this point explicitly. Alternate translation: [pain grips you as severely as the pain of a woman in labor]
4:9	snwn		rc://*/ta/man/translate/figs-abstractnouns	חִ֖יל	1	If your language does not use an abstract noun for the idea of **pain**, you could express the same idea in another way. Alternate translation: [painful spasms]
4:10	ns71		rc://*/ta/man/translate/figs-simile	ח֧וּלִי וָ⁠גֹ֛חִי בַּת־צִיּ֖וֹן כַּ⁠יּֽוֹלֵדָ֑ה	1	The point of this comparison is that just as **a woman giving birth** cries out and writhes in labor, so the people of Jerusalem will agonize in their distress. If it would be helpful in your language, you could make this point explicitly. Alternate translation: [Writhe in pain and cry out, people of Jerusalem, with the same intense anguish that a woman experiences when she is giving birth]
4:10	ku3e		rc://*/ta/man/translate/figs-activepassive	תִּנָּצֵ֔לִי	1	The expression **you will be rescued** is a passive verbal form. If it would be unnatural to use that form, you could express the idea in active form or in another way that is natural in your language. If you need to say who does the action, the context indicates that it is Yahweh. Alternate translation: [Yahweh will be the one who rescues you]
4:10	cthg		rc://*/ta/man/translate/figs-123person	יְהוָ֔ה	1	Yahweh is speaking of himself in the third person as **Yahweh**. If it would be helpful in your language, you could translate this in the first person. Alternate translation: [I, Yahweh]
4:10	gj08		rc://*/ta/man/translate/figs-metonymy	מִ⁠כַּ֖ף אֹיְבָֽיִ⁠ךְ	1	Here, **the hand** of their enemies represents their power and control. If it would be helpful in your language, you could use an equivalent expression or plain language. Alternate translation: [from the power of your enemies]
4:11	td7u		rc://*/ta/man/translate/figs-activepassive	נֶאֶסְפ֥וּ עָלַ֖יִ⁠ךְ גּוֹיִ֣ם רַבִּ֑ים	1	The expression **are assembled** is a passive verbal form. If it would be unnatural to use that form, you could express the idea in active form or in another way that is natural in your language. Alternate translation: [many nations have gathered together against you]
4:11	hd3m		rc://*/ta/man/translate/figs-imperative3p	תֶּחֱנָ֔ף וְ⁠תַ֥חַז & עֵינֵֽי⁠נוּ	1	The people of the other nations are saying what they want to happen to Jerusalem. See the discussion in the introduction to this book about “let” and “may” and follow the decision of your team of how a speakers will express in this context what they want to happen. Alternate translation: [We want her to be defiled and we want our eyes to gaze]
4:11	suie		rc://*/ta/man/translate/figs-idiom	וְ⁠תַ֥חַז בְּ⁠צִיּ֖וֹן עֵינֵֽי⁠נוּ	1	The nations are using the expression **our eyes gaze** as a common expression of the culture to mean “we will gloat over.” If this phrase does not have that meaning for your readers, you could use a comparable expression from your language that does have that meaning, or you could state the meaning plainly. Alternate translation: [and we want to look with satisfaction on Zion’s downfall]
4:12	li4d		rc://*/ta/man/translate/writing-pronouns	וְ⁠הֵ֗מָּה לֹ֤א יָֽדְעוּ֙	1	Yahweh is stating the pronoun **they** separately, even though the verb translated as **they do not know** already includes this meaning. He is doing that to emphasize how ignorant the people of the other nations are of his thoughts. If a speaker of your language would use an explicit pronoun for the same purpose, you may want to use that construction in your translation. If not, your language may have other ways of showing the meaning here. Alternate translation: [But of course, they do not know]
4:12	x66a		rc://*/ta/man/translate/figs-123person	מַחְשְׁב֣וֹת יְהוָ֔ה וְ⁠לֹ֥א הֵבִ֖ינוּ עֲצָת֑⁠וֹ כִּ֥י קִבְּצָ֖⁠ם	1	Yahweh is speaking of himself in the third person as **Yahweh**, **his**, and **he**. If it would be helpful in your language, you could translate this in the first person here and throughout this verse. Alternate translation: [my thoughts and they do not understand my plan, for I have gather them]
4:12	idry		rc://*/ta/man/translate/figs-abstractnouns	מַחְשְׁב֣וֹת יְהוָ֔ה	1	If your language does not use an abstract noun for the idea of **thoughts**, you could express the same idea in another way. Alternate translation: [what Yahweh intends]
4:12	p3wy		rc://*/ta/man/translate/figs-simile	קִבְּצָ֖⁠ם כֶּ⁠עָמִ֥יר גֹּֽרְנָ⁠ה	1	The point of this comparison is that just as **bundles of grain** are gathered to the threshing floor to be crushed, so Yahweh has gathered the nations together for judgment. If it would be helpful in your language, you could make this point explicitly. Alternate translation: [he has gathered them together so that he can destroy them, just as a farmer gathers bundles of grain to the threshing floor to be crushed]
4:13	wv0i		rc://*/ta/man/translate/figs-metaphor	ק֧וּמִי וָ⁠ד֣וֹשִׁי בַת־צִיּ֗וֹן	1	Yahweh is speaking of the people of Jerusalem, or **daughter Zion,** defeating her enemies as if she were an ox that could **thresh** grain. He means that Jerusalem will crush the nations as an ox crushes grain on the threshing floor. Your language may have a comparable expression that you can use in your translation, or you could state the meaning plainly. Alternate translation: [Arise and crush your enemies, people of Jerusalem]
4:13	mpzi		rc://*/ta/man/translate/figs-parallelism	קַרְנֵ֞⁠ךְ אָשִׂ֤ים בַּרְזֶל֙ וּ⁠פַרְסֹתַ֨יִ⁠ךְ֙ אָשִׂ֣ים נְחוּשָׁ֔ה	1	These two clauses mean basically the same thing. The second emphasizes the meaning of the first by repeating the same idea with different words. If it would be helpful to your readers, you could combine them and express the emphasis in another way as in the UST. Another approach would be to connect the phrases with a word other than **and** in order to show that the second phrase is repeating the first one, not saying something additional. Alternate translation: [I will make your horn iron, indeed I will make your hooves bronze]
4:13	osef		rc://*/ta/man/translate/figs-metaphor	קַרְנֵ֞⁠ךְ אָשִׂ֤ים בַּרְזֶל֙	1	Yahweh is speaking of the strength he will give Zion as if it were a **horn** made of **iron**. An animal’s horn represents power, and iron represents strength that cannot be broken. Your language may have a comparable expression that you can use in your translation, or you could state the meaning plainly. Alternate translation: [I will make you unbreakably strong]
4:13	najr		rc://*/ta/man/translate/figs-metaphor	וּ⁠פַרְסֹתַ֨יִ⁠ךְ֙ אָשִׂ֣ים נְחוּשָׁ֔ה	1	Yahweh continues to speak of Zion as if it were a powerful threshing ox whose **hooves** he would make of **bronze**. He means that he will make Zion strong enough to trample and crush her enemies. Your language may have a comparable expression that you can use in your translation, or you could state the meaning plainly. Alternate translation: [and I will make you strong enough to trample your enemies]
4:13	nfzg		rc://*/ta/man/translate/figs-explicit	וְ⁠הַחֲרַמְתִּ֤י לַֽ⁠יהוָה֙ בִּצְעָ֔⁠ם וְ⁠חֵילָ֖⁠ם	1	By **devote**, Yahweh means something that is irrevocably dedicated to him so that it cannot be taken back or used for any other purpose. You could indicate this explicitly in your translation if that would be helpful to your readers. Alternate translation: [and permanently dedicate to Yahweh their plunder and their wealth]
4:13	nsw8		rc://*/ta/man/translate/figs-123person	לַֽ⁠יהוָה֙	1	Yahweh is speaking of himself in the third person as **to Yahweh**. If it would be helpful in your language, you could translate this in the first person as in the UST.
4:13	x4kp		rc://*/ta/man/translate/figs-abstractnouns	בִּצְעָ֔⁠ם וְ⁠חֵילָ֖⁠ם	1	If your language does not use abstract nouns for the ideas of **plunder** and **wealth**, you could express the same ideas in another way. Alternate translation: [what they have seized and what they own]
4:13	dvix		rc://*/ta/man/translate/figs-ellipsis	וְ⁠חֵילָ֖⁠ם לַ⁠אֲד֥וֹן כָּל־הָ⁠אָֽרֶץ	1	Micah is leaving out some of the words that in many languages a sentence would need in order to be complete. You can supply these words from the context if that would be clearer in your language. Alternate translation: [and devote their wealth to the Lord of all of the earth]
5:intro	y1t7				0	# Micah 5 Chapter Introduction\n\n## Structure and Formatting\n\nYahweh promises a ruler who will shepherd and deliver his people.\n\n1. Yahweh raises up a ruler from Bethlehem (1–6)\n2. Yahweh preserves his people among the nations (7–9)\n3. Yahweh removes all sources of false security and idolatry (10–15)\n\n## Religious and Cultural Concepts in This Chapter\n\n### Messiah\n\nThis chapter contains a prophecy explaining that the Messiah was to be born in Bethlehem. This prophecy is fulfilled by Jesus’s birth and referenced in the New Testament in each of the gospel accounts of that event.\n\n## Translation Issues in This Chapter\n\n### Change in Personal Pronouns\n\nExtra care must be taken in translating pronouns in this chapter. Sometimes “I” is a reference to the author and other times it is a reference to Yahweh. There is also a noticeable shift where the author stops speaking about the people as “you” and begins speaking about them as “we” or “us.”
5:1	l094		rc://*/ta/man/translate/figs-idiom	בַּ⁠שֵּׁ֨בֶט֙ יַכּ֣וּ עַֽל־הַ⁠לְּחִ֔י	1	Micah is using **with the rod they strike on the cheek** as a common expression of the culture to mean “they insult and humiliate him.” If this phrase does not have that meaning for your readers, you could use a comparable expression from your language that does have that meaning, or you could state the meaning plainly. Alternate translation: [they utterly humiliate]
5:1	w8h0			בַת־גְּד֔וּד	1	Micah is speaking of the surviving remnant of the people of Jerusalem (whom he previously called “daughter Zion”) as if they were a **daughter troop**. Your language may have a comparable expression that you can use in your translation, or you could state the meaning plainly as modeled in the UST.
5:1	cyh8		rc://*/ta/man/translate/writing-pronouns	מָצ֖וֹר שָׂ֣ם עָלֵ֑י⁠נוּ	1	The pronoun **He** refers to the enemy who is attacking Jerusalem. It may be helpful to clarify this for your readers. Alternate translation: [Our enemy has laid siege against us]
5:1	ofw3		rc://*/ta/man/translate/figs-exclusive	עָלֵ֑י⁠נוּ	1	By **us**, Micah means himself and the people of Jerusalem to whom he is speaking, so use the inclusive form of that word in your translation if your language marks that distinction.
5:2	u8jw		rc://*/ta/man/translate/translate-names	בֵּֽית־לֶ֣חֶם אֶפְרָ֗תָה	1	**Bethlehem Ephrathah** is the name of a town located in a region of Judah (see it referenced in [Matthew 2:6](../../mat/02/06.md)). **Ephrathah** distinguished it from another town called “Bethlehem” in the region of Zebulun. It is also called “the city of David” in [Luke 2:4](../../luk/02/04.md), since it was where David, king of Israel, was born.
5:2	nasp		rc://*/ta/man/translate/writing-pronouns	מִמְּ⁠ךָ֙ לִ֣⁠י יֵצֵ֔א	1	The pronoun **me** refers to Yahweh, who is speaking these words through Micah. It may be helpful to clarify this for your readers. Alternate translation: [from you will come out for Yahweh]
5:2	utqw		rc://*/ta/man/translate/figs-idiom	וּ⁠מוֹצָאֹתָ֥י⁠ו מִ⁠קֶּ֖דֶם	1	Micah is using **his goings out** as a common expression of the culture to mean “his origin.” If this phrase does not have that meaning for your readers, you could use a comparable expression from your language that does have that meaning, or you could state the meaning plainly. Alternate translation: [and his origin is from ancient times]
5:2	zard		rc://*/ta/man/translate/figs-abstractnouns	מִ⁠ימֵ֥י עוֹלָֽם	1	If your language does not use an abstract noun for the idea of **eternity**, you could express the same idea in another way. Alternate translation: [from the days before time began]
5:3	gjcf		rc://*/ta/man/translate/writing-pronouns	יִתְּנֵ֔⁠ם	1	The pronoun **he** refers to Yahweh, and the pronoun **them** refers to the people of Israel. It may be helpful to clarify this for your readers. Alternate translation: [Yahweh will give the people of Israel up]
5:3	nu1x			עַד־עֵ֥ת יוֹלֵדָ֖ה יָלָ֑דָה	1	This prophecy appears to have two fulfillments. The first fulfillment would be when God brings the people of Israel back to their land. In this case, **the bearing one** would refer to “daughter Zion” [4:10](../04/10.md), who stands for the faithful remnant of Israel. She **gives birth** to the restored nation of Israel. The second and greater fulfillment is when the mother of the Messiah gives birth to him who is able to create the new, fully restored people of God, bringing together the remnant of Israel and all of **his brothers** redeemed from the rest of mankind. If possible, translate this in a way that can apply to both fulfillments.
5:3	kfbu		rc://*/ta/man/translate/writing-pronouns	וְ⁠יֶ֣תֶר אֶחָ֔י⁠ו	1	The pronoun **his** refers to the ruler whom Yahweh has promised. It may be helpful to clarify this for your readers. Alternate translation: [and the remainder of that ruler’s brothers]
5:3	pw4s		rc://*/ta/man/translate/figs-metaphor	וְ⁠יֶ֣תֶר אֶחָ֔י⁠ו	1	Micah is speaking of the fellow Israelites of this ruler as if they were his **brothers**. Your language may have a comparable expression that you can use in your translation, or you could state the meaning plainly. Alternate translation: [and the remainder of his fellow Israelites]
5:4	rcpu		rc://*/ta/man/translate/writing-pronouns	וְ⁠עָמַ֗ד	1	The pronoun **he** refers to the ruler that Yahweh promised to raise up from Bethlehem, whom Micah described in the previous verses. It may be helpful to clarify this for your readers. Alternate translation: [And the ruler will stand]
5:4	mb9q		rc://*/ta/man/translate/figs-metaphor	וְ⁠עָמַ֗ד וְ⁠רָעָה֙	1	Micah is speaking of this ruler as if he would **shepherd** as one who cares for a flock of sheep. Your language may have a comparable expression that you can use in your translation, or you could state the meaning plainly. Alternate translation: [And he will take his stand and lead and provide for his people]
5:4	oybb		rc://*/ta/man/translate/figs-metonymy	בִּ⁠גְא֕וֹן שֵׁ֖ם יְהוָ֣ה אֱלֹהָ֑י⁠ו	1	Here, **the name of Yahweh** represents Yahweh himself and his authority. If it would be helpful in your language, you could use an equivalent expression or plain language. Alternate translation: [in the majestic authority of Yahweh his God]
5:4	dugq		rc://*/ta/man/translate/writing-pronouns	וְ⁠יָשָׁ֕בוּ	1	The pronoun **they** refers to the people of Israel, whom this ruler will shepherd. It may be helpful to clarify this for your readers. Alternate translation: [And the people of Israel will live securely]
5:5	w4bt		rc://*/ta/man/translate/figs-metaphor	וְ⁠הָיָ֥ה זֶ֖ה שָׁל֑וֹם	1	Micah is speaking of this ruler bringing peace as if he were **peace** itself. Your language may have a comparable expression that you can use in your translation, or you could state the meaning plainly. Alternate translation: [And this one will bring peace to his people]
5:5	dacw		rc://*/ta/man/translate/writing-pronouns	יָב֣וֹא	1	The personal pronouns **he** and **him** throughout this verse refer to Assyria, which stands for the Assyrian army. It may be helpful to clarify this for your readers. Alternate translation: [Assyria—when the Assyrian army comes into our land]
5:5	cz0i		rc://*/ta/man/translate/figs-exclusive	בְ⁠אַרְצֵ֗⁠נוּ וְ⁠כִ֤י יִדְרֹךְ֙ בְּ⁠אַרְמְנֹתֵ֔י⁠נוּ	1	By **our** and **we**, Micah means himself and the people of Israel to whom he is speaking, so use the inclusive form of that word in your translation if your language marks that distinction.
5:5	nx7y		rc://*/ta/man/translate/figs-metaphor	וַ⁠הֲקֵמֹ֤נוּ עָלָי⁠ו֙	1	Micah is speaking of the people choosing leaders as if they would **raise up** these leaders to a high place. If it would be clearer in your language, you could state the meaning plainly. Alternate translation: [then we will choose to fight against them]
5:5	ltlt		rc://*/ta/man/translate/figs-idiom	שִׁבְעָ֣ה רֹעִ֔ים וּ⁠שְׁמֹנָ֖ה נְסִיכֵ֥י אָדָֽם	1	Micah is using **seven shepherds** and **eight princes of man** as a common expression of the culture to mean “as many leaders as will be needed.” If this phrase does not have that meaning for your readers, you could use a comparable expression from your language that does have that meaning, or you could state the meaning plainly. Alternate translation: [as many leaders as will be needed]
5:6	djnh		rc://*/ta/man/translate/writing-pronouns	וְ⁠רָע֞וּ	1	The pronoun **they** refers to the leaders mentioned in the previous verse who will fight against Assyria. It may be helpful to clarify this for your readers. Alternate translation: [And these leaders will shepherd]
5:6	qrwv		rc://*/ta/man/translate/figs-metaphor	וְ⁠רָע֞וּ אֶת־אֶ֤רֶץ אַשּׁוּר֙ בַּ⁠חֶ֔רֶב	1	Micah is speaking of these leaders ruling with military power as if they would **shepherd** them like a herd of sheep but in this context of the Assyrians, it would be **with a sword**. Your language may have a comparable expression that you can use in your translation, or you could state the meaning plainly. Alternate translation: [And they will rule the land of Assyria with military power]
5:6	t1l0		rc://*/ta/man/translate/figs-ellipsis	וְ⁠אֶת־אֶ֥רֶץ נִמְרֹ֖ד בִּ⁠פְתָחֶ֑י⁠הָ	1	Micah is leaving out some of the words that in many languages a sentence would need in order to be complete. You can supply these words from the context if that would be clearer in your language. Alternate translation: [and they will shepherd the land of Nimrod in its entrances]
5:6	ww49		rc://*/ta/man/translate/translate-names	וְ⁠אֶת־אֶ֥רֶץ נִמְרֹ֖ד	1	Here, **the land of Nimrod** represents the territory that the ancient ruler Nimrod founded, that is, Assyria. If it would be helpful in your language, you could use an equivalent expression or plain language. Alternate translation: [which is the land that Nimrod founded,]
5:6	ecyp		rc://*/ta/man/translate/translate-alternativereadings	בִּ⁠פְתָחֶ֑י⁠הָ	1	The phrase **in its entrances** is a translation of the standard written Hebrew text. This reading, however, does not seem to make sense. Scholars have proposed that the original reading was a very similar word meaning “drawn sword,” which is represented in some ancient translations. You may want to follow this reading, or you may want to follow the major translation in your area. Alternate translation: [with a drawn sword]
5:6	ufhu		rc://*/ta/man/translate/writing-pronouns	וְ⁠הִצִּיל֙ מֵֽ⁠אַשּׁ֔וּר	1	The pronoun **he** refers to the ruler whom Yahweh has promised. It may be helpful to clarify this for your readers. Alternate translation: [And the promised ruler will rescue us from Assyria]
5:7	a1xt		rc://*/ta/man/translate/figs-abstractnouns	שְׁאֵרִ֣ית יַעֲקֹ֗ב	1	If your language does not use an abstract noun for the idea of **remnant**, you could express the same idea in another way. Alternate translation: [those of Jacob who remain]
5:7	xbu4		rc://*/ta/man/translate/figs-metonymy	שְׁאֵרִ֣ית יַעֲקֹ֗ב	1	Here, **Jacob** represents the descendants of Jacob, that is, the people of Israel. If it would be helpful in your language, you could use an equivalent expression or plain language. Alternate translation: [the remnant of the people of Israel]
5:7	wnhn		rc://*/ta/man/translate/figs-simile	כְּ⁠טַל֙ מֵ⁠אֵ֣ת יְהוָ֔ה כִּ⁠רְבִיבִ֖ים עֲלֵי־עֵ֑שֶׂב	1	The point of this comparison is that just as **dew** and **showers** come from Yahweh and refresh the grass, so the survivors of Israel will be a blessing to the many peoples among whom they live. If it would be helpful in your language, you could make this point explicitly. Alternate translation: [a blessing to them, like refreshing dew that comes from Yahweh, like showers on the grass]
5:7	wcml		rc://*/ta/man/translate/writing-pronouns	אֲשֶׁ֤ר לֹֽא־יְקַוֶּה֙ לְ⁠אִ֔ישׁ	1	The pronoun **that** refers to the **dew** and the **showers**, which come from Yahweh rather than from any human effort. It may be helpful to clarify this for your readers. Alternate translation: [moisture that does not wait for a man]
5:7	cnrm		rc://*/ta/man/translate/figs-parallelism	אֲשֶׁ֤ר לֹֽא־יְקַוֶּה֙ לְ⁠אִ֔ישׁ וְ⁠לֹ֥א יְיַחֵ֖ל לִ⁠בְנֵ֥י אָדָֽם	1	These two clauses mean basically the same thing. The second emphasizes the meaning of the first by repeating the same idea with different words. If it would be helpful to your readers, you could combine them and express the emphasis in another way. Alternate translation: [that does depend completely on Yahweh and not on people at all]
5:7	nrze		rc://*/ta/man/translate/figs-genericnoun	לֹֽא־יְקַוֶּה֙ לְ⁠אִ֔ישׁ וְ⁠לֹ֥א יְיַחֵ֖ל לִ⁠בְנֵ֥י אָדָֽם	1	Here, **a man** and **the sons of man** represent people in general, not specific individuals. If it would be helpful to your readers, you could use expressions that would be more natural in your language. Alternate translation: [does not wait for anyone and does not hope for any human being]
5:8	jdgv		rc://*/ta/man/translate/figs-abstractnouns	שְׁאֵרִ֨ית יַעֲקֹ֜ב	1	See how you translated the abstract noun **remnant** in [5:7](../05/07.md).
5:8	qnlc		rc://*/ta/man/translate/figs-metonymy	שְׁאֵרִ֨ית יַעֲקֹ֜ב	1	See how you translated **Jacob** in [5:7](../05/07.md).
5:8	xhgq		rc://*/ta/man/translate/figs-simile	כְּ⁠אַרְיֵה֙ בְּ⁠בַהֲמ֣וֹת יַ֔עַר כִּ⁠כְפִ֖יר בְּ⁠עֶדְרֵי צֹ֑אן	1	The point of this comparison is that just as **a lion** is stronger than the other animals and **a young lion** can attack a flock of sheep without being stopped, so the survivors of Israel will be stronger than the peoples among whom they live. If it would be helpful in your language, you could make this point explicitly. Alternate translation: [as strong as a lion among the animals of the forest, as unstoppable as a young lion among the flocks of sheep]
5:8	i970		rc://*/ta/man/translate/figs-doublet	וְ⁠רָמַ֥ס וְ⁠טָרַ֖ף	1	The terms **tramples** and **tears** mean similar things. Micah is using the two terms together for emphasis. If it would be clearer for your readers, you could express the emphasis with a single phrase. Alternate translation: [tears to pieces]
5:9	ug9n		rc://*/ta/man/translate/translate-textvariants	תָּרֹ֥ם יָדְ⁠ךָ֖ עַל־צָרֶ֑י⁠ךָ וְ⁠כָל־אֹיְבֶ֖י⁠ךָ יִכָּרֵֽתוּ	1	Some ancient manuscripts read according to the ULT. Other ancient manuscripts read “Your hand will rise over your adversaries, and all of your enemies will be cut off.” In that case, “your” could refer either to Yahweh or to Jacob, who represents his descendants. If a translation of the Bible exists in your region, you may wish to use the reading that it uses. If a translation of the Bible does not exist in your region, you may wish to use the reading of the ULT.
5:9	te1u		rc://*/ta/man/translate/figs-imperative3p	תָּרֹ֥ם יָדְ⁠ךָ֖ עַל־צָרֶ֑י⁠ךָ וְ⁠כָל־אֹיְבֶ֖י⁠ךָ יִכָּרֵֽתוּ	1	Micah is saying what he wants Yahweh to do. See the discussion in the introduction to this book about “let” and “may” and follow the decision of your team of how a speaker will express in this context what he wants someone to do. Alternate translation: [Yahweh, I desire that your hand rise over your adversaries and that all your enemies be destroyed]
5:9	eyv9		rc://*/ta/man/translate/figs-metonymy	תָּרֹ֥ם יָדְ⁠ךָ֖ עַל־צָרֶ֑י⁠ךָ	1	Here, **your hand** represents Yahweh’s power. If it would be helpful in your language, you could use an equivalent expression or plain language. Alternate translation: [May you triumph by your power over your adversaries]
5:9	qwnt		rc://*/ta/man/translate/figs-activepassive	וְ⁠כָל־אֹיְבֶ֖י⁠ךָ יִכָּרֵֽתוּ	1	The expression **be cut off** is a passive verbal form. If it would be unnatural to use that form, you could express the idea in active form or in another way that is natural in your language. Alternate translation: [and may you cut off all of your enemies]
5:9	ecbi		rc://*/ta/man/translate/figs-idiom	וְ⁠כָל־אֹיְבֶ֖י⁠ךָ יִכָּרֵֽתוּ	1	Micah is using **be cut off** as a common expression of the culture to mean “be destroyed.” If this phrase does not have that meaning for your readers, you could use a comparable expression from your language that does have that meaning, or you could state the meaning plainly. Alternate translation: [and may all of your enemies be destroyed]
5:10	x981		rc://*/ta/man/translate/grammar-connect-words-phrases	וְ⁠הָיָ֤ה בַ⁠יּוֹם־הַ⁠הוּא֙	1	Micah is using **on that day** as a common expression of the culture to mean “at that time.” If this phrase does not have that meaning for your readers, you could use a comparable expression from your language that does have that meaning, or you could state the meaning plainly. Alternate translation: [And it will be when that happens]
5:10	yh2e		rc://*/ta/man/translate/writing-quotations	נְאֻם־יְהוָ֔ה	1	Micah is using **the declaration of Yahweh** to indicate that what follows is a direct quotation from Yahweh. In your translation, use a natural way of indicating direct quotations in your language.
5:10	skaq		rc://*/ta/man/translate/figs-metonymy	סוּסֶ֖י⁠ךָ מִ⁠קִּרְבֶּ֑⁠ךָ וְ⁠הַאֲבַדְתִּ֖י מַרְכְּבֹתֶֽי⁠ךָ	1	Here, **horses** and **chariots** represent “military power.” If it would be helpful in your language, you could use an equivalent expression or plain language. Alternate translation: [your military power and I will destroy your means of waging war]
5:10	hmj2		rc://*/ta/man/translate/writing-pronouns	סוּסֶ֖י⁠ךָ מִ⁠קִּרְבֶּ֑⁠ךָ	1	The pronoun **your** refers to the people of Israel, whom Yahweh is addressing here. It may be helpful to clarify this for your readers. Alternate translation: [your horses from your midst, people of Israel]
5:11	kkha		rc://*/ta/man/translate/figs-idiom	וְ⁠הִכְרַתִּ֖י	1	Yahweh is using **cut off** as a common expression of the culture to mean “destroy.” If this phrase does not have that meaning for your readers, you could use a comparable expression from your language that does have that meaning, or you could state the meaning plainly. Alternate translation: [And I will destroy]
5:12	c8x8		rc://*/ta/man/translate/figs-metonymy	כְשָׁפִ֖ים מִ⁠יָּדֶ֑⁠ךָ	1	Here, **your hand** represents “what you do.” If it would be helpful in your language, you could use an equivalent expression or plain language. Alternate translation: [sorceries from what you do]
5:12	tazh		rc://*/ta/man/translate/figs-metonymy	וְ⁠הִכְרַתִּ֥י כְשָׁפִ֖ים מִ⁠יָּדֶ֑⁠ךָ	1	Yahweh is using **cut off** to mean “destroy” and **sorceries from your hand** to represent their power to practice witchcraft. If this phrase does not have that meaning for your readers, you could use a comparable expression from your language that does have that meaning, or you could state the meaning plainly. Alternate translation: [I will destroy your power to practice sorcery]
5:12	upp0		rc://*/ta/man/translate/figs-abstractnouns	כְשָׁפִ֖ים	1	If your language does not use an abstract noun for the idea of **sorceries**, you could express the same idea in another way. Alternate translation: [the practice of magic]
5:12	qe39		rc://*/ta/man/translate/figs-idiom	לֹ֥א יִֽהְיוּ־לָֽ⁠ךְ	1	Yahweh is using **be to you** as a common expression of the culture to mean “you will no longer have.” If this phrase does not have that meaning for your readers, you could use a comparable expression from your language that does have that meaning, or you could state the meaning plainly. Alternate translation: [you will no longer have]
5:13	hqnr		rc://*/ta/man/translate/figs-idiom	וְ⁠הִכְרַתִּ֧י	1	Yahweh is using **cut off** as a common expression of the culture to mean “destroy completely” or “get rid of.” If this phrase does not have that meaning for your readers, you could use a comparable expression from your language that does have that meaning, or you could state the meaning plainly. Alternate translation: [And I will wipe out] or [And I will get rid of]
5:13	wvsn		rc://*/ta/man/translate/translate-symaction	וְ⁠לֹֽא־תִשְׁתַּחֲוֶ֥ה ע֖וֹד	1	To **bow down** was a symbolic action by which people showed reverence and submission. In this context, it was an action by which a person showed worship or submission to an idol. If it would be helpful to your readers, you could explain the significance of this action in the text of your translation or in a footnote. Alternate translation: [and you will not submit yourselves]
5:13	r5sx		rc://*/ta/man/translate/figs-metonymy	לְ⁠מַעֲשֵׂ֥ה יָדֶֽי⁠ךָ	1	Yahweh is using **the work of your hands** to represent the things that the people make and do, particularly idols and acts of worship directed toward them. If it would be helpful in your language, you could use an equivalent expression or plain language. Alternate translation: [to the idols you make and worship]
5:14	sx50		rc://*/ta/man/translate/figs-metaphor	וְ⁠נָתַשְׁתִּ֥י אֲשֵׁירֶ֖י⁠ךָ	1	Yahweh is speaking of the poles that the people use to worship the goddess Asherah as if they were plants that he would **uproot**. Your language may have a comparable expression that you can use in your translation, or you could state the meaning plainly. Alternate translation: [And I will tear out your Asherah poles]
5:15	wtxo		rc://*/ta/man/translate/figs-idiom	בְּ⁠אַ֧ף	1	Yahweh is using **in nose** as a common expression of the culture to mean “in anger.” If this phrase does not have that meaning for your readers, you could use a comparable expression from your language that does have that meaning, or you could state the meaning plainly. Alternate translation: [in anger]
5:15	bxj7		rc://*/ta/man/translate/figs-doublet	בְּ⁠אַ֧ף וּ⁠בְ⁠חֵמָ֛ה	1	The terms **nose** and **wrath** mean similar things. Yahweh is using the two terms together for emphasis. If it would be clearer for your readers, you could express the emphasis with a single phrase. Alternate translation: [in furious anger]
5:15	wf5g		rc://*/ta/man/translate/figs-abstractnouns	וּ⁠בְ⁠חֵמָ֛ה נָקָ֖ם	1	If your language does not use an abstract noun for the idea of **vengeance**, you could express the same idea in another way. Alternate translation: [and in wrath I will avenge myself]
5:15	n3jy		rc://*/ta/man/translate/figs-explicit	לֹ֥א שָׁמֵֽעוּ	1	Yahweh assumes that readers will know that **listened** as it is used here, includes the meaning of “obeyed.” You could say that explicitly if that would be helpful to your readers as modeled in the UST.
6:intro	k235				0	# Micah 6 Chapter Introduction\n\n## Structure and Formatting\n\nThis chapter is written as a court case or lawsuit by Yahweh against His people. Yahweh calls his people to repentance and faithful living.\n\n1. Yahweh brings his case against Israel (1–5)\n2. Yahweh desires justice, mercy, and humble obedience (6–8)\n3. Yahweh announces judgment for Israel’s sin (9–16)\n\n## Translation Issues in This Chapter\n\n### Names in lawsuit\n\nMoses, Aaron and Miriam are mentioned as witnesses for Yahweh and against Israel.
6:1	h08b		rc://*/ta/man/translate/figs-quotesinquotes	ק֚וּם רִ֣יב אֶת־הֶ⁠הָרִ֔ים וְ⁠תִשְׁמַ֥עְנָה הַ⁠גְּבָע֖וֹת קוֹלֶֽ⁠ךָ	1	If it would be clearer in your language, you could translate this so that there is not a quotation within a quotation. Alternate translation: [Yahweh commands me to arise and contend before the mountains, and to let the hills hear my voice]
6:1	u2nr		rc://*/ta/man/translate/figs-imperative3p	וְ⁠תִשְׁמַ֥עְנָה הַ⁠גְּבָע֖וֹת	1	Yahweh is saying what he wants the hills to do. See the discussion in the introduction to this book about “let” and “may” and follow the decision of your team of how a speaker will express in this context what he wants to happen. Alternate translation: [the hills should be able to hear]
6:1	ej6v		rc://*/ta/man/translate/writing-pronouns	קוֹלֶֽ⁠ךָ	1	The pronoun **your** refers to Micah, the prophet whom Yahweh is commanding to speak. It may be helpful to clarify this for your readers. Alternate translation: [your voice, Micah]
6:2	leo0		rc://*/ta/man/translate/figs-apostrophe	שִׁמְע֤וּ הָרִים֙ אֶת־רִ֣יב יְהוָ֔ה וְ⁠הָ⁠אֵתָנִ֖ים מֹ֣סְדֵי אָ֑רֶץ	1	Micah is speaking to the **mountains** and the **foundations of the earth**, which he knows cannot hear him. He is doing this to communicate to the people listening to him that he feels very strongly about everything in all creation hearing the case that Yahweh is bringing against them. If it would be helpful in your language, you could translate these words as if he were speaking directly to the people about the mountains and the foundations of the earth. Alternate translation: [Let all creation hear the dispute of Yahweh]
6:2	tb8n		rc://*/ta/man/translate/figs-abstractnouns	אֶת־רִ֣יב יְהוָ֔ה	1	If your language does not use an abstract noun for the idea of **dispute**, you could express the same idea in another way. Alternate translation: [Yahweh as he disputes]
6:2	o2zx		rc://*/ta/man/translate/writing-pronouns	עִם־עַמּ֔⁠וֹ	1	The pronoun **his** refers to Yahweh, and the phrase **his people** refers to the Israelites. It may be helpful to clarify this for your readers. Alternate translation: [with the Israelites, his people]
6:2	n5i6		rc://*/ta/man/translate/figs-parallelism	כִּ֣י רִ֤יב לַֽ⁠יהוָה֙ עִם־עַמּ֔⁠וֹ וְ⁠עִם־יִשְׂרָאֵ֖ל יִתְוַכָּֽח	1	These two clauses mean basically the same thing. The second emphasizes the meaning of the first by repeating the same idea with different words. If it would be helpful to your readers, you could combine them and express the emphasis in another way. Alternate translation: [for Yahweh has a dispute that he is bringing against his people, Israel]
6:2	tlpj		rc://*/ta/man/translate/figs-idiom	רִ֤יב לַֽ⁠יהוָה֙ עִם־עַמּ֔⁠וֹ	1	Micah is using **a dispute is to Yahweh** as a common expression of the culture to mean “Yahweh has a dispute.” If this phrase does not have that meaning for your readers, you could use a comparable expression from your language that does have that meaning, or you could state the meaning plainly. Alternate translation: [Yahweh has a dispute with his people]
6:3	b8dd		rc://*/ta/man/translate/writing-quotations	עַמִּ֛⁠י מֶה־עָשִׂ֥יתִי לְ⁠ךָ֖	1	This verse begins a direct quotation from Yahweh that continues through verse 5. If it would be helpful to your readers, you could mark that this is a direct quote of Yahweh as modeled in the UST.
6:3	zrcc		rc://*/ta/man/translate/figs-rquestion	מֶה־עָשִׂ֥יתִי לְ⁠ךָ֖ וּ⁠מָ֣ה הֶלְאֵתִ֑י⁠ךָ	1	Yahweh is using the question form to assert that he has done nothing to harm his people. If a speaker of your language would not use the question form for that purpose, you could translate this as a statement or as an exclamation. Alternate translation: [I have done nothing to harm you or to burden you!]
6:3	nwwg		rc://*/ta/man/translate/figs-explicit	עֲנֵ֥ה בִּֽ⁠י	1	By **Testify against me**, Yahweh is using the language of a court and saying that if they actually have anything to accuse him of, they should testify. The implication from the previous questions is that they have nothing to accuse him of. You could indicate this explicitly in your translation if that would be helpful to your readers. Alternate translation: [Only if I have done anything wrong can you testify against me]
6:4	hfmk		rc://*/ta/man/translate/figs-metaphor	וּ⁠מִ⁠בֵּ֥ית עֲבָדִ֖ים	1	Yahweh is speaking of Egypt as if it had been a **house** where people kept **slaves.** Your language may have a comparable expression that you can use in your translation, or you could state the meaning plainly. Alternate translation: [and from where you were held as slaves]
6:4	ix53		rc://*/ta/man/translate/figs-metonymy	לְ⁠פָנֶ֔י⁠ךָ	1	Here, **to your face** represents “before you” or “ahead of you.” If it would be helpful in your language, you could use an equivalent expression or plain language. Alternate translation: [ahead of you]
6:5	rdp7		rc://*/ta/man/translate/figs-explicit	זְכָר & מַה־יָּעַ֗ץ בָּלָק֙ מֶ֣לֶךְ מוֹאָ֔ב וּ⁠מֶה־עָנָ֥ה אֹת֖⁠וֹ בִּלְעָ֣ם בֶּן־בְּע֑וֹר	1	Yahweh assumes that readers will know that he is referring to the events describe in [Numbers 22-24](../../num/22/01.md). The phrase **what Balak, king of Moab, counseled** refers to his plot to destroy Israel by hiring Balaam to curse them and **what Balaam, son of Beor, answered him** refers to the fact that Balaam told the king he could only bless the people rather than curse them. You could include this information in a footnote if that would be helpful to your readers.
6:5	d761		rc://*/ta/man/translate/figs-explicit	מִן־הַ⁠שִּׁטִּים֙ עַד־הַ⁠גִּלְגָּ֔ל	1	The implication is that Yahweh wants his people to remember what happened to their ancestors when they were able to miraculously cross the Jordan River (see [Joshua 3 and 4](../../jos/03/01.md)). **Shittim** was the location of their last camp east of the Jordan River, and **Gilgal**, was where first camped in the land that he had promised them. You could include this information if that would be helpful to your readers. Alternate translation: [and remember what I did for your ancestors when they crossed the Jordan River]
6:5	tclp		rc://*/ta/man/translate/figs-abstractnouns	צִדְק֥וֹת יְהוָֽה	1	If your language does not use an abstract noun for the idea of **righteousnesses**, you could express the same idea in another way. Alternate translation: [how Yahweh acted righteously toward you]
6:6	vjbi		rc://*/ta/man/translate/writing-quotations	בַּ⁠מָּה֙ אֲקַדֵּ֣ם יְהוָ֔ה	1	This verse begins a shift from Yahweh’s words to the direct quotation spoken by a worshiper who represents the people. In your translation, use a natural way of indicating this shift in speaker.
6:6	nriu		rc://*/ta/man/translate/translate-symaction	אִכַּ֖ף לֵ⁠אלֹהֵ֣י	1	To **bow down** was a symbolic action by which people showed reverence and worship. If it would be helpful to your readers, you could explain the significance of this action in the text of your translation or in a footnote. Alternate translation: [worship the God of]
6:6	sge5		rc://*/ta/man/translate/figs-ellipsis	אִכַּ֖ף	1	The speaker is leaving out some of the words that in many languages a sentence would need in order to be complete. You can supply these words from the context if that would be clearer in your language. Alternate translation: [With what shall I bow down]
6:6	yksm		rc://*/ta/man/translate/figs-possession	לֵ⁠אלֹהֵ֣י מָר֑וֹם	1	The speaker is using the possessive form to describe a **God** that is characterized by **the height**, that is, by his exalted position. If a speaker of your language would not use the possessive form for this, you could express this idea in another way. Alternate translation: [to the exalted God]
6:6	csj8		rc://*/ta/man/translate/figs-idiom	בַּ⁠עֲגָלִ֖ים בְּנֵ֥י שָׁנָֽה	1	The speaker is using **calves, sons of a year** as a common expression of the culture to mean “calves that are one year old.” If this phrase does not have that meaning for your readers, you could use a comparable expression from your language that does have that meaning, or you could state the meaning plainly. Alternate translation: [with calves that are one year old]
6:7	nwn4		rc://*/ta/man/translate/figs-hyperbole	בְּ⁠אַלְפֵ֣י אֵילִ֔ים בְּ⁠רִֽבְב֖וֹת נַֽחֲלֵי־שָׁ֑מֶן	1	The speaker says **thousands of rams, with ten thousands of rivers of oil** as an extreme statement for emphasis. If it would be helpful in your language, you could use a different way to express the emphasis. Alternate translation: [an enormous number of rams, with an unimaginable amount of oil]
6:7	y7aw		rc://*/ta/man/translate/figs-abstractnouns	פִּשְׁעִ֔⁠י	1	If your language does not use an abstract noun for the idea of **transgression**, you could express the same idea in another way. Alternate translation: [for the ways I have rebelled]
6:7	lncg		rc://*/ta/man/translate/figs-metaphor	פְּרִ֥י בִטְנִ֖⁠י	1	Here the speaker is speaking of a child who came from his own body as if it were **the fruit of my belly**. Your language may have a comparable expression that you can use in your translation, or you could state the meaning plainly. Alternate translation: [my own child that I fathered]
6:8	xmrn		rc://*/ta/man/translate/writing-quotations	הִגִּ֥יד לְ⁠ךָ֛ אָדָ֖ם	1	In this verse the speaker changes, as Micah answers the questions that the previous speaker has asked. In your translation, use a natural way of indicating a change of speaker in your language.
6:8	xz8l		rc://*/ta/man/translate/writing-pronouns	הִגִּ֥יד	1	The pronoun **He** refers to Yahweh. It may be helpful to clarify this for your readers. Alternate translation: [Yahweh has told]
6:8	wsn1		rc://*/ta/man/translate/figs-genericnoun	אָדָ֖ם	1	Micah is not referring to a specific **man**. He means people in general. If it would be helpful to your readers, you could use an expression that would be more natural in your language. Alternate translation: [human being]
6:8	yjaz		rc://*/ta/man/translate/figs-abstractnouns	מִשְׁפָּט֙	1	If your language does not use an abstract noun for the idea of **justice**, you could express the same idea in another way. Alternate translation: [what is right and fair]
6:8	b2pr		rc://*/ta/man/translate/figs-possession	וְ⁠אַ֣הֲבַת חֶ֔סֶד	1	Micah is using the possessive form to describe a **love** that is characterized as **covenant faithfulness**. If a speaker of your language would not use the possessive form for this, you could express this idea in another way. Alternate translation: [and love faithfully]
6:8	yjz8		rc://*/ta/man/translate/figs-abstractnouns	וְ⁠אַ֣הֲבַת חֶ֔סֶד	1	If your language does not use an abstract noun for the idea of **covenant faithfulness**, you could express the same idea in another way. Alternate translation: [and faithfully loving others]
6:8	j0g9		rc://*/ta/man/translate/figs-metaphor	וְ⁠הַצְנֵ֥עַ לֶ֖כֶת עִם־אֱלֹהֶֽי⁠ךָ	1	Here Micah is speaking of how one lives as if it were **to walk** down a path and by **with your God**, he means that one should live one’s whole life in fellowship with God. Your language may have a comparable expression that you can use in your translation, or you could state the meaning plainly. Alternate translation: [and to be humble as you live your whole life in fellowship with your God]
6:8	gv8m		rc://*/ta/man/translate/figs-possession	אֱלֹהֶֽי⁠ךָ	1	Micah is using the possessive form **your God** to mean that Yahweh is the God whom the people worship, not that they possess or control him. It may be helpful to clarify this for your readers. Alternate translation: [Yahweh, the God whom you worship]
6:9	p7su		rc://*/ta/man/translate/figs-metonymy	ק֤וֹל יְהוָה֙ & יִקְרָ֔א	1	The phrase **The voice of Yahweh** represents the message that Yahweh speaks. If it would be helpful in your language, you could use an equivalent expression or plain language. Alternate translation: [The message that Yahweh speaks]
6:9	j2fn		rc://*/ta/man/translate/figs-metonymy	לָ⁠עִ֣יר	1	Here, **the city** represents the people who live in the city of Jerusalem. If it would be helpful in your language, you could use an equivalent expression or plain language. Alternate translation: [to the people of the city]
6:9	omfk		rc://*/ta/man/translate/figs-aside	וְ⁠תוּשִׁיָּ֖ה יִרְאֶ֣ה שְׁמֶ֑⁠ךָ	1	Micah has been speaking to the people about Yahweh, but here he briefly turns aside and addresses Yahweh directly. He does this in order to express more powerfully his own reverence for Yahweh. If it would be helpful in your language, you could introduce this more clearly and put the rest of this address in quote marks. Alternate translation: [and I say to Yahweh, “Sound wisdom fears your name”]
6:9	rj22		rc://*/ta/man/translate/figs-abstractnouns	וְ⁠תוּשִׁיָּ֖ה	1	If your language does not use an abstract noun for the idea of **sound wisdom**, you could express the same idea in another way. Alternate translation: [and whoever is truly wise]
6:9	if9a		rc://*/ta/man/translate/figs-metonymy	שְׁמֶ֑⁠ךָ	1	Here, **your name** represents Yahweh himself. If it would be helpful in your language, you could use an equivalent expression or plain language. Alternate translation: [you yourself]
6:9	xdmo		rc://*/ta/man/translate/writing-pronouns	וּ⁠מִ֥י יְעָדָֽ⁠הּ	1	The pronoun **he** refers to Yahweh. It may be helpful to clarify this for your readers. Alternate translation: [and whoever Yahweh appointed]
6:9	sgvh		rc://*/ta/man/translate/translate-alternativereadings	וּ⁠מִ֥י יְעָדָֽ⁠הּ	1	The phrase **and whoever he appointed** is a translation of the standard written Hebrew text as we have it today. Scholars have proposed, however, that the first word of the next verse should actually belong to this verse, and that the letters of the words have been divided incorrectly in the present text. By adding the first word of verse 10 to this phrase, changing two letters in it, and dividing the words differently, the meaning would be as in this alternate translation. You may want to follow the ULT or you may want to follow the major translation in your area. Alternate translation: [and the assembly of the city]
6:10	p52s		rc://*/ta/man/translate/figs-rquestion	ע֗וֹד הַ⁠אִשׁ֙ בֵּ֣ית רָשָׁ֔ע אֹצְר֖וֹת רֶ֑שַׁע וְ⁠אֵיפַ֥ת רָז֖וֹן זְעוּמָֽה	1	Yahweh is using the question form to accuse the people of the city of cheating others in their business dealings. If a speaker of your language would not use the question form for that purpose, you could translate this as a statement or as an exclamation. Alternate translation: [There are still in the house of the wicked treasuries of wickedness, and the ephah of leanness that is cursed!]
6:10	aedi		rc://*/ta/man/translate/translate-alternativereadings	ע֗וֹד הַ⁠אִשׁ֙	1	The phrase **Are there still** is a translation of the standard written Hebrew text as we have it today. The wording in the text, however, is very unusual, and scholars have proposed that the first word should be read with the previous verse and that a letter has dropped off of the second word. Reading the text in this way results in the following alternate translation. You may want to follow the ULT or you may want to follow the major translation in your area. Alternate translation: [Can I forget]
6:10	o6ap		rc://*/ta/man/translate/figs-nominaladj	רָשָׁ֔ע	1	Yahweh is using the adjective **wicked** as a noun to mean a certain kind of person. Your language may use adjectives in the same way. If not, you can translate this adjective with an equivalent phrase. Alternate translation: [the person who is wicked]
6:10	klea		rc://*/ta/man/translate/figs-abstractnouns	רֶ֑שַׁע	1	If your language does not use an abstract noun for the idea of **wickedness**, you could express the same idea in another way. Alternate translation: [things gained wickedly]
6:10	zdyo		rc://*/ta/man/translate/translate-bvolume	וְ⁠אֵיפַ֥ת רָז֖וֹן	1	This **ephah** was equivalent to 22 liters or nearly two thirds of a bushel. If it would be helpful to your readers, you could express this in terms of modern measurements, either in the text or in a footnote.
6:10	xwqu		rc://*/ta/man/translate/figs-possession	וְ⁠אֵיפַ֥ת רָז֖וֹן	1	Yahweh is using the possessive form to describe an **ephah** that is characterized by **leanness**, that is, a measure that holds less than it should. If a speaker of your language would not use the possessive form for this, you could express this idea in another way. Alternate translation: [and the undersized ephah]
6:10	mga6		rc://*/ta/man/translate/figs-activepassive	זְעוּמָֽה	1	The expression **is cursed** is a passive verbal form. If it would be unnatural to use that form, you could express the idea in active form or in another way that is natural in your language. Alternate translation: [that I, Yahweh, have cursed]
6:11	cc55		rc://*/ta/man/translate/figs-rquestion	הַ⁠אֶזְכֶּ֖ה בְּ⁠מֹ֣אזְנֵי רֶ֑שַׁע וּ⁠בְ⁠כִ֖יס אַבְנֵ֥י מִרְמָֽה	1	Yahweh is using the question form to declare that no one who uses dishonest weights and measures can be innocent. If a speaker of your language would not use the question form for that purpose, you could translate this as a statement or as an exclamation. Alternate translation: [I certainly would not be innocent if I used scales of wickedness and a bag of stones of deceit!]
6:11	gmdp		rc://*/ta/man/translate/translate-alternativereadings	הַ⁠אֶזְכֶּ֖ה	1	The phrase **Would I be innocent** is a translation of the standard written Hebrew text as we have it today. It would also be possible to read the word as “Would I acquit.” You may want to follow the ULT or you may want to follow the major translation in your area. Alternate translation: [Would I acquit someone]
6:11	edak		rc://*/ta/man/translate/figs-possession	בְּ⁠מֹ֣אזְנֵי רֶ֑שַׁע	1	Yahweh is using the possessive form to describe **scales** that are used for **wickedness** or cheating people. If a speaker of your language would not use the possessive form for this, you could express this idea in another way. Alternate translation: [with unjust scales]
6:11	nitk		rc://*/ta/man/translate/figs-possession	אַבְנֵ֥י מִרְמָֽה	1	Yahweh is using the possessive form to describe **stones**, which were used to weigh things they were selling, that are characterized by **deceit** because they were the wrong weight. If a speaker of your language would not use the possessive form for this, you could express this idea in another way. Alternate translation: [deceitful stones]
6:12	fyfv		rc://*/ta/man/translate/writing-pronouns	אֲשֶׁ֤ר עֲשִׁירֶ֨י⁠הָ֙	1	The words **which** and **her** refer to the city that Yahweh mentioned in verse 9. It may be helpful to clarify this for your readers. Alternate translation: [—the city whose rich]
6:12	gbb0		rc://*/ta/man/translate/figs-nominaladj	עֲשִׁירֶ֨י⁠הָ֙	1	Yahweh is using the adjective **rich** as a noun to mean a certain kind of person. Your language may use adjectives in the same way. If not, you can translate this adjective with an equivalent phrase. Alternate translation: [her rich people]
6:12	sk4k		rc://*/ta/man/translate/figs-abstractnouns	חָמָ֔ס	1	If your language does not use an abstract noun for the idea of **violence**, you could express the same idea in another way. Alternate translation: [violent acts]
6:12	zpkr		rc://*/ta/man/translate/figs-parallelism	וְ⁠יֹשְׁבֶ֖י⁠הָ דִּבְּרוּ־שָׁ֑קֶר וּ⁠לְשׁוֹנָ֖⁠ם רְמִיָּ֥ה בְּ⁠פִי⁠הֶֽם	1	These two clauses mean basically the same thing. The second emphasizes the meaning of the first by repeating the same idea with different words. You could use the approach which is modeled in the UST of connecting the phrases with a word other than “and” that shows that the second phrase is repeating the first one, not saying something additional. Another approach would be to combine them and express the emphasis in another way. Alternate translation: [and all her inhabitants speak deceitfully]
6:12	ya3x		rc://*/ta/man/translate/figs-abstractnouns	שָׁ֑קֶר	1	If your language does not use an abstract noun for the idea of **falsehood**, you could express the same idea in another way. Alternate translation: [her inhabitants speak falsely]
6:12	f3tm		rc://*/ta/man/translate/figs-metonymy	וּ⁠לְשׁוֹנָ֖⁠ם רְמִיָּ֥ה בְּ⁠פִי⁠הֶֽם	1	Here, **tongue** represents speech. If it would be helpful in your language, you could use an equivalent expression or plain language. Alternate translation: [and what they say is deceitful]
6:13	u6ox		rc://*/ta/man/translate/writing-pronouns	וְ⁠גַם־אֲנִ֖י הֶחֱלֵ֣יתִי	1	Yahweh is stating the pronoun **I** separately, even though the verb translated as **I will make** already includes this meaning. He is doing that to emphasize that Yahweh himself is the one who will act. If a speaker of your language would use an explicit pronoun for the same purpose, you may want to use that construction in your translation. If not, your language may have other ways of showing the meaning here. Alternate translation: [And even I, myself will make sick]
6:13	c7py		rc://*/ta/man/translate/figs-idiom	הֶחֱלֵ֣יתִי הַכּוֹתֶ֑⁠ךָ	1	Yahweh is using **make sick the striking of you** as a common expression of the culture to mean that he will administer an incurable injury on them. If this phrase does not have that meaning for your readers, you could use a comparable expression from your language that does have that meaning, or you could state the meaning plainly. Alternate translation: [I will strike you with an incurable wound]
6:13	jq4w		rc://*/ta/man/translate/writing-pronouns	הַכּוֹתֶ֑⁠ךָ	1	The pronouns **you** and **your** from here to the end of the chapter refer to the people of the city of Jerusalem whom Yahweh is now addressing directly after speaking about them in the previous verses. It may be helpful to clarify this for your readers. Alternate translation: [the striking of you, inhabitants of Jerusalem]
6:14	k77n		rc://*/ta/man/translate/writing-pronouns	אַתָּ֤ה תֹאכַל֙	1	Yahweh is stating the pronoun **you** separately, even though the verb translated as **you will eat** already includes this meaning. He is doing that to emphasize the contrast between the heavenly Judge and the sentence they will suffer. If a speaker of your language would use an explicit pronoun for the same purpose, you may want to use that construction in your translation. If not, your language may have other ways of showing the meaning here. Alternate translation: [For your part, you will eat]
6:14	vii4		rc://*/ta/man/translate/translate-unknown	וְ⁠יֶשְׁחֲ⁠ךָ֖ בְּ⁠קִרְבֶּ֑⁠ךָ	1	The word **dysentery** refers to a kind of disease of the bowels that empties the body of the food it takes in. If your readers would not be familiar with what dysentery is, you could use the name of a similar sickness that your readers would recognize, or you could use a more general term. Alternate translation: [because your stomach will be empty]
6:14	crqg		rc://*/ta/man/translate/translate-alternativereadings	וְ⁠תַסֵּג֙ וְ⁠לֹ֣א תַפְלִ֔יט וַ⁠אֲשֶׁ֥ר תְּפַלֵּ֖ט	1	The word translated as **bring to safety** could also be the word for “reach.” This leads some scholars to interpret these sentences in the context of birthing rather than warfare. You may want to follow the major translation in your area. Alternate translation: [And you will reach birth, but not deliver the baby]
6:14	bbj1		rc://*/ta/man/translate/figs-metonymy	לַ⁠חֶ֥רֶב אֶתֵּֽן	1	Here, **the sword** represents warfare and being killed in battle. If it would be helpful in your language, you could use an equivalent expression or plain language. Alternate translation: [I will hand over to be killed in war]
6:15	gxd2		rc://*/ta/man/translate/writing-pronouns	אַתָּ֥ה תִזְרַ֖ע וְ⁠לֹ֣א תִקְצ֑וֹר אַתָּ֤ה תִדְרֹֽךְ	1	Yahweh is stating the pronoun **you** separately, even though the verbs translated as **you will sow** and **you will tread** already include this meaning. He is doing that to emphasize how the people will suffer. If a speaker of your language would use an explicit pronoun for the same purpose, you may want to use that construction in your translation. If not, your language may have other ways of showing the meaning here. Alternate translation: [You people of the city will certainly sow, but not reap, and you will certainly tread]
6:15	gwbx		rc://*/ta/man/translate/figs-ellipsis	וְ⁠תִיר֖וֹשׁ וְ⁠לֹ֥א תִשְׁתֶּה־יָּֽיִן	1	Yahweh is leaving out some of the words that in many languages a sentence would need in order to be complete. You can supply these words from the context if that would be clearer in your language. Alternate translation: [and you will tread new wine grapes but not drink wine]
6:16	fdgu		rc://*/ta/man/translate/figs-activepassive	וְ⁠יִשְׁתַּמֵּ֞ר חֻקּ֣וֹת עָמְרִ֗י	1	The expression **are kept** is a passive verbal form. If it would be unnatural to use that form, you could express the idea in active form or in another way that is natural in your language. Alternate translation: [For the people keep the statutes of Omri]
6:16	btzl		rc://*/ta/man/translate/figs-possession	חֻקּ֣וֹת עָמְרִ֗י	1	Yahweh is using this possessive form to mean the statutes that Omri established. If a speaker of your language would not use the possessive form for this, you could express this idea in another way. Alternate translation: [the statutes that Omri established]
6:16	pg7b		rc://*/ta/man/translate/figs-ellipsis	וְ⁠כֹל֙ מַעֲשֵׂ֣ה בֵית־אַחְאָ֔ב	1	Yahweh is leaving out some of the words that in many languages a sentence would need in order to be complete. You can supply these words from the context if that would be clearer in your language. Alternate translation: [and all of the deeds of the house of Ahab are kept]
6:16	egv1		rc://*/ta/man/translate/figs-metaphor	בֵית־אַחְאָ֔ב	1	Here, **house** means all the people descended from a particular person. It envisions them as if they were one household living together. So **the house of Ahab** figuratively means all the people descended from that evil king as modeled in the UST.
6:16	hbeh		rc://*/ta/man/translate/figs-metaphor	בֵית־אַחְאָ֔ב	1	Here Yahweh is speaking as if the descendants of Ahab were a **house**. Your language may have a comparable expression that you can use in your translation, or you could state the meaning plainly. Alternate translation: [the descendants of Ahab]
6:16	g090		rc://*/ta/man/translate/figs-metaphor	וַ⁠תֵּלְכ֖וּ בְּ⁠מֹֽעֲצוֹתָ֑⁠ם	1	Here Yahweh is speaking as if living according to the advice of Omri and Ahab were to have **walked in their counsels**. He is referring to the corrupt policies, economic injustice, and foreign idol worship (like Baal worship) institutionalized by Omri and his son, Ahab (see [1 Kings 16](../../1ki/16/01.md)). Your language may have a comparable expression that you can use in your translation, or you could state the meaning plainly. Alternate translation: [and you have followed their advice]
6:16	il7x		rc://*/ta/man/translate/figs-abstractnouns	לְ⁠שַׁמָּ֗ה	1	If your language does not use an abstract noun for the idea of **a desolation**, you could express the same idea in another way. Alternate translation: [desolate]
6:16	mo55		rc://*/ta/man/translate/writing-pronouns	וְ⁠יֹשְׁבֶ֨י⁠הָ֙	1	The pronoun **her** refers to the city that Yahweh mentioned in verse 9. It may be helpful to clarify this for your readers. Alternate translation: [and the inhabitants of that city]
6:16	j4vz		rc://*/ta/man/translate/figs-metonymy	לִ⁠שְׁרֵקָ֔ה	1	Here, **a hissing** represents the scorn that people will express toward those who live in the city. If it would be helpful in your language, you could use an equivalent expression or plain language. Alternate translation: [and her inhabitants an object of scorn]
7:intro	kf61				0	# Micah 7 Chapter Introduction\n\n## Structure and Formatting\n\nYahweh hears the repentant and faithfully restores his people\n\n1. Micah laments Israel’s corruption (1–6)\n2. Micah waits in hope for Yahweh’s salvation (7–13)\n3. Yahweh shows mercy and remains faithful to his covenant (14–20)\n\n## Religious and Cultural Concepts in This Chapter\n\n### Last days\n\nThis chapter looks forward to the hope of the coming savior for the faithful remnant. This is the future restoration of Israel when true peace will come.\n\n### Prophet\n\nThe prophet was able to speak to God on behalf of the people. Often in this chapter, the prophet speaks in Israel’s place and offers repentance to Yahweh.
7:1	te6o		rc://*/ta/man/translate/figs-exclamations	אַ֣לְלַי לִ֗⁠י	1	Micah is using a phrase that expresses a strong feeling of distress. There may be an equivalent word or phrase in your language that you can use in your translation to convey this feeling. Alternate translation: [How sorrowful I feel]
7:1	p666		rc://*/ta/man/translate/figs-simile	כְּ⁠אָסְפֵּי־קַ֔יִץ כְּ⁠עֹלְלֹ֖ת בָּצִ֑יר	1	The point of this comparison is that just as **the gatherings of summer fruit** and **the gleanings of the grape harvest** are what remains after everything worth having has already been taken, so is the land in which Micah is searching for a faithful person. If it would be helpful in your language, you could make this point explicitly. Alternate translation: [like one searching where the summer fruit has already been gathered, like one searching where the grapes have already been harvested]
7:1	o5mb		rc://*/ta/man/translate/figs-abstractnouns	כְּ⁠אָסְפֵּי־קַ֔יִץ	1	If your language does not use an abstract noun for the idea of **gatherings**, you could express the same idea in another way. Alternate translation: [trying to gather summer fruit after others have already picked all of it]
7:1	dqbx		rc://*/ta/man/translate/figs-abstractnouns	כְּ⁠עֹלְלֹ֖ת בָּצִ֑יר	1	If your language does not use an abstract noun for the idea of **gleanings**, you could express the same idea in another way. Alternate translation: [like what is left over after others have harvested the grapes]
7:1	x3go		rc://*/ta/man/translate/figs-metonymy	נַפְשִֽׁ⁠י	1	Here, **my soul** represents Micah himself. If it would be helpful in your language, you could use an equivalent expression or plain language. Alternate translation: [I desire]
7:2	dgwn		rc://*/ta/man/translate/figs-hyperbole	כֻּלָּ⁠ם֙ לְ⁠דָמִ֣ים יֶאֱרֹ֔בוּ	1	Micah says **All of them lie in wait for bloodshed** as an extreme statement for emphasis. If it would be helpful in your language, you could use a different way to express the emphasis. Alternate translation: [Nearly everyone lies in wait for bloodshed]
7:2	dcim		rc://*/ta/man/translate/figs-genericnoun	אָבַ֤ד חָסִיד֙	1	Micah is not referring to a specific **faithful one**. He means faithful people in general. If it would be helpful to your readers, you could use an expression that would be more natural in your language. Alternate translation: [All the faithful people have perished]
7:2	g228		rc://*/ta/man/translate/figs-genericnoun	וְ⁠יָשָׁ֥ר בָּ⁠אָדָ֖ם אָ֑יִן	1	Micah is not referring to a specific **upright one**. He means upright people in general. If it would be helpful to your readers, you could use an expression that would be more natural in your language. Alternate translation: [and there are no upright people among mankind]
7:2	k9qa		rc://*/ta/man/translate/writing-pronouns	כֻּלָּ⁠ם֙	1	The pronoun **them** refers to the people who live in the land. It may be helpful to clarify this for your readers. Alternate translation: [All of the people that are left in the land]
7:2	jqpc		rc://*/ta/man/translate/figs-metonymy	לְ⁠דָמִ֣ים יֶאֱרֹ֔בוּ	1	Here, **bloodshed** represents violent death. If it would be helpful in your language, you could use an equivalent expression or plain language. Alternate translation: [are just waiting to murder each other]
7:2	rd4j		rc://*/ta/man/translate/figs-metaphor	אִ֥ישׁ אֶת־אָחִ֖י⁠הוּ יָצ֥וּדוּ חֵֽרֶם	1	Here Micah is speaking the people of the land exploiting each other as if they were trappers that are trying to catch an animal **with a net**. Your language may have a comparable expression that you can use in your translation, or you could state the meaning plainly. Alternate translation: [each man seeks to trap his brother]
7:2	lgt2		rc://*/ta/man/translate/figs-metaphor	אֶת־אָחִ֖י⁠הוּ	1	Micah is speaking as if a man’s **brother**, or fellow Israelite, were his prey, whom he hunts to harm rather than someone he should love and protect. If it would be helpful in your language, you could state the meaning plainly. Alternate translation: [each man tries to harm his fellow Israelite]
7:3	mnag		rc://*/ta/man/translate/figs-abstractnouns	הָ⁠רַ֤ע	1	If your language does not use an abstract noun for the idea of **evil**, you could express the same idea in another way. Alternate translation: [doing evil things]
7:3	j7qm		rc://*/ta/man/translate/figs-metonymy	כַּפַּ֨יִם֙	1	Here, **the two hands** represent the leaders who use them to do evil. If it would be helpful in your language, you could use an equivalent expression or plain language. Alternate translation: [these leaders]
7:3	pgg2		rc://*/ta/man/translate/figs-ellipsis	וְ⁠הַ⁠שֹּׁפֵ֖ט בַּ⁠שִׁלּ֑וּם	1	Micah is leaving out some of the words that in many languages a sentence would need in order to be complete. You can supply these words from the context if that would be clearer in your language. Alternate translation: [and the judge is also asking for the recompense]
7:3	x3o5		rc://*/ta/man/translate/figs-abstractnouns	בַּ⁠שִׁלּ֑וּם	1	If your language does not use an abstract noun for the idea of **recompense**, you could express the same idea in another way. Alternate translation: [to be paid]
7:3	bhdp		rc://*/ta/man/translate/figs-genericnoun	וְ⁠הַ⁠גָּד֗וֹל דֹּבֵ֨ר הַוַּ֥ת נַפְשׁ֛⁠וֹ ה֖וּא	1	Micah is not referring to a specific **great one**. He means people in positions of power in general. If it would be helpful to your readers, you could use an expression that would be more natural in your language. Alternate translation: [and important people are speaking the desire of their very souls]
7:3	dub3		rc://*/ta/man/translate/figs-metonymy	הַוַּ֥ת נַפְשׁ֛⁠וֹ ה֖וּא	1	Here, **his very soul** represents the great one himself. If it would be helpful in your language, you could use an equivalent expression or plain language. Alternate translation: [of what he himself strongly desires]
7:3	weit		rc://*/ta/man/translate/figs-abstractnouns	הַוַּ֥ת נַפְשׁ֛⁠וֹ ה֖וּא	1	If your language does not use an abstract noun for the idea of **desire**, you could express the same idea in another way. Alternate translation: [what he himself desires]
7:3	crpm		rc://*/ta/man/translate/writing-pronouns	וַֽ⁠יְעַבְּתֽוּ⁠הָ	1	The pronoun **they** refers to all of the powerful leaders. It may be helpful to clarify this for your readers. Alternate translation: [and these leaders weave it together]
7:3	p37u		rc://*/ta/man/translate/figs-metaphor	וַֽ⁠יְעַבְּתֽוּ⁠הָ	1	Here Micah is speaking of the plot that these leaders are scheming together as if it were a net that they **weave** together. Your language may have a comparable expression that you can use in your translation, or you could state the meaning plainly. Alternate translation: [and they plot it out together]
7:4	absw		rc://*/ta/man/translate/figs-simile	כְּ⁠חֵ֔דֶק	1	The point of this comparison is that just as **a brier** wounds anyone who touches it, so is even the best person among these people. If it would be helpful in your language, you could make this point explicitly. Alternate translation: [injures anyone who comes near, just as a brier does]
7:4	f4om		rc://*/ta/man/translate/figs-simile	יָשָׁ֖ר מִ⁠מְּסוּכָ֑ה	1	The point of this comparison is that just as **a thorn hedge** injures those who come near it, so is the one who seems to be one of **the upright** people. If it would be helpful in your language, you could make this point explicitly. Alternate translation: [the upright person injures people even more than a thorn hedge injures those who come near it]
7:4	wrsc		rc://*/ta/man/translate/figs-nominaladj	יָשָׁ֖ר	1	Micah is using the adjective **the upright** as a noun to mean a certain kind of person. Your language may use adjectives in the same way. If not, you can translate this adjective with an equivalent phrase. Alternate translation: [the most honest person]
7:4	vj7u		rc://*/ta/man/translate/figs-metonymy	י֤וֹם מְצַפֶּ֨י⁠ךָ֙	1	Micah is using the term **day** to refer to a specific time and **your watchers** represents the prophets, who warned the people. If it would be helpful in your language, you could state the meaning plainly. Alternate translation: [The time that your prophets warned you about]
7:4	v0h2		rc://*/ta/man/translate/writing-pronouns	מְצַפֶּ֨י⁠ךָ֙ פְּקֻדָּתְ⁠ךָ֣	1	The pronoun **your** refers to the people of Israel, whom Micah addresses directly here. It may be helpful to clarify this for your readers. Alternate translation: [your watchers, people of Israel, your visitation]
7:4	xnzn		rc://*/ta/man/translate/figs-abstractnouns	פְּקֻדָּתְ⁠ךָ֣	1	If your language does not use an abstract noun for the idea of **visitation**, you could express the same idea in another way. Alternate translation: [when God comes to punish you]
7:4	e47g		rc://*/ta/man/translate/figs-abstractnouns	עַתָּ֥ה תִהְיֶ֖ה מְבוּכָתָֽ⁠ם	1	If your language does not use an abstract noun for the idea of **confusion**, you could express the same idea in another way. Alternate translation: [When that happens, they will be confused and panic]
7:5	jmg0		rc://*/ta/man/translate/figs-idiom	שְׁמֹ֖ר פִּתְחֵי־פִֽי⁠ךָ	1	Micah is using **guard the doors of your mouth** as a common expression of the culture to mean “be very careful about what you say.” If this phrase does not have that meaning for your readers, you could use a comparable expression from your language that does have that meaning, or you could state the meaning plainly. Alternate translation: [you should guard what you say]
7:6	nq0i		rc://*/ta/man/translate/figs-ellipsis	כַּלָּ֖ה בַּ⁠חֲמֹתָ֑⁠הּ	1	Micah is leaving out some of the words that in many languages a sentence would need in order to be complete. You can supply these words from the context if that would be clearer in your language. Alternate translation: [a daughter-in-law is rising up against her mother-in-law]
7:6	z5lc		rc://*/ta/man/translate/figs-possession	אֹיְבֵ֥י אִ֖ישׁ	1	Micah is using the possessive form to describe **enemies** who are characterized by their relationship to **a man**. If a speaker of your language would not use the possessive form for this, you could express this idea in another way. Alternate translation: [The ones who oppose a man]
7:6	z7n7		rc://*/ta/man/translate/figs-possession	אַנְשֵׁ֥י בֵיתֽ⁠וֹ	1	Micah is using the possessive form to describe **the men** who are characterized by living in **his house**. If a speaker of your language would not use the possessive form for this, you could express this idea in another way as modeled in the UST.
7:7	iz9i		rc://*/ta/man/translate/writing-pronouns	וַ⁠אֲנִי֙ בַּ⁠יהוָ֣ה אֲצַפֶּ֔ה	1	Micah is stating the pronoun **I** separately, even though the verb translated as **I will watch** already includes this meaning. He is doing that to emphasize the contrast between himself and the people he has been describing. If a speaker of your language would use an explicit pronoun for the same purpose, you may want to use that construction in your translation. If not, your language may have other ways of showing the meaning here. Alternate translation: [But unlike these people, I will watch for Yahweh]
7:7	hq26		rc://*/ta/man/translate/figs-abstractnouns	לֵ⁠אלֹהֵ֣י יִשְׁעִ֑⁠י	1	If your language does not use an abstract noun for the idea of **salvation**, you could express the same idea in another way. Alternate translation: [the God who saves me]
7:7	ktax		rc://*/ta/man/translate/figs-possession	אֱלֹהָֽ⁠י	1	Moses is not using this possessive form **My God** to indicate that he possesses or controls Yahweh. Rather Moses is using these words to indicate that Yahweh is the God whom he worships. Alternate translation: [Yahweh, the God whom I worship,]
7:8	jrtk		rc://*/ta/man/translate/figs-synecdoche	אַֽל־תִּשְׂמְחִ֤י אֹיַ֨בְתִּ⁠י֙ לִ֔⁠י כִּ֥י נָפַ֖לְתִּי קָ֑מְתִּי כִּֽי־אֵשֵׁ֣ב בַּ⁠חֹ֔שֶׁךְ יְהוָ֖ה א֥וֹר לִֽ⁠י	1	In verses 8 through 10 Micah speaks on behalf of his people. If it would be helpful, you could translate the singular pronouns as plurals, as in the UST.
7:8	kzdv		rc://*/ta/man/translate/writing-pronouns	אֹיַ֨בְתִּ⁠י֙	1	By **my enemy**, Micah refers to the nation that Micah foresees will conquer Israel. It may be helpful to clarify this for your readers. Alternate translation: [you enemy nation of my people]
7:8	qcul		rc://*/ta/man/translate/figs-metaphor	נָפַ֖לְתִּי קָ֑מְתִּי	1	Here Micah is speaking on behalf of the people about suffering defeat as if it were to have **fallen** down and of recovering as if it were to **arise** again. Your language may have a comparable expression that you can use in your translation, or you could state the meaning plainly. Alternate translation: [we have suffered disaster; we will be restored]
7:8	wvz3		rc://*/ta/man/translate/figs-metaphor	אֵשֵׁ֣ב בַּ⁠חֹ֔שֶׁךְ יְהוָ֖ה א֥וֹר לִֽ⁠י	1	Here Micah is speaking of the trouble his people are experiencing as if it were **the darkness** and of Yahweh’s help as if it were **a light**. Your language may have a comparable expression that you can use in your translation, or you could state the meaning plainly. Alternate translation: [we are in trouble; Yahweh helps us]
7:9	bzx9		rc://*/ta/man/translate/grammar-connect-logic-result	זַ֤עַף יְהוָה֙ אֶשָּׂ֔א כִּ֥י חָטָ֖אתִי ל֑⁠וֹ	1	If it would be more natural in your language, you could reverse the order of these phrases, since the second phrase gives the reason for the result that the first phrase describes. Alternate translation: [Because I have sinned against Yahweh, I will bear his rage]
7:9	hchi		rc://*/ta/man/translate/figs-abstractnouns	זַ֤עַף יְהוָה֙	1	If your language does not use an abstract noun for the idea of **rage**, you could express the same idea in another way. Alternate translation: [how Yahweh rages against me]
7:9	knip		rc://*/ta/man/translate/writing-poetry	יָרִ֤יב רִיבִ⁠י֙	1	Micah is using a construction in which a verb and its object come from the same root. You may be able to use the same construction in your language to express the meaning here. Alternatively, your language may have another way of saying this. Alternate translation: [pleads my plea]
7:9	ej89		rc://*/ta/man/translate/figs-abstractnouns	מִשְׁפָּטִ֔⁠י	1	If your language does not use an abstract noun for the idea of **justice**, you could express the same idea in another way. Alternate translation: [what is just for me]
7:9	chcw		rc://*/ta/man/translate/figs-metaphor	יוֹצִיאֵ֣⁠נִי לָ⁠א֔וֹר	1	Here Micah is speaking as if Yahweh’s rescue of him were bringing him out into **the light**. Your language may have a comparable expression that you can use in your translation, or you could state the meaning plainly. Alternate translation: [He will rescue me]
7:9	g9fd		rc://*/ta/man/translate/figs-metaphor	אֶרְאֶ֖ה בְּ⁠צִדְקָתֽ⁠וֹ	1	Here Micah is speaking as if experiencing what Yahweh does were to **look on** it. Your language may have a comparable expression that you can use in your translation, or you could state the meaning plainly. Alternate translation: [I will experience his righteous acts]
7:9	jz7h		rc://*/ta/man/translate/figs-abstractnouns	בְּ⁠צִדְקָתֽ⁠וֹ	1	If your language does not use an abstract noun for the idea of **righteousness**, you could express the same idea in another way. Alternate translation: [on how righteous he is]
7:10	f7a7		rc://*/ta/man/translate/writing-pronouns	וְ⁠תֵרֶ֤א אֹיַ֨בְתִּ⁠י֙ וּ⁠תְכַסֶּ֣⁠הָ בוּשָׁ֔ה	1	The pronoun **my** refers to Micah, who speaks here on behalf of his people, and **my enemy** and **her** refer to the nation that Micah foresees will conquer Israel. It may be helpful to clarify this for your readers. Alternate translation: [Then may the enemy nation of my people see, so that shame covers them]
7:10	hnwh		rc://*/ta/man/translate/figs-ellipsis	וְ⁠תֵרֶ֤א אֹיַ֨בְתִּ⁠י֙	1	Micah is leaving out some of the words that in many languages a sentence would need in order to be complete. You can supply these words from the context of the end of the last verse if that would be clearer in your language. Alternate translation: [Then may my enemy also see what Yahweh has done]
7:10	bmsu		rc://*/ta/man/translate/figs-imperative	וְ⁠תֵרֶ֤א אֹיַ֨בְתִּ⁠י֙	1	Micah is saying what he wants his enemy to do. See the discussion in the introduction to this book about “let” and “may” and follow the decision of your team of how a speaker will express in this context what he wants someone to do. Alternate translation: [I desire that my enemy see] or [Please allow my enemy to see]
7:10	gxyy		rc://*/ta/man/translate/figs-metaphor	וּ⁠תְכַסֶּ֣⁠הָ בוּשָׁ֔ה	1	Here Micah is speaking as if **shame** were a garment that **covers** a person. Your language may have a comparable expression that you can use in your translation, or you could state the meaning plainly. Alternate translation: [so that she becomes utterly ashamed]
7:10	yib0		rc://*/ta/man/translate/figs-abstractnouns	וּ⁠תְכַסֶּ֣⁠הָ בוּשָׁ֔ה	1	If your language does not use an abstract noun for the idea of **shame**, you could express the same idea in another way. Alternate translation: [so that she feels ashamed]
7:10	cxsk		rc://*/ta/man/translate/figs-rquestion	אַיּ֖⁠וֹ יְהוָ֣ה אֱלֹהָ֑יִ⁠ךְ	1	The enemy is using the question form to mock Micah by suggesting that Yahweh is unwilling or unable to help him. If a speaker of your language would not use the question form for that purpose, you could translate this as a statement or as an exclamation. Alternate translation: [Yahweh your God is nowhere to be found!]
7:10	jxau		rc://*/ta/man/translate/figs-possession	יְהוָ֣ה אֱלֹהָ֑יִ⁠ךְ	1	The enemy is not using this possessive form **your God** to indicate that Micah possesses or controls Yahweh but rather to emphasize that Yahweh is the God that he worships. Alternate translation: [Yahweh, the God whom you worship]
7:10	ddf4		rc://*/ta/man/translate/figs-synecdoche	עֵינַ⁠י֙ תִּרְאֶ֣ינָּה בָּ֔⁠הּ	1	Micah is using one part of a person, his **eyes**, to mean all of him in the act of watching his enemy’s downfall. If it would be helpful in your language, you could state the meaning plainly. Alternate translation: [I will watch what happens to her]
7:10	se1x		rc://*/ta/man/translate/figs-simile	כְּ⁠טִ֥יט חוּצֽוֹת	1	The point of this comparison is that just as **the mud of the streets** is trampled underfoot and despised, so will Micah’s enemy be. If it would be helpful in your language, you could make this point explicitly. Alternate translation: [as thoroughly despised as the mud that people tread on in the streets]
7:11	acvh		rc://*/ta/man/translate/figs-ellipsis	י֖וֹם לִ⁠בְנ֣וֹת גְּדֵרָ֑יִ⁠ךְ	1	Micah is leaving out some of the words that in many languages a sentence would need in order to be complete. You can supply these words from the context if that would be clearer in your language. Alternate translation: [A day will come to build your walls]
7:11	c8pc		rc://*/ta/man/translate/writing-pronouns	גְּדֵרָ֑יִ⁠ךְ	1	The pronoun **your** refers to the people of Zion. It may be helpful to clarify this for your readers. Alternate translation: [your walls, people of Zion]
7:12	ud9a		rc://*/ta/man/translate/writing-pronouns	וְ⁠עָדֶ֣י⁠ךָ יָב֔וֹא	1	The pronoun **you** refers to Zion, or Jerusalem, and the pronoun **he** refers to each person who will come to the city of Jerusalem from the distant places named in this verse. It may be helpful to clarify this for your readers. Alternate translation: [when many people will come to Jerusalem]
7:13	h8s9		rc://*/ta/man/translate/grammar-connect-logic-contrast	וְ⁠הָיְתָ֥ה הָ⁠אָ֛רֶץ לִ⁠שְׁמָמָ֖ה	1	Micah uses the word **And** here to indicate a contrast between the restoration that he has just described and the desolation that will come upon the rest of the earth. In your translation, indicate this contrast in a way that is natural in your language. Alternate translation: [But all the rest of the land will become a desolation]
7:13	qcop		rc://*/ta/man/translate/figs-abstractnouns	לִ⁠שְׁמָמָ֖ה	1	If your language does not use an abstract noun for the idea of **desolation**, you could express the same idea in another way. Alternate translation: [desolate]
7:13	vwsr		rc://*/ta/man/translate/writing-pronouns	יֹֽשְׁבֶ֑י⁠הָ מִ⁠פְּרִ֖י מַֽעַלְלֵי⁠הֶֽם	1	The pronoun **her** refers to the land, and the pronoun **their** refers to the people who live in the land. It may be helpful to clarify this for your readers. Alternate translation: [the land’s inhabitants, from the fruit of those people’s deeds]
7:13	tare		rc://*/ta/man/translate/figs-metaphor	מִ⁠פְּרִ֖י מַֽעַלְלֵי⁠הֶֽם	1	Here Micah is speaking of the results of what people do as if they were **the fruit** that a plant produces. Your language may have a comparable expression that you can use in your translation, or you could state the meaning plainly. Alternate translation: [from the results of their deeds]
7:14	d82m		rc://*/ta/man/translate/figs-metaphor	רְעֵ֧ה עַמְּ⁠ךָ֣ בְ⁠שִׁבְטֶ֗⁠ךָ צֹ֚אן נַֽחֲלָתֶ֔⁠ךָ	1	Here Micah is speaking as if Yahweh were a shepherd and as if Yahweh’s people were **the flock** that he tends. Your language may have a comparable expression that you can use in your translation, or you could state the meaning plainly. Alternate translation: [Care for your people as a shepherd cares for his flock, the people who belong to you]
7:14	btj0		rc://*/ta/man/translate/figs-imperative	רְעֵ֧ה עַמְּ⁠ךָ֣	1	The word translated as **Shepherd** is an imperative, but it communicates a polite request to a superior rather than a command. If the imperative does not communicate a request for your readers, then use a form in your language that communicates a polite request to a superior. Alternate translation: [Yahweh, please shepherd your people]
7:14	xfwo		rc://*/ta/man/translate/figs-possession	צֹ֚אן נַֽחֲלָתֶ֔⁠ךָ	1	Micah is using the possessive form to describe **the flock** that is characterized by being **your inheritance**, that is, the people whom Yahweh has chosen to belong to him. If a speaker of your language would not use the possessive form for this, you could express this idea in another way. Alternate translation: [the flock that belongs to you]
7:14	ivlw		rc://*/ta/man/translate/figs-imperative3p	יִרְע֥וּ	1	Micah is saying what he wants Yahweh to do. See the discussion in the introduction to this book about “let” and “may” and follow the decision of your team of how a speaker will express in this context what he wants someone to do. Alternate translation: [I desire that they graze] or [Please allow them to graze]
7:15	w79b		rc://*/ta/man/translate/figs-simile	כִּ⁠ימֵ֥י צֵאתְ⁠ךָ֖ מֵ⁠אֶ֣רֶץ מִצְרָ֑יִם	1	The point of this comparison is that just as Yahweh did wonderful things in **the days of your going out from the land of Egypt**, so he will do wonderful things for his people again. If it would be helpful in your language, you could make this point explicitly. Alternate translation: [Just as I did wonderful things when you came out from the land of Egypt]
7:15	qi1k		rc://*/ta/man/translate/writing-pronouns	אַרְאֶ֖⁠נּוּ	1	The pronoun **I** refers to Yahweh, who begins to speak here, and the pronoun **him** refers to the people of Israel. It may be helpful to clarify this for your readers. Alternate translation: [I, Yahweh, will make my people Israel see]
7:15	myzp		rc://*/ta/man/translate/figs-abstractnouns	נִפְלָאֽוֹת	1	If your language does not use an abstract noun for the idea of **wonders**, you could express the same idea in another way. Alternate translation: [marvelous things that I do]
7:16	bs76		rc://*/ta/man/translate/figs-ellipsis	יִרְא֤וּ גוֹיִם֙	1	Micah is leaving out some of the words that in many languages a sentence would need in order to be complete. You can supply these words from the context of the previous verse if that would be clearer in your language. Alternate translation: [The nations will see what Yahweh has done]
7:16	loqo		rc://*/ta/man/translate/figs-abstractnouns	גְּבֽוּרָתָ֑⁠ם	1	If your language does not use an abstract noun for the idea of **might**, you could express the same idea in another way. Alternate translation: [the mighty things they thought they had done]
7:16	axbs		rc://*/ta/man/translate/figs-idiom	יָשִׂ֤ימוּ יָד֙ עַל־פֶּ֔ה	1	Micah is using **put a hand over mouth** as a common expression of the culture to mean “be too astonished to speak.” If this phrase does not have that meaning for your readers, you could use a comparable expression from your language that does have that meaning, or you could state the meaning plainly. Alternate translation: [They will be too astonished to speak]
7:16	fjyc		rc://*/ta/man/translate/figs-metonymy	אָזְנֵי⁠הֶ֖ם תֶּחֱרַֽשְׁנָה	1	Here, **their ears** represents their ability to hear. If it would be helpful in your language, you could use an equivalent expression or plain language. Alternate translation: [they will lose their ability to hear]
7:17	iil3		rc://*/ta/man/translate/figs-simile	יְלַחֲכ֤וּ עָפָר֙ כַּ⁠נָּחָ֔שׁ	1	The point of this comparison is that just as **the serpent** crawls low along the ground in the dust, so will the nations be brought low before Yahweh. If it would be helpful in your language, you could make this point explicitly. Alternate translation: [They will be brought low, licking the dust like the serpent that crawls along the ground]
7:17	c95q		rc://*/ta/man/translate/writing-pronouns	יְלַחֲכ֤וּ	1	The pronoun **They**, here and throughout this verse, refers to the nations mentioned in the previous verse. It may be helpful to clarify this for your readers. Alternate translation: [The nations will lick]
7:17	iogd		rc://*/ta/man/translate/figs-simile	כְּ⁠זֹחֲלֵ֣י אֶ֔רֶץ	1	The point of this comparison is that just as **crawling things of the earth** creep along the ground, so will the nations come out of their strongholds in fear and humiliation. If it would be helpful in your language, you could make this point explicitly. Alternate translation: [like creatures that creep along the ground in fear]
7:17	c7t5		rc://*/ta/man/translate/figs-possession	אֱלֹהֵ֨י⁠נוּ֙	1	Micah is using this possessive form **our God** to mean that Yahweh is the God whom he and his people worship, not that they possess or control him. If it would be helpful in your language, you could state this explicitly as modeled in the UST.
7:17	hv2b		rc://*/ta/man/translate/writing-pronouns	מִמֶּֽ⁠ךָּ	1	The pronoun **you** could refer to: (1) Yahweh, since his judgment makes sinners afraid, and the next verse addresses Yahweh directly, or (2) Israel, since Israel is addressed directly in verse 15, with no indication that that has changed. Alternate translation: [because of you, Israel]
7:18	eugl		rc://*/ta/man/translate/figs-rquestion	מִי־אֵ֣ל כָּמ֗וֹ⁠ךָ נֹשֵׂ֤א עָוֺן֙ וְ⁠עֹבֵ֣ר עַל־פֶּ֔שַׁע לִ⁠שְׁאֵרִ֖ית נַחֲלָת֑⁠וֹ	1	Micah is using the question form to declare that no other god is like Yahweh. If a speaker of your language would not use the question form for that purpose, you could translate this as a statement or as an exclamation. Alternate translation: [No other God is like you, Yahweh, bearing iniquity and passing over transgression for the remnant of his inheritance!]
7:18	ck3b		rc://*/ta/man/translate/figs-doublet	נֹשֵׂ֤א עָוֺן֙ וְ⁠עֹבֵ֣ר עַל־פֶּ֔שַׁע	1	The expressions **bearing iniquity** and **passing over transgression** mean similar things. Micah is using the two terms together for emphasis. If it would be clearer for your readers, you could express the emphasis with a single phrase. Alternate translation: [fully forgiving all the sinful actions]
7:18	gq63		rc://*/ta/man/translate/figs-abstractnouns	עָוֺן֙	1	If your language does not use an abstract noun for the idea of **iniquity**, you could express the same idea in another way. Alternate translation: [the bad things people do]
7:18	gn8t		rc://*/ta/man/translate/figs-abstractnouns	פֶּ֔שַׁע	1	If your language does not use an abstract noun for the idea of **transgression**, you could express the same idea in another way. Alternate translation: [what people have done wrong]
7:18	wujn		rc://*/ta/man/translate/figs-possession	לִ⁠שְׁאֵרִ֖ית נַחֲלָת֑⁠וֹ	1	Micah is using the possessive form to describe **the remnant** that is characterized by being **his inheritance**, that is, the people who belong to Yahweh who have remained faithful to him. If a speaker of your language would not use the possessive form for this, you could express this idea in another way. Alternate translation: [for those people who belong to him because they are still faithful to him]
7:18	velc		rc://*/ta/man/translate/figs-123person	נַחֲלָת֑⁠וֹ	1	Even though Micah is addressing Yahweh directly, he is speaking of him in the third person using **his** and “he”. If it would be helpful in your language, you could translate these pronouns throughout this section in the second person for consistency as modeled in the UST.
7:18	pvhi		rc://*/ta/man/translate/figs-metonymy	לֹא־הֶחֱזִ֤יק לָ⁠עַד֙ אַפּ֔⁠וֹ	1	Here, **his nose** represents Yahweh’s anger. If it would be helpful in your language, you could use an equivalent expression or plain language. Alternate translation: [He does not hold on to his anger forever]
7:18	x20w		rc://*/ta/man/translate/figs-abstractnouns	חֶ֖סֶד	1	If your language does not use an abstract noun for the idea of **covenant faithfulness**, you could express the same idea in another way. Alternate translation: [being faithful to his covenant]
7:19	izph		rc://*/ta/man/translate/figs-metaphor	יִכְבֹּ֖שׁ עֲוֺֽנֹתֵ֑י⁠נוּ	1	Here Micah is speaking as if the sins of his people were enemies that Yahweh will **subdue**. Your language may have a comparable expression that you can use in your translation, or you could state the meaning plainly. Alternate translation: [He will overcome the power of our iniquities]
7:19	iq51		rc://*/ta/man/translate/writing-pronouns	עֲוֺֽנֹתֵ֑י⁠נוּ וְ⁠תַשְׁלִ֛יךְ בִּ⁠מְצֻל֥וֹת יָ֖ם כָּל־חַטֹּאותָֽ⁠ם	1	The pronouns **our** and **their** both refer to Micah and his people. It may be helpful to clarify this for your readers. Alternate translation: [all of our people’s iniquities, and you will throw into the depths of the sea all of our sins]
7:19	lpam		rc://*/ta/man/translate/figs-abstractnouns	עֲוֺֽנֹתֵ֑י⁠נוּ	1	If your language does not use an abstract noun for the idea of **iniquities**, you could express the same idea in another way. Alternate translation: [the wicked things we have done]
7:19	ar5w		rc://*/ta/man/translate/figs-metaphor	וְ⁠תַשְׁלִ֛יךְ בִּ⁠מְצֻל֥וֹת יָ֖ם כָּל־חַטֹּאותָֽ⁠ם	1	Here Micah is speaking as if the sins of his people were objects that Yahweh could **throw into the depths of the sea**, where no one could ever recover them. Your language may have a comparable expression that you can use in your translation, or you could state the meaning plainly. Alternate translation: [and you will completely remove all of their sins forever]
7:19	tcol		rc://*/ta/man/translate/writing-pronouns	וְ⁠תַשְׁלִ֛יךְ	1	The pronoun **you** refers to Yahweh, whom Micah addresses directly here after speaking about him in the previous sentence. It may be helpful to clarify this for your readers. Alternate translation: [and you, Yahweh, will throw]
7:20	creq		rc://*/ta/man/translate/figs-abstractnouns	אֱמֶת֙	1	If your language does not use an abstract noun for the idea of **trustworthiness**, you could express the same idea in another way. Alternate translation: [proof that you are trustworthy]
7:20	ha5s		rc://*/ta/man/translate/figs-metonymy	לְ⁠יַֽעֲקֹ֔ב חֶ֖סֶד לְ⁠אַבְרָהָ֑ם	1	Here, **Jacob** and **Abraham** represent the descendants of these two men. If it would be helpful in your language, you could use an equivalent expression or plain language. Alternate translation: [to Jacob’s descendants, covenant faithfulness to those who descended from Abraham]
7:20	syoq		rc://*/ta/man/translate/figs-abstractnouns	חֶ֖סֶד לְ⁠אַבְרָהָ֑ם	1	If your language does not use an abstract noun for the idea of **covenant faithfulness**, you could express the same idea in another way. Alternate translation: [you will faithfully keep the covenant promise you made to Abraham]
7:20	wqxo		rc://*/ta/man/translate/figs-metonymy	לַ⁠אֲבֹתֵ֖י⁠נוּ	1	Here, **fathers** represents “ancestors.” If it would be helpful in your language, you could use an equivalent expression or plain language as modeled in the UST.
